/var/spool/torque/mom_priv/jobs/38016.vegabk.head.cm.vega.erau.edu.SC: line 36: source: /apps/spack/share: is a directory
Currently working in: /scratch/zubyka/RL_Thesis
Checking GPU allocation...
CUDA_VISIBLE_DEVICES: 0
Mon Mar  2 17:50:41 2026       
+---------------------------------------------------------------------------------------+
| NVIDIA-SMI 535.129.03             Driver Version: 535.129.03   CUDA Version: 12.2     |
|-----------------------------------------+----------------------+----------------------+
| GPU  Name                 Persistence-M | Bus-Id        Disp.A | Volatile Uncorr. ECC |
| Fan  Temp   Perf          Pwr:Usage/Cap |         Memory-Usage | GPU-Util  Compute M. |
|                                         |                      |               MIG M. |
|=========================================+======================+======================|
|   0  NVIDIA H100 PCIe               On  | 00000000:02:00.0 Off |                    0 |
| N/A   51C    P0              55W / 350W |     72MiB / 81559MiB |      0%      Default |
|                                         |                      |             Disabled |
+-----------------------------------------+----------------------+----------------------+
|   1  NVIDIA H100 PCIe               On  | 00000000:64:00.0 Off |                    0 |
| N/A   49C    P0              53W / 350W |     72MiB / 81559MiB |      0%      Default |
|                                         |                      |             Disabled |
+-----------------------------------------+----------------------+----------------------+
|   2  NVIDIA H100 PCIe               On  | 00000000:82:00.0 Off |                    0 |
| N/A   48C    P0              52W / 350W |     72MiB / 81559MiB |      0%      Default |
|                                         |                      |             Disabled |
+-----------------------------------------+----------------------+----------------------+
|   3  NVIDIA H100 PCIe               On  | 00000000:E3:00.0 Off |                    0 |
| N/A   52C    P0              54W / 350W |     72MiB / 81559MiB |      0%      Default |
|                                         |                      |             Disabled |
+-----------------------------------------+----------------------+----------------------+
                                                                                         
+---------------------------------------------------------------------------------------+
| Processes:                                                                            |
|  GPU   GI   CI        PID   Type   Process name                            GPU Memory |
|        ID   ID                                                             Usage      |
|=======================================================================================|
|    0   N/A  N/A   2003722      C   nvidia-cuda-mps-server                       60MiB |
|    1   N/A  N/A   2003722      C   nvidia-cuda-mps-server                       60MiB |
|    2   N/A  N/A   2003722      C   nvidia-cuda-mps-server                       60MiB |
|    3   N/A  N/A   2003722      C   nvidia-cuda-mps-server                       60MiB |
+---------------------------------------------------------------------------------------+
GPU check complete.
--- Starting Training Run: Mar02_17-51 ---
Using cuda device
Starting training...
Logging to /scratch/zubyka/RL_Thesis/logs/SAC_10
---------------------------------
| rollout/           |          |
|    ep_len_mean     | 2.58e+03 |
|    ep_rew_mean     | 250      |
| time/              |          |
|    episodes        | 4        |
|    fps             | 1569     |
|    time_elapsed    | 36       |
|    total_timesteps | 57760    |
| train/             |          |
|    actor_loss      | -25.9    |
|    critic_loss     | 0.0424   |
|    ent_coef        | 0.345    |
|    ent_coef_loss   | -7.12    |
|    learning_rate   | 0.0003   |
|    n_updates       | 3547     |
---------------------------------
---------------------------------
| rollout/           |          |
|    ep_len_mean     | 3.39e+03 |
|    ep_rew_mean     | 283      |
| time/              |          |
|    episodes        | 8        |
|    fps             | 1730     |
|    time_elapsed    | 50       |
|    total_timesteps | 86576    |
| train/             |          |
|    actor_loss      | -28.6    |
|    critic_loss     | 0.0223   |
|    ent_coef        | 0.201    |
|    ent_coef_loss   | -10.8    |
|    learning_rate   | 0.0003   |
|    n_updates       | 5348     |
---------------------------------
----------------------------------
| rollout/           |           |
|    ep_len_mean     | 4.41e+03  |
|    ep_rew_mean     | -1.94e+03 |
| time/              |           |
|    episodes        | 12        |
|    fps             | 1847      |
|    time_elapsed    | 70        |
|    total_timesteps | 129760    |
| train/             |           |
|    actor_loss      | -28.3     |
|    critic_loss     | 0.0246    |
|    ent_coef        | 0.0895    |
|    ent_coef_loss   | -16.1     |
|    learning_rate   | 0.0003    |
|    n_updates       | 8047      |
----------------------------------
----------------------------------
| rollout/           |           |
|    ep_len_mean     | 4.95e+03  |
|    ep_rew_mean     | -2.85e+03 |
| time/              |           |
|    episodes        | 16        |
|    fps             | 1876      |
|    time_elapsed    | 76        |
|    total_timesteps | 144224    |
| train/             |           |
|    actor_loss      | -27.6     |
|    critic_loss     | 0.0228    |
|    ent_coef        | 0.0683    |
|    ent_coef_loss   | -17.9     |
|    learning_rate   | 0.0003    |
|    n_updates       | 8951      |
----------------------------------
----------------------------------
| rollout/           |           |
|    ep_len_mean     | 5.25e+03  |
|    ep_rew_mean     | -4.31e+03 |
| time/              |           |
|    episodes        | 20        |
|    fps             | 1883      |
|    time_elapsed    | 78        |
|    total_timesteps | 147824    |
| train/             |           |
|    actor_loss      | -27.5     |
|    critic_loss     | 0.033     |
|    ent_coef        | 0.0638    |
|    ent_coef_loss   | -18.4     |
|    learning_rate   | 0.0003    |
|    n_updates       | 9176      |
----------------------------------
----------------------------------
| rollout/           |           |
|    ep_len_mean     | 5.4e+03   |
|    ep_rew_mean     | -5.13e+03 |
| time/              |           |
|    episodes        | 24        |
|    fps             | 1903      |
|    time_elapsed    | 84        |
|    total_timesteps | 160208    |
| train/             |           |
|    actor_loss      | -26.8     |
|    critic_loss     | 0.0471    |
|    ent_coef        | 0.0507    |
|    ent_coef_loss   | -19.5     |
|    learning_rate   | 0.0003    |
|    n_updates       | 9950      |
----------------------------------
----------------------------------
| rollout/           |           |
|    ep_len_mean     | 5.13e+03  |
|    ep_rew_mean     | -4.63e+03 |
| time/              |           |
|    episodes        | 28        |
|    fps             | 1918      |
|    time_elapsed    | 89        |
|    total_timesteps | 170768    |
| train/             |           |
|    actor_loss      | -26.2     |
|    critic_loss     | 0.00877   |
|    ent_coef        | 0.0416    |
|    ent_coef_loss   | -21.1     |
|    learning_rate   | 0.0003    |
|    n_updates       | 10610     |
----------------------------------
----------------------------------
| rollout/           |           |
|    ep_len_mean     | 4.82e+03  |
|    ep_rew_mean     | -3.85e+03 |
| time/              |           |
|    episodes        | 32        |
|    fps             | 1929      |
|    time_elapsed    | 93        |
|    total_timesteps | 180608    |
| train/             |           |
|    actor_loss      | -25.5     |
|    critic_loss     | 0.00795   |
|    ent_coef        | 0.0346    |
|    ent_coef_loss   | -22.3     |
|    learning_rate   | 0.0003    |
|    n_updates       | 11225     |
----------------------------------
----------------------------------
| rollout/           |           |
|    ep_len_mean     | 4.78e+03  |
|    ep_rew_mean     | -3.63e+03 |
| time/              |           |
|    episodes        | 36        |
|    fps             | 1973      |
|    time_elapsed    | 112       |
|    total_timesteps | 222160    |
| train/             |           |
|    actor_loss      | -23       |
|    critic_loss     | 0.0325    |
|    ent_coef        | 0.0161    |
|    ent_coef_loss   | -26.3     |
|    learning_rate   | 0.0003    |
|    n_updates       | 13822     |
----------------------------------
----------------------------------
| rollout/           |           |
|    ep_len_mean     | 4.76e+03  |
|    ep_rew_mean     | -3.19e+03 |
| time/              |           |
|    episodes        | 40        |
|    fps             | 1994      |
|    time_elapsed    | 124       |
|    total_timesteps | 247616    |
| train/             |           |
|    actor_loss      | -21.1     |
|    critic_loss     | 0.00939   |
|    ent_coef        | 0.0101    |
|    ent_coef_loss   | -27       |
|    learning_rate   | 0.0003    |
|    n_updates       | 15413     |
----------------------------------
----------------------------------
| rollout/           |           |
|    ep_len_mean     | 4.71e+03  |
|    ep_rew_mean     | -2.87e+03 |
| time/              |           |
|    episodes        | 44        |
|    fps             | 1994      |
|    time_elapsed    | 129       |
|    total_timesteps | 257248    |
| train/             |           |
|    actor_loss      | -20.4     |
|    critic_loss     | 0.00595   |
|    ent_coef        | 0.00851   |
|    ent_coef_loss   | -26.3     |
|    learning_rate   | 0.0003    |
|    n_updates       | 16015     |
----------------------------------
----------------------------------
| rollout/           |           |
|    ep_len_mean     | 4.55e+03  |
|    ep_rew_mean     | -2.45e+03 |
| time/              |           |
|    episodes        | 48        |
|    fps             | 2001      |
|    time_elapsed    | 134       |
|    total_timesteps | 268272    |
| train/             |           |
|    actor_loss      | -19.7     |
|    critic_loss     | 0.00712   |
|    ent_coef        | 0.007     |
|    ent_coef_loss   | -26.5     |
|    learning_rate   | 0.0003    |
|    n_updates       | 16704     |
----------------------------------
----------------------------------
| rollout/           |           |
|    ep_len_mean     | 4.7e+03   |
|    ep_rew_mean     | -2.28e+03 |
| time/              |           |
|    episodes        | 52        |
|    fps             | 2006      |
|    time_elapsed    | 138       |
|    total_timesteps | 277440    |
| train/             |           |
|    actor_loss      | -19.2     |
|    critic_loss     | 0.013     |
|    ent_coef        | 0.00596   |
|    ent_coef_loss   | -26.2     |
|    learning_rate   | 0.0003    |
|    n_updates       | 17277     |
----------------------------------
---------------------------------
| rollout/           |          |
|    ep_len_mean     | 4.7e+03  |
|    ep_rew_mean     | -2.3e+03 |
| time/              |          |
|    episodes        | 56       |
|    fps             | 2010     |
|    time_elapsed    | 141      |
|    total_timesteps | 284304   |
| train/             |          |
|    actor_loss      | -18.9    |
|    critic_loss     | 0.0211   |
|    ent_coef        | 0.00529  |
|    ent_coef_loss   | -21.9    |
|    learning_rate   | 0.0003   |
|    n_updates       | 17706    |
---------------------------------
---------------------------------
| rollout/           |          |
|    ep_len_mean     | 4.67e+03 |
|    ep_rew_mean     | -2e+03   |
| time/              |          |
|    episodes        | 60       |
|    fps             | 2026     |
|    time_elapsed    | 160      |
|    total_timesteps | 324784   |
| train/             |          |
|    actor_loss      | -16.5    |
|    critic_loss     | 0.00912  |
|    ent_coef        | 0.00269  |
|    ent_coef_loss   | -21.8    |
|    learning_rate   | 0.0003   |
|    n_updates       | 20236    |
---------------------------------
----------------------------------
| rollout/           |           |
|    ep_len_mean     | 4.61e+03  |
|    ep_rew_mean     | -1.82e+03 |
| time/              |           |
|    episodes        | 64        |
|    fps             | 2037      |
|    time_elapsed    | 171       |
|    total_timesteps | 350448    |
| train/             |           |
|    actor_loss      | -15.3     |
|    critic_loss     | 0.0043    |
|    ent_coef        | 0.0018    |
|    ent_coef_loss   | -18       |
|    learning_rate   | 0.0003    |
|    n_updates       | 21840     |
----------------------------------
----------------------------------
| rollout/           |           |
|    ep_len_mean     | 4.54e+03  |
|    ep_rew_mean     | -1.69e+03 |
| time/              |           |
|    episodes        | 68        |
|    fps             | 2038      |
|    time_elapsed    | 173       |
|    total_timesteps | 353200    |
| train/             |           |
|    actor_loss      | -15.2     |
|    critic_loss     | 0.00242   |
|    ent_coef        | 0.00172   |
|    ent_coef_loss   | -16       |
|    learning_rate   | 0.0003    |
|    n_updates       | 22012     |
----------------------------------
----------------------------------
| rollout/           |           |
|    ep_len_mean     | 4.36e+03  |
|    ep_rew_mean     | -1.55e+03 |
| time/              |           |
|    episodes        | 72        |
|    fps             | 2039      |
|    time_elapsed    | 174       |
|    total_timesteps | 355744    |
| train/             |           |
|    actor_loss      | -15.3     |
|    critic_loss     | 0.00322   |
|    ent_coef        | 0.00166   |
|    ent_coef_loss   | -14.2     |
|    learning_rate   | 0.0003    |
|    n_updates       | 22171     |
----------------------------------
---------------------------------
| rollout/           |          |
|    ep_len_mean     | 4.09e+03 |
|    ep_rew_mean     | -1.5e+03 |
| time/              |          |
|    episodes        | 76       |
|    fps             | 2039     |
|    time_elapsed    | 175      |
|    total_timesteps | 357120   |
| train/             |          |
|    actor_loss      | -15.1    |
|    critic_loss     | 0.00277  |
|    ent_coef        | 0.00163  |
|    ent_coef_loss   | -12.2    |
|    learning_rate   | 0.0003   |
|    n_updates       | 22257    |
---------------------------------
----------------------------------
| rollout/           |           |
|    ep_len_mean     | 3.94e+03  |
|    ep_rew_mean     | -1.45e+03 |
| time/              |           |
|    episodes        | 80        |
|    fps             | 2040      |
|    time_elapsed    | 175       |
|    total_timesteps | 357696    |
| train/             |           |
|    actor_loss      | -15       |
|    critic_loss     | 0.0193    |
|    ent_coef        | 0.00162   |
|    ent_coef_loss   | -12.1     |
|    learning_rate   | 0.0003    |
|    n_updates       | 22293     |
----------------------------------
----------------------------------
| rollout/           |           |
|    ep_len_mean     | 3.81e+03  |
|    ep_rew_mean     | -1.36e+03 |
| time/              |           |
|    episodes        | 84        |
|    fps             | 2040      |
|    time_elapsed    | 175       |
|    total_timesteps | 358768    |
| train/             |           |
|    actor_loss      | -14.9     |
|    critic_loss     | 0.00862   |
|    ent_coef        | 0.0016    |
|    ent_coef_loss   | -16.7     |
|    learning_rate   | 0.0003    |
|    n_updates       | 22360     |
----------------------------------
----------------------------------
| rollout/           |           |
|    ep_len_mean     | 3.7e+03   |
|    ep_rew_mean     | -1.27e+03 |
| time/              |           |
|    episodes        | 88        |
|    fps             | 2040      |
|    time_elapsed    | 177       |
|    total_timesteps | 361472    |
| train/             |           |
|    actor_loss      | -14.9     |
|    critic_loss     | 0.00776   |
|    ent_coef        | 0.00154   |
|    ent_coef_loss   | -14       |
|    learning_rate   | 0.0003    |
|    n_updates       | 22529     |
----------------------------------
----------------------------------
| rollout/           |           |
|    ep_len_mean     | 3.6e+03   |
|    ep_rew_mean     | -1.24e+03 |
| time/              |           |
|    episodes        | 92        |
|    fps             | 2041      |
|    time_elapsed    | 177       |
|    total_timesteps | 363072    |
| train/             |           |
|    actor_loss      | -14.7     |
|    critic_loss     | 0.00535   |
|    ent_coef        | 0.0015    |
|    ent_coef_loss   | -10.6     |
|    learning_rate   | 0.0003    |
|    n_updates       | 22629     |
----------------------------------
----------------------------------
| rollout/           |           |
|    ep_len_mean     | 3.58e+03  |
|    ep_rew_mean     | -1.14e+03 |
| time/              |           |
|    episodes        | 96        |
|    fps             | 2042      |
|    time_elapsed    | 178       |
|    total_timesteps | 365360    |
| train/             |           |
|    actor_loss      | -14.7     |
|    critic_loss     | 0.00631   |
|    ent_coef        | 0.00146   |
|    ent_coef_loss   | -11.1     |
|    learning_rate   | 0.0003    |
|    n_updates       | 22772     |
----------------------------------
----------------------------------
| rollout/           |           |
|    ep_len_mean     | 3.45e+03  |
|    ep_rew_mean     | -1.08e+03 |
| time/              |           |
|    episodes        | 100       |
|    fps             | 2042      |
|    time_elapsed    | 179       |
|    total_timesteps | 365920    |
| train/             |           |
|    actor_loss      | -14.6     |
|    critic_loss     | 0.759     |
|    ent_coef        | 0.00145   |
|    ent_coef_loss   | -12.3     |
|    learning_rate   | 0.0003    |
|    n_updates       | 22807     |
----------------------------------
----------------------------------
| rollout/           |           |
|    ep_len_mean     | 3.46e+03  |
|    ep_rew_mean     | -1.03e+03 |
| time/              |           |
|    episodes        | 104       |
|    fps             | 2042      |
|    time_elapsed    | 179       |
|    total_timesteps | 366544    |
| train/             |           |
|    actor_loss      | -14.6     |
|    critic_loss     | 0.318     |
|    ent_coef        | 0.00144   |
|    ent_coef_loss   | -10.5     |
|    learning_rate   | 0.0003    |
|    n_updates       | 22846     |
----------------------------------
----------------------------------
| rollout/           |           |
|    ep_len_mean     | 3.39e+03  |
|    ep_rew_mean     | -1.01e+03 |
| time/              |           |
|    episodes        | 108       |
|    fps             | 2043      |
|    time_elapsed    | 179       |
|    total_timesteps | 367664    |
| train/             |           |
|    actor_loss      | -14.6     |
|    critic_loss     | 0.00999   |
|    ent_coef        | 0.00142   |
|    ent_coef_loss   | -16.3     |
|    learning_rate   | 0.0003    |
|    n_updates       | 22916     |
----------------------------------
---------------------------------
| rollout/           |          |
|    ep_len_mean     | 3.14e+03 |
|    ep_rew_mean     | -810     |
| time/              |          |
|    episodes        | 112      |
|    fps             | 2045     |
|    time_elapsed    | 180      |
|    total_timesteps | 369872   |
| train/             |          |
|    actor_loss      | -14.5    |
|    critic_loss     | 0.009    |
|    ent_coef        | 0.00138  |
|    ent_coef_loss   | -7.81    |
|    learning_rate   | 0.0003   |
|    n_updates       | 23054    |
---------------------------------
---------------------------------
| rollout/           |          |
|    ep_len_mean     | 2.88e+03 |
|    ep_rew_mean     | -596     |
| time/              |          |
|    episodes        | 116      |
|    fps             | 2045     |
|    time_elapsed    | 180      |
|    total_timesteps | 370000   |
| train/             |          |
|    actor_loss      | -14.6    |
|    critic_loss     | 0.00724  |
|    ent_coef        | 0.00138  |
|    ent_coef_loss   | -3.96    |
|    learning_rate   | 0.0003   |
|    n_updates       | 23062    |
---------------------------------
---------------------------------
| rollout/           |          |
|    ep_len_mean     | 2.64e+03 |
|    ep_rew_mean     | -192     |
| time/              |          |
|    episodes        | 120      |
|    fps             | 2044     |
|    time_elapsed    | 180      |
|    total_timesteps | 370080   |
| train/             |          |
|    actor_loss      | -14.4    |
|    critic_loss     | 0.0138   |
|    ent_coef        | 0.00138  |
|    ent_coef_loss   | -5.99    |
|    learning_rate   | 0.0003   |
|    n_updates       | 23067    |
---------------------------------
---------------------------------
| rollout/           |          |
|    ep_len_mean     | 2.4e+03  |
|    ep_rew_mean     | 143      |
| time/              |          |
|    episodes        | 124      |
|    fps             | 2044     |
|    time_elapsed    | 181      |
|    total_timesteps | 370320   |
| train/             |          |
|    actor_loss      | -14.4    |
|    critic_loss     | 0.0138   |
|    ent_coef        | 0.00137  |
|    ent_coef_loss   | -8.69    |
|    learning_rate   | 0.0003   |
|    n_updates       | 23082    |
---------------------------------
---------------------------------
| rollout/           |          |
|    ep_len_mean     | 2.29e+03 |
|    ep_rew_mean     | 233      |
| time/              |          |
|    episodes        | 128      |
|    fps             | 2048     |
|    time_elapsed    | 185      |
|    total_timesteps | 379264   |
| train/             |          |
|    actor_loss      | -14.1    |
|    critic_loss     | 0.00687  |
|    ent_coef        | 0.00123  |
|    ent_coef_loss   | -6.03    |
|    learning_rate   | 0.0003   |
|    n_updates       | 23641    |
---------------------------------
---------------------------------
| rollout/           |          |
|    ep_len_mean     | 2.2e+03  |
|    ep_rew_mean     | 196      |
| time/              |          |
|    episodes        | 132      |
|    fps             | 2048     |
|    time_elapsed    | 185      |
|    total_timesteps | 379392   |
| train/             |          |
|    actor_loss      | -14.2    |
|    critic_loss     | 0.00837  |
|    ent_coef        | 0.00123  |
|    ent_coef_loss   | -9.74    |
|    learning_rate   | 0.0003   |
|    n_updates       | 23649    |
---------------------------------
---------------------------------
| rollout/           |          |
|    ep_len_mean     | 2.09e+03 |
|    ep_rew_mean     | 345      |
| time/              |          |
|    episodes        | 136      |
|    fps             | 2052     |
|    time_elapsed    | 195      |
|    total_timesteps | 401568   |
| train/             |          |
|    actor_loss      | -13.2    |
|    critic_loss     | 0.00335  |
|    ent_coef        | 0.00103  |
|    ent_coef_loss   | -1.14    |
|    learning_rate   | 0.0003   |
|    n_updates       | 25035    |
---------------------------------
---------------------------------
| rollout/           |          |
|    ep_len_mean     | 1.95e+03 |
|    ep_rew_mean     | 359      |
| time/              |          |
|    episodes        | 140      |
|    fps             | 2054     |
|    time_elapsed    | 201      |
|    total_timesteps | 413264   |
| train/             |          |
|    actor_loss      | -12.7    |
|    critic_loss     | 0.0145   |
|    ent_coef        | 0.00109  |
|    ent_coef_loss   | -0.75    |
|    learning_rate   | 0.0003   |
|    n_updates       | 25766    |
---------------------------------
---------------------------------
| rollout/           |          |
|    ep_len_mean     | 1.88e+03 |
|    ep_rew_mean     | 373      |
| time/              |          |
|    episodes        | 144      |
|    fps             | 2054     |
|    time_elapsed    | 201      |
|    total_timesteps | 413296   |
| train/             |          |
|    actor_loss      | -12.7    |
|    critic_loss     | 0.0105   |
|    ent_coef        | 0.00109  |
|    ent_coef_loss   | -1.4     |
|    learning_rate   | 0.0003   |
|    n_updates       | 25768    |
---------------------------------
---------------------------------
| rollout/           |          |
|    ep_len_mean     | 1.86e+03 |
|    ep_rew_mean     | 339      |
| time/              |          |
|    episodes        | 148      |
|    fps             | 2054     |
|    time_elapsed    | 201      |
|    total_timesteps | 413456   |
| train/             |          |
|    actor_loss      | -12.6    |
|    critic_loss     | 0.00437  |
|    ent_coef        | 0.00109  |
|    ent_coef_loss   | -2.77    |
|    learning_rate   | 0.0003   |
|    n_updates       | 25778    |
---------------------------------
---------------------------------
| rollout/           |          |
|    ep_len_mean     | 1.69e+03 |
|    ep_rew_mean     | 396      |
| time/              |          |
|    episodes        | 152      |
|    fps             | 2056     |
|    time_elapsed    | 202      |
|    total_timesteps | 417296   |
| train/             |          |
|    actor_loss      | -12.5    |
|    critic_loss     | 0.00482  |
|    ent_coef        | 0.00109  |
|    ent_coef_loss   | -4.21    |
|    learning_rate   | 0.0003   |
|    n_updates       | 26018    |
---------------------------------
---------------------------------
| rollout/           |          |
|    ep_len_mean     | 1.55e+03 |
|    ep_rew_mean     | 496      |
| time/              |          |
|    episodes        | 156      |
|    fps             | 2059     |
|    time_elapsed    | 210      |
|    total_timesteps | 432960   |
| train/             |          |
|    actor_loss      | -12      |
|    critic_loss     | 0.00489  |
|    ent_coef        | 0.00118  |
|    ent_coef_loss   | -1.1     |
|    learning_rate   | 0.0003   |
|    n_updates       | 26997    |
---------------------------------
---------------------------------
| rollout/           |          |
|    ep_len_mean     | 1.43e+03 |
|    ep_rew_mean     | 406      |
| time/              |          |
|    episodes        | 160      |
|    fps             | 2059     |
|    time_elapsed    | 210      |
|    total_timesteps | 433040   |
| train/             |          |
|    actor_loss      | -12      |
|    critic_loss     | 0.00518  |
|    ent_coef        | 0.00118  |
|    ent_coef_loss   | -3.04    |
|    learning_rate   | 0.0003   |
|    n_updates       | 27002    |
---------------------------------
---------------------------------
| rollout/           |          |
|    ep_len_mean     | 1.33e+03 |
|    ep_rew_mean     | 366      |
| time/              |          |
|    episodes        | 164      |
|    fps             | 2058     |
|    time_elapsed    | 210      |
|    total_timesteps | 433088   |
| train/             |          |
|    actor_loss      | -11.9    |
|    critic_loss     | 0.00262  |
|    ent_coef        | 0.00118  |
|    ent_coef_loss   | -2.34    |
|    learning_rate   | 0.0003   |
|    n_updates       | 27005    |
---------------------------------
---------------------------------
| rollout/           |          |
|    ep_len_mean     | 1.25e+03 |
|    ep_rew_mean     | 335      |
| time/              |          |
|    episodes        | 168      |
|    fps             | 2059     |
|    time_elapsed    | 211      |
|    total_timesteps | 434736   |
| train/             |          |
|    actor_loss      | -12      |
|    critic_loss     | 0.00345  |
|    ent_coef        | 0.00116  |
|    ent_coef_loss   | 2.23     |
|    learning_rate   | 0.0003   |
|    n_updates       | 27108    |
---------------------------------
---------------------------------
| rollout/           |          |
|    ep_len_mean     | 1.26e+03 |
|    ep_rew_mean     | 351      |
| time/              |          |
|    episodes        | 172      |
|    fps             | 2059     |
|    time_elapsed    | 219      |
|    total_timesteps | 452144   |
| train/             |          |
|    actor_loss      | -11.5    |
|    critic_loss     | 0.00232  |
|    ent_coef        | 0.00115  |
|    ent_coef_loss   | 4.27     |
|    learning_rate   | 0.0003   |
|    n_updates       | 28196    |
---------------------------------
---------------------------------
| rollout/           |          |
|    ep_len_mean     | 1.28e+03 |
|    ep_rew_mean     | 373      |
| time/              |          |
|    episodes        | 176      |
|    fps             | 2059     |
|    time_elapsed    | 219      |
|    total_timesteps | 452160   |
| train/             |          |
|    actor_loss      | -11.3    |
|    critic_loss     | 0.00395  |
|    ent_coef        | 0.00115  |
|    ent_coef_loss   | -0.617   |
|    learning_rate   | 0.0003   |
|    n_updates       | 28197    |
---------------------------------
---------------------------------
| rollout/           |          |
|    ep_len_mean     | 1.33e+03 |
|    ep_rew_mean     | 383      |
| time/              |          |
|    episodes        | 180      |
|    fps             | 2059     |
|    time_elapsed    | 219      |
|    total_timesteps | 452192   |
| train/             |          |
|    actor_loss      | -11.3    |
|    critic_loss     | 0.333    |
|    ent_coef        | 0.00115  |
|    ent_coef_loss   | -0.769   |
|    learning_rate   | 0.0003   |
|    n_updates       | 28199    |
---------------------------------
---------------------------------
| rollout/           |          |
|    ep_len_mean     | 1.32e+03 |
|    ep_rew_mean     | 376      |
| time/              |          |
|    episodes        | 184      |
|    fps             | 2059     |
|    time_elapsed    | 219      |
|    total_timesteps | 452272   |
| train/             |          |
|    actor_loss      | -11.3    |
|    critic_loss     | 0.00662  |
|    ent_coef        | 0.00115  |
|    ent_coef_loss   | 4.23     |
|    learning_rate   | 0.0003   |
|    n_updates       | 28204    |
---------------------------------
---------------------------------
| rollout/           |          |
|    ep_len_mean     | 1.3e+03  |
|    ep_rew_mean     | 360      |
| time/              |          |
|    episodes        | 188      |
|    fps             | 2061     |
|    time_elapsed    | 225      |
|    total_timesteps | 464784   |
| train/             |          |
|    actor_loss      | -10.9    |
|    critic_loss     | 0.0048   |
|    ent_coef        | 0.00122  |
|    ent_coef_loss   | 2        |
|    learning_rate   | 0.0003   |
|    n_updates       | 28986    |
---------------------------------
---------------------------------
| rollout/           |          |
|    ep_len_mean     | 1.18e+03 |
|    ep_rew_mean     | 363      |
| time/              |          |
|    episodes        | 192      |
|    fps             | 2061     |
|    time_elapsed    | 225      |
|    total_timesteps | 464816   |
| train/             |          |
|    actor_loss      | -10.9    |
|    critic_loss     | 0.00584  |
|    ent_coef        | 0.00122  |
|    ent_coef_loss   | 1.39     |
|    learning_rate   | 0.0003   |
|    n_updates       | 28988    |
---------------------------------
---------------------------------
| rollout/           |          |
|    ep_len_mean     | 1.18e+03 |
|    ep_rew_mean     | 363      |
| time/              |          |
|    episodes        | 196      |
|    fps             | 2061     |
|    time_elapsed    | 225      |
|    total_timesteps | 464816   |
---------------------------------
---------------------------------
| rollout/           |          |
|    ep_len_mean     | 1.2e+03  |
|    ep_rew_mean     | 362      |
| time/              |          |
|    episodes        | 200      |
|    fps             | 2061     |
|    time_elapsed    | 225      |
|    total_timesteps | 464976   |
| train/             |          |
|    actor_loss      | -11      |
|    critic_loss     | 0.00581  |
|    ent_coef        | 0.00122  |
|    ent_coef_loss   | -0.224   |
|    learning_rate   | 0.0003   |
|    n_updates       | 28998    |
---------------------------------
---------------------------------
| rollout/           |          |
|    ep_len_mean     | 1.16e+03 |
|    ep_rew_mean     | 335      |
| time/              |          |
|    episodes        | 204      |
|    fps             | 2067     |
|    time_elapsed    | 239      |
|    total_timesteps | 495200   |
| train/             |          |
|    actor_loss      | -10      |
|    critic_loss     | 0.00537  |
|    ent_coef        | 0.00117  |
|    ent_coef_loss   | -0.549   |
|    learning_rate   | 0.0003   |
|    n_updates       | 30887    |
---------------------------------
---------------------------------
| rollout/           |          |
|    ep_len_mean     | 1.14e+03 |
|    ep_rew_mean     | 349      |
| time/              |          |
|    episodes        | 208      |
|    fps             | 2066     |
|    time_elapsed    | 239      |
|    total_timesteps | 495296   |
| train/             |          |
|    actor_loss      | -10      |
|    critic_loss     | 0.00419  |
|    ent_coef        | 0.00117  |
|    ent_coef_loss   | -1.28    |
|    learning_rate   | 0.0003   |
|    n_updates       | 30893    |
---------------------------------
---------------------------------
| rollout/           |          |
|    ep_len_mean     | 1.21e+03 |
|    ep_rew_mean     | 429      |
| time/              |          |
|    episodes        | 212      |
|    fps             | 2066     |
|    time_elapsed    | 239      |
|    total_timesteps | 495408   |
| train/             |          |
|    actor_loss      | -9.93    |
|    critic_loss     | 0.312    |
|    ent_coef        | 0.00117  |
|    ent_coef_loss   | 2.69     |
|    learning_rate   | 0.0003   |
|    n_updates       | 30900    |
---------------------------------
---------------------------------
| rollout/           |          |
|    ep_len_mean     | 1.26e+03 |
|    ep_rew_mean     | 444      |
| time/              |          |
|    episodes        | 216      |
|    fps             | 2070     |
|    time_elapsed    | 250      |
|    total_timesteps | 518048   |
| train/             |          |
|    actor_loss      | -9.29    |
|    critic_loss     | 0.00385  |
|    ent_coef        | 0.00104  |
|    ent_coef_loss   | -2.24    |
|    learning_rate   | 0.0003   |
|    n_updates       | 32315    |
---------------------------------
---------------------------------
| rollout/           |          |
|    ep_len_mean     | 1.31e+03 |
|    ep_rew_mean     | 438      |
| time/              |          |
|    episodes        | 220      |
|    fps             | 2070     |
|    time_elapsed    | 250      |
|    total_timesteps | 518112   |
| train/             |          |
|    actor_loss      | -9.29    |
|    critic_loss     | 0.249    |
|    ent_coef        | 0.00104  |
|    ent_coef_loss   | -3.29    |
|    learning_rate   | 0.0003   |
|    n_updates       | 32319    |
---------------------------------
---------------------------------
| rollout/           |          |
|    ep_len_mean     | 1.35e+03 |
|    ep_rew_mean     | 458      |
| time/              |          |
|    episodes        | 224      |
|    fps             | 2070     |
|    time_elapsed    | 250      |
|    total_timesteps | 518160   |
| train/             |          |
|    actor_loss      | -9.28    |
|    critic_loss     | 0.00191  |
|    ent_coef        | 0.00104  |
|    ent_coef_loss   | -6.14    |
|    learning_rate   | 0.0003   |
|    n_updates       | 32322    |
---------------------------------
---------------------------------
| rollout/           |          |
|    ep_len_mean     | 1.43e+03 |
|    ep_rew_mean     | 424      |
| time/              |          |
|    episodes        | 228      |
|    fps             | 2070     |
|    time_elapsed    | 250      |
|    total_timesteps | 518416   |
| train/             |          |
|    actor_loss      | -9.31    |
|    critic_loss     | 0.00222  |
|    ent_coef        | 0.00103  |
|    ent_coef_loss   | -3.82    |
|    learning_rate   | 0.0003   |
|    n_updates       | 32338    |
---------------------------------
---------------------------------
| rollout/           |          |
|    ep_len_mean     | 1.51e+03 |
|    ep_rew_mean     | 456      |
| time/              |          |
|    episodes        | 232      |
|    fps             | 2075     |
|    time_elapsed    | 268      |
|    total_timesteps | 556880   |
| train/             |          |
|    actor_loss      | -8.25    |
|    critic_loss     | 0.00727  |
|    ent_coef        | 0.000897 |
|    ent_coef_loss   | 3.18     |
|    learning_rate   | 0.0003   |
|    n_updates       | 34742    |
---------------------------------
---------------------------------
| rollout/           |          |
|    ep_len_mean     | 1.54e+03 |
|    ep_rew_mean     | 444      |
| time/              |          |
|    episodes        | 236      |
|    fps             | 2075     |
|    time_elapsed    | 268      |
|    total_timesteps | 557360   |
| train/             |          |
|    actor_loss      | -8.28    |
|    critic_loss     | 0.00489  |
|    ent_coef        | 0.0009   |
|    ent_coef_loss   | -5.18    |
|    learning_rate   | 0.0003   |
|    n_updates       | 34772    |
---------------------------------
---------------------------------
| rollout/           |          |
|    ep_len_mean     | 1.57e+03 |
|    ep_rew_mean     | 470      |
| time/              |          |
|    episodes        | 240      |
|    fps             | 2075     |
|    time_elapsed    | 269      |
|    total_timesteps | 559552   |
| train/             |          |
|    actor_loss      | -8.19    |
|    critic_loss     | 0.189    |
|    ent_coef        | 0.000878 |
|    ent_coef_loss   | 0.995    |
|    learning_rate   | 0.0003   |
|    n_updates       | 34909    |
---------------------------------
---------------------------------
| rollout/           |          |
|    ep_len_mean     | 1.6e+03  |
|    ep_rew_mean     | 501      |
| time/              |          |
|    episodes        | 244      |
|    fps             | 2075     |
|    time_elapsed    | 269      |
|    total_timesteps | 559792   |
| train/             |          |
|    actor_loss      | -8.3     |
|    critic_loss     | 0.118    |
|    ent_coef        | 0.000879 |
|    ent_coef_loss   | -2.83    |
|    learning_rate   | 0.0003   |
|    n_updates       | 34924    |
---------------------------------
---------------------------------
| rollout/           |          |
|    ep_len_mean     | 1.6e+03  |
|    ep_rew_mean     | 422      |
| time/              |          |
|    episodes        | 248      |
|    fps             | 2079     |
|    time_elapsed    | 285      |
|    total_timesteps | 594464   |
| train/             |          |
|    actor_loss      | -7.48    |
|    critic_loss     | 0.00469  |
|    ent_coef        | 0.000751 |
|    ent_coef_loss   | -1.09    |
|    learning_rate   | 0.0003   |
|    n_updates       | 37091    |
---------------------------------
---------------------------------
| rollout/           |          |
|    ep_len_mean     | 1.6e+03  |
|    ep_rew_mean     | 225      |
| time/              |          |
|    episodes        | 252      |
|    fps             | 2079     |
|    time_elapsed    | 285      |
|    total_timesteps | 594512   |
| train/             |          |
|    actor_loss      | -7.44    |
|    critic_loss     | 0.0108   |
|    ent_coef        | 0.000751 |
|    ent_coef_loss   | -1.05    |
|    learning_rate   | 0.0003   |
|    n_updates       | 37094    |
---------------------------------
---------------------------------
| rollout/           |          |
|    ep_len_mean     | 1.64e+03 |
|    ep_rew_mean     | 152      |
| time/              |          |
|    episodes        | 256      |
|    fps             | 2080     |
|    time_elapsed    | 288      |
|    total_timesteps | 599200   |
| train/             |          |
|    actor_loss      | -7.32    |
|    critic_loss     | 0.152    |
|    ent_coef        | 0.000743 |
|    ent_coef_loss   | 5.46     |
|    learning_rate   | 0.0003   |
|    n_updates       | 37387    |
---------------------------------
---------------------------------
| rollout/           |          |
|    ep_len_mean     | 1.69e+03 |
|    ep_rew_mean     | 38.5     |
| time/              |          |
|    episodes        | 260      |
|    fps             | 2080     |
|    time_elapsed    | 289      |
|    total_timesteps | 601440   |
| train/             |          |
|    actor_loss      | -7.31    |
|    critic_loss     | 0.00244  |
|    ent_coef        | 0.000775 |
|    ent_coef_loss   | 8.42     |
|    learning_rate   | 0.0003   |
|    n_updates       | 37527    |
---------------------------------
---------------------------------
| rollout/           |          |
|    ep_len_mean     | 1.74e+03 |
|    ep_rew_mean     | -5.41    |
| time/              |          |
|    episodes        | 264      |
|    fps             | 2081     |
|    time_elapsed    | 299      |
|    total_timesteps | 623392   |
| train/             |          |
|    actor_loss      | -6.89    |
|    critic_loss     | 0.223    |
|    ent_coef        | 0.000737 |
|    ent_coef_loss   | 7.49     |
|    learning_rate   | 0.0003   |
|    n_updates       | 38899    |
---------------------------------
---------------------------------
| rollout/           |          |
|    ep_len_mean     | 1.75e+03 |
|    ep_rew_mean     | 18       |
| time/              |          |
|    episodes        | 268      |
|    fps             | 2081     |
|    time_elapsed    | 299      |
|    total_timesteps | 623536   |
| train/             |          |
|    actor_loss      | -6.88    |
|    critic_loss     | 0.00175  |
|    ent_coef        | 0.000738 |
|    ent_coef_loss   | 4.04     |
|    learning_rate   | 0.0003   |
|    n_updates       | 38908    |
---------------------------------
---------------------------------
| rollout/           |          |
|    ep_len_mean     | 1.78e+03 |
|    ep_rew_mean     | 25.8     |
| time/              |          |
|    episodes        | 272      |
|    fps             | 2081     |
|    time_elapsed    | 299      |
|    total_timesteps | 623776   |
| train/             |          |
|    actor_loss      | -6.86    |
|    critic_loss     | 0.00453  |
|    ent_coef        | 0.000741 |
|    ent_coef_loss   | 5.75     |
|    learning_rate   | 0.0003   |
|    n_updates       | 38923    |
---------------------------------
---------------------------------
| rollout/           |          |
|    ep_len_mean     | 1.79e+03 |
|    ep_rew_mean     | 34.4     |
| time/              |          |
|    episodes        | 276      |
|    fps             | 2082     |
|    time_elapsed    | 300      |
|    total_timesteps | 625936   |
| train/             |          |
|    actor_loss      | -6.77    |
|    critic_loss     | 0.004    |
|    ent_coef        | 0.000756 |
|    ent_coef_loss   | -5.92    |
|    learning_rate   | 0.0003   |
|    n_updates       | 39058    |
---------------------------------
---------------------------------
| rollout/           |          |
|    ep_len_mean     | 1.78e+03 |
|    ep_rew_mean     | 38.3     |
| time/              |          |
|    episodes        | 280      |
|    fps             | 2083     |
|    time_elapsed    | 304      |
|    total_timesteps | 635056   |
| train/             |          |
|    actor_loss      | -6.57    |
|    critic_loss     | 0.0017   |
|    ent_coef        | 0.00075  |
|    ent_coef_loss   | 1.66     |
|    learning_rate   | 0.0003   |
|    n_updates       | 39628    |
---------------------------------
---------------------------------
| rollout/           |          |
|    ep_len_mean     | 1.78e+03 |
|    ep_rew_mean     | 34.6     |
| time/              |          |
|    episodes        | 284      |
|    fps             | 2085     |
|    time_elapsed    | 313      |
|    total_timesteps | 653744   |
| train/             |          |
|    actor_loss      | -6.29    |
|    critic_loss     | 0.00227  |
|    ent_coef        | 0.000713 |
|    ent_coef_loss   | -4.2     |
|    learning_rate   | 0.0003   |
|    n_updates       | 40796    |
---------------------------------
---------------------------------
| rollout/           |          |
|    ep_len_mean     | 1.83e+03 |
|    ep_rew_mean     | -14.3    |
| time/              |          |
|    episodes        | 288      |
|    fps             | 2086     |
|    time_elapsed    | 315      |
|    total_timesteps | 658992   |
| train/             |          |
|    actor_loss      | -6.18    |
|    critic_loss     | 0.00123  |
|    ent_coef        | 0.000666 |
|    ent_coef_loss   | -4.23    |
|    learning_rate   | 0.0003   |
|    n_updates       | 41124    |
---------------------------------
---------------------------------
| rollout/           |          |
|    ep_len_mean     | 1.88e+03 |
|    ep_rew_mean     | -45.7    |
| time/              |          |
|    episodes        | 292      |
|    fps             | 2086     |
|    time_elapsed    | 316      |
|    total_timesteps | 660448   |
| train/             |          |
|    actor_loss      | -6.09    |
|    critic_loss     | 0.157    |
|    ent_coef        | 0.000656 |
|    ent_coef_loss   | -0.681   |
|    learning_rate   | 0.0003   |
|    n_updates       | 41215    |
---------------------------------
---------------------------------
| rollout/           |          |
|    ep_len_mean     | 1.89e+03 |
|    ep_rew_mean     | -59      |
| time/              |          |
|    episodes        | 296      |
|    fps             | 2086     |
|    time_elapsed    | 317      |
|    total_timesteps | 662800   |
| train/             |          |
|    actor_loss      | -6.08    |
|    critic_loss     | 0.00291  |
|    ent_coef        | 0.000647 |
|    ent_coef_loss   | 14       |
|    learning_rate   | 0.0003   |
|    n_updates       | 41362    |
---------------------------------
---------------------------------
| rollout/           |          |
|    ep_len_mean     | 1.91e+03 |
|    ep_rew_mean     | -75.8    |
| time/              |          |
|    episodes        | 300      |
|    fps             | 2087     |
|    time_elapsed    | 322      |
|    total_timesteps | 673408   |
| train/             |          |
|    actor_loss      | -5.99    |
|    critic_loss     | 0.106    |
|    ent_coef        | 0.000626 |
|    ent_coef_loss   | -1.69    |
|    learning_rate   | 0.0003   |
|    n_updates       | 42025    |
---------------------------------
---------------------------------
| rollout/           |          |
|    ep_len_mean     | 1.88e+03 |
|    ep_rew_mean     | -149     |
| time/              |          |
|    episodes        | 304      |
|    fps             | 2088     |
|    time_elapsed    | 325      |
|    total_timesteps | 679328   |
| train/             |          |
|    actor_loss      | -5.88    |
|    critic_loss     | 0.00209  |
|    ent_coef        | 0.000599 |
|    ent_coef_loss   | 7.66     |
|    learning_rate   | 0.0003   |
|    n_updates       | 42395    |
---------------------------------
---------------------------------
| rollout/           |          |
|    ep_len_mean     | 1.81e+03 |
|    ep_rew_mean     | -182     |
| time/              |          |
|    episodes        | 308      |
|    fps             | 2088     |
|    time_elapsed    | 327      |
|    total_timesteps | 684368   |
| train/             |          |
|    actor_loss      | -5.73    |
|    critic_loss     | 0.00694  |
|    ent_coef        | 0.000619 |
|    ent_coef_loss   | 3.14     |
|    learning_rate   | 0.0003   |
|    n_updates       | 42710    |
---------------------------------
---------------------------------
| rollout/           |          |
|    ep_len_mean     | 1.75e+03 |
|    ep_rew_mean     | -202     |
| time/              |          |
|    episodes        | 312      |
|    fps             | 2088     |
|    time_elapsed    | 330      |
|    total_timesteps | 689376   |
| train/             |          |
|    actor_loss      | -5.63    |
|    critic_loss     | 0.00153  |
|    ent_coef        | 0.000629 |
|    ent_coef_loss   | -5.95    |
|    learning_rate   | 0.0003   |
|    n_updates       | 43023    |
---------------------------------
---------------------------------
| rollout/           |          |
|    ep_len_mean     | 1.75e+03 |
|    ep_rew_mean     | -181     |
| time/              |          |
|    episodes        | 316      |
|    fps             | 2089     |
|    time_elapsed    | 330      |
|    total_timesteps | 690560   |
| train/             |          |
|    actor_loss      | -5.59    |
|    critic_loss     | 0.0713   |
|    ent_coef        | 0.000619 |
|    ent_coef_loss   | -3.99    |
|    learning_rate   | 0.0003   |
|    n_updates       | 43097    |
---------------------------------
---------------------------------
| rollout/           |          |
|    ep_len_mean     | 1.82e+03 |
|    ep_rew_mean     | -133     |
| time/              |          |
|    episodes        | 320      |
|    fps             | 2089     |
|    time_elapsed    | 331      |
|    total_timesteps | 693232   |
| train/             |          |
|    actor_loss      | -5.63    |
|    critic_loss     | 0.000466 |
|    ent_coef        | 0.000605 |
|    ent_coef_loss   | -5.34    |
|    learning_rate   | 0.0003   |
|    n_updates       | 43264    |
---------------------------------
---------------------------------
| rollout/           |          |
|    ep_len_mean     | 1.83e+03 |
|    ep_rew_mean     | -94.2    |
| time/              |          |
|    episodes        | 324      |
|    fps             | 2089     |
|    time_elapsed    | 333      |
|    total_timesteps | 697872   |
| train/             |          |
|    actor_loss      | -5.55    |
|    critic_loss     | 0.00355  |
|    ent_coef        | 0.000596 |
|    ent_coef_loss   | 8.27     |
|    learning_rate   | 0.0003   |
|    n_updates       | 43554    |
---------------------------------
---------------------------------
| rollout/           |          |
|    ep_len_mean     | 1.79e+03 |
|    ep_rew_mean     | -88.9    |
| time/              |          |
|    episodes        | 328      |
|    fps             | 2090     |
|    time_elapsed    | 337      |
|    total_timesteps | 705200   |
| train/             |          |
|    actor_loss      | -5.39    |
|    critic_loss     | 0.00293  |
|    ent_coef        | 0.000593 |
|    ent_coef_loss   | -6.64    |
|    learning_rate   | 0.0003   |
|    n_updates       | 44012    |
---------------------------------
---------------------------------
| rollout/           |          |
|    ep_len_mean     | 1.71e+03 |
|    ep_rew_mean     | -138     |
| time/              |          |
|    episodes        | 332      |
|    fps             | 2090     |
|    time_elapsed    | 337      |
|    total_timesteps | 705328   |
| train/             |          |
|    actor_loss      | -5.38    |
|    critic_loss     | 0.263    |
|    ent_coef        | 0.000592 |
|    ent_coef_loss   | -6.32    |
|    learning_rate   | 0.0003   |
|    n_updates       | 44020    |
---------------------------------
---------------------------------
| rollout/           |          |
|    ep_len_mean     | 1.64e+03 |
|    ep_rew_mean     | -202     |
| time/              |          |
|    episodes        | 336      |
|    fps             | 2091     |
|    time_elapsed    | 344      |
|    total_timesteps | 720048   |
| train/             |          |
|    actor_loss      | -5.14    |
|    critic_loss     | 0.0342   |
|    ent_coef        | 0.000515 |
|    ent_coef_loss   | -11.5    |
|    learning_rate   | 0.0003   |
|    n_updates       | 44940    |
---------------------------------
---------------------------------
| rollout/           |          |
|    ep_len_mean     | 1.59e+03 |
|    ep_rew_mean     | -226     |
| time/              |          |
|    episodes        | 340      |
|    fps             | 2085     |
|    time_elapsed    | 345      |
|    total_timesteps | 720080   |
| train/             |          |
|    actor_loss      | -5.22    |
|    critic_loss     | 0.00982  |
|    ent_coef        | 0.000515 |
|    ent_coef_loss   | -8.88    |
|    learning_rate   | 0.0003   |
|    n_updates       | 44942    |
---------------------------------
---------------------------------
| rollout/           |          |
|    ep_len_mean     | 1.52e+03 |
|    ep_rew_mean     | -282     |
| time/              |          |
|    episodes        | 344      |
|    fps             | 2085     |
|    time_elapsed    | 345      |
|    total_timesteps | 720144   |
| train/             |          |
|    actor_loss      | -5.16    |
|    critic_loss     | 0.00476  |
|    ent_coef        | 0.000514 |
|    ent_coef_loss   | -8.21    |
|    learning_rate   | 0.0003   |
|    n_updates       | 44946    |
---------------------------------
---------------------------------
| rollout/           |          |
|    ep_len_mean     | 1.45e+03 |
|    ep_rew_mean     | -156     |
| time/              |          |
|    episodes        | 348      |
|    fps             | 2086     |
|    time_elapsed    | 349      |
|    total_timesteps | 729696   |
| train/             |          |
|    actor_loss      | -5       |
|    critic_loss     | 0.0964   |
|    ent_coef        | 0.000455 |
|    ent_coef_loss   | -0.989   |
|    learning_rate   | 0.0003   |
|    n_updates       | 45543    |
---------------------------------
---------------------------------
| rollout/           |          |
|    ep_len_mean     | 1.49e+03 |
|    ep_rew_mean     | -144     |
| time/              |          |
|    episodes        | 352      |
|    fps             | 2087     |
|    time_elapsed    | 356      |
|    total_timesteps | 743232   |
| train/             |          |
|    actor_loss      | -4.79    |
|    critic_loss     | 0.00152  |
|    ent_coef        | 0.000411 |
|    ent_coef_loss   | -1.86    |
|    learning_rate   | 0.0003   |
|    n_updates       | 46389    |
---------------------------------
---------------------------------
| rollout/           |          |
|    ep_len_mean     | 1.52e+03 |
|    ep_rew_mean     | -34.2    |
| time/              |          |
|    episodes        | 356      |
|    fps             | 2088     |
|    time_elapsed    | 360      |
|    total_timesteps | 753744   |
| train/             |          |
|    actor_loss      | -4.66    |
|    critic_loss     | 0.000698 |
|    ent_coef        | 0.000411 |
|    ent_coef_loss   | 0.0875   |
|    learning_rate   | 0.0003   |
|    n_updates       | 47046    |
---------------------------------
---------------------------------
| rollout/           |          |
|    ep_len_mean     | 1.53e+03 |
|    ep_rew_mean     | 146      |
| time/              |          |
|    episodes        | 360      |
|    fps             | 2089     |
|    time_elapsed    | 367      |
|    total_timesteps | 767360   |
| train/             |          |
|    actor_loss      | -4.53    |
|    critic_loss     | 0.000836 |
|    ent_coef        | 0.000366 |
|    ent_coef_loss   | 4        |
|    learning_rate   | 0.0003   |
|    n_updates       | 47897    |
---------------------------------
---------------------------------
| rollout/           |          |
|    ep_len_mean     | 1.54e+03 |
|    ep_rew_mean     | 338      |
| time/              |          |
|    episodes        | 364      |
|    fps             | 2090     |
|    time_elapsed    | 368      |
|    total_timesteps | 770272   |
| train/             |          |
|    actor_loss      | -4.42    |
|    critic_loss     | 0.00381  |
|    ent_coef        | 0.000369 |
|    ent_coef_loss   | 1.76     |
|    learning_rate   | 0.0003   |
|    n_updates       | 48079    |
---------------------------------
---------------------------------
| rollout/           |          |
|    ep_len_mean     | 1.51e+03 |
|    ep_rew_mean     | 391      |
| time/              |          |
|    episodes        | 368      |
|    fps             | 2090     |
|    time_elapsed    | 368      |
|    total_timesteps | 770752   |
| train/             |          |
|    actor_loss      | -4.46    |
|    critic_loss     | 0.000472 |
|    ent_coef        | 0.000371 |
|    ent_coef_loss   | -5.36    |
|    learning_rate   | 0.0003   |
|    n_updates       | 48109    |
---------------------------------
---------------------------------
| rollout/           |          |
|    ep_len_mean     | 1.48e+03 |
|    ep_rew_mean     | 363      |
| time/              |          |
|    episodes        | 372      |
|    fps             | 2089     |
|    time_elapsed    | 368      |
|    total_timesteps | 771152   |
| train/             |          |
|    actor_loss      | -4.41    |
|    critic_loss     | 0.00966  |
|    ent_coef        | 0.000368 |
|    ent_coef_loss   | 0.54     |
|    learning_rate   | 0.0003   |
|    n_updates       | 48134    |
---------------------------------
---------------------------------
| rollout/           |          |
|    ep_len_mean     | 1.48e+03 |
|    ep_rew_mean     | 400      |
| time/              |          |
|    episodes        | 376      |
|    fps             | 2091     |
|    time_elapsed    | 380      |
|    total_timesteps | 796240   |
| train/             |          |
|    actor_loss      | -4.14    |
|    critic_loss     | 0.0017   |
|    ent_coef        | 0.000355 |
|    ent_coef_loss   | 7.03     |
|    learning_rate   | 0.0003   |
|    n_updates       | 49702    |
---------------------------------
---------------------------------
| rollout/           |          |
|    ep_len_mean     | 1.51e+03 |
|    ep_rew_mean     | 362      |
| time/              |          |
|    episodes        | 380      |
|    fps             | 2092     |
|    time_elapsed    | 381      |
|    total_timesteps | 799008   |
| train/             |          |
|    actor_loss      | -4.14    |
|    critic_loss     | 0.00258  |
|    ent_coef        | 0.000359 |
|    ent_coef_loss   | 0.751    |
|    learning_rate   | 0.0003   |
|    n_updates       | 49875    |
---------------------------------
---------------------------------
| rollout/           |          |
|    ep_len_mean     | 1.61e+03 |
|    ep_rew_mean     | 473      |
| time/              |          |
|    episodes        | 384      |
|    fps             | 2093     |
|    time_elapsed    | 394      |
|    total_timesteps | 825520   |
| train/             |          |
|    actor_loss      | -3.86    |
|    critic_loss     | 0.00181  |
|    ent_coef        | 0.000409 |
|    ent_coef_loss   | 0.209    |
|    learning_rate   | 0.0003   |
|    n_updates       | 51532    |
---------------------------------
---------------------------------
| rollout/           |          |
|    ep_len_mean     | 1.71e+03 |
|    ep_rew_mean     | 776      |
| time/              |          |
|    episodes        | 388      |
|    fps             | 2095     |
|    time_elapsed    | 404      |
|    total_timesteps | 848176   |
| train/             |          |
|    actor_loss      | -3.55    |
|    critic_loss     | 0.00161  |
|    ent_coef        | 0.000406 |
|    ent_coef_loss   | -3.13    |
|    learning_rate   | 0.0003   |
|    n_updates       | 52948    |
---------------------------------
---------------------------------
| rollout/           |          |
|    ep_len_mean     | 1.78e+03 |
|    ep_rew_mean     | 969      |
| time/              |          |
|    episodes        | 392      |
|    fps             | 2096     |
|    time_elapsed    | 405      |
|    total_timesteps | 849440   |
| train/             |          |
|    actor_loss      | -3.59    |
|    critic_loss     | 0.00072  |
|    ent_coef        | 0.000399 |
|    ent_coef_loss   | -4.64    |
|    learning_rate   | 0.0003   |
|    n_updates       | 53027    |
---------------------------------
---------------------------------
| rollout/           |          |
|    ep_len_mean     | 1.88e+03 |
|    ep_rew_mean     | 1.08e+03 |
| time/              |          |
|    episodes        | 396      |
|    fps             | 2098     |
|    time_elapsed    | 416      |
|    total_timesteps | 873504   |
| train/             |          |
|    actor_loss      | -3.32    |
|    critic_loss     | 0.0401   |
|    ent_coef        | 0.000352 |
|    ent_coef_loss   | 12.5     |
|    learning_rate   | 0.0003   |
|    n_updates       | 54531    |
---------------------------------
---------------------------------
| rollout/           |          |
|    ep_len_mean     | 1.93e+03 |
|    ep_rew_mean     | 1.16e+03 |
| time/              |          |
|    episodes        | 400      |
|    fps             | 2100     |
|    time_elapsed    | 424      |
|    total_timesteps | 891264   |
| train/             |          |
|    actor_loss      | -3.16    |
|    critic_loss     | 0.000961 |
|    ent_coef        | 0.000343 |
|    ent_coef_loss   | 5.44     |
|    learning_rate   | 0.0003   |
|    n_updates       | 55641    |
---------------------------------
---------------------------------
| rollout/           |          |
|    ep_len_mean     | 2e+03    |
|    ep_rew_mean     | 1.33e+03 |
| time/              |          |
|    episodes        | 404      |
|    fps             | 2100     |
|    time_elapsed    | 424      |
|    total_timesteps | 891344   |
| train/             |          |
|    actor_loss      | -3.21    |
|    critic_loss     | 0.000617 |
|    ent_coef        | 0.000343 |
|    ent_coef_loss   | 4.7      |
|    learning_rate   | 0.0003   |
|    n_updates       | 55646    |
---------------------------------
---------------------------------
| rollout/           |          |
|    ep_len_mean     | 2.06e+03 |
|    ep_rew_mean     | 1.39e+03 |
| time/              |          |
|    episodes        | 408      |
|    fps             | 2101     |
|    time_elapsed    | 428      |
|    total_timesteps | 901376   |
| train/             |          |
|    actor_loss      | -3.08    |
|    critic_loss     | 0.000282 |
|    ent_coef        | 0.000338 |
|    ent_coef_loss   | -3.68    |
|    learning_rate   | 0.0003   |
|    n_updates       | 56273    |
---------------------------------
---------------------------------
| rollout/           |          |
|    ep_len_mean     | 2.08e+03 |
|    ep_rew_mean     | 1.39e+03 |
| time/              |          |
|    episodes        | 412      |
|    fps             | 2101     |
|    time_elapsed    | 429      |
|    total_timesteps | 903392   |
| train/             |          |
|    actor_loss      | -3.04    |
|    critic_loss     | 0.000837 |
|    ent_coef        | 0.000333 |
|    ent_coef_loss   | -1.24    |
|    learning_rate   | 0.0003   |
|    n_updates       | 56399    |
---------------------------------
---------------------------------
| rollout/           |          |
|    ep_len_mean     | 2.05e+03 |
|    ep_rew_mean     | 1.36e+03 |
| time/              |          |
|    episodes        | 416      |
|    fps             | 2101     |
|    time_elapsed    | 431      |
|    total_timesteps | 906944   |
| train/             |          |
|    actor_loss      | -3.04    |
|    critic_loss     | 0.00121  |
|    ent_coef        | 0.000319 |
|    ent_coef_loss   | -0.463   |
|    learning_rate   | 0.0003   |
|    n_updates       | 56621    |
---------------------------------
---------------------------------
| rollout/           |          |
|    ep_len_mean     | 1.96e+03 |
|    ep_rew_mean     | 1.31e+03 |
| time/              |          |
|    episodes        | 420      |
|    fps             | 2101     |
|    time_elapsed    | 431      |
|    total_timesteps | 906976   |
| train/             |          |
|    actor_loss      | -3.02    |
|    critic_loss     | 0.000535 |
|    ent_coef        | 0.000319 |
|    ent_coef_loss   | 0.0303   |
|    learning_rate   | 0.0003   |
|    n_updates       | 56623    |
---------------------------------
---------------------------------
| rollout/           |          |
|    ep_len_mean     | 1.92e+03 |
|    ep_rew_mean     | 1.28e+03 |
| time/              |          |
|    episodes        | 424      |
|    fps             | 2102     |
|    time_elapsed    | 433      |
|    total_timesteps | 910752   |
| train/             |          |
|    actor_loss      | -2.96    |
|    critic_loss     | 0.000722 |
|    ent_coef        | 0.000309 |
|    ent_coef_loss   | -2.33    |
|    learning_rate   | 0.0003   |
|    n_updates       | 56859    |
---------------------------------
---------------------------------
| rollout/           |          |
|    ep_len_mean     | 2.09e+03 |
|    ep_rew_mean     | 1.13e+03 |
| time/              |          |
|    episodes        | 428      |
|    fps             | 2102     |
|    time_elapsed    | 436      |
|    total_timesteps | 917680   |
| train/             |          |
|    actor_loss      | -2.97    |
|    critic_loss     | 0.000812 |
|    ent_coef        | 0.000284 |
|    ent_coef_loss   | -10.5    |
|    learning_rate   | 0.0003   |
|    n_updates       | 57292    |
---------------------------------
---------------------------------
| rollout/           |          |
|    ep_len_mean     | 2.09e+03 |
|    ep_rew_mean     | 1.19e+03 |
| time/              |          |
|    episodes        | 432      |
|    fps             | 2103     |
|    time_elapsed    | 441      |
|    total_timesteps | 927584   |
| train/             |          |
|    actor_loss      | -2.81    |
|    critic_loss     | 0.000636 |
|    ent_coef        | 0.000271 |
|    ent_coef_loss   | -1.99    |
|    learning_rate   | 0.0003   |
|    n_updates       | 57911    |
---------------------------------
---------------------------------
| rollout/           |          |
|    ep_len_mean     | 2.11e+03 |
|    ep_rew_mean     | 1.27e+03 |
| time/              |          |
|    episodes        | 436      |
|    fps             | 2103     |
|    time_elapsed    | 441      |
|    total_timesteps | 927632   |
| train/             |          |
|    actor_loss      | -2.89    |
|    critic_loss     | 0.0013   |
|    ent_coef        | 0.000271 |
|    ent_coef_loss   | -4.32    |
|    learning_rate   | 0.0003   |
|    n_updates       | 57914    |
---------------------------------
---------------------------------
| rollout/           |          |
|    ep_len_mean     | 2.09e+03 |
|    ep_rew_mean     | 1.25e+03 |
| time/              |          |
|    episodes        | 440      |
|    fps             | 2103     |
|    time_elapsed    | 442      |
|    total_timesteps | 930128   |
| train/             |          |
|    actor_loss      | -2.83    |
|    critic_loss     | 0.0187   |
|    ent_coef        | 0.00027  |
|    ent_coef_loss   | -4.4     |
|    learning_rate   | 0.0003   |
|    n_updates       | 58070    |
---------------------------------
---------------------------------
| rollout/           |          |
|    ep_len_mean     | 2.11e+03 |
|    ep_rew_mean     | 1.33e+03 |
| time/              |          |
|    episodes        | 444      |
|    fps             | 2103     |
|    time_elapsed    | 446      |
|    total_timesteps | 940032   |
| train/             |          |
|    actor_loss      | -2.79    |
|    critic_loss     | 0.000457 |
|    ent_coef        | 0.000262 |
|    ent_coef_loss   | -8.63    |
|    learning_rate   | 0.0003   |
|    n_updates       | 58689    |
---------------------------------
---------------------------------
| rollout/           |          |
|    ep_len_mean     | 2.13e+03 |
|    ep_rew_mean     | 1.41e+03 |
| time/              |          |
|    episodes        | 448      |
|    fps             | 2104     |
|    time_elapsed    | 450      |
|    total_timesteps | 948288   |
| train/             |          |
|    actor_loss      | -2.69    |
|    critic_loss     | 0.000909 |
|    ent_coef        | 0.000256 |
|    ent_coef_loss   | 9.99     |
|    learning_rate   | 0.0003   |
|    n_updates       | 59205    |
---------------------------------
---------------------------------
| rollout/           |          |
|    ep_len_mean     | 2.06e+03 |
|    ep_rew_mean     | 1.46e+03 |
| time/              |          |
|    episodes        | 452      |
|    fps             | 2104     |
|    time_elapsed    | 450      |
|    total_timesteps | 948624   |
| train/             |          |
|    actor_loss      | -2.72    |
|    critic_loss     | 0.000869 |
|    ent_coef        | 0.000259 |
|    ent_coef_loss   | 3.9      |
|    learning_rate   | 0.0003   |
|    n_updates       | 59226    |
---------------------------------
---------------------------------
| rollout/           |          |
|    ep_len_mean     | 1.98e+03 |
|    ep_rew_mean     | 1.51e+03 |
| time/              |          |
|    episodes        | 456      |
|    fps             | 2104     |
|    time_elapsed    | 451      |
|    total_timesteps | 949200   |
| train/             |          |
|    actor_loss      | -2.7     |
|    critic_loss     | 0.000303 |
|    ent_coef        | 0.00026  |
|    ent_coef_loss   | -0.889   |
|    learning_rate   | 0.0003   |
|    n_updates       | 59262    |
---------------------------------
---------------------------------
| rollout/           |          |
|    ep_len_mean     | 1.93e+03 |
|    ep_rew_mean     | 1.51e+03 |
| time/              |          |
|    episodes        | 460      |
|    fps             | 2104     |
|    time_elapsed    | 451      |
|    total_timesteps | 949344   |
| train/             |          |
|    actor_loss      | -2.71    |
|    critic_loss     | 0.000294 |
|    ent_coef        | 0.00026  |
|    ent_coef_loss   | 0.298    |
|    learning_rate   | 0.0003   |
|    n_updates       | 59271    |
---------------------------------
---------------------------------
| rollout/           |          |
|    ep_len_mean     | 1.85e+03 |
|    ep_rew_mean     | 1.38e+03 |
| time/              |          |
|    episodes        | 464      |
|    fps             | 2104     |
|    time_elapsed    | 451      |
|    total_timesteps | 949888   |
| train/             |          |
|    actor_loss      | -2.7     |
|    critic_loss     | 0.0115   |
|    ent_coef        | 0.000259 |
|    ent_coef_loss   | -8.59    |
|    learning_rate   | 0.0003   |
|    n_updates       | 59305    |
---------------------------------
---------------------------------
| rollout/           |          |
|    ep_len_mean     | 1.8e+03  |
|    ep_rew_mean     | 1.27e+03 |
| time/              |          |
|    episodes        | 468      |
|    fps             | 2104     |
|    time_elapsed    | 451      |
|    total_timesteps | 951008   |
| train/             |          |
|    actor_loss      | -2.69    |
|    critic_loss     | 0.00114  |
|    ent_coef        | 0.000256 |
|    ent_coef_loss   | -0.134   |
|    learning_rate   | 0.0003   |
|    n_updates       | 59375    |
---------------------------------
---------------------------------
| rollout/           |          |
|    ep_len_mean     | 1.78e+03 |
|    ep_rew_mean     | 1.26e+03 |
| time/              |          |
|    episodes        | 472      |
|    fps             | 2104     |
|    time_elapsed    | 451      |
|    total_timesteps | 951168   |
| train/             |          |
|    actor_loss      | -2.68    |
|    critic_loss     | 0.000427 |
|    ent_coef        | 0.000255 |
|    ent_coef_loss   | -3.47    |
|    learning_rate   | 0.0003   |
|    n_updates       | 59385    |
---------------------------------
---------------------------------
| rollout/           |          |
|    ep_len_mean     | 1.86e+03 |
|    ep_rew_mean     | 1.02e+03 |
| time/              |          |
|    episodes        | 476      |
|    fps             | 2107     |
|    time_elapsed    | 474      |
|    total_timesteps | 1000224  |
| train/             |          |
|    actor_loss      | -2.34    |
|    critic_loss     | 0.00141  |
|    ent_coef        | 0.000282 |
|    ent_coef_loss   | 5.06     |
|    learning_rate   | 0.0003   |
|    n_updates       | 62451    |
---------------------------------
---------------------------------
| rollout/           |          |
|    ep_len_mean     | 1.92e+03 |
|    ep_rew_mean     | 1.23e+03 |
| time/              |          |
|    episodes        | 480      |
|    fps             | 2107     |
|    time_elapsed    | 474      |
|    total_timesteps | 1000608  |
| train/             |          |
|    actor_loss      | -2.34    |
|    critic_loss     | 0.0316   |
|    ent_coef        | 0.000284 |
|    ent_coef_loss   | 4.26     |
|    learning_rate   | 0.0003   |
|    n_updates       | 62475    |
---------------------------------
---------------------------------
| rollout/           |          |
|    ep_len_mean     | 1.9e+03  |
|    ep_rew_mean     | 1.3e+03  |
| time/              |          |
|    episodes        | 484      |
|    fps             | 2107     |
|    time_elapsed    | 474      |
|    total_timesteps | 1000816  |
| train/             |          |
|    actor_loss      | -2.38    |
|    critic_loss     | 0.000485 |
|    ent_coef        | 0.000285 |
|    ent_coef_loss   | 0.366    |
|    learning_rate   | 0.0003   |
|    n_updates       | 62488    |
---------------------------------
---------------------------------
| rollout/           |          |
|    ep_len_mean     | 1.87e+03 |
|    ep_rew_mean     | 1.28e+03 |
| time/              |          |
|    episodes        | 488      |
|    fps             | 2107     |
|    time_elapsed    | 475      |
|    total_timesteps | 1001664  |
| train/             |          |
|    actor_loss      | -2.35    |
|    critic_loss     | 0.00078  |
|    ent_coef        | 0.000285 |
|    ent_coef_loss   | -2.36    |
|    learning_rate   | 0.0003   |
|    n_updates       | 62541    |
---------------------------------
---------------------------------
| rollout/           |          |
|    ep_len_mean     | 1.81e+03 |
|    ep_rew_mean     | 1.25e+03 |
| time/              |          |
|    episodes        | 492      |
|    fps             | 2109     |
|    time_elapsed    | 485      |
|    total_timesteps | 1023712  |
| train/             |          |
|    actor_loss      | -2.25    |
|    critic_loss     | 0.000507 |
|    ent_coef        | 0.000332 |
|    ent_coef_loss   | -6.12    |
|    learning_rate   | 0.0003   |
|    n_updates       | 63919    |
---------------------------------
---------------------------------
| rollout/           |          |
|    ep_len_mean     | 1.72e+03 |
|    ep_rew_mean     | 1.17e+03 |
| time/              |          |
|    episodes        | 496      |
|    fps             | 2109     |
|    time_elapsed    | 485      |
|    total_timesteps | 1024560  |
| train/             |          |
|    actor_loss      | -2.15    |
|    critic_loss     | 0.000975 |
|    ent_coef        | 0.000331 |
|    ent_coef_loss   | 6.74     |
|    learning_rate   | 0.0003   |
|    n_updates       | 63972    |
---------------------------------
---------------------------------
| rollout/           |          |
|    ep_len_mean     | 1.68e+03 |
|    ep_rew_mean     | 1.13e+03 |
| time/              |          |
|    episodes        | 500      |
|    fps             | 2109     |
|    time_elapsed    | 485      |
|    total_timesteps | 1024672  |
| train/             |          |
|    actor_loss      | -2.21    |
|    critic_loss     | 0.0056   |
|    ent_coef        | 0.000331 |
|    ent_coef_loss   | 5.72     |
|    learning_rate   | 0.0003   |
|    n_updates       | 63979    |
---------------------------------
---------------------------------
| rollout/           |          |
|    ep_len_mean     | 1.63e+03 |
|    ep_rew_mean     | 1.04e+03 |
| time/              |          |
|    episodes        | 504      |
|    fps             | 2109     |
|    time_elapsed    | 485      |
|    total_timesteps | 1024960  |
| train/             |          |
|    actor_loss      | -2.27    |
|    critic_loss     | 0.018    |
|    ent_coef        | 0.000332 |
|    ent_coef_loss   | 0.248    |
|    learning_rate   | 0.0003   |
|    n_updates       | 63997    |
---------------------------------
---------------------------------
| rollout/           |          |
|    ep_len_mean     | 1.65e+03 |
|    ep_rew_mean     | 1.09e+03 |
| time/              |          |
|    episodes        | 508      |
|    fps             | 2111     |
|    time_elapsed    | 505      |
|    total_timesteps | 1067600  |
| train/             |          |
|    actor_loss      | -2.02    |
|    critic_loss     | 0.000807 |
|    ent_coef        | 0.000275 |
|    ent_coef_loss   | 4.08     |
|    learning_rate   | 0.0003   |
|    n_updates       | 66662    |
---------------------------------
---------------------------------
| rollout/           |          |
|    ep_len_mean     | 1.71e+03 |
|    ep_rew_mean     | 1.2e+03  |
| time/              |          |
|    episodes        | 512      |
|    fps             | 2111     |
|    time_elapsed    | 507      |
|    total_timesteps | 1070608  |
| train/             |          |
|    actor_loss      | -1.97    |
|    critic_loss     | 0.00189  |
|    ent_coef        | 0.000271 |
|    ent_coef_loss   | -0.823   |
|    learning_rate   | 0.0003   |
|    n_updates       | 66850    |
---------------------------------
---------------------------------
| rollout/           |          |
|    ep_len_mean     | 1.72e+03 |
|    ep_rew_mean     | 1.19e+03 |
| time/              |          |
|    episodes        | 516      |
|    fps             | 2111     |
|    time_elapsed    | 507      |
|    total_timesteps | 1072304  |
| train/             |          |
|    actor_loss      | -1.98    |
|    critic_loss     | 0.00539  |
|    ent_coef        | 0.000273 |
|    ent_coef_loss   | -4.73    |
|    learning_rate   | 0.0003   |
|    n_updates       | 66956    |
---------------------------------
---------------------------------
| rollout/           |          |
|    ep_len_mean     | 1.7e+03  |
|    ep_rew_mean     | 1.19e+03 |
| time/              |          |
|    episodes        | 520      |
|    fps             | 2111     |
|    time_elapsed    | 509      |
|    total_timesteps | 1076912  |
| train/             |          |
|    actor_loss      | -2.02    |
|    critic_loss     | 0.00169  |
|    ent_coef        | 0.00027  |
|    ent_coef_loss   | 3.9      |
|    learning_rate   | 0.0003   |
|    n_updates       | 67244    |
---------------------------------
---------------------------------
| rollout/           |          |
|    ep_len_mean     | 1.76e+03 |
|    ep_rew_mean     | 1.23e+03 |
| time/              |          |
|    episodes        | 524      |
|    fps             | 2113     |
|    time_elapsed    | 521      |
|    total_timesteps | 1102272  |
| train/             |          |
|    actor_loss      | -1.87    |
|    critic_loss     | 0.000856 |
|    ent_coef        | 0.00028  |
|    ent_coef_loss   | 7.63     |
|    learning_rate   | 0.0003   |
|    n_updates       | 68829    |
---------------------------------
---------------------------------
| rollout/           |          |
|    ep_len_mean     | 1.67e+03 |
|    ep_rew_mean     | 1.37e+03 |
| time/              |          |
|    episodes        | 528      |
|    fps             | 2114     |
|    time_elapsed    | 529      |
|    total_timesteps | 1118944  |
| train/             |          |
|    actor_loss      | -1.88    |
|    critic_loss     | 0.00139  |
|    ent_coef        | 0.000268 |
|    ent_coef_loss   | -6.47    |
|    learning_rate   | 0.0003   |
|    n_updates       | 69871    |
---------------------------------
---------------------------------
| rollout/           |          |
|    ep_len_mean     | 1.76e+03 |
|    ep_rew_mean     | 1.29e+03 |
| time/              |          |
|    episodes        | 532      |
|    fps             | 2114     |
|    time_elapsed    | 531      |
|    total_timesteps | 1123328  |
| train/             |          |
|    actor_loss      | -1.81    |
|    critic_loss     | 0.000823 |
|    ent_coef        | 0.00026  |
|    ent_coef_loss   | 1.35     |
|    learning_rate   | 0.0003   |
|    n_updates       | 70145    |
---------------------------------
---------------------------------
| rollout/           |          |
|    ep_len_mean     | 1.9e+03  |
|    ep_rew_mean     | 1.29e+03 |
| time/              |          |
|    episodes        | 536      |
|    fps             | 2115     |
|    time_elapsed    | 535      |
|    total_timesteps | 1133136  |
| train/             |          |
|    actor_loss      | -1.79    |
|    critic_loss     | 0.000638 |
|    ent_coef        | 0.000264 |
|    ent_coef_loss   | 3.28     |
|    learning_rate   | 0.0003   |
|    n_updates       | 70758    |
---------------------------------
---------------------------------
| rollout/           |          |
|    ep_len_mean     | 1.97e+03 |
|    ep_rew_mean     | 1.34e+03 |
| time/              |          |
|    episodes        | 540      |
|    fps             | 2115     |
|    time_elapsed    | 539      |
|    total_timesteps | 1141408  |
| train/             |          |
|    actor_loss      | -1.77    |
|    critic_loss     | 0.00224  |
|    ent_coef        | 0.000289 |
|    ent_coef_loss   | 8.04     |
|    learning_rate   | 0.0003   |
|    n_updates       | 71275    |
---------------------------------
---------------------------------
| rollout/           |          |
|    ep_len_mean     | 1.94e+03 |
|    ep_rew_mean     | 1.23e+03 |
| time/              |          |
|    episodes        | 544      |
|    fps             | 2115     |
|    time_elapsed    | 539      |
|    total_timesteps | 1142416  |
| train/             |          |
|    actor_loss      | -1.78    |
|    critic_loss     | 0.000347 |
|    ent_coef        | 0.000302 |
|    ent_coef_loss   | 13.3     |
|    learning_rate   | 0.0003   |
|    n_updates       | 71338    |
---------------------------------
---------------------------------
| rollout/           |          |
|    ep_len_mean     | 1.94e+03 |
|    ep_rew_mean     | 1.18e+03 |
| time/              |          |
|    episodes        | 548      |
|    fps             | 2115     |
|    time_elapsed    | 539      |
|    total_timesteps | 1142448  |
| train/             |          |
|    actor_loss      | -1.76    |
|    critic_loss     | 0.000696 |
|    ent_coef        | 0.000303 |
|    ent_coef_loss   | 13.1     |
|    learning_rate   | 0.0003   |
|    n_updates       | 71340    |
---------------------------------
---------------------------------
| rollout/           |          |
|    ep_len_mean     | 2.01e+03 |
|    ep_rew_mean     | 1.3e+03  |
| time/              |          |
|    episodes        | 552      |
|    fps             | 2115     |
|    time_elapsed    | 540      |
|    total_timesteps | 1142672  |
| train/             |          |
|    actor_loss      | -1.75    |
|    critic_loss     | 0.00025  |
|    ent_coef        | 0.000306 |
|    ent_coef_loss   | 2.29     |
|    learning_rate   | 0.0003   |
|    n_updates       | 71354    |
---------------------------------
---------------------------------
| rollout/           |          |
|    ep_len_mean     | 1.96e+03 |
|    ep_rew_mean     | 1.22e+03 |
| time/              |          |
|    episodes        | 556      |
|    fps             | 2115     |
|    time_elapsed    | 540      |
|    total_timesteps | 1143840  |
| train/             |          |
|    actor_loss      | -1.75    |
|    critic_loss     | 0.000241 |
|    ent_coef        | 0.00031  |
|    ent_coef_loss   | -3.41    |
|    learning_rate   | 0.0003   |
|    n_updates       | 71427    |
---------------------------------
---------------------------------
| rollout/           |          |
|    ep_len_mean     | 1.91e+03 |
|    ep_rew_mean     | 1.12e+03 |
| time/              |          |
|    episodes        | 560      |
|    fps             | 2115     |
|    time_elapsed    | 540      |
|    total_timesteps | 1143952  |
| train/             |          |
|    actor_loss      | -1.78    |
|    critic_loss     | 0.000391 |
|    ent_coef        | 0.000309 |
|    ent_coef_loss   | -4.1     |
|    learning_rate   | 0.0003   |
|    n_updates       | 71434    |
---------------------------------
---------------------------------
| rollout/           |          |
|    ep_len_mean     | 1.9e+03  |
|    ep_rew_mean     | 1.06e+03 |
| time/              |          |
|    episodes        | 564      |
|    fps             | 2115     |
|    time_elapsed    | 541      |
|    total_timesteps | 1145072  |
| train/             |          |
|    actor_loss      | -1.74    |
|    critic_loss     | 0.00046  |
|    ent_coef        | 0.000308 |
|    ent_coef_loss   | -4.47    |
|    learning_rate   | 0.0003   |
|    n_updates       | 71504    |
---------------------------------
---------------------------------
| rollout/           |          |
|    ep_len_mean     | 1.92e+03 |
|    ep_rew_mean     | 1.14e+03 |
| time/              |          |
|    episodes        | 568      |
|    fps             | 2116     |
|    time_elapsed    | 549      |
|    total_timesteps | 1162992  |
| train/             |          |
|    actor_loss      | -1.69    |
|    critic_loss     | 0.0193   |
|    ent_coef        | 0.000276 |
|    ent_coef_loss   | 0.775    |
|    learning_rate   | 0.0003   |
|    n_updates       | 72624    |
---------------------------------
---------------------------------
| rollout/           |          |
|    ep_len_mean     | 2.11e+03 |
|    ep_rew_mean     | 1.2e+03  |
| time/              |          |
|    episodes        | 572      |
|    fps             | 2116     |
|    time_elapsed    | 552      |
|    total_timesteps | 1169008  |
| train/             |          |
|    actor_loss      | -1.66    |
|    critic_loss     | 0.00196  |
|    ent_coef        | 0.000282 |
|    ent_coef_loss   | 10.5     |
|    learning_rate   | 0.0003   |
|    n_updates       | 73000    |
---------------------------------
---------------------------------
| rollout/           |          |
|    ep_len_mean     | 1.99e+03 |
|    ep_rew_mean     | 1.36e+03 |
| time/              |          |
|    episodes        | 576      |
|    fps             | 2117     |
|    time_elapsed    | 556      |
|    total_timesteps | 1179216  |
| train/             |          |
|    actor_loss      | -1.63    |
|    critic_loss     | 0.241    |
|    ent_coef        | 0.000264 |
|    ent_coef_loss   | 1.93     |
|    learning_rate   | 0.0003   |
|    n_updates       | 73638    |
---------------------------------
---------------------------------
| rollout/           |          |
|    ep_len_mean     | 1.99e+03 |
|    ep_rew_mean     | 1.43e+03 |
| time/              |          |
|    episodes        | 580      |
|    fps             | 2118     |
|    time_elapsed    | 562      |
|    total_timesteps | 1192272  |
| train/             |          |
|    actor_loss      | -1.6     |
|    critic_loss     | 0.000297 |
|    ent_coef        | 0.000257 |
|    ent_coef_loss   | -6.36    |
|    learning_rate   | 0.0003   |
|    n_updates       | 74454    |
---------------------------------
---------------------------------
| rollout/           |          |
|    ep_len_mean     | 1.94e+03 |
|    ep_rew_mean     | 1.29e+03 |
| time/              |          |
|    episodes        | 584      |
|    fps             | 2118     |
|    time_elapsed    | 567      |
|    total_timesteps | 1202272  |
| train/             |          |
|    actor_loss      | -1.56    |
|    critic_loss     | 0.000373 |
|    ent_coef        | 0.00028  |
|    ent_coef_loss   | -9.35    |
|    learning_rate   | 0.0003   |
|    n_updates       | 75079    |
---------------------------------
---------------------------------
| rollout/           |          |
|    ep_len_mean     | 1.87e+03 |
|    ep_rew_mean     | 1.08e+03 |
| time/              |          |
|    episodes        | 588      |
|    fps             | 2119     |
|    time_elapsed    | 571      |
|    total_timesteps | 1210288  |
| train/             |          |
|    actor_loss      | -1.51    |
|    critic_loss     | 0.125    |
|    ent_coef        | 0.000249 |
|    ent_coef_loss   | 2.94     |
|    learning_rate   | 0.0003   |
|    n_updates       | 75580    |
---------------------------------
---------------------------------
| rollout/           |          |
|    ep_len_mean     | 1.84e+03 |
|    ep_rew_mean     | 974      |
| time/              |          |
|    episodes        | 592      |
|    fps             | 2119     |
|    time_elapsed    | 573      |
|    total_timesteps | 1215440  |
| train/             |          |
|    actor_loss      | -1.47    |
|    critic_loss     | 0.0019   |
|    ent_coef        | 0.000243 |
|    ent_coef_loss   | 0.719    |
|    learning_rate   | 0.0003   |
|    n_updates       | 75902    |
---------------------------------
---------------------------------
| rollout/           |          |
|    ep_len_mean     | 1.8e+03  |
|    ep_rew_mean     | 924      |
| time/              |          |
|    episodes        | 596      |
|    fps             | 2119     |
|    time_elapsed    | 574      |
|    total_timesteps | 1217152  |
| train/             |          |
|    actor_loss      | -1.55    |
|    critic_loss     | 0.000222 |
|    ent_coef        | 0.000245 |
|    ent_coef_loss   | 6.61     |
|    learning_rate   | 0.0003   |
|    n_updates       | 76009    |
---------------------------------
---------------------------------
| rollout/           |          |
|    ep_len_mean     | 1.77e+03 |
|    ep_rew_mean     | 883      |
| time/              |          |
|    episodes        | 600      |
|    fps             | 2119     |
|    time_elapsed    | 574      |
|    total_timesteps | 1217888  |
| train/             |          |
|    actor_loss      | -1.53    |
|    critic_loss     | 0.000351 |
|    ent_coef        | 0.000249 |
|    ent_coef_loss   | 4.83     |
|    learning_rate   | 0.0003   |
|    n_updates       | 76055    |
---------------------------------
---------------------------------
| rollout/           |          |
|    ep_len_mean     | 1.8e+03  |
|    ep_rew_mean     | 975      |
| time/              |          |
|    episodes        | 604      |
|    fps             | 2119     |
|    time_elapsed    | 576      |
|    total_timesteps | 1222640  |
| train/             |          |
|    actor_loss      | -1.48    |
|    critic_loss     | 0.00278  |
|    ent_coef        | 0.000248 |
|    ent_coef_loss   | -1.8     |
|    learning_rate   | 0.0003   |
|    n_updates       | 76352    |
---------------------------------
---------------------------------
| rollout/           |          |
|    ep_len_mean     | 1.74e+03 |
|    ep_rew_mean     | 884      |
| time/              |          |
|    episodes        | 608      |
|    fps             | 2119     |
|    time_elapsed    | 579      |
|    total_timesteps | 1229344  |
| train/             |          |
|    actor_loss      | -1.48    |
|    critic_loss     | 0.000324 |
|    ent_coef        | 0.000256 |
|    ent_coef_loss   | 1.25     |
|    learning_rate   | 0.0003   |
|    n_updates       | 76771    |
---------------------------------
---------------------------------
| rollout/           |          |
|    ep_len_mean     | 1.66e+03 |
|    ep_rew_mean     | 794      |
| time/              |          |
|    episodes        | 612      |
|    fps             | 2119     |
|    time_elapsed    | 580      |
|    total_timesteps | 1229568  |
| train/             |          |
|    actor_loss      | -1.47    |
|    critic_loss     | 0.00415  |
|    ent_coef        | 0.000257 |
|    ent_coef_loss   | -0.655   |
|    learning_rate   | 0.0003   |
|    n_updates       | 76785    |
---------------------------------
---------------------------------
| rollout/           |          |
|    ep_len_mean     | 1.77e+03 |
|    ep_rew_mean     | 830      |
| time/              |          |
|    episodes        | 616      |
|    fps             | 2120     |
|    time_elapsed    | 584      |
|    total_timesteps | 1238432  |
| train/             |          |
|    actor_loss      | -1.42    |
|    critic_loss     | 0.000846 |
|    ent_coef        | 0.000257 |
|    ent_coef_loss   | 6.62     |
|    learning_rate   | 0.0003   |
|    n_updates       | 77339    |
---------------------------------
---------------------------------
| rollout/           |          |
|    ep_len_mean     | 1.82e+03 |
|    ep_rew_mean     | 859      |
| time/              |          |
|    episodes        | 620      |
|    fps             | 2120     |
|    time_elapsed    | 586      |
|    total_timesteps | 1244432  |
| train/             |          |
|    actor_loss      | -1.43    |
|    critic_loss     | 0.00048  |
|    ent_coef        | 0.000262 |
|    ent_coef_loss   | -6.03    |
|    learning_rate   | 0.0003   |
|    n_updates       | 77714    |
---------------------------------
---------------------------------
| rollout/           |          |
|    ep_len_mean     | 1.78e+03 |
|    ep_rew_mean     | 841      |
| time/              |          |
|    episodes        | 624      |
|    fps             | 2120     |
|    time_elapsed    | 589      |
|    total_timesteps | 1249536  |
| train/             |          |
|    actor_loss      | -1.41    |
|    critic_loss     | 0.000302 |
|    ent_coef        | 0.000248 |
|    ent_coef_loss   | -2.68    |
|    learning_rate   | 0.0003   |
|    n_updates       | 78033    |
---------------------------------
---------------------------------
| rollout/           |          |
|    ep_len_mean     | 1.7e+03  |
|    ep_rew_mean     | 930      |
| time/              |          |
|    episodes        | 628      |
|    fps             | 2120     |
|    time_elapsed    | 589      |
|    total_timesteps | 1250672  |
| train/             |          |
|    actor_loss      | -1.43    |
|    critic_loss     | 0.101    |
|    ent_coef        | 0.000245 |
|    ent_coef_loss   | -2.16    |
|    learning_rate   | 0.0003   |
|    n_updates       | 78104    |
---------------------------------
---------------------------------
| rollout/           |          |
|    ep_len_mean     | 1.6e+03  |
|    ep_rew_mean     | 977      |
| time/              |          |
|    episodes        | 632      |
|    fps             | 2121     |
|    time_elapsed    | 590      |
|    total_timesteps | 1253088  |
| train/             |          |
|    actor_loss      | -1.41    |
|    critic_loss     | 0.00228  |
|    ent_coef        | 0.000249 |
|    ent_coef_loss   | -1.69    |
|    learning_rate   | 0.0003   |
|    n_updates       | 78255    |
---------------------------------
---------------------------------
| rollout/           |          |
|    ep_len_mean     | 1.41e+03 |
|    ep_rew_mean     | 879      |
| time/              |          |
|    episodes        | 636      |
|    fps             | 2121     |
|    time_elapsed    | 590      |
|    total_timesteps | 1253504  |
| train/             |          |
|    actor_loss      | -1.36    |
|    critic_loss     | 0.000261 |
|    ent_coef        | 0.000248 |
|    ent_coef_loss   | -2.24    |
|    learning_rate   | 0.0003   |
|    n_updates       | 78281    |
---------------------------------
---------------------------------
| rollout/           |          |
|    ep_len_mean     | 1.36e+03 |
|    ep_rew_mean     | 838      |
| time/              |          |
|    episodes        | 640      |
|    fps             | 2121     |
|    time_elapsed    | 593      |
|    total_timesteps | 1259232  |
| train/             |          |
|    actor_loss      | -1.41    |
|    critic_loss     | 0.000766 |
|    ent_coef        | 0.000245 |
|    ent_coef_loss   | 7.71     |
|    learning_rate   | 0.0003   |
|    n_updates       | 78639    |
---------------------------------
---------------------------------
| rollout/           |          |
|    ep_len_mean     | 1.36e+03 |
|    ep_rew_mean     | 888      |
| time/              |          |
|    episodes        | 644      |
|    fps             | 2121     |
|    time_elapsed    | 596      |
|    total_timesteps | 1264480  |
| train/             |          |
|    actor_loss      | -1.39    |
|    critic_loss     | 0.00176  |
|    ent_coef        | 0.000247 |
|    ent_coef_loss   | -0.444   |
|    learning_rate   | 0.0003   |
|    n_updates       | 78967    |
---------------------------------
---------------------------------
| rollout/           |          |
|    ep_len_mean     | 1.33e+03 |
|    ep_rew_mean     | 851      |
| time/              |          |
|    episodes        | 648      |
|    fps             | 2121     |
|    time_elapsed    | 597      |
|    total_timesteps | 1267808  |
| train/             |          |
|    actor_loss      | -1.4     |
|    critic_loss     | 0.00345  |
|    ent_coef        | 0.00024  |
|    ent_coef_loss   | -4.84    |
|    learning_rate   | 0.0003   |
|    n_updates       | 79175    |
---------------------------------
---------------------------------
| rollout/           |          |
|    ep_len_mean     | 1.27e+03 |
|    ep_rew_mean     | 735      |
| time/              |          |
|    episodes        | 652      |
|    fps             | 2121     |
|    time_elapsed    | 597      |
|    total_timesteps | 1268064  |
| train/             |          |
|    actor_loss      | -1.38    |
|    critic_loss     | 0.0887   |
|    ent_coef        | 0.00024  |
|    ent_coef_loss   | -0.472   |
|    learning_rate   | 0.0003   |
|    n_updates       | 79191    |
---------------------------------
---------------------------------
| rollout/           |          |
|    ep_len_mean     | 1.28e+03 |
|    ep_rew_mean     | 761      |
| time/              |          |
|    episodes        | 656      |
|    fps             | 2121     |
|    time_elapsed    | 600      |
|    total_timesteps | 1274416  |
| train/             |          |
|    actor_loss      | -1.38    |
|    critic_loss     | 0.000141 |
|    ent_coef        | 0.000236 |
|    ent_coef_loss   | -1.95    |
|    learning_rate   | 0.0003   |
|    n_updates       | 79588    |
---------------------------------
---------------------------------
| rollout/           |          |
|    ep_len_mean     | 1.31e+03 |
|    ep_rew_mean     | 824      |
| time/              |          |
|    episodes        | 660      |
|    fps             | 2122     |
|    time_elapsed    | 603      |
|    total_timesteps | 1281520  |
| train/             |          |
|    actor_loss      | -1.28    |
|    critic_loss     | 0.00534  |
|    ent_coef        | 0.000239 |
|    ent_coef_loss   | 0.167    |
|    learning_rate   | 0.0003   |
|    n_updates       | 80032    |
---------------------------------
---------------------------------
| rollout/           |          |
|    ep_len_mean     | 1.35e+03 |
|    ep_rew_mean     | 885      |
| time/              |          |
|    episodes        | 664      |
|    fps             | 2122     |
|    time_elapsed    | 603      |
|    total_timesteps | 1281568  |
| train/             |          |
|    actor_loss      | -1.32    |
|    critic_loss     | 0.000692 |
|    ent_coef        | 0.000239 |
|    ent_coef_loss   | 1.1      |
|    learning_rate   | 0.0003   |
|    n_updates       | 80035    |
---------------------------------
---------------------------------
| rollout/           |          |
|    ep_len_mean     | 1.47e+03 |
|    ep_rew_mean     | 947      |
| time/              |          |
|    episodes        | 668      |
|    fps             | 2122     |
|    time_elapsed    | 611      |
|    total_timesteps | 1297824  |
| train/             |          |
|    actor_loss      | -1.33    |
|    critic_loss     | 0.00055  |
|    ent_coef        | 0.000246 |
|    ent_coef_loss   | 6.73     |
|    learning_rate   | 0.0003   |
|    n_updates       | 81051    |
---------------------------------
---------------------------------
| rollout/           |          |
|    ep_len_mean     | 1.35e+03 |
|    ep_rew_mean     | 951      |
| time/              |          |
|    episodes        | 672      |
|    fps             | 2122     |
|    time_elapsed    | 619      |
|    total_timesteps | 1314016  |
| train/             |          |
|    actor_loss      | -1.23    |
|    critic_loss     | 0.000325 |
|    ent_coef        | 0.000229 |
|    ent_coef_loss   | -0.264   |
|    learning_rate   | 0.0003   |
|    n_updates       | 82063    |
---------------------------------
---------------------------------
| rollout/           |          |
|    ep_len_mean     | 1.38e+03 |
|    ep_rew_mean     | 1.04e+03 |
| time/              |          |
|    episodes        | 676      |
|    fps             | 2122     |
|    time_elapsed    | 622      |
|    total_timesteps | 1322096  |
| train/             |          |
|    actor_loss      | -1.25    |
|    critic_loss     | 0.00134  |
|    ent_coef        | 0.000226 |
|    ent_coef_loss   | 4.14     |
|    learning_rate   | 0.0003   |
|    n_updates       | 82568    |
---------------------------------
---------------------------------
| rollout/           |          |
|    ep_len_mean     | 1.31e+03 |
|    ep_rew_mean     | 861      |
| time/              |          |
|    episodes        | 680      |
|    fps             | 2122     |
|    time_elapsed    | 622      |
|    total_timesteps | 1322432  |
| train/             |          |
|    actor_loss      | -1.27    |
|    critic_loss     | 0.00119  |
|    ent_coef        | 0.000227 |
|    ent_coef_loss   | -2.83    |
|    learning_rate   | 0.0003   |
|    n_updates       | 82589    |
---------------------------------
---------------------------------
| rollout/           |          |
|    ep_len_mean     | 1.26e+03 |
|    ep_rew_mean     | 793      |
| time/              |          |
|    episodes        | 684      |
|    fps             | 2122     |
|    time_elapsed    | 623      |
|    total_timesteps | 1323952  |
| train/             |          |
|    actor_loss      | -1.19    |
|    critic_loss     | 0.00633  |
|    ent_coef        | 0.000222 |
|    ent_coef_loss   | -0.0113  |
|    learning_rate   | 0.0003   |
|    n_updates       | 82684    |
---------------------------------
---------------------------------
| rollout/           |          |
|    ep_len_mean     | 1.21e+03 |
|    ep_rew_mean     | 778      |
| time/              |          |
|    episodes        | 688      |
|    fps             | 2123     |
|    time_elapsed    | 627      |
|    total_timesteps | 1332928  |
| train/             |          |
|    actor_loss      | -1.21    |
|    critic_loss     | 0.0094   |
|    ent_coef        | 0.000233 |
|    ent_coef_loss   | 2.08     |
|    learning_rate   | 0.0003   |
|    n_updates       | 83245    |
---------------------------------
---------------------------------
| rollout/           |          |
|    ep_len_mean     | 1.24e+03 |
|    ep_rew_mean     | 816      |
| time/              |          |
|    episodes        | 692      |
|    fps             | 2123     |
|    time_elapsed    | 631      |
|    total_timesteps | 1340608  |
| train/             |          |
|    actor_loss      | -1.17    |
|    critic_loss     | 0.00999  |
|    ent_coef        | 0.000249 |
|    ent_coef_loss   | 0.182    |
|    learning_rate   | 0.0003   |
|    n_updates       | 83725    |
---------------------------------
---------------------------------
| rollout/           |          |
|    ep_len_mean     | 1.34e+03 |
|    ep_rew_mean     | 992      |
| time/              |          |
|    episodes        | 696      |
|    fps             | 2123     |
|    time_elapsed    | 632      |
|    total_timesteps | 1341968  |
| train/             |          |
|    actor_loss      | -1.22    |
|    critic_loss     | 0.00119  |
|    ent_coef        | 0.000247 |
|    ent_coef_loss   | 8.51     |
|    learning_rate   | 0.0003   |
|    n_updates       | 83810    |
---------------------------------
---------------------------------
| rollout/           |          |
|    ep_len_mean     | 1.41e+03 |
|    ep_rew_mean     | 1.09e+03 |
| time/              |          |
|    episodes        | 700      |
|    fps             | 2123     |
|    time_elapsed    | 640      |
|    total_timesteps | 1361408  |
| train/             |          |
|    actor_loss      | -1.19    |
|    critic_loss     | 0.001    |
|    ent_coef        | 0.000235 |
|    ent_coef_loss   | -2.74    |
|    learning_rate   | 0.0003   |
|    n_updates       | 85025    |
---------------------------------
---------------------------------
| rollout/           |          |
|    ep_len_mean     | 1.38e+03 |
|    ep_rew_mean     | 1.03e+03 |
| time/              |          |
|    episodes        | 704      |
|    fps             | 2124     |
|    time_elapsed    | 646      |
|    total_timesteps | 1373408  |
| train/             |          |
|    actor_loss      | -1.16    |
|    critic_loss     | 0.000189 |
|    ent_coef        | 0.000228 |
|    ent_coef_loss   | -2.98    |
|    learning_rate   | 0.0003   |
|    n_updates       | 85775    |
---------------------------------
---------------------------------
| rollout/           |          |
|    ep_len_mean     | 1.38e+03 |
|    ep_rew_mean     | 1.02e+03 |
| time/              |          |
|    episodes        | 708      |
|    fps             | 2124     |
|    time_elapsed    | 648      |
|    total_timesteps | 1377600  |
| train/             |          |
|    actor_loss      | -1.16    |
|    critic_loss     | 0.00218  |
|    ent_coef        | 0.00023  |
|    ent_coef_loss   | -4.13    |
|    learning_rate   | 0.0003   |
|    n_updates       | 86037    |
---------------------------------
---------------------------------
| rollout/           |          |
|    ep_len_mean     | 1.37e+03 |
|    ep_rew_mean     | 981      |
| time/              |          |
|    episodes        | 712      |
|    fps             | 2124     |
|    time_elapsed    | 649      |
|    total_timesteps | 1379040  |
| train/             |          |
|    actor_loss      | -1.12    |
|    critic_loss     | 0.00102  |
|    ent_coef        | 0.00023  |
|    ent_coef_loss   | 3.37     |
|    learning_rate   | 0.0003   |
|    n_updates       | 86127    |
---------------------------------
---------------------------------
| rollout/           |          |
|    ep_len_mean     | 1.31e+03 |
|    ep_rew_mean     | 1.1e+03  |
| time/              |          |
|    episodes        | 716      |
|    fps             | 2124     |
|    time_elapsed    | 649      |
|    total_timesteps | 1380096  |
| train/             |          |
|    actor_loss      | -1.1     |
|    critic_loss     | 0.000306 |
|    ent_coef        | 0.000235 |
|    ent_coef_loss   | 10.6     |
|    learning_rate   | 0.0003   |
|    n_updates       | 86193    |
---------------------------------
---------------------------------
| rollout/           |          |
|    ep_len_mean     | 1.29e+03 |
|    ep_rew_mean     | 1.14e+03 |
| time/              |          |
|    episodes        | 720      |
|    fps             | 2124     |
|    time_elapsed    | 649      |
|    total_timesteps | 1380384  |
| train/             |          |
|    actor_loss      | -1.15    |
|    critic_loss     | 0.0777   |
|    ent_coef        | 0.000238 |
|    ent_coef_loss   | 2.77     |
|    learning_rate   | 0.0003   |
|    n_updates       | 86211    |
---------------------------------
---------------------------------
| rollout/           |          |
|    ep_len_mean     | 1.28e+03 |
|    ep_rew_mean     | 1.17e+03 |
| time/              |          |
|    episodes        | 724      |
|    fps             | 2124     |
|    time_elapsed    | 650      |
|    total_timesteps | 1381936  |
| train/             |          |
|    actor_loss      | -1.13    |
|    critic_loss     | 0.000258 |
|    ent_coef        | 0.000238 |
|    ent_coef_loss   | 3.59     |
|    learning_rate   | 0.0003   |
|    n_updates       | 86308    |
---------------------------------
---------------------------------
| rollout/           |          |
|    ep_len_mean     | 1.24e+03 |
|    ep_rew_mean     | 1.03e+03 |
| time/              |          |
|    episodes        | 728      |
|    fps             | 2124     |
|    time_elapsed    | 651      |
|    total_timesteps | 1383440  |
| train/             |          |
|    actor_loss      | -1.13    |
|    critic_loss     | 0.00911  |
|    ent_coef        | 0.000234 |
|    ent_coef_loss   | -8.34    |
|    learning_rate   | 0.0003   |
|    n_updates       | 86402    |
---------------------------------
---------------------------------
| rollout/           |          |
|    ep_len_mean     | 1.22e+03 |
|    ep_rew_mean     | 982      |
| time/              |          |
|    episodes        | 732      |
|    fps             | 2124     |
|    time_elapsed    | 652      |
|    total_timesteps | 1386816  |
| train/             |          |
|    actor_loss      | -1.14    |
|    critic_loss     | 0.000363 |
|    ent_coef        | 0.000226 |
|    ent_coef_loss   | -10.4    |
|    learning_rate   | 0.0003   |
|    n_updates       | 86613    |
---------------------------------
---------------------------------
| rollout/           |          |
|    ep_len_mean     | 1.23e+03 |
|    ep_rew_mean     | 1.02e+03 |
| time/              |          |
|    episodes        | 736      |
|    fps             | 2124     |
|    time_elapsed    | 657      |
|    total_timesteps | 1396288  |
| train/             |          |
|    actor_loss      | -1.06    |
|    critic_loss     | 0.000464 |
|    ent_coef        | 0.00021  |
|    ent_coef_loss   | 1.31     |
|    learning_rate   | 0.0003   |
|    n_updates       | 87205    |
---------------------------------
---------------------------------
| rollout/           |          |
|    ep_len_mean     | 1.38e+03 |
|    ep_rew_mean     | 1.05e+03 |
| time/              |          |
|    episodes        | 740      |
|    fps             | 2124     |
|    time_elapsed    | 660      |
|    total_timesteps | 1403264  |
| train/             |          |
|    actor_loss      | -1.11    |
|    critic_loss     | 0.000232 |
|    ent_coef        | 0.000217 |
|    ent_coef_loss   | 10.3     |
|    learning_rate   | 0.0003   |
|    n_updates       | 87641    |
---------------------------------
---------------------------------
| rollout/           |          |
|    ep_len_mean     | 1.4e+03  |
|    ep_rew_mean     | 1.02e+03 |
| time/              |          |
|    episodes        | 744      |
|    fps             | 2124     |
|    time_elapsed    | 661      |
|    total_timesteps | 1405184  |
| train/             |          |
|    actor_loss      | -1.07    |
|    critic_loss     | 0.000884 |
|    ent_coef        | 0.000217 |
|    ent_coef_loss   | -3.79    |
|    learning_rate   | 0.0003   |
|    n_updates       | 87761    |
---------------------------------
---------------------------------
| rollout/           |          |
|    ep_len_mean     | 1.49e+03 |
|    ep_rew_mean     | 1.17e+03 |
| time/              |          |
|    episodes        | 748      |
|    fps             | 2125     |
|    time_elapsed    | 675      |
|    total_timesteps | 1434656  |
| train/             |          |
|    actor_loss      | -1.05    |
|    critic_loss     | 0.00562  |
|    ent_coef        | 0.000193 |
|    ent_coef_loss   | 2.08     |
|    learning_rate   | 0.0003   |
|    n_updates       | 89603    |
---------------------------------
---------------------------------
| rollout/           |          |
|    ep_len_mean     | 1.59e+03 |
|    ep_rew_mean     | 1.32e+03 |
| time/              |          |
|    episodes        | 752      |
|    fps             | 2125     |
|    time_elapsed    | 681      |
|    total_timesteps | 1449472  |
| train/             |          |
|    actor_loss      | -1.03    |
|    critic_loss     | 0.000996 |
|    ent_coef        | 0.000207 |
|    ent_coef_loss   | -3.17    |
|    learning_rate   | 0.0003   |
|    n_updates       | 90529    |
---------------------------------
---------------------------------
| rollout/           |          |
|    ep_len_mean     | 1.72e+03 |
|    ep_rew_mean     | 1.5e+03  |
| time/              |          |
|    episodes        | 756      |
|    fps             | 2126     |
|    time_elapsed    | 686      |
|    total_timesteps | 1459616  |
| train/             |          |
|    actor_loss      | -1.04    |
|    critic_loss     | 0.00307  |
|    ent_coef        | 0.000207 |
|    ent_coef_loss   | -6.35    |
|    learning_rate   | 0.0003   |
|    n_updates       | 91163    |
---------------------------------
---------------------------------
| rollout/           |          |
|    ep_len_mean     | 1.85e+03 |
|    ep_rew_mean     | 1.7e+03  |
| time/              |          |
|    episodes        | 760      |
|    fps             | 2126     |
|    time_elapsed    | 690      |
|    total_timesteps | 1468288  |
| train/             |          |
|    actor_loss      | -1.03    |
|    critic_loss     | 0.0398   |
|    ent_coef        | 0.000196 |
|    ent_coef_loss   | 0.756    |
|    learning_rate   | 0.0003   |
|    n_updates       | 91705    |
---------------------------------
---------------------------------
| rollout/           |          |
|    ep_len_mean     | 1.9e+03  |
|    ep_rew_mean     | 1.75e+03 |
| time/              |          |
|    episodes        | 764      |
|    fps             | 2126     |
|    time_elapsed    | 693      |
|    total_timesteps | 1474544  |
| train/             |          |
|    actor_loss      | -0.98    |
|    critic_loss     | 0.000399 |
|    ent_coef        | 0.000202 |
|    ent_coef_loss   | 4.59     |
|    learning_rate   | 0.0003   |
|    n_updates       | 92096    |
---------------------------------
---------------------------------
| rollout/           |          |
|    ep_len_mean     | 1.77e+03 |
|    ep_rew_mean     | 1.62e+03 |
| time/              |          |
|    episodes        | 768      |
|    fps             | 2124     |
|    time_elapsed    | 696      |
|    total_timesteps | 1480224  |
| train/             |          |
|    actor_loss      | -0.973   |
|    critic_loss     | 0.000458 |
|    ent_coef        | 0.000196 |
|    ent_coef_loss   | -1.02    |
|    learning_rate   | 0.0003   |
|    n_updates       | 92451    |
---------------------------------
---------------------------------
| rollout/           |          |
|    ep_len_mean     | 1.75e+03 |
|    ep_rew_mean     | 1.6e+03  |
| time/              |          |
|    episodes        | 772      |
|    fps             | 2124     |
|    time_elapsed    | 698      |
|    total_timesteps | 1482832  |
| train/             |          |
|    actor_loss      | -1       |
|    critic_loss     | 0.00363  |
|    ent_coef        | 0.000193 |
|    ent_coef_loss   | -6.81    |
|    learning_rate   | 0.0003   |
|    n_updates       | 92614    |
---------------------------------
---------------------------------
| rollout/           |          |
|    ep_len_mean     | 1.75e+03 |
|    ep_rew_mean     | 1.57e+03 |
| time/              |          |
|    episodes        | 776      |
|    fps             | 2124     |
|    time_elapsed    | 700      |
|    total_timesteps | 1488640  |
| train/             |          |
|    actor_loss      | -0.983   |
|    critic_loss     | 0.000309 |
|    ent_coef        | 0.00019  |
|    ent_coef_loss   | 3.7      |
|    learning_rate   | 0.0003   |
|    n_updates       | 92977    |
---------------------------------
---------------------------------
| rollout/           |          |
|    ep_len_mean     | 1.79e+03 |
|    ep_rew_mean     | 1.64e+03 |
| time/              |          |
|    episodes        | 780      |
|    fps             | 2124     |
|    time_elapsed    | 704      |
|    total_timesteps | 1495904  |
| train/             |          |
|    actor_loss      | -0.925   |
|    critic_loss     | 0.00172  |
|    ent_coef        | 0.000192 |
|    ent_coef_loss   | -1.69    |
|    learning_rate   | 0.0003   |
|    n_updates       | 93431    |
---------------------------------
---------------------------------
| rollout/           |          |
|    ep_len_mean     | 1.84e+03 |
|    ep_rew_mean     | 1.69e+03 |
| time/              |          |
|    episodes        | 784      |
|    fps             | 2124     |
|    time_elapsed    | 710      |
|    total_timesteps | 1509968  |
| train/             |          |
|    actor_loss      | -0.945   |
|    critic_loss     | 0.152    |
|    ent_coef        | 0.000199 |
|    ent_coef_loss   | -1.56    |
|    learning_rate   | 0.0003   |
|    n_updates       | 94310    |
---------------------------------
---------------------------------
| rollout/           |          |
|    ep_len_mean     | 1.94e+03 |
|    ep_rew_mean     | 1.77e+03 |
| time/              |          |
|    episodes        | 788      |
|    fps             | 2124     |
|    time_elapsed    | 718      |
|    total_timesteps | 1526224  |
| train/             |          |
|    actor_loss      | -0.943   |
|    critic_loss     | 0.0208   |
|    ent_coef        | 0.000202 |
|    ent_coef_loss   | 1.19     |
|    learning_rate   | 0.0003   |
|    n_updates       | 95326    |
---------------------------------
---------------------------------
| rollout/           |          |
|    ep_len_mean     | 1.87e+03 |
|    ep_rew_mean     | 1.67e+03 |
| time/              |          |
|    episodes        | 792      |
|    fps             | 2124     |
|    time_elapsed    | 719      |
|    total_timesteps | 1528416  |
| train/             |          |
|    actor_loss      | -0.934   |
|    critic_loss     | 0.00109  |
|    ent_coef        | 0.0002   |
|    ent_coef_loss   | -4.31    |
|    learning_rate   | 0.0003   |
|    n_updates       | 95463    |
---------------------------------
---------------------------------
| rollout/           |          |
|    ep_len_mean     | 1.86e+03 |
|    ep_rew_mean     | 1.61e+03 |
| time/              |          |
|    episodes        | 796      |
|    fps             | 2125     |
|    time_elapsed    | 724      |
|    total_timesteps | 1539440  |
| train/             |          |
|    actor_loss      | -0.988   |
|    critic_loss     | 0.000748 |
|    ent_coef        | 0.000212 |
|    ent_coef_loss   | -7.01    |
|    learning_rate   | 0.0003   |
|    n_updates       | 96152    |
---------------------------------
---------------------------------
| rollout/           |          |
|    ep_len_mean     | 1.84e+03 |
|    ep_rew_mean     | 1.57e+03 |
| time/              |          |
|    episodes        | 800      |
|    fps             | 2125     |
|    time_elapsed    | 730      |
|    total_timesteps | 1552928  |
| train/             |          |
|    actor_loss      | -0.876   |
|    critic_loss     | 0.000554 |
|    ent_coef        | 0.000212 |
|    ent_coef_loss   | -1.36    |
|    learning_rate   | 0.0003   |
|    n_updates       | 96995    |
---------------------------------
---------------------------------
| rollout/           |          |
|    ep_len_mean     | 1.84e+03 |
|    ep_rew_mean     | 1.58e+03 |
| time/              |          |
|    episodes        | 804      |
|    fps             | 2125     |
|    time_elapsed    | 730      |
|    total_timesteps | 1553040  |
| train/             |          |
|    actor_loss      | -0.903   |
|    critic_loss     | 0.000273 |
|    ent_coef        | 0.000212 |
|    ent_coef_loss   | -1.91    |
|    learning_rate   | 0.0003   |
|    n_updates       | 97002    |
---------------------------------
---------------------------------
| rollout/           |          |
|    ep_len_mean     | 1.85e+03 |
|    ep_rew_mean     | 1.57e+03 |
| time/              |          |
|    episodes        | 808      |
|    fps             | 2125     |
|    time_elapsed    | 731      |
|    total_timesteps | 1555808  |
| train/             |          |
|    actor_loss      | -0.913   |
|    critic_loss     | 0.000324 |
|    ent_coef        | 0.000212 |
|    ent_coef_loss   | 4.1      |
|    learning_rate   | 0.0003   |
|    n_updates       | 97175    |
---------------------------------
---------------------------------
| rollout/           |          |
|    ep_len_mean     | 1.86e+03 |
|    ep_rew_mean     | 1.54e+03 |
| time/              |          |
|    episodes        | 812      |
|    fps             | 2125     |
|    time_elapsed    | 732      |
|    total_timesteps | 1557936  |
| train/             |          |
|    actor_loss      | -0.892   |
|    critic_loss     | 0.000321 |
|    ent_coef        | 0.000214 |
|    ent_coef_loss   | 2.22     |
|    learning_rate   | 0.0003   |
|    n_updates       | 97308    |
---------------------------------
---------------------------------
| rollout/           |          |
|    ep_len_mean     | 1.89e+03 |
|    ep_rew_mean     | 1.35e+03 |
| time/              |          |
|    episodes        | 816      |
|    fps             | 2125     |
|    time_elapsed    | 734      |
|    total_timesteps | 1561136  |
| train/             |          |
|    actor_loss      | -0.904   |
|    critic_loss     | 0.00175  |
|    ent_coef        | 0.000216 |
|    ent_coef_loss   | -2.63    |
|    learning_rate   | 0.0003   |
|    n_updates       | 97508    |
---------------------------------
---------------------------------
| rollout/           |          |
|    ep_len_mean     | 1.84e+03 |
|    ep_rew_mean     | 1.28e+03 |
| time/              |          |
|    episodes        | 820      |
|    fps             | 2125     |
|    time_elapsed    | 735      |
|    total_timesteps | 1564256  |
| train/             |          |
|    actor_loss      | -0.896   |
|    critic_loss     | 0.00125  |
|    ent_coef        | 0.000214 |
|    ent_coef_loss   | 3.42     |
|    learning_rate   | 0.0003   |
|    n_updates       | 97703    |
---------------------------------
---------------------------------
| rollout/           |          |
|    ep_len_mean     | 1.84e+03 |
|    ep_rew_mean     | 1.27e+03 |
| time/              |          |
|    episodes        | 824      |
|    fps             | 2125     |
|    time_elapsed    | 741      |
|    total_timesteps | 1575232  |
| train/             |          |
|    actor_loss      | -0.91    |
|    critic_loss     | 0.00382  |
|    ent_coef        | 0.000226 |
|    ent_coef_loss   | -3.74    |
|    learning_rate   | 0.0003   |
|    n_updates       | 98389    |
---------------------------------
---------------------------------
| rollout/           |          |
|    ep_len_mean     | 1.87e+03 |
|    ep_rew_mean     | 1.36e+03 |
| time/              |          |
|    episodes        | 828      |
|    fps             | 2125     |
|    time_elapsed    | 741      |
|    total_timesteps | 1577088  |
| train/             |          |
|    actor_loss      | -0.894   |
|    critic_loss     | 0.0285   |
|    ent_coef        | 0.000222 |
|    ent_coef_loss   | 3.63     |
|    learning_rate   | 0.0003   |
|    n_updates       | 98505    |
---------------------------------
---------------------------------
| rollout/           |          |
|    ep_len_mean     | 1.96e+03 |
|    ep_rew_mean     | 1.41e+03 |
| time/              |          |
|    episodes        | 832      |
|    fps             | 2126     |
|    time_elapsed    | 744      |
|    total_timesteps | 1583808  |
| train/             |          |
|    actor_loss      | -0.869   |
|    critic_loss     | 0.000472 |
|    ent_coef        | 0.00023  |
|    ent_coef_loss   | -1.55    |
|    learning_rate   | 0.0003   |
|    n_updates       | 98925    |
---------------------------------
---------------------------------
| rollout/           |          |
|    ep_len_mean     | 2.04e+03 |
|    ep_rew_mean     | 1.41e+03 |
| time/              |          |
|    episodes        | 836      |
|    fps             | 2126     |
|    time_elapsed    | 748      |
|    total_timesteps | 1592240  |
| train/             |          |
|    actor_loss      | -0.831   |
|    critic_loss     | 0.000732 |
|    ent_coef        | 0.000237 |
|    ent_coef_loss   | 2.95     |
|    learning_rate   | 0.0003   |
|    n_updates       | 99452    |
---------------------------------
---------------------------------
| rollout/           |          |
|    ep_len_mean     | 1.9e+03  |
|    ep_rew_mean     | 1.42e+03 |
| time/              |          |
|    episodes        | 840      |
|    fps             | 2126     |
|    time_elapsed    | 754      |
|    total_timesteps | 1603856  |
| train/             |          |
|    actor_loss      | -0.883   |
|    critic_loss     | 0.204    |
|    ent_coef        | 0.000219 |
|    ent_coef_loss   | -0.411   |
|    learning_rate   | 0.0003   |
|    n_updates       | 100178   |
---------------------------------
---------------------------------
| rollout/           |          |
|    ep_len_mean     | 1.89e+03 |
|    ep_rew_mean     | 1.46e+03 |
| time/              |          |
|    episodes        | 844      |
|    fps             | 2126     |
|    time_elapsed    | 755      |
|    total_timesteps | 1606480  |
| train/             |          |
|    actor_loss      | -0.899   |
|    critic_loss     | 0.0003   |
|    ent_coef        | 0.000212 |
|    ent_coef_loss   | -5.54    |
|    learning_rate   | 0.0003   |
|    n_updates       | 100342   |
---------------------------------
---------------------------------
| rollout/           |          |
|    ep_len_mean     | 1.81e+03 |
|    ep_rew_mean     | 1.31e+03 |
| time/              |          |
|    episodes        | 848      |
|    fps             | 2126     |
|    time_elapsed    | 757      |
|    total_timesteps | 1610720  |
| train/             |          |
|    actor_loss      | -0.872   |
|    critic_loss     | 0.000942 |
|    ent_coef        | 0.000216 |
|    ent_coef_loss   | 0.133    |
|    learning_rate   | 0.0003   |
|    n_updates       | 100607   |
---------------------------------
---------------------------------
| rollout/           |          |
|    ep_len_mean     | 1.71e+03 |
|    ep_rew_mean     | 1.15e+03 |
| time/              |          |
|    episodes        | 852      |
|    fps             | 2126     |
|    time_elapsed    | 759      |
|    total_timesteps | 1615552  |
| train/             |          |
|    actor_loss      | -0.857   |
|    critic_loss     | 0.000536 |
|    ent_coef        | 0.00021  |
|    ent_coef_loss   | 6.72     |
|    learning_rate   | 0.0003   |
|    n_updates       | 100909   |
---------------------------------
---------------------------------
| rollout/           |          |
|    ep_len_mean     | 1.59e+03 |
|    ep_rew_mean     | 987      |
| time/              |          |
|    episodes        | 856      |
|    fps             | 2126     |
|    time_elapsed    | 759      |
|    total_timesteps | 1616160  |
| train/             |          |
|    actor_loss      | -0.889   |
|    critic_loss     | 0.000641 |
|    ent_coef        | 0.000212 |
|    ent_coef_loss   | -2.66    |
|    learning_rate   | 0.0003   |
|    n_updates       | 100947   |
---------------------------------
---------------------------------
| rollout/           |          |
|    ep_len_mean     | 1.45e+03 |
|    ep_rew_mean     | 786      |
| time/              |          |
|    episodes        | 860      |
|    fps             | 2127     |
|    time_elapsed    | 761      |
|    total_timesteps | 1620512  |
| train/             |          |
|    actor_loss      | -0.93    |
|    critic_loss     | 0.000331 |
|    ent_coef        | 0.000209 |
|    ent_coef_loss   | 0.952    |
|    learning_rate   | 0.0003   |
|    n_updates       | 101219   |
---------------------------------
---------------------------------
| rollout/           |          |
|    ep_len_mean     | 1.46e+03 |
|    ep_rew_mean     | 647      |
| time/              |          |
|    episodes        | 864      |
|    fps             | 2127     |
|    time_elapsed    | 762      |
|    total_timesteps | 1621280  |
| train/             |          |
|    actor_loss      | -0.874   |
|    critic_loss     | 0.000644 |
|    ent_coef        | 0.000213 |
|    ent_coef_loss   | 18       |
|    learning_rate   | 0.0003   |
|    n_updates       | 101267   |
---------------------------------
---------------------------------
| rollout/           |          |
|    ep_len_mean     | 1.45e+03 |
|    ep_rew_mean     | 668      |
| time/              |          |
|    episodes        | 868      |
|    fps             | 2127     |
|    time_elapsed    | 763      |
|    total_timesteps | 1625104  |
| train/             |          |
|    actor_loss      | -0.869   |
|    critic_loss     | 0.000216 |
|    ent_coef        | 0.000214 |
|    ent_coef_loss   | 0.591    |
|    learning_rate   | 0.0003   |
|    n_updates       | 101506   |
---------------------------------
---------------------------------
| rollout/           |          |
|    ep_len_mean     | 1.41e+03 |
|    ep_rew_mean     | 664      |
| time/              |          |
|    episodes        | 872      |
|    fps             | 2127     |
|    time_elapsed    | 765      |
|    total_timesteps | 1628096  |
| train/             |          |
|    actor_loss      | -0.866   |
|    critic_loss     | 0.00234  |
|    ent_coef        | 0.000207 |
|    ent_coef_loss   | -2.31    |
|    learning_rate   | 0.0003   |
|    n_updates       | 101693   |
---------------------------------
---------------------------------
| rollout/           |          |
|    ep_len_mean     | 1.36e+03 |
|    ep_rew_mean     | 616      |
| time/              |          |
|    episodes        | 876      |
|    fps             | 2127     |
|    time_elapsed    | 765      |
|    total_timesteps | 1628704  |
| train/             |          |
|    actor_loss      | -0.833   |
|    critic_loss     | 0.000384 |
|    ent_coef        | 0.000207 |
|    ent_coef_loss   | 0.222    |
|    learning_rate   | 0.0003   |
|    n_updates       | 101731   |
---------------------------------
---------------------------------
| rollout/           |          |
|    ep_len_mean     | 1.34e+03 |
|    ep_rew_mean     | 604      |
| time/              |          |
|    episodes        | 880      |
|    fps             | 2127     |
|    time_elapsed    | 767      |
|    total_timesteps | 1633568  |
| train/             |          |
|    actor_loss      | -0.84    |
|    critic_loss     | 0.00132  |
|    ent_coef        | 0.000198 |
|    ent_coef_loss   | 1.73     |
|    learning_rate   | 0.0003   |
|    n_updates       | 102035   |
---------------------------------
---------------------------------
| rollout/           |          |
|    ep_len_mean     | 1.34e+03 |
|    ep_rew_mean     | 648      |
| time/              |          |
|    episodes        | 884      |
|    fps             | 2127     |
|    time_elapsed    | 770      |
|    total_timesteps | 1638912  |
| train/             |          |
|    actor_loss      | -0.869   |
|    critic_loss     | 0.00031  |
|    ent_coef        | 0.000204 |
|    ent_coef_loss   | 3.98     |
|    learning_rate   | 0.0003   |
|    n_updates       | 102369   |
---------------------------------
---------------------------------
| rollout/           |          |
|    ep_len_mean     | 1.36e+03 |
|    ep_rew_mean     | 788      |
| time/              |          |
|    episodes        | 888      |
|    fps             | 2127     |
|    time_elapsed    | 770      |
|    total_timesteps | 1639824  |
| train/             |          |
|    actor_loss      | -0.862   |
|    critic_loss     | 0.000674 |
|    ent_coef        | 0.000207 |
|    ent_coef_loss   | 7.21     |
|    learning_rate   | 0.0003   |
|    n_updates       | 102426   |
---------------------------------
---------------------------------
| rollout/           |          |
|    ep_len_mean     | 1.34e+03 |
|    ep_rew_mean     | 753      |
| time/              |          |
|    episodes        | 892      |
|    fps             | 2127     |
|    time_elapsed    | 774      |
|    total_timesteps | 1647232  |
| train/             |          |
|    actor_loss      | -0.831   |
|    critic_loss     | 0.00112  |
|    ent_coef        | 0.000219 |
|    ent_coef_loss   | 0.974    |
|    learning_rate   | 0.0003   |
|    n_updates       | 102889   |
---------------------------------
---------------------------------
| rollout/           |          |
|    ep_len_mean     | 1.26e+03 |
|    ep_rew_mean     | 708      |
| time/              |          |
|    episodes        | 896      |
|    fps             | 2128     |
|    time_elapsed    | 780      |
|    total_timesteps | 1660880  |
| train/             |          |
|    actor_loss      | -0.865   |
|    critic_loss     | 0.00207  |
|    ent_coef        | 0.000204 |
|    ent_coef_loss   | -3.11    |
|    learning_rate   | 0.0003   |
|    n_updates       | 103742   |
---------------------------------
---------------------------------
| rollout/           |          |
|    ep_len_mean     | 1.26e+03 |
|    ep_rew_mean     | 729      |
| time/              |          |
|    episodes        | 900      |
|    fps             | 2127     |
|    time_elapsed    | 780      |
|    total_timesteps | 1660976  |
| train/             |          |
|    actor_loss      | -0.832   |
|    critic_loss     | 0.00041  |
|    ent_coef        | 0.000204 |
|    ent_coef_loss   | -0.694   |
|    learning_rate   | 0.0003   |
|    n_updates       | 103748   |
---------------------------------
---------------------------------
| rollout/           |          |
|    ep_len_mean     | 1.27e+03 |
|    ep_rew_mean     | 778      |
| time/              |          |
|    episodes        | 904      |
|    fps             | 2127     |
|    time_elapsed    | 780      |
|    total_timesteps | 1661072  |
| train/             |          |
|    actor_loss      | -0.832   |
|    critic_loss     | 0.000198 |
|    ent_coef        | 0.000204 |
|    ent_coef_loss   | 0.769    |
|    learning_rate   | 0.0003   |
|    n_updates       | 103754   |
---------------------------------
---------------------------------
| rollout/           |          |
|    ep_len_mean     | 1.26e+03 |
|    ep_rew_mean     | 768      |
| time/              |          |
|    episodes        | 908      |
|    fps             | 2128     |
|    time_elapsed    | 784      |
|    total_timesteps | 1670640  |
| train/             |          |
|    actor_loss      | -0.826   |
|    critic_loss     | 0.202    |
|    ent_coef        | 0.000209 |
|    ent_coef_loss   | -1.97    |
|    learning_rate   | 0.0003   |
|    n_updates       | 104352   |
---------------------------------
---------------------------------
| rollout/           |          |
|    ep_len_mean     | 1.27e+03 |
|    ep_rew_mean     | 806      |
| time/              |          |
|    episodes        | 912      |
|    fps             | 2128     |
|    time_elapsed    | 785      |
|    total_timesteps | 1671760  |
| train/             |          |
|    actor_loss      | -0.878   |
|    critic_loss     | 0.00212  |
|    ent_coef        | 0.00021  |
|    ent_coef_loss   | -1.24    |
|    learning_rate   | 0.0003   |
|    n_updates       | 104422   |
---------------------------------
---------------------------------
| rollout/           |          |
|    ep_len_mean     | 1.18e+03 |
|    ep_rew_mean     | 846      |
| time/              |          |
|    episodes        | 916      |
|    fps             | 2128     |
|    time_elapsed    | 785      |
|    total_timesteps | 1672608  |
| train/             |          |
|    actor_loss      | -0.892   |
|    critic_loss     | 0.000167 |
|    ent_coef        | 0.000208 |
|    ent_coef_loss   | -4.19    |
|    learning_rate   | 0.0003   |
|    n_updates       | 104475   |
---------------------------------
---------------------------------
| rollout/           |          |
|    ep_len_mean     | 1.19e+03 |
|    ep_rew_mean     | 867      |
| time/              |          |
|    episodes        | 920      |
|    fps             | 2128     |
|    time_elapsed    | 787      |
|    total_timesteps | 1676448  |
| train/             |          |
|    actor_loss      | -0.83    |
|    critic_loss     | 0.00119  |
|    ent_coef        | 0.00021  |
|    ent_coef_loss   | 1.14     |
|    learning_rate   | 0.0003   |
|    n_updates       | 104715   |
---------------------------------
---------------------------------
| rollout/           |          |
|    ep_len_mean     | 1.17e+03 |
|    ep_rew_mean     | 832      |
| time/              |          |
|    episodes        | 924      |
|    fps             | 2128     |
|    time_elapsed    | 788      |
|    total_timesteps | 1677984  |
| train/             |          |
|    actor_loss      | -0.781   |
|    critic_loss     | 0.00475  |
|    ent_coef        | 0.000213 |
|    ent_coef_loss   | 12.8     |
|    learning_rate   | 0.0003   |
|    n_updates       | 104811   |
---------------------------------
---------------------------------
| rollout/           |          |
|    ep_len_mean     | 1.16e+03 |
|    ep_rew_mean     | 816      |
| time/              |          |
|    episodes        | 928      |
|    fps             | 2128     |
|    time_elapsed    | 791      |
|    total_timesteps | 1683536  |
| train/             |          |
|    actor_loss      | -0.863   |
|    critic_loss     | 0.00133  |
|    ent_coef        | 0.000222 |
|    ent_coef_loss   | 3.41     |
|    learning_rate   | 0.0003   |
|    n_updates       | 105158   |
---------------------------------
---------------------------------
| rollout/           |          |
|    ep_len_mean     | 1.07e+03 |
|    ep_rew_mean     | 789      |
| time/              |          |
|    episodes        | 932      |
|    fps             | 2128     |
|    time_elapsed    | 791      |
|    total_timesteps | 1683696  |
| train/             |          |
|    actor_loss      | -0.828   |
|    critic_loss     | 0.000568 |
|    ent_coef        | 0.000222 |
|    ent_coef_loss   | 2.18     |
|    learning_rate   | 0.0003   |
|    n_updates       | 105168   |
---------------------------------
---------------------------------
| rollout/           |          |
|    ep_len_mean     | 989      |
|    ep_rew_mean     | 779      |
| time/              |          |
|    episodes        | 936      |
|    fps             | 2128     |
|    time_elapsed    | 791      |
|    total_timesteps | 1685168  |
| train/             |          |
|    actor_loss      | -0.816   |
|    critic_loss     | 0.000259 |
|    ent_coef        | 0.00022  |
|    ent_coef_loss   | 1.24     |
|    learning_rate   | 0.0003   |
|    n_updates       | 105260   |
---------------------------------
---------------------------------
| rollout/           |          |
|    ep_len_mean     | 954      |
|    ep_rew_mean     | 739      |
| time/              |          |
|    episodes        | 940      |
|    fps             | 2125     |
|    time_elapsed    | 794      |
|    total_timesteps | 1689232  |
| train/             |          |
|    actor_loss      | -0.81    |
|    critic_loss     | 0.000715 |
|    ent_coef        | 0.000225 |
|    ent_coef_loss   | -4.84    |
|    learning_rate   | 0.0003   |
|    n_updates       | 105514   |
---------------------------------
---------------------------------
| rollout/           |          |
|    ep_len_mean     | 931      |
|    ep_rew_mean     | 701      |
| time/              |          |
|    episodes        | 944      |
|    fps             | 2125     |
|    time_elapsed    | 794      |
|    total_timesteps | 1689312  |
| train/             |          |
|    actor_loss      | -0.829   |
|    critic_loss     | 0.000564 |
|    ent_coef        | 0.000225 |
|    ent_coef_loss   | -3.16    |
|    learning_rate   | 0.0003   |
|    n_updates       | 105519   |
---------------------------------
---------------------------------
| rollout/           |          |
|    ep_len_mean     | 902      |
|    ep_rew_mean     | 690      |
| time/              |          |
|    episodes        | 948      |
|    fps             | 2125     |
|    time_elapsed    | 794      |
|    total_timesteps | 1689904  |
| train/             |          |
|    actor_loss      | -0.783   |
|    critic_loss     | 0.0653   |
|    ent_coef        | 0.000223 |
|    ent_coef_loss   | -2.21    |
|    learning_rate   | 0.0003   |
|    n_updates       | 105556   |
---------------------------------
---------------------------------
| rollout/           |          |
|    ep_len_mean     | 917      |
|    ep_rew_mean     | 710      |
| time/              |          |
|    episodes        | 952      |
|    fps             | 2125     |
|    time_elapsed    | 797      |
|    total_timesteps | 1695136  |
| train/             |          |
|    actor_loss      | -0.852   |
|    critic_loss     | 0.00113  |
|    ent_coef        | 0.000219 |
|    ent_coef_loss   | -0.26    |
|    learning_rate   | 0.0003   |
|    n_updates       | 105883   |
---------------------------------
---------------------------------
| rollout/           |          |
|    ep_len_mean     | 914      |
|    ep_rew_mean     | 701      |
| time/              |          |
|    episodes        | 956      |
|    fps             | 2125     |
|    time_elapsed    | 797      |
|    total_timesteps | 1695168  |
| train/             |          |
|    actor_loss      | -0.856   |
|    critic_loss     | 0.00108  |
|    ent_coef        | 0.000219 |
|    ent_coef_loss   | 2.37     |
|    learning_rate   | 0.0003   |
|    n_updates       | 105885   |
---------------------------------
---------------------------------
| rollout/           |          |
|    ep_len_mean     | 899      |
|    ep_rew_mean     | 692      |
| time/              |          |
|    episodes        | 960      |
|    fps             | 2125     |
|    time_elapsed    | 797      |
|    total_timesteps | 1695280  |
| train/             |          |
|    actor_loss      | -0.824   |
|    critic_loss     | 0.000429 |
|    ent_coef        | 0.000219 |
|    ent_coef_loss   | 3.52     |
|    learning_rate   | 0.0003   |
|    n_updates       | 105892   |
---------------------------------
---------------------------------
| rollout/           |          |
|    ep_len_mean     | 814      |
|    ep_rew_mean     | 761      |
| time/              |          |
|    episodes        | 964      |
|    fps             | 2125     |
|    time_elapsed    | 799      |
|    total_timesteps | 1699824  |
| train/             |          |
|    actor_loss      | -0.827   |
|    critic_loss     | 0.000904 |
|    ent_coef        | 0.000219 |
|    ent_coef_loss   | 3.6      |
|    learning_rate   | 0.0003   |
|    n_updates       | 106176   |
---------------------------------
---------------------------------
| rollout/           |          |
|    ep_len_mean     | 814      |
|    ep_rew_mean     | 768      |
| time/              |          |
|    episodes        | 968      |
|    fps             | 2125     |
|    time_elapsed    | 799      |
|    total_timesteps | 1699856  |
| train/             |          |
|    actor_loss      | -0.836   |
|    critic_loss     | 0.000937 |
|    ent_coef        | 0.000219 |
|    ent_coef_loss   | 1.55     |
|    learning_rate   | 0.0003   |
|    n_updates       | 106178   |
---------------------------------
---------------------------------
| rollout/           |          |
|    ep_len_mean     | 810      |
|    ep_rew_mean     | 763      |
| time/              |          |
|    episodes        | 972      |
|    fps             | 2125     |
|    time_elapsed    | 799      |
|    total_timesteps | 1699904  |
| train/             |          |
|    actor_loss      | -0.84    |
|    critic_loss     | 0.000711 |
|    ent_coef        | 0.000219 |
|    ent_coef_loss   | -2.21    |
|    learning_rate   | 0.0003   |
|    n_updates       | 106181   |
---------------------------------
---------------------------------
| rollout/           |          |
|    ep_len_mean     | 814      |
|    ep_rew_mean     | 772      |
| time/              |          |
|    episodes        | 976      |
|    fps             | 2125     |
|    time_elapsed    | 801      |
|    total_timesteps | 1704960  |
| train/             |          |
|    actor_loss      | -0.819   |
|    critic_loss     | 0.00043  |
|    ent_coef        | 0.000218 |
|    ent_coef_loss   | -1.03    |
|    learning_rate   | 0.0003   |
|    n_updates       | 106497   |
---------------------------------
---------------------------------
| rollout/           |          |
|    ep_len_mean     | 702      |
|    ep_rew_mean     | 601      |
| time/              |          |
|    episodes        | 980      |
|    fps             | 2125     |
|    time_elapsed    | 802      |
|    total_timesteps | 1704992  |
| train/             |          |
|    actor_loss      | -0.805   |
|    critic_loss     | 0.00324  |
|    ent_coef        | 0.000218 |
|    ent_coef_loss   | 1.32     |
|    learning_rate   | 0.0003   |
|    n_updates       | 106499   |
---------------------------------
---------------------------------
| rollout/           |          |
|    ep_len_mean     | 652      |
|    ep_rew_mean     | 535      |
| time/              |          |
|    episodes        | 984      |
|    fps             | 2125     |
|    time_elapsed    | 802      |
|    total_timesteps | 1705104  |
| train/             |          |
|    actor_loss      | -0.768   |
|    critic_loss     | 0.000566 |
|    ent_coef        | 0.000218 |
|    ent_coef_loss   | 2.57     |
|    learning_rate   | 0.0003   |
|    n_updates       | 106506   |
---------------------------------
---------------------------------
| rollout/           |          |
|    ep_len_mean     | 575      |
|    ep_rew_mean     | 401      |
| time/              |          |
|    episodes        | 988      |
|    fps             | 2126     |
|    time_elapsed    | 804      |
|    total_timesteps | 1709728  |
| train/             |          |
|    actor_loss      | -0.827   |
|    critic_loss     | 0.000577 |
|    ent_coef        | 0.000212 |
|    ent_coef_loss   | -0.757   |
|    learning_rate   | 0.0003   |
|    n_updates       | 106795   |
---------------------------------
---------------------------------
| rollout/           |          |
|    ep_len_mean     | 565      |
|    ep_rew_mean     | 439      |
| time/              |          |
|    episodes        | 992      |
|    fps             | 2126     |
|    time_elapsed    | 804      |
|    total_timesteps | 1709856  |
| train/             |          |
|    actor_loss      | -0.844   |
|    critic_loss     | 0.000688 |
|    ent_coef        | 0.000212 |
|    ent_coef_loss   | -1.28    |
|    learning_rate   | 0.0003   |
|    n_updates       | 106803   |
---------------------------------
---------------------------------
| rollout/           |          |
|    ep_len_mean     | 522      |
|    ep_rew_mean     | 372      |
| time/              |          |
|    episodes        | 996      |
|    fps             | 2126     |
|    time_elapsed    | 804      |
|    total_timesteps | 1709968  |
| train/             |          |
|    actor_loss      | -0.819   |
|    critic_loss     | 0.00607  |
|    ent_coef        | 0.000212 |
|    ent_coef_loss   | 3.52     |
|    learning_rate   | 0.0003   |
|    n_updates       | 106810   |
---------------------------------
---------------------------------
| rollout/           |          |
|    ep_len_mean     | 580      |
|    ep_rew_mean     | 359      |
| time/              |          |
|    episodes        | 1000     |
|    fps             | 2126     |
|    time_elapsed    | 807      |
|    total_timesteps | 1716368  |
| train/             |          |
|    actor_loss      | -0.837   |
|    critic_loss     | 0.00379  |
|    ent_coef        | 0.000218 |
|    ent_coef_loss   | 9.32     |
|    learning_rate   | 0.0003   |
|    n_updates       | 107210   |
---------------------------------
---------------------------------
| rollout/           |          |
|    ep_len_mean     | 610      |
|    ep_rew_mean     | 339      |
| time/              |          |
|    episodes        | 1004     |
|    fps             | 2126     |
|    time_elapsed    | 810      |
|    total_timesteps | 1723888  |
| train/             |          |
|    actor_loss      | -0.783   |
|    critic_loss     | 0.00236  |
|    ent_coef        | 0.000217 |
|    ent_coef_loss   | 1.2      |
|    learning_rate   | 0.0003   |
|    n_updates       | 107680   |
---------------------------------
---------------------------------
| rollout/           |          |
|    ep_len_mean     | 613      |
|    ep_rew_mean     | 355      |
| time/              |          |
|    episodes        | 1008     |
|    fps             | 2126     |
|    time_elapsed    | 814      |
|    total_timesteps | 1730896  |
| train/             |          |
|    actor_loss      | -0.821   |
|    critic_loss     | 0.00274  |
|    ent_coef        | 0.000212 |
|    ent_coef_loss   | -0.652   |
|    learning_rate   | 0.0003   |
|    n_updates       | 108118   |
---------------------------------
---------------------------------
| rollout/           |          |
|    ep_len_mean     | 632      |
|    ep_rew_mean     | 374      |
| time/              |          |
|    episodes        | 1012     |
|    fps             | 2126     |
|    time_elapsed    | 815      |
|    total_timesteps | 1733152  |
| train/             |          |
|    actor_loss      | -0.804   |
|    critic_loss     | 0.000236 |
|    ent_coef        | 0.000213 |
|    ent_coef_loss   | -4.32    |
|    learning_rate   | 0.0003   |
|    n_updates       | 108259   |
---------------------------------
---------------------------------
| rollout/           |          |
|    ep_len_mean     | 636      |
|    ep_rew_mean     | 412      |
| time/              |          |
|    episodes        | 1016     |
|    fps             | 2126     |
|    time_elapsed    | 827      |
|    total_timesteps | 1759888  |
| train/             |          |
|    actor_loss      | -0.828   |
|    critic_loss     | 0.000299 |
|    ent_coef        | 0.000214 |
|    ent_coef_loss   | 7.99     |
|    learning_rate   | 0.0003   |
|    n_updates       | 109930   |
---------------------------------
---------------------------------
| rollout/           |          |
|    ep_len_mean     | 663      |
|    ep_rew_mean     | 454      |
| time/              |          |
|    episodes        | 1020     |
|    fps             | 2127     |
|    time_elapsed    | 836      |
|    total_timesteps | 1780224  |
| train/             |          |
|    actor_loss      | -0.789   |
|    critic_loss     | 0.000731 |
|    ent_coef        | 0.000229 |
|    ent_coef_loss   | -4.7     |
|    learning_rate   | 0.0003   |
|    n_updates       | 111201   |
---------------------------------
---------------------------------
| rollout/           |          |
|    ep_len_mean     | 788      |
|    ep_rew_mean     | 672      |
| time/              |          |
|    episodes        | 1024     |
|    fps             | 2127     |
|    time_elapsed    | 838      |
|    total_timesteps | 1784000  |
| train/             |          |
|    actor_loss      | -0.797   |
|    critic_loss     | 0.000335 |
|    ent_coef        | 0.000225 |
|    ent_coef_loss   | 10.2     |
|    learning_rate   | 0.0003   |
|    n_updates       | 111437   |
---------------------------------
---------------------------------
| rollout/           |          |
|    ep_len_mean     | 866      |
|    ep_rew_mean     | 792      |
| time/              |          |
|    episodes        | 1028     |
|    fps             | 2127     |
|    time_elapsed    | 842      |
|    total_timesteps | 1791440  |
| train/             |          |
|    actor_loss      | -0.712   |
|    critic_loss     | 0.00651  |
|    ent_coef        | 0.00023  |
|    ent_coef_loss   | 3.29     |
|    learning_rate   | 0.0003   |
|    n_updates       | 111902   |
---------------------------------
---------------------------------
| rollout/           |          |
|    ep_len_mean     | 873      |
|    ep_rew_mean     | 711      |
| time/              |          |
|    episodes        | 1032     |
|    fps             | 2127     |
|    time_elapsed    | 843      |
|    total_timesteps | 1793904  |
| train/             |          |
|    actor_loss      | -0.784   |
|    critic_loss     | 0.000136 |
|    ent_coef        | 0.000234 |
|    ent_coef_loss   | 1.43     |
|    learning_rate   | 0.0003   |
|    n_updates       | 112056   |
---------------------------------
---------------------------------
| rollout/           |          |
|    ep_len_mean     | 982      |
|    ep_rew_mean     | 824      |
| time/              |          |
|    episodes        | 1036     |
|    fps             | 2127     |
|    time_elapsed    | 844      |
|    total_timesteps | 1796528  |
| train/             |          |
|    actor_loss      | -0.767   |
|    critic_loss     | 0.00123  |
|    ent_coef        | 0.000227 |
|    ent_coef_loss   | -1.78    |
|    learning_rate   | 0.0003   |
|    n_updates       | 112220   |
---------------------------------
---------------------------------
| rollout/           |          |
|    ep_len_mean     | 1.18e+03 |
|    ep_rew_mean     | 976      |
| time/              |          |
|    episodes        | 1040     |
|    fps             | 2127     |
|    time_elapsed    | 844      |
|    total_timesteps | 1796976  |
| train/             |          |
|    actor_loss      | -0.753   |
|    critic_loss     | 0.000337 |
|    ent_coef        | 0.000227 |
|    ent_coef_loss   | 4.88     |
|    learning_rate   | 0.0003   |
|    n_updates       | 112248   |
---------------------------------
---------------------------------
| rollout/           |          |
|    ep_len_mean     | 1.25e+03 |
|    ep_rew_mean     | 986      |
| time/              |          |
|    episodes        | 1044     |
|    fps             | 2127     |
|    time_elapsed    | 846      |
|    total_timesteps | 1801120  |
| train/             |          |
|    actor_loss      | -0.794   |
|    critic_loss     | 0.000255 |
|    ent_coef        | 0.000222 |
|    ent_coef_loss   | -2.45    |
|    learning_rate   | 0.0003   |
|    n_updates       | 112507   |
---------------------------------
---------------------------------
| rollout/           |          |
|    ep_len_mean     | 1.3e+03  |
|    ep_rew_mean     | 1.05e+03 |
| time/              |          |
|    episodes        | 1048     |
|    fps             | 2128     |
|    time_elapsed    | 860      |
|    total_timesteps | 1830704  |
| train/             |          |
|    actor_loss      | -0.776   |
|    critic_loss     | 0.0221   |
|    ent_coef        | 0.000221 |
|    ent_coef_loss   | 4.45     |
|    learning_rate   | 0.0003   |
|    n_updates       | 114356   |
---------------------------------
---------------------------------
| rollout/           |          |
|    ep_len_mean     | 1.35e+03 |
|    ep_rew_mean     | 1.14e+03 |
| time/              |          |
|    episodes        | 1052     |
|    fps             | 2128     |
|    time_elapsed    | 866      |
|    total_timesteps | 1844000  |
| train/             |          |
|    actor_loss      | -0.714   |
|    critic_loss     | 0.437    |
|    ent_coef        | 0.000242 |
|    ent_coef_loss   | 4.7      |
|    learning_rate   | 0.0003   |
|    n_updates       | 115187   |
---------------------------------
---------------------------------
| rollout/           |          |
|    ep_len_mean     | 1.43e+03 |
|    ep_rew_mean     | 1.23e+03 |
| time/              |          |
|    episodes        | 1056     |
|    fps             | 2128     |
|    time_elapsed    | 866      |
|    total_timesteps | 1844192  |
| train/             |          |
|    actor_loss      | -0.718   |
|    critic_loss     | 0.00349  |
|    ent_coef        | 0.000243 |
|    ent_coef_loss   | 2.06     |
|    learning_rate   | 0.0003   |
|    n_updates       | 115199   |
---------------------------------
---------------------------------
| rollout/           |          |
|    ep_len_mean     | 1.55e+03 |
|    ep_rew_mean     | 1.41e+03 |
| time/              |          |
|    episodes        | 1060     |
|    fps             | 2128     |
|    time_elapsed    | 867      |
|    total_timesteps | 1847024  |
| train/             |          |
|    actor_loss      | -0.777   |
|    critic_loss     | 0.00752  |
|    ent_coef        | 0.000251 |
|    ent_coef_loss   | 2.94     |
|    learning_rate   | 0.0003   |
|    n_updates       | 115376   |
---------------------------------
---------------------------------
| rollout/           |          |
|    ep_len_mean     | 1.6e+03  |
|    ep_rew_mean     | 1.43e+03 |
| time/              |          |
|    episodes        | 1064     |
|    fps             | 2128     |
|    time_elapsed    | 872      |
|    total_timesteps | 1857120  |
| train/             |          |
|    actor_loss      | -0.752   |
|    critic_loss     | 0.000181 |
|    ent_coef        | 0.000243 |
|    ent_coef_loss   | -3.97    |
|    learning_rate   | 0.0003   |
|    n_updates       | 116007   |
---------------------------------
---------------------------------
| rollout/           |          |
|    ep_len_mean     | 1.61e+03 |
|    ep_rew_mean     | 1.44e+03 |
| time/              |          |
|    episodes        | 1068     |
|    fps             | 2128     |
|    time_elapsed    | 876      |
|    total_timesteps | 1866400  |
| train/             |          |
|    actor_loss      | -0.8     |
|    critic_loss     | 0.00055  |
|    ent_coef        | 0.000246 |
|    ent_coef_loss   | -1.1     |
|    learning_rate   | 0.0003   |
|    n_updates       | 116587   |
---------------------------------
---------------------------------
| rollout/           |          |
|    ep_len_mean     | 1.65e+03 |
|    ep_rew_mean     | 1.43e+03 |
| time/              |          |
|    episodes        | 1072     |
|    fps             | 2128     |
|    time_elapsed    | 877      |
|    total_timesteps | 1867856  |
| train/             |          |
|    actor_loss      | -0.786   |
|    critic_loss     | 0.000247 |
|    ent_coef        | 0.000239 |
|    ent_coef_loss   | -3.38    |
|    learning_rate   | 0.0003   |
|    n_updates       | 116678   |
---------------------------------
---------------------------------
| rollout/           |          |
|    ep_len_mean     | 1.69e+03 |
|    ep_rew_mean     | 1.47e+03 |
| time/              |          |
|    episodes        | 1076     |
|    fps             | 2128     |
|    time_elapsed    | 883      |
|    total_timesteps | 1880176  |
| train/             |          |
|    actor_loss      | -0.729   |
|    critic_loss     | 0.000698 |
|    ent_coef        | 0.000217 |
|    ent_coef_loss   | -1.32    |
|    learning_rate   | 0.0003   |
|    n_updates       | 117448   |
---------------------------------
---------------------------------
| rollout/           |          |
|    ep_len_mean     | 1.75e+03 |
|    ep_rew_mean     | 1.55e+03 |
| time/              |          |
|    episodes        | 1080     |
|    fps             | 2128     |
|    time_elapsed    | 883      |
|    total_timesteps | 1880448  |
| train/             |          |
|    actor_loss      | -0.756   |
|    critic_loss     | 0.000298 |
|    ent_coef        | 0.000217 |
|    ent_coef_loss   | 1.7      |
|    learning_rate   | 0.0003   |
|    n_updates       | 117465   |
---------------------------------
---------------------------------
| rollout/           |          |
|    ep_len_mean     | 1.8e+03  |
|    ep_rew_mean     | 1.6e+03  |
| time/              |          |
|    episodes        | 1084     |
|    fps             | 2128     |
|    time_elapsed    | 884      |
|    total_timesteps | 1883552  |
| train/             |          |
|    actor_loss      | -0.77    |
|    critic_loss     | 0.000667 |
|    ent_coef        | 0.000212 |
|    ent_coef_loss   | -1.48    |
|    learning_rate   | 0.0003   |
|    n_updates       | 117659   |
---------------------------------
---------------------------------
| rollout/           |          |
|    ep_len_mean     | 1.87e+03 |
|    ep_rew_mean     | 1.59e+03 |
| time/              |          |
|    episodes        | 1088     |
|    fps             | 2129     |
|    time_elapsed    | 890      |
|    total_timesteps | 1895056  |
| train/             |          |
|    actor_loss      | -0.777   |
|    critic_loss     | 0.000695 |
|    ent_coef        | 0.000222 |
|    ent_coef_loss   | -1.81    |
|    learning_rate   | 0.0003   |
|    n_updates       | 118378   |
---------------------------------
---------------------------------
| rollout/           |          |
|    ep_len_mean     | 1.9e+03  |
|    ep_rew_mean     | 1.61e+03 |
| time/              |          |
|    episodes        | 1092     |
|    fps             | 2129     |
|    time_elapsed    | 891      |
|    total_timesteps | 1897952  |
| train/             |          |
|    actor_loss      | -0.75    |
|    critic_loss     | 0.00213  |
|    ent_coef        | 0.000229 |
|    ent_coef_loss   | 2.82     |
|    learning_rate   | 0.0003   |
|    n_updates       | 118559   |
---------------------------------
---------------------------------
| rollout/           |          |
|    ep_len_mean     | 1.96e+03 |
|    ep_rew_mean     | 1.67e+03 |
| time/              |          |
|    episodes        | 1096     |
|    fps             | 2129     |
|    time_elapsed    | 891      |
|    total_timesteps | 1898384  |
| train/             |          |
|    actor_loss      | -0.755   |
|    critic_loss     | 0.016    |
|    ent_coef        | 0.000229 |
|    ent_coef_loss   | 0.154    |
|    learning_rate   | 0.0003   |
|    n_updates       | 118586   |
---------------------------------
---------------------------------
| rollout/           |          |
|    ep_len_mean     | 1.95e+03 |
|    ep_rew_mean     | 1.73e+03 |
| time/              |          |
|    episodes        | 1100     |
|    fps             | 2129     |
|    time_elapsed    | 892      |
|    total_timesteps | 1899904  |
| train/             |          |
|    actor_loss      | -0.764   |
|    critic_loss     | 0.00557  |
|    ent_coef        | 0.000224 |
|    ent_coef_loss   | -1.42    |
|    learning_rate   | 0.0003   |
|    n_updates       | 118681   |
---------------------------------
---------------------------------
| rollout/           |          |
|    ep_len_mean     | 1.91e+03 |
|    ep_rew_mean     | 1.68e+03 |
| time/              |          |
|    episodes        | 1104     |
|    fps             | 2129     |
|    time_elapsed    | 903      |
|    total_timesteps | 1923024  |
| train/             |          |
|    actor_loss      | -0.768   |
|    critic_loss     | 0.00427  |
|    ent_coef        | 0.000234 |
|    ent_coef_loss   | 2.56     |
|    learning_rate   | 0.0003   |
|    n_updates       | 120126   |
---------------------------------
---------------------------------
| rollout/           |          |
|    ep_len_mean     | 1.94e+03 |
|    ep_rew_mean     | 1.68e+03 |
| time/              |          |
|    episodes        | 1108     |
|    fps             | 2129     |
|    time_elapsed    | 903      |
|    total_timesteps | 1923328  |
| train/             |          |
|    actor_loss      | -0.748   |
|    critic_loss     | 0.00282  |
|    ent_coef        | 0.000235 |
|    ent_coef_loss   | 5.48     |
|    learning_rate   | 0.0003   |
|    n_updates       | 120145   |
---------------------------------
---------------------------------
| rollout/           |          |
|    ep_len_mean     | 1.96e+03 |
|    ep_rew_mean     | 1.73e+03 |
| time/              |          |
|    episodes        | 1112     |
|    fps             | 2129     |
|    time_elapsed    | 903      |
|    total_timesteps | 1924464  |
| train/             |          |
|    actor_loss      | -0.757   |
|    critic_loss     | 0.00191  |
|    ent_coef        | 0.000236 |
|    ent_coef_loss   | -1.43    |
|    learning_rate   | 0.0003   |
|    n_updates       | 120216   |
---------------------------------
---------------------------------
| rollout/           |          |
|    ep_len_mean     | 2.03e+03 |
|    ep_rew_mean     | 1.78e+03 |
| time/              |          |
|    episodes        | 1116     |
|    fps             | 2129     |
|    time_elapsed    | 923      |
|    total_timesteps | 1966944  |
| train/             |          |
|    actor_loss      | -0.696   |
|    critic_loss     | 0.0119   |
|    ent_coef        | 0.000215 |
|    ent_coef_loss   | -0.724   |
|    learning_rate   | 0.0003   |
|    n_updates       | 122871   |
---------------------------------
---------------------------------
| rollout/           |          |
|    ep_len_mean     | 2.09e+03 |
|    ep_rew_mean     | 1.81e+03 |
| time/              |          |
|    episodes        | 1120     |
|    fps             | 2129     |
|    time_elapsed    | 924      |
|    total_timesteps | 1968448  |
| train/             |          |
|    actor_loss      | -0.703   |
|    critic_loss     | 0.126    |
|    ent_coef        | 0.000212 |
|    ent_coef_loss   | 1.17     |
|    learning_rate   | 0.0003   |
|    n_updates       | 122965   |
---------------------------------
---------------------------------
| rollout/           |          |
|    ep_len_mean     | 1.97e+03 |
|    ep_rew_mean     | 1.55e+03 |
| time/              |          |
|    episodes        | 1124     |
|    fps             | 2129     |
|    time_elapsed    | 927      |
|    total_timesteps | 1975024  |
| train/             |          |
|    actor_loss      | -0.773   |
|    critic_loss     | 0.000178 |
|    ent_coef        | 0.000219 |
|    ent_coef_loss   | 4.89     |
|    learning_rate   | 0.0003   |
|    n_updates       | 123376   |
---------------------------------
---------------------------------
| rollout/           |          |
|    ep_len_mean     | 2.01e+03 |
|    ep_rew_mean     | 1.47e+03 |
| time/              |          |
|    episodes        | 1128     |
|    fps             | 2129     |
|    time_elapsed    | 934      |
|    total_timesteps | 1990224  |
| train/             |          |
|    actor_loss      | -0.727   |
|    critic_loss     | 0.000506 |
|    ent_coef        | 0.000223 |
|    ent_coef_loss   | 2.11     |
|    learning_rate   | 0.0003   |
|    n_updates       | 124326   |
---------------------------------
---------------------------------
| rollout/           |          |
|    ep_len_mean     | 2.15e+03 |
|    ep_rew_mean     | 1.61e+03 |
| time/              |          |
|    episodes        | 1132     |
|    fps             | 2129     |
|    time_elapsed    | 934      |
|    total_timesteps | 1990336  |
| train/             |          |
|    actor_loss      | -0.712   |
|    critic_loss     | 0.364    |
|    ent_coef        | 0.000223 |
|    ent_coef_loss   | 2.6      |
|    learning_rate   | 0.0003   |
|    n_updates       | 124333   |
---------------------------------
---------------------------------
| rollout/           |          |
|    ep_len_mean     | 2.19e+03 |
|    ep_rew_mean     | 1.54e+03 |
| time/              |          |
|    episodes        | 1136     |
|    fps             | 2129     |
|    time_elapsed    | 934      |
|    total_timesteps | 1990496  |
| train/             |          |
|    actor_loss      | -0.739   |
|    critic_loss     | 0.000674 |
|    ent_coef        | 0.000223 |
|    ent_coef_loss   | 0.65     |
|    learning_rate   | 0.0003   |
|    n_updates       | 124343   |
---------------------------------
---------------------------------
| rollout/           |          |
|    ep_len_mean     | 2.06e+03 |
|    ep_rew_mean     | 1.45e+03 |
| time/              |          |
|    episodes        | 1140     |
|    fps             | 2130     |
|    time_elapsed    | 957      |
|    total_timesteps | 2040640  |
| train/             |          |
|    actor_loss      | -0.729   |
|    critic_loss     | 0.000213 |
|    ent_coef        | 0.000221 |
|    ent_coef_loss   | 0.345    |
|    learning_rate   | 0.0003   |
|    n_updates       | 127477   |
---------------------------------
---------------------------------
| rollout/           |          |
|    ep_len_mean     | 2.13e+03 |
|    ep_rew_mean     | 1.59e+03 |
| time/              |          |
|    episodes        | 1144     |
|    fps             | 2130     |
|    time_elapsed    | 961      |
|    total_timesteps | 2049216  |
| train/             |          |
|    actor_loss      | -0.672   |
|    critic_loss     | 0.00155  |
|    ent_coef        | 0.000224 |
|    ent_coef_loss   | 5.1      |
|    learning_rate   | 0.0003   |
|    n_updates       | 128013   |
---------------------------------
---------------------------------
| rollout/           |          |
|    ep_len_mean     | 2.21e+03 |
|    ep_rew_mean     | 1.66e+03 |
| time/              |          |
|    episodes        | 1148     |
|    fps             | 2130     |
|    time_elapsed    | 963      |
|    total_timesteps | 2051872  |
| train/             |          |
|    actor_loss      | -0.702   |
|    critic_loss     | 0.000562 |
|    ent_coef        | 0.000221 |
|    ent_coef_loss   | -2.06    |
|    learning_rate   | 0.0003   |
|    n_updates       | 128179   |
---------------------------------
---------------------------------
| rollout/           |          |
|    ep_len_mean     | 2.27e+03 |
|    ep_rew_mean     | 1.69e+03 |
| time/              |          |
|    episodes        | 1152     |
|    fps             | 2130     |
|    time_elapsed    | 972      |
|    total_timesteps | 2071680  |
| train/             |          |
|    actor_loss      | -0.719   |
|    critic_loss     | 0.00916  |
|    ent_coef        | 0.000222 |
|    ent_coef_loss   | -2.28    |
|    learning_rate   | 0.0003   |
|    n_updates       | 129417   |
---------------------------------
---------------------------------
| rollout/           |          |
|    ep_len_mean     | 2.35e+03 |
|    ep_rew_mean     | 1.6e+03  |
| time/              |          |
|    episodes        | 1156     |
|    fps             | 2130     |
|    time_elapsed    | 975      |
|    total_timesteps | 2078144  |
| train/             |          |
|    actor_loss      | -0.703   |
|    critic_loss     | 0.00103  |
|    ent_coef        | 0.00021  |
|    ent_coef_loss   | 2.48     |
|    learning_rate   | 0.0003   |
|    n_updates       | 129821   |
---------------------------------
---------------------------------
| rollout/           |          |
|    ep_len_mean     | 2.29e+03 |
|    ep_rew_mean     | 1.41e+03 |
| time/              |          |
|    episodes        | 1160     |
|    fps             | 2130     |
|    time_elapsed    | 975      |
|    total_timesteps | 2078736  |
| train/             |          |
|    actor_loss      | -0.718   |
|    critic_loss     | 0.000584 |
|    ent_coef        | 0.000212 |
|    ent_coef_loss   | 3.69     |
|    learning_rate   | 0.0003   |
|    n_updates       | 129858   |
---------------------------------
---------------------------------
| rollout/           |          |
|    ep_len_mean     | 2.3e+03  |
|    ep_rew_mean     | 1.38e+03 |
| time/              |          |
|    episodes        | 1164     |
|    fps             | 2130     |
|    time_elapsed    | 977      |
|    total_timesteps | 2081856  |
| train/             |          |
|    actor_loss      | -0.675   |
|    critic_loss     | 0.000144 |
|    ent_coef        | 0.00021  |
|    ent_coef_loss   | 0.536    |
|    learning_rate   | 0.0003   |
|    n_updates       | 130053   |
---------------------------------
---------------------------------
| rollout/           |          |
|    ep_len_mean     | 2.32e+03 |
|    ep_rew_mean     | 1.38e+03 |
| time/              |          |
|    episodes        | 1168     |
|    fps             | 2130     |
|    time_elapsed    | 980      |
|    total_timesteps | 2088128  |
| train/             |          |
|    actor_loss      | -0.698   |
|    critic_loss     | 0.00754  |
|    ent_coef        | 0.000199 |
|    ent_coef_loss   | 0.863    |
|    learning_rate   | 0.0003   |
|    n_updates       | 130445   |
---------------------------------
---------------------------------
| rollout/           |          |
|    ep_len_mean     | 2.29e+03 |
|    ep_rew_mean     | 1.35e+03 |
| time/              |          |
|    episodes        | 1172     |
|    fps             | 2130     |
|    time_elapsed    | 980      |
|    total_timesteps | 2088400  |
| train/             |          |
|    actor_loss      | -0.755   |
|    critic_loss     | 0.000574 |
|    ent_coef        | 0.000199 |
|    ent_coef_loss   | -1.48    |
|    learning_rate   | 0.0003   |
|    n_updates       | 130462   |
---------------------------------
---------------------------------
| rollout/           |          |
|    ep_len_mean     | 2.29e+03 |
|    ep_rew_mean     | 1.33e+03 |
| time/              |          |
|    episodes        | 1176     |
|    fps             | 2130     |
|    time_elapsed    | 982      |
|    total_timesteps | 2093040  |
| train/             |          |
|    actor_loss      | -0.697   |
|    critic_loss     | 0.00228  |
|    ent_coef        | 0.000199 |
|    ent_coef_loss   | -1.2     |
|    learning_rate   | 0.0003   |
|    n_updates       | 130752   |
---------------------------------
---------------------------------
| rollout/           |          |
|    ep_len_mean     | 2.28e+03 |
|    ep_rew_mean     | 1.27e+03 |
| time/              |          |
|    episodes        | 1180     |
|    fps             | 2130     |
|    time_elapsed    | 988      |
|    total_timesteps | 2105008  |
| train/             |          |
|    actor_loss      | -0.722   |
|    critic_loss     | 0.000655 |
|    ent_coef        | 0.000213 |
|    ent_coef_loss   | -0.432   |
|    learning_rate   | 0.0003   |
|    n_updates       | 131500   |
---------------------------------
---------------------------------
| rollout/           |          |
|    ep_len_mean     | 2.27e+03 |
|    ep_rew_mean     | 1.24e+03 |
| time/              |          |
|    episodes        | 1184     |
|    fps             | 2130     |
|    time_elapsed    | 989      |
|    total_timesteps | 2108384  |
| train/             |          |
|    actor_loss      | -0.688   |
|    critic_loss     | 0.00637  |
|    ent_coef        | 0.000226 |
|    ent_coef_loss   | -5.47    |
|    learning_rate   | 0.0003   |
|    n_updates       | 131711   |
---------------------------------
---------------------------------
| rollout/           |          |
|    ep_len_mean     | 2.24e+03 |
|    ep_rew_mean     | 1.29e+03 |
| time/              |          |
|    episodes        | 1188     |
|    fps             | 2130     |
|    time_elapsed    | 989      |
|    total_timesteps | 2108544  |
| train/             |          |
|    actor_loss      | -0.678   |
|    critic_loss     | 0.00115  |
|    ent_coef        | 0.000225 |
|    ent_coef_loss   | -3.18    |
|    learning_rate   | 0.0003   |
|    n_updates       | 131721   |
---------------------------------
---------------------------------
| rollout/           |          |
|    ep_len_mean     | 2.24e+03 |
|    ep_rew_mean     | 1.3e+03  |
| time/              |          |
|    episodes        | 1192     |
|    fps             | 2130     |
|    time_elapsed    | 995      |
|    total_timesteps | 2121104  |
| train/             |          |
|    actor_loss      | -0.689   |
|    critic_loss     | 0.000503 |
|    ent_coef        | 0.000206 |
|    ent_coef_loss   | -0.51    |
|    learning_rate   | 0.0003   |
|    n_updates       | 132506   |
---------------------------------
---------------------------------
| rollout/           |          |
|    ep_len_mean     | 2.22e+03 |
|    ep_rew_mean     | 1.29e+03 |
| time/              |          |
|    episodes        | 1196     |
|    fps             | 2129     |
|    time_elapsed    | 1000     |
|    total_timesteps | 2130240  |
| train/             |          |
|    actor_loss      | -0.694   |
|    critic_loss     | 0.00557  |
|    ent_coef        | 0.000201 |
|    ent_coef_loss   | -0.58    |
|    learning_rate   | 0.0003   |
|    n_updates       | 133077   |
---------------------------------
---------------------------------
| rollout/           |          |
|    ep_len_mean     | 2.19e+03 |
|    ep_rew_mean     | 1.22e+03 |
| time/              |          |
|    episodes        | 1200     |
|    fps             | 2129     |
|    time_elapsed    | 1000     |
|    total_timesteps | 2130720  |
| train/             |          |
|    actor_loss      | -0.7     |
|    critic_loss     | 0.00196  |
|    ent_coef        | 0.0002   |
|    ent_coef_loss   | 0.212    |
|    learning_rate   | 0.0003   |
|    n_updates       | 133107   |
---------------------------------
---------------------------------
| rollout/           |          |
|    ep_len_mean     | 2.18e+03 |
|    ep_rew_mean     | 1.24e+03 |
| time/              |          |
|    episodes        | 1204     |
|    fps             | 2129     |
|    time_elapsed    | 1007     |
|    total_timesteps | 2145200  |
| train/             |          |
|    actor_loss      | -0.747   |
|    critic_loss     | 0.000495 |
|    ent_coef        | 0.000208 |
|    ent_coef_loss   | -1.35    |
|    learning_rate   | 0.0003   |
|    n_updates       | 134012   |
---------------------------------
---------------------------------
| rollout/           |          |
|    ep_len_mean     | 2.16e+03 |
|    ep_rew_mean     | 1.24e+03 |
| time/              |          |
|    episodes        | 1208     |
|    fps             | 2129     |
|    time_elapsed    | 1007     |
|    total_timesteps | 2145872  |
| train/             |          |
|    actor_loss      | -0.647   |
|    critic_loss     | 0.114    |
|    ent_coef        | 0.000206 |
|    ent_coef_loss   | -5.25    |
|    learning_rate   | 0.0003   |
|    n_updates       | 134054   |
---------------------------------
---------------------------------
| rollout/           |          |
|    ep_len_mean     | 2.13e+03 |
|    ep_rew_mean     | 1.18e+03 |
| time/              |          |
|    episodes        | 1212     |
|    fps             | 2129     |
|    time_elapsed    | 1008     |
|    total_timesteps | 2147568  |
| train/             |          |
|    actor_loss      | -0.662   |
|    critic_loss     | 0.236    |
|    ent_coef        | 0.000212 |
|    ent_coef_loss   | 4.53     |
|    learning_rate   | 0.0003   |
|    n_updates       | 134160   |
---------------------------------
---------------------------------
| rollout/           |          |
|    ep_len_mean     | 2.13e+03 |
|    ep_rew_mean     | 1.24e+03 |
| time/              |          |
|    episodes        | 1216     |
|    fps             | 2129     |
|    time_elapsed    | 1016     |
|    total_timesteps | 2164640  |
| train/             |          |
|    actor_loss      | -0.687   |
|    critic_loss     | 0.00107  |
|    ent_coef        | 0.000207 |
|    ent_coef_loss   | -0.67    |
|    learning_rate   | 0.0003   |
|    n_updates       | 135227   |
---------------------------------
---------------------------------
| rollout/           |          |
|    ep_len_mean     | 2.09e+03 |
|    ep_rew_mean     | 1.2e+03  |
| time/              |          |
|    episodes        | 1220     |
|    fps             | 2129     |
|    time_elapsed    | 1016     |
|    total_timesteps | 2164896  |
| train/             |          |
|    actor_loss      | -0.656   |
|    critic_loss     | 0.00171  |
|    ent_coef        | 0.000207 |
|    ent_coef_loss   | 3.23     |
|    learning_rate   | 0.0003   |
|    n_updates       | 135243   |
---------------------------------
---------------------------------
| rollout/           |          |
|    ep_len_mean     | 2.15e+03 |
|    ep_rew_mean     | 1.32e+03 |
| time/              |          |
|    episodes        | 1224     |
|    fps             | 2129     |
|    time_elapsed    | 1016     |
|    total_timesteps | 2165088  |
| train/             |          |
|    actor_loss      | -0.744   |
|    critic_loss     | 0.0395   |
|    ent_coef        | 0.000207 |
|    ent_coef_loss   | 5.1      |
|    learning_rate   | 0.0003   |
|    n_updates       | 135255   |
---------------------------------
---------------------------------
| rollout/           |          |
|    ep_len_mean     | 2.1e+03  |
|    ep_rew_mean     | 1.32e+03 |
| time/              |          |
|    episodes        | 1228     |
|    fps             | 2129     |
|    time_elapsed    | 1019     |
|    total_timesteps | 2170192  |
| train/             |          |
|    actor_loss      | -0.663   |
|    critic_loss     | 0.000562 |
|    ent_coef        | 0.000219 |
|    ent_coef_loss   | 0.562    |
|    learning_rate   | 0.0003   |
|    n_updates       | 135574   |
---------------------------------
---------------------------------
| rollout/           |          |
|    ep_len_mean     | 1.91e+03 |
|    ep_rew_mean     | 1.23e+03 |
| time/              |          |
|    episodes        | 1232     |
|    fps             | 2129     |
|    time_elapsed    | 1020     |
|    total_timesteps | 2173408  |
| train/             |          |
|    actor_loss      | -0.683   |
|    critic_loss     | 0.00148  |
|    ent_coef        | 0.000218 |
|    ent_coef_loss   | -3.72    |
|    learning_rate   | 0.0003   |
|    n_updates       | 135775   |
---------------------------------
---------------------------------
| rollout/           |          |
|    ep_len_mean     | 1.8e+03  |
|    ep_rew_mean     | 1.19e+03 |
| time/              |          |
|    episodes        | 1236     |
|    fps             | 2129     |
|    time_elapsed    | 1020     |
|    total_timesteps | 2173440  |
| train/             |          |
|    actor_loss      | -0.683   |
|    critic_loss     | 0.0183   |
|    ent_coef        | 0.000218 |
|    ent_coef_loss   | -1.25    |
|    learning_rate   | 0.0003   |
|    n_updates       | 135777   |
---------------------------------
---------------------------------
| rollout/           |          |
|    ep_len_mean     | 1.74e+03 |
|    ep_rew_mean     | 1.1e+03  |
| time/              |          |
|    episodes        | 1240     |
|    fps             | 2129     |
|    time_elapsed    | 1024     |
|    total_timesteps | 2182416  |
| train/             |          |
|    actor_loss      | -0.718   |
|    critic_loss     | 0.000208 |
|    ent_coef        | 0.000212 |
|    ent_coef_loss   | -1.05    |
|    learning_rate   | 0.0003   |
|    n_updates       | 136338   |
---------------------------------
---------------------------------
| rollout/           |          |
|    ep_len_mean     | 1.65e+03 |
|    ep_rew_mean     | 991      |
| time/              |          |
|    episodes        | 1244     |
|    fps             | 2129     |
|    time_elapsed    | 1031     |
|    total_timesteps | 2195648  |
| train/             |          |
|    actor_loss      | -0.703   |
|    critic_loss     | 0.00648  |
|    ent_coef        | 0.000217 |
|    ent_coef_loss   | 0.373    |
|    learning_rate   | 0.0003   |
|    n_updates       | 137165   |
---------------------------------
---------------------------------
| rollout/           |          |
|    ep_len_mean     | 1.56e+03 |
|    ep_rew_mean     | 917      |
| time/              |          |
|    episodes        | 1248     |
|    fps             | 2129     |
|    time_elapsed    | 1036     |
|    total_timesteps | 2207856  |
| train/             |          |
|    actor_loss      | -0.683   |
|    critic_loss     | 0.284    |
|    ent_coef        | 0.000215 |
|    ent_coef_loss   | -0.107   |
|    learning_rate   | 0.0003   |
|    n_updates       | 137928   |
---------------------------------
---------------------------------
| rollout/           |          |
|    ep_len_mean     | 1.46e+03 |
|    ep_rew_mean     | 848      |
| time/              |          |
|    episodes        | 1252     |
|    fps             | 2130     |
|    time_elapsed    | 1040     |
|    total_timesteps | 2216832  |
| train/             |          |
|    actor_loss      | -0.693   |
|    critic_loss     | 0.00106  |
|    ent_coef        | 0.000217 |
|    ent_coef_loss   | 7.96     |
|    learning_rate   | 0.0003   |
|    n_updates       | 138489   |
---------------------------------
---------------------------------
| rollout/           |          |
|    ep_len_mean     | 1.33e+03 |
|    ep_rew_mean     | 898      |
| time/              |          |
|    episodes        | 1256     |
|    fps             | 2130     |
|    time_elapsed    | 1041     |
|    total_timesteps | 2217808  |
| train/             |          |
|    actor_loss      | -0.699   |
|    critic_loss     | 0.0207   |
|    ent_coef        | 0.000221 |
|    ent_coef_loss   | 1.35     |
|    learning_rate   | 0.0003   |
|    n_updates       | 138550   |
---------------------------------
---------------------------------
| rollout/           |          |
|    ep_len_mean     | 1.54e+03 |
|    ep_rew_mean     | 838      |
| time/              |          |
|    episodes        | 1260     |
|    fps             | 2130     |
|    time_elapsed    | 1068     |
|    total_timesteps | 2275952  |
| train/             |          |
|    actor_loss      | -0.72    |
|    critic_loss     | 0.000139 |
|    ent_coef        | 0.00021  |
|    ent_coef_loss   | -1.06    |
|    learning_rate   | 0.0003   |
|    n_updates       | 142184   |
---------------------------------
---------------------------------
| rollout/           |          |
|    ep_len_mean     | 1.73e+03 |
|    ep_rew_mean     | 926      |
| time/              |          |
|    episodes        | 1264     |
|    fps             | 2130     |
|    time_elapsed    | 1076     |
|    total_timesteps | 2294816  |
| train/             |          |
|    actor_loss      | -0.686   |
|    critic_loss     | 0.000282 |
|    ent_coef        | 0.000211 |
|    ent_coef_loss   | 1.31     |
|    learning_rate   | 0.0003   |
|    n_updates       | 143363   |
---------------------------------
---------------------------------
| rollout/           |          |
|    ep_len_mean     | 1.78e+03 |
|    ep_rew_mean     | 979      |
| time/              |          |
|    episodes        | 1268     |
|    fps             | 2130     |
|    time_elapsed    | 1078     |
|    total_timesteps | 2298080  |
| train/             |          |
|    actor_loss      | -0.675   |
|    critic_loss     | 0.000144 |
|    ent_coef        | 0.000213 |
|    ent_coef_loss   | -0.0123  |
|    learning_rate   | 0.0003   |
|    n_updates       | 143567   |
---------------------------------
---------------------------------
| rollout/           |          |
|    ep_len_mean     | 1.89e+03 |
|    ep_rew_mean     | 953      |
| time/              |          |
|    episodes        | 1272     |
|    fps             | 2130     |
|    time_elapsed    | 1088     |
|    total_timesteps | 2319232  |
| train/             |          |
|    actor_loss      | -0.69    |
|    critic_loss     | 0.000706 |
|    ent_coef        | 0.000231 |
|    ent_coef_loss   | -0.372   |
|    learning_rate   | 0.0003   |
|    n_updates       | 144889   |
---------------------------------
---------------------------------
| rollout/           |          |
|    ep_len_mean     | 1.92e+03 |
|    ep_rew_mean     | 1.03e+03 |
| time/              |          |
|    episodes        | 1276     |
|    fps             | 2130     |
|    time_elapsed    | 1092     |
|    total_timesteps | 2326672  |
| train/             |          |
|    actor_loss      | -0.638   |
|    critic_loss     | 0.00171  |
|    ent_coef        | 0.000245 |
|    ent_coef_loss   | 0.697    |
|    learning_rate   | 0.0003   |
|    n_updates       | 145354   |
---------------------------------
---------------------------------
| rollout/           |          |
|    ep_len_mean     | 2.02e+03 |
|    ep_rew_mean     | 975      |
| time/              |          |
|    episodes        | 1280     |
|    fps             | 2130     |
|    time_elapsed    | 1096     |
|    total_timesteps | 2336352  |
| train/             |          |
|    actor_loss      | -0.655   |
|    critic_loss     | 0.000222 |
|    ent_coef        | 0.00027  |
|    ent_coef_loss   | 10.7     |
|    learning_rate   | 0.0003   |
|    n_updates       | 145959   |
---------------------------------
---------------------------------
| rollout/           |          |
|    ep_len_mean     | 2.27e+03 |
|    ep_rew_mean     | 895      |
| time/              |          |
|    episodes        | 1284     |
|    fps             | 2130     |
|    time_elapsed    | 1097     |
|    total_timesteps | 2337760  |
| train/             |          |
|    actor_loss      | -0.683   |
|    critic_loss     | 0.000231 |
|    ent_coef        | 0.000277 |
|    ent_coef_loss   | 3.51     |
|    learning_rate   | 0.0003   |
|    n_updates       | 146047   |
---------------------------------
---------------------------------
| rollout/           |          |
|    ep_len_mean     | 2.33e+03 |
|    ep_rew_mean     | 933      |
| time/              |          |
|    episodes        | 1288     |
|    fps             | 2131     |
|    time_elapsed    | 1111     |
|    total_timesteps | 2369552  |
| train/             |          |
|    actor_loss      | -0.682   |
|    critic_loss     | 0.000221 |
|    ent_coef        | 0.00027  |
|    ent_coef_loss   | -5.73    |
|    learning_rate   | 0.0003   |
|    n_updates       | 148034   |
---------------------------------
---------------------------------
| rollout/           |          |
|    ep_len_mean     | 2.4e+03  |
|    ep_rew_mean     | 1.03e+03 |
| time/              |          |
|    episodes        | 1292     |
|    fps             | 2131     |
|    time_elapsed    | 1114     |
|    total_timesteps | 2375952  |
| train/             |          |
|    actor_loss      | -0.68    |
|    critic_loss     | 0.00148  |
|    ent_coef        | 0.000259 |
|    ent_coef_loss   | -2.76    |
|    learning_rate   | 0.0003   |
|    n_updates       | 148434   |
---------------------------------
---------------------------------
| rollout/           |          |
|    ep_len_mean     | 2.53e+03 |
|    ep_rew_mean     | 1.06e+03 |
| time/              |          |
|    episodes        | 1296     |
|    fps             | 2131     |
|    time_elapsed    | 1139     |
|    total_timesteps | 2429616  |
| train/             |          |
|    actor_loss      | -0.662   |
|    critic_loss     | 0.000162 |
|    ent_coef        | 0.000237 |
|    ent_coef_loss   | 4.28     |
|    learning_rate   | 0.0003   |
|    n_updates       | 151788   |
---------------------------------
---------------------------------
| rollout/           |          |
|    ep_len_mean     | 2.72e+03 |
|    ep_rew_mean     | 988      |
| time/              |          |
|    episodes        | 1300     |
|    fps             | 2131     |
|    time_elapsed    | 1142     |
|    total_timesteps | 2434672  |
| train/             |          |
|    actor_loss      | -0.625   |
|    critic_loss     | 0.00109  |
|    ent_coef        | 0.000255 |
|    ent_coef_loss   | 1.19     |
|    learning_rate   | 0.0003   |
|    n_updates       | 152104   |
---------------------------------
---------------------------------
| rollout/           |          |
|    ep_len_mean     | 2.79e+03 |
|    ep_rew_mean     | 897      |
| time/              |          |
|    episodes        | 1304     |
|    fps             | 2131     |
|    time_elapsed    | 1142     |
|    total_timesteps | 2435776  |
| train/             |          |
|    actor_loss      | -0.633   |
|    critic_loss     | 0.00106  |
|    ent_coef        | 0.000253 |
|    ent_coef_loss   | -1.3     |
|    learning_rate   | 0.0003   |
|    n_updates       | 152173   |
---------------------------------
---------------------------------
| rollout/           |          |
|    ep_len_mean     | 2.96e+03 |
|    ep_rew_mean     | 957      |
| time/              |          |
|    episodes        | 1308     |
|    fps             | 2132     |
|    time_elapsed    | 1149     |
|    total_timesteps | 2451584  |
| train/             |          |
|    actor_loss      | -0.646   |
|    critic_loss     | 0.000441 |
|    ent_coef        | 0.000256 |
|    ent_coef_loss   | -1.54    |
|    learning_rate   | 0.0003   |
|    n_updates       | 153161   |
---------------------------------
---------------------------------
| rollout/           |          |
|    ep_len_mean     | 3e+03    |
|    ep_rew_mean     | 978      |
| time/              |          |
|    episodes        | 1312     |
|    fps             | 2132     |
|    time_elapsed    | 1157     |
|    total_timesteps | 2468384  |
| train/             |          |
|    actor_loss      | -0.654   |
|    critic_loss     | 0.00562  |
|    ent_coef        | 0.000254 |
|    ent_coef_loss   | -4.78    |
|    learning_rate   | 0.0003   |
|    n_updates       | 154211   |
---------------------------------
---------------------------------
| rollout/           |          |
|    ep_len_mean     | 2.97e+03 |
|    ep_rew_mean     | 877      |
| time/              |          |
|    episodes        | 1316     |
|    fps             | 2132     |
|    time_elapsed    | 1157     |
|    total_timesteps | 2468784  |
| train/             |          |
|    actor_loss      | -0.599   |
|    critic_loss     | 0.000323 |
|    ent_coef        | 0.000252 |
|    ent_coef_loss   | -3.46    |
|    learning_rate   | 0.0003   |
|    n_updates       | 154236   |
---------------------------------
---------------------------------
| rollout/           |          |
|    ep_len_mean     | 2.97e+03 |
|    ep_rew_mean     | 859      |
| time/              |          |
|    episodes        | 1320     |
|    fps             | 2132     |
|    time_elapsed    | 1161     |
|    total_timesteps | 2476288  |
| train/             |          |
|    actor_loss      | -0.616   |
|    critic_loss     | 0.00123  |
|    ent_coef        | 0.000248 |
|    ent_coef_loss   | 0.479    |
|    learning_rate   | 0.0003   |
|    n_updates       | 154705   |
---------------------------------
---------------------------------
| rollout/           |          |
|    ep_len_mean     | 2.92e+03 |
|    ep_rew_mean     | 789      |
| time/              |          |
|    episodes        | 1324     |
|    fps             | 2132     |
|    time_elapsed    | 1164     |
|    total_timesteps | 2482784  |
| train/             |          |
|    actor_loss      | -0.628   |
|    critic_loss     | 0.000194 |
|    ent_coef        | 0.000245 |
|    ent_coef_loss   | -5.2     |
|    learning_rate   | 0.0003   |
|    n_updates       | 155111   |
---------------------------------
---------------------------------
| rollout/           |          |
|    ep_len_mean     | 2.87e+03 |
|    ep_rew_mean     | 741      |
| time/              |          |
|    episodes        | 1328     |
|    fps             | 2132     |
|    time_elapsed    | 1166     |
|    total_timesteps | 2487328  |
| train/             |          |
|    actor_loss      | -0.621   |
|    critic_loss     | 0.000807 |
|    ent_coef        | 0.000255 |
|    ent_coef_loss   | 4.76     |
|    learning_rate   | 0.0003   |
|    n_updates       | 155395   |
---------------------------------
---------------------------------
| rollout/           |          |
|    ep_len_mean     | 2.97e+03 |
|    ep_rew_mean     | 701      |
| time/              |          |
|    episodes        | 1332     |
|    fps             | 2132     |
|    time_elapsed    | 1167     |
|    total_timesteps | 2488896  |
| train/             |          |
|    actor_loss      | -0.631   |
|    critic_loss     | 0.000219 |
|    ent_coef        | 0.000259 |
|    ent_coef_loss   | 2.07     |
|    learning_rate   | 0.0003   |
|    n_updates       | 155493   |
---------------------------------
---------------------------------
| rollout/           |          |
|    ep_len_mean     | 3.04e+03 |
|    ep_rew_mean     | 670      |
| time/              |          |
|    episodes        | 1336     |
|    fps             | 2129     |
|    time_elapsed    | 1170     |
|    total_timesteps | 2492912  |
| train/             |          |
|    actor_loss      | -0.587   |
|    critic_loss     | 0.00576  |
|    ent_coef        | 0.000238 |
|    ent_coef_loss   | -2.21    |
|    learning_rate   | 0.0003   |
|    n_updates       | 155744   |
---------------------------------
---------------------------------
| rollout/           |          |
|    ep_len_mean     | 3.03e+03 |
|    ep_rew_mean     | 678      |
| time/              |          |
|    episodes        | 1340     |
|    fps             | 2129     |
|    time_elapsed    | 1170     |
|    total_timesteps | 2493328  |
| train/             |          |
|    actor_loss      | -0.622   |
|    critic_loss     | 0.000518 |
|    ent_coef        | 0.000238 |
|    ent_coef_loss   | 7.32     |
|    learning_rate   | 0.0003   |
|    n_updates       | 155770   |
---------------------------------
---------------------------------
| rollout/           |          |
|    ep_len_mean     | 2.98e+03 |
|    ep_rew_mean     | 597      |
| time/              |          |
|    episodes        | 1344     |
|    fps             | 2129     |
|    time_elapsed    | 1171     |
|    total_timesteps | 2493616  |
| train/             |          |
|    actor_loss      | -0.621   |
|    critic_loss     | 0.000251 |
|    ent_coef        | 0.00024  |
|    ent_coef_loss   | 7.59     |
|    learning_rate   | 0.0003   |
|    n_updates       | 155788   |
---------------------------------
---------------------------------
| rollout/           |          |
|    ep_len_mean     | 2.94e+03 |
|    ep_rew_mean     | 556      |
| time/              |          |
|    episodes        | 1348     |
|    fps             | 2129     |
|    time_elapsed    | 1171     |
|    total_timesteps | 2494144  |
| train/             |          |
|    actor_loss      | -0.609   |
|    critic_loss     | 0.0122   |
|    ent_coef        | 0.000243 |
|    ent_coef_loss   | 1.16     |
|    learning_rate   | 0.0003   |
|    n_updates       | 155821   |
---------------------------------
---------------------------------
| rollout/           |          |
|    ep_len_mean     | 2.88e+03 |
|    ep_rew_mean     | 472      |
| time/              |          |
|    episodes        | 1352     |
|    fps             | 2129     |
|    time_elapsed    | 1171     |
|    total_timesteps | 2494336  |
| train/             |          |
|    actor_loss      | -0.638   |
|    critic_loss     | 0.00116  |
|    ent_coef        | 0.000243 |
|    ent_coef_loss   | -1.17    |
|    learning_rate   | 0.0003   |
|    n_updates       | 155833   |
---------------------------------
---------------------------------
| rollout/           |          |
|    ep_len_mean     | 2.98e+03 |
|    ep_rew_mean     | 289      |
| time/              |          |
|    episodes        | 1356     |
|    fps             | 2121     |
|    time_elapsed    | 1177     |
|    total_timesteps | 2497120  |
| train/             |          |
|    actor_loss      | -0.616   |
|    critic_loss     | 0.00138  |
|    ent_coef        | 0.000237 |
|    ent_coef_loss   | 1.09     |
|    learning_rate   | 0.0003   |
|    n_updates       | 156007   |
---------------------------------
---------------------------------
| rollout/           |          |
|    ep_len_mean     | 2.71e+03 |
|    ep_rew_mean     | 348      |
| time/              |          |
|    episodes        | 1360     |
|    fps             | 2121     |
|    time_elapsed    | 1177     |
|    total_timesteps | 2497168  |
| train/             |          |
|    actor_loss      | -0.614   |
|    critic_loss     | 0.000156 |
|    ent_coef        | 0.000237 |
|    ent_coef_loss   | -0.117   |
|    learning_rate   | 0.0003   |
|    n_updates       | 156010   |
---------------------------------
---------------------------------
| rollout/           |          |
|    ep_len_mean     | 2.45e+03 |
|    ep_rew_mean     | 281      |
| time/              |          |
|    episodes        | 1364     |
|    fps             | 2121     |
|    time_elapsed    | 1177     |
|    total_timesteps | 2497376  |
| train/             |          |
|    actor_loss      | -0.634   |
|    critic_loss     | 0.000213 |
|    ent_coef        | 0.000237 |
|    ent_coef_loss   | -4.44    |
|    learning_rate   | 0.0003   |
|    n_updates       | 156023   |
---------------------------------
---------------------------------
| rollout/           |          |
|    ep_len_mean     | 2.38e+03 |
|    ep_rew_mean     | 255      |
| time/              |          |
|    episodes        | 1368     |
|    fps             | 2121     |
|    time_elapsed    | 1186     |
|    total_timesteps | 2518128  |
| train/             |          |
|    actor_loss      | -0.632   |
|    critic_loss     | 0.0051   |
|    ent_coef        | 0.000186 |
|    ent_coef_loss   | 5.09     |
|    learning_rate   | 0.0003   |
|    n_updates       | 157320   |
---------------------------------
---------------------------------
| rollout/           |          |
|    ep_len_mean     | 2.3e+03  |
|    ep_rew_mean     | 337      |
| time/              |          |
|    episodes        | 1372     |
|    fps             | 2121     |
|    time_elapsed    | 1187     |
|    total_timesteps | 2520640  |
| train/             |          |
|    actor_loss      | -0.61    |
|    critic_loss     | 0.000123 |
|    ent_coef        | 0.000188 |
|    ent_coef_loss   | 0.727    |
|    learning_rate   | 0.0003   |
|    n_updates       | 157477   |
---------------------------------
---------------------------------
| rollout/           |          |
|    ep_len_mean     | 2.3e+03  |
|    ep_rew_mean     | 350      |
| time/              |          |
|    episodes        | 1376     |
|    fps             | 2121     |
|    time_elapsed    | 1188     |
|    total_timesteps | 2521664  |
| train/             |          |
|    actor_loss      | -0.625   |
|    critic_loss     | 0.000662 |
|    ent_coef        | 0.000186 |
|    ent_coef_loss   | 4.29     |
|    learning_rate   | 0.0003   |
|    n_updates       | 157541   |
---------------------------------
---------------------------------
| rollout/           |          |
|    ep_len_mean     | 2.19e+03 |
|    ep_rew_mean     | 456      |
| time/              |          |
|    episodes        | 1380     |
|    fps             | 2121     |
|    time_elapsed    | 1188     |
|    total_timesteps | 2522416  |
| train/             |          |
|    actor_loss      | -0.623   |
|    critic_loss     | 0.000786 |
|    ent_coef        | 0.000188 |
|    ent_coef_loss   | 0.537    |
|    learning_rate   | 0.0003   |
|    n_updates       | 157588   |
---------------------------------
---------------------------------
| rollout/           |          |
|    ep_len_mean     | 1.95e+03 |
|    ep_rew_mean     | 560      |
| time/              |          |
|    episodes        | 1384     |
|    fps             | 2122     |
|    time_elapsed    | 1191     |
|    total_timesteps | 2529440  |
| train/             |          |
|    actor_loss      | -0.636   |
|    critic_loss     | 8.72e-05 |
|    ent_coef        | 0.00019  |
|    ent_coef_loss   | -0.547   |
|    learning_rate   | 0.0003   |
|    n_updates       | 158027   |
---------------------------------
---------------------------------
| rollout/           |          |
|    ep_len_mean     | 1.88e+03 |
|    ep_rew_mean     | 485      |
| time/              |          |
|    episodes        | 1388     |
|    fps             | 2122     |
|    time_elapsed    | 1193     |
|    total_timesteps | 2533216  |
| train/             |          |
|    actor_loss      | -0.591   |
|    critic_loss     | 0.000302 |
|    ent_coef        | 0.000192 |
|    ent_coef_loss   | 0.757    |
|    learning_rate   | 0.0003   |
|    n_updates       | 158263   |
---------------------------------
---------------------------------
| rollout/           |          |
|    ep_len_mean     | 1.79e+03 |
|    ep_rew_mean     | 347      |
| time/              |          |
|    episodes        | 1392     |
|    fps             | 2122     |
|    time_elapsed    | 1194     |
|    total_timesteps | 2535312  |
| train/             |          |
|    actor_loss      | -0.594   |
|    critic_loss     | 0.000299 |
|    ent_coef        | 0.000195 |
|    ent_coef_loss   | 4.46     |
|    learning_rate   | 0.0003   |
|    n_updates       | 158394   |
---------------------------------
---------------------------------
| rollout/           |          |
|    ep_len_mean     | 1.65e+03 |
|    ep_rew_mean     | 299      |
| time/              |          |
|    episodes        | 1396     |
|    fps             | 2122     |
|    time_elapsed    | 1196     |
|    total_timesteps | 2539744  |
| train/             |          |
|    actor_loss      | -0.605   |
|    critic_loss     | 0.000312 |
|    ent_coef        | 0.000199 |
|    ent_coef_loss   | 2.54     |
|    learning_rate   | 0.0003   |
|    n_updates       | 158671   |
---------------------------------
---------------------------------
| rollout/           |          |
|    ep_len_mean     | 1.52e+03 |
|    ep_rew_mean     | 374      |
| time/              |          |
|    episodes        | 1400     |
|    fps             | 2122     |
|    time_elapsed    | 1208     |
|    total_timesteps | 2565456  |
| train/             |          |
|    actor_loss      | -0.656   |
|    critic_loss     | 0.000118 |
|    ent_coef        | 0.000209 |
|    ent_coef_loss   | 0.169    |
|    learning_rate   | 0.0003   |
|    n_updates       | 160278   |
---------------------------------
---------------------------------
| rollout/           |          |
|    ep_len_mean     | 1.47e+03 |
|    ep_rew_mean     | 460      |
| time/              |          |
|    episodes        | 1404     |
|    fps             | 2122     |
|    time_elapsed    | 1208     |
|    total_timesteps | 2566368  |
| train/             |          |
|    actor_loss      | -0.629   |
|    critic_loss     | 0.00027  |
|    ent_coef        | 0.000208 |
|    ent_coef_loss   | -0.469   |
|    learning_rate   | 0.0003   |
|    n_updates       | 160335   |
---------------------------------
---------------------------------
| rollout/           |          |
|    ep_len_mean     | 1.4e+03  |
|    ep_rew_mean     | 547      |
| time/              |          |
|    episodes        | 1408     |
|    fps             | 2123     |
|    time_elapsed    | 1222     |
|    total_timesteps | 2595248  |
| train/             |          |
|    actor_loss      | -0.594   |
|    critic_loss     | 0.00216  |
|    ent_coef        | 0.000215 |
|    ent_coef_loss   | 1.93     |
|    learning_rate   | 0.0003   |
|    n_updates       | 162140   |
---------------------------------
---------------------------------
| rollout/           |          |
|    ep_len_mean     | 1.46e+03 |
|    ep_rew_mean     | 565      |
| time/              |          |
|    episodes        | 1412     |
|    fps             | 2123     |
|    time_elapsed    | 1229     |
|    total_timesteps | 2609840  |
| train/             |          |
|    actor_loss      | -0.594   |
|    critic_loss     | 0.000297 |
|    ent_coef        | 0.000212 |
|    ent_coef_loss   | -1.7     |
|    learning_rate   | 0.0003   |
|    n_updates       | 163052   |
---------------------------------
---------------------------------
| rollout/           |          |
|    ep_len_mean     | 1.5e+03  |
|    ep_rew_mean     | 658      |
| time/              |          |
|    episodes        | 1416     |
|    fps             | 2123     |
|    time_elapsed    | 1231     |
|    total_timesteps | 2613968  |
| train/             |          |
|    actor_loss      | -0.567   |
|    critic_loss     | 0.000575 |
|    ent_coef        | 0.000208 |
|    ent_coef_loss   | 2.22     |
|    learning_rate   | 0.0003   |
|    n_updates       | 163310   |
---------------------------------
---------------------------------
| rollout/           |          |
|    ep_len_mean     | 1.54e+03 |
|    ep_rew_mean     | 702      |
| time/              |          |
|    episodes        | 1420     |
|    fps             | 2123     |
|    time_elapsed    | 1245     |
|    total_timesteps | 2645472  |
| train/             |          |
|    actor_loss      | -0.546   |
|    critic_loss     | 0.000861 |
|    ent_coef        | 0.000205 |
|    ent_coef_loss   | 0.701    |
|    learning_rate   | 0.0003   |
|    n_updates       | 165279   |
---------------------------------
---------------------------------
| rollout/           |          |
|    ep_len_mean     | 1.72e+03 |
|    ep_rew_mean     | 872      |
| time/              |          |
|    episodes        | 1424     |
|    fps             | 2123     |
|    time_elapsed    | 1247     |
|    total_timesteps | 2649920  |
| train/             |          |
|    actor_loss      | -0.607   |
|    critic_loss     | 0.00012  |
|    ent_coef        | 0.000207 |
|    ent_coef_loss   | -1.3     |
|    learning_rate   | 0.0003   |
|    n_updates       | 165557   |
---------------------------------
---------------------------------
| rollout/           |          |
|    ep_len_mean     | 1.83e+03 |
|    ep_rew_mean     | 1e+03    |
| time/              |          |
|    episodes        | 1428     |
|    fps             | 2123     |
|    time_elapsed    | 1254     |
|    total_timesteps | 2664896  |
| train/             |          |
|    actor_loss      | -0.605   |
|    critic_loss     | 0.000412 |
|    ent_coef        | 0.000208 |
|    ent_coef_loss   | -4.18    |
|    learning_rate   | 0.0003   |
|    n_updates       | 166493   |
---------------------------------
---------------------------------
| rollout/           |          |
|    ep_len_mean     | 1.86e+03 |
|    ep_rew_mean     | 1.27e+03 |
| time/              |          |
|    episodes        | 1432     |
|    fps             | 2123     |
|    time_elapsed    | 1257     |
|    total_timesteps | 2670432  |
| train/             |          |
|    actor_loss      | -0.62    |
|    critic_loss     | 0.000177 |
|    ent_coef        | 0.0002   |
|    ent_coef_loss   | 2.81     |
|    learning_rate   | 0.0003   |
|    n_updates       | 166839   |
---------------------------------
---------------------------------
| rollout/           |          |
|    ep_len_mean     | 1.89e+03 |
|    ep_rew_mean     | 1.43e+03 |
| time/              |          |
|    episodes        | 1436     |
|    fps             | 2123     |
|    time_elapsed    | 1262     |
|    total_timesteps | 2682240  |
| train/             |          |
|    actor_loss      | -0.548   |
|    critic_loss     | 0.000194 |
|    ent_coef        | 0.000207 |
|    ent_coef_loss   | 3.54     |
|    learning_rate   | 0.0003   |
|    n_updates       | 167577   |
---------------------------------
---------------------------------
| rollout/           |          |
|    ep_len_mean     | 2.02e+03 |
|    ep_rew_mean     | 1.5e+03  |
| time/              |          |
|    episodes        | 1440     |
|    fps             | 2123     |
|    time_elapsed    | 1271     |
|    total_timesteps | 2699904  |
| train/             |          |
|    actor_loss      | -0.585   |
|    critic_loss     | 0.000246 |
|    ent_coef        | 0.000214 |
|    ent_coef_loss   | -2.85    |
|    learning_rate   | 0.0003   |
|    n_updates       | 168681   |
---------------------------------
---------------------------------
| rollout/           |          |
|    ep_len_mean     | 2.17e+03 |
|    ep_rew_mean     | 1.51e+03 |
| time/              |          |
|    episodes        | 1444     |
|    fps             | 2123     |
|    time_elapsed    | 1281     |
|    total_timesteps | 2721792  |
| train/             |          |
|    actor_loss      | -0.555   |
|    critic_loss     | 0.000351 |
|    ent_coef        | 0.000226 |
|    ent_coef_loss   | 0.783    |
|    learning_rate   | 0.0003   |
|    n_updates       | 170049   |
---------------------------------
---------------------------------
| rollout/           |          |
|    ep_len_mean     | 2.22e+03 |
|    ep_rew_mean     | 1.59e+03 |
| time/              |          |
|    episodes        | 1448     |
|    fps             | 2124     |
|    time_elapsed    | 1287     |
|    total_timesteps | 2734784  |
| train/             |          |
|    actor_loss      | -0.566   |
|    critic_loss     | 0.000691 |
|    ent_coef        | 0.000229 |
|    ent_coef_loss   | -1.29    |
|    learning_rate   | 0.0003   |
|    n_updates       | 170861   |
---------------------------------
---------------------------------
| rollout/           |          |
|    ep_len_mean     | 2.35e+03 |
|    ep_rew_mean     | 1.62e+03 |
| time/              |          |
|    episodes        | 1452     |
|    fps             | 2124     |
|    time_elapsed    | 1296     |
|    total_timesteps | 2753856  |
| train/             |          |
|    actor_loss      | -0.578   |
|    critic_loss     | 0.00483  |
|    ent_coef        | 0.000235 |
|    ent_coef_loss   | -1.92    |
|    learning_rate   | 0.0003   |
|    n_updates       | 172053   |
---------------------------------
---------------------------------
| rollout/           |          |
|    ep_len_mean     | 2.25e+03 |
|    ep_rew_mean     | 1.77e+03 |
| time/              |          |
|    episodes        | 1456     |
|    fps             | 2124     |
|    time_elapsed    | 1297     |
|    total_timesteps | 2756816  |
| train/             |          |
|    actor_loss      | -0.538   |
|    critic_loss     | 0.00241  |
|    ent_coef        | 0.000235 |
|    ent_coef_loss   | 5.38     |
|    learning_rate   | 0.0003   |
|    n_updates       | 172238   |
---------------------------------
---------------------------------
| rollout/           |          |
|    ep_len_mean     | 2.32e+03 |
|    ep_rew_mean     | 1.81e+03 |
| time/              |          |
|    episodes        | 1460     |
|    fps             | 2124     |
|    time_elapsed    | 1300     |
|    total_timesteps | 2762624  |
| train/             |          |
|    actor_loss      | -0.558   |
|    critic_loss     | 0.000117 |
|    ent_coef        | 0.000228 |
|    ent_coef_loss   | -0.0854  |
|    learning_rate   | 0.0003   |
|    n_updates       | 172601   |
---------------------------------
---------------------------------
| rollout/           |          |
|    ep_len_mean     | 2.35e+03 |
|    ep_rew_mean     | 1.83e+03 |
| time/              |          |
|    episodes        | 1464     |
|    fps             | 2124     |
|    time_elapsed    | 1300     |
|    total_timesteps | 2763136  |
| train/             |          |
|    actor_loss      | -0.553   |
|    critic_loss     | 0.000929 |
|    ent_coef        | 0.000228 |
|    ent_coef_loss   | 2.1      |
|    learning_rate   | 0.0003   |
|    n_updates       | 172633   |
---------------------------------
---------------------------------
| rollout/           |          |
|    ep_len_mean     | 2.45e+03 |
|    ep_rew_mean     | 1.88e+03 |
| time/              |          |
|    episodes        | 1468     |
|    fps             | 2124     |
|    time_elapsed    | 1303     |
|    total_timesteps | 2769536  |
| train/             |          |
|    actor_loss      | -0.527   |
|    critic_loss     | 0.00118  |
|    ent_coef        | 0.000226 |
|    ent_coef_loss   | -1.94    |
|    learning_rate   | 0.0003   |
|    n_updates       | 173033   |
---------------------------------
---------------------------------
| rollout/           |          |
|    ep_len_mean     | 2.43e+03 |
|    ep_rew_mean     | 1.87e+03 |
| time/              |          |
|    episodes        | 1472     |
|    fps             | 2124     |
|    time_elapsed    | 1304     |
|    total_timesteps | 2772016  |
| train/             |          |
|    actor_loss      | -0.515   |
|    critic_loss     | 0.00452  |
|    ent_coef        | 0.000227 |
|    ent_coef_loss   | -2       |
|    learning_rate   | 0.0003   |
|    n_updates       | 173188   |
---------------------------------
---------------------------------
| rollout/           |          |
|    ep_len_mean     | 2.42e+03 |
|    ep_rew_mean     | 1.8e+03  |
| time/              |          |
|    episodes        | 1476     |
|    fps             | 2124     |
|    time_elapsed    | 1308     |
|    total_timesteps | 2780432  |
| train/             |          |
|    actor_loss      | -0.577   |
|    critic_loss     | 0.000584 |
|    ent_coef        | 0.000247 |
|    ent_coef_loss   | 0.427    |
|    learning_rate   | 0.0003   |
|    n_updates       | 173714   |
---------------------------------
---------------------------------
| rollout/           |          |
|    ep_len_mean     | 2.37e+03 |
|    ep_rew_mean     | 1.71e+03 |
| time/              |          |
|    episodes        | 1480     |
|    fps             | 2124     |
|    time_elapsed    | 1308     |
|    total_timesteps | 2780560  |
| train/             |          |
|    actor_loss      | -0.561   |
|    critic_loss     | 0.000275 |
|    ent_coef        | 0.000247 |
|    ent_coef_loss   | 0.0425   |
|    learning_rate   | 0.0003   |
|    n_updates       | 173722   |
---------------------------------
---------------------------------
| rollout/           |          |
|    ep_len_mean     | 2.39e+03 |
|    ep_rew_mean     | 1.7e+03  |
| time/              |          |
|    episodes        | 1484     |
|    fps             | 2124     |
|    time_elapsed    | 1310     |
|    total_timesteps | 2783088  |
| train/             |          |
|    actor_loss      | -0.532   |
|    critic_loss     | 0.000487 |
|    ent_coef        | 0.000244 |
|    ent_coef_loss   | -1.48    |
|    learning_rate   | 0.0003   |
|    n_updates       | 173880   |
---------------------------------
---------------------------------
| rollout/           |          |
|    ep_len_mean     | 2.39e+03 |
|    ep_rew_mean     | 1.71e+03 |
| time/              |          |
|    episodes        | 1488     |
|    fps             | 2124     |
|    time_elapsed    | 1315     |
|    total_timesteps | 2794368  |
| train/             |          |
|    actor_loss      | -0.571   |
|    critic_loss     | 0.00241  |
|    ent_coef        | 0.00023  |
|    ent_coef_loss   | 4.24     |
|    learning_rate   | 0.0003   |
|    n_updates       | 174585   |
---------------------------------
---------------------------------
| rollout/           |          |
|    ep_len_mean     | 2.54e+03 |
|    ep_rew_mean     | 1.68e+03 |
| time/              |          |
|    episodes        | 1492     |
|    fps             | 2125     |
|    time_elapsed    | 1322     |
|    total_timesteps | 2810128  |
| train/             |          |
|    actor_loss      | -0.583   |
|    critic_loss     | 0.000299 |
|    ent_coef        | 0.000245 |
|    ent_coef_loss   | 4.64     |
|    learning_rate   | 0.0003   |
|    n_updates       | 175570   |
---------------------------------
---------------------------------
| rollout/           |          |
|    ep_len_mean     | 2.58e+03 |
|    ep_rew_mean     | 1.72e+03 |
| time/              |          |
|    episodes        | 1496     |
|    fps             | 2125     |
|    time_elapsed    | 1323     |
|    total_timesteps | 2812640  |
| train/             |          |
|    actor_loss      | -0.577   |
|    critic_loss     | 0.00205  |
|    ent_coef        | 0.000249 |
|    ent_coef_loss   | -0.691   |
|    learning_rate   | 0.0003   |
|    n_updates       | 175727   |
---------------------------------
---------------------------------
| rollout/           |          |
|    ep_len_mean     | 2.56e+03 |
|    ep_rew_mean     | 1.65e+03 |
| time/              |          |
|    episodes        | 1500     |
|    fps             | 2125     |
|    time_elapsed    | 1324     |
|    total_timesteps | 2814032  |
| train/             |          |
|    actor_loss      | -0.586   |
|    critic_loss     | 0.000287 |
|    ent_coef        | 0.000254 |
|    ent_coef_loss   | 0.243    |
|    learning_rate   | 0.0003   |
|    n_updates       | 175814   |
---------------------------------
---------------------------------
| rollout/           |          |
|    ep_len_mean     | 2.5e+03  |
|    ep_rew_mean     | 1.56e+03 |
| time/              |          |
|    episodes        | 1504     |
|    fps             | 2124     |
|    time_elapsed    | 1326     |
|    total_timesteps | 2819472  |
| train/             |          |
|    actor_loss      | -0.544   |
|    critic_loss     | 0.000416 |
|    ent_coef        | 0.000238 |
|    ent_coef_loss   | 0.154    |
|    learning_rate   | 0.0003   |
|    n_updates       | 176154   |
---------------------------------
---------------------------------
| rollout/           |          |
|    ep_len_mean     | 2.4e+03  |
|    ep_rew_mean     | 1.46e+03 |
| time/              |          |
|    episodes        | 1508     |
|    fps             | 2124     |
|    time_elapsed    | 1327     |
|    total_timesteps | 2820464  |
| train/             |          |
|    actor_loss      | -0.583   |
|    critic_loss     | 0.000171 |
|    ent_coef        | 0.000237 |
|    ent_coef_loss   | -0.896   |
|    learning_rate   | 0.0003   |
|    n_updates       | 176216   |
---------------------------------
---------------------------------
| rollout/           |          |
|    ep_len_mean     | 2.37e+03 |
|    ep_rew_mean     | 1.56e+03 |
| time/              |          |
|    episodes        | 1512     |
|    fps             | 2124     |
|    time_elapsed    | 1331     |
|    total_timesteps | 2828944  |
| train/             |          |
|    actor_loss      | -0.543   |
|    critic_loss     | 0.000471 |
|    ent_coef        | 0.000227 |
|    ent_coef_loss   | 0.163    |
|    learning_rate   | 0.0003   |
|    n_updates       | 176746   |
---------------------------------
---------------------------------
| rollout/           |          |
|    ep_len_mean     | 2.4e+03  |
|    ep_rew_mean     | 1.54e+03 |
| time/              |          |
|    episodes        | 1516     |
|    fps             | 2125     |
|    time_elapsed    | 1345     |
|    total_timesteps | 2858720  |
| train/             |          |
|    actor_loss      | -0.557   |
|    critic_loss     | 0.000151 |
|    ent_coef        | 0.000244 |
|    ent_coef_loss   | -2.34    |
|    learning_rate   | 0.0003   |
|    n_updates       | 178607   |
---------------------------------
---------------------------------
| rollout/           |          |
|    ep_len_mean     | 2.44e+03 |
|    ep_rew_mean     | 1.67e+03 |
| time/              |          |
|    episodes        | 1520     |
|    fps             | 2126     |
|    time_elapsed    | 1358     |
|    total_timesteps | 2889168  |
| train/             |          |
|    actor_loss      | -0.547   |
|    critic_loss     | 0.002    |
|    ent_coef        | 0.00025  |
|    ent_coef_loss   | -0.876   |
|    learning_rate   | 0.0003   |
|    n_updates       | 180510   |
---------------------------------
---------------------------------
| rollout/           |          |
|    ep_len_mean     | 2.34e+03 |
|    ep_rew_mean     | 1.59e+03 |
| time/              |          |
|    episodes        | 1524     |
|    fps             | 2126     |
|    time_elapsed    | 1360     |
|    total_timesteps | 2893472  |
| train/             |          |
|    actor_loss      | -0.541   |
|    critic_loss     | 0.000275 |
|    ent_coef        | 0.000247 |
|    ent_coef_loss   | 0.33     |
|    learning_rate   | 0.0003   |
|    n_updates       | 180779   |
---------------------------------
---------------------------------
| rollout/           |          |
|    ep_len_mean     | 2.4e+03  |
|    ep_rew_mean     | 1.52e+03 |
| time/              |          |
|    episodes        | 1528     |
|    fps             | 2126     |
|    time_elapsed    | 1365     |
|    total_timesteps | 2904496  |
| train/             |          |
|    actor_loss      | -0.538   |
|    critic_loss     | 0.000438 |
|    ent_coef        | 0.000242 |
|    ent_coef_loss   | -4.37    |
|    learning_rate   | 0.0003   |
|    n_updates       | 181468   |
---------------------------------
---------------------------------
| rollout/           |          |
|    ep_len_mean     | 2.37e+03 |
|    ep_rew_mean     | 1.38e+03 |
| time/              |          |
|    episodes        | 1532     |
|    fps             | 2126     |
|    time_elapsed    | 1373     |
|    total_timesteps | 2921408  |
| train/             |          |
|    actor_loss      | -0.552   |
|    critic_loss     | 0.000203 |
|    ent_coef        | 0.000228 |
|    ent_coef_loss   | 5.02     |
|    learning_rate   | 0.0003   |
|    n_updates       | 182525   |
---------------------------------
---------------------------------
| rollout/           |          |
|    ep_len_mean     | 2.36e+03 |
|    ep_rew_mean     | 1.3e+03  |
| time/              |          |
|    episodes        | 1536     |
|    fps             | 2126     |
|    time_elapsed    | 1374     |
|    total_timesteps | 2924384  |
| train/             |          |
|    actor_loss      | -0.541   |
|    critic_loss     | 0.000934 |
|    ent_coef        | 0.000234 |
|    ent_coef_loss   | 2.34     |
|    learning_rate   | 0.0003   |
|    n_updates       | 182711   |
---------------------------------
---------------------------------
| rollout/           |          |
|    ep_len_mean     | 2.35e+03 |
|    ep_rew_mean     | 1.29e+03 |
| time/              |          |
|    episodes        | 1540     |
|    fps             | 2127     |
|    time_elapsed    | 1383     |
|    total_timesteps | 2943312  |
| train/             |          |
|    actor_loss      | -0.543   |
|    critic_loss     | 0.000205 |
|    ent_coef        | 0.000221 |
|    ent_coef_loss   | -0.187   |
|    learning_rate   | 0.0003   |
|    n_updates       | 183894   |
---------------------------------
---------------------------------
| rollout/           |          |
|    ep_len_mean     | 2.25e+03 |
|    ep_rew_mean     | 1.34e+03 |
| time/              |          |
|    episodes        | 1544     |
|    fps             | 2127     |
|    time_elapsed    | 1384     |
|    total_timesteps | 2945104  |
| train/             |          |
|    actor_loss      | -0.518   |
|    critic_loss     | 0.000302 |
|    ent_coef        | 0.000224 |
|    ent_coef_loss   | 1.9      |
|    learning_rate   | 0.0003   |
|    n_updates       | 184006   |
---------------------------------
---------------------------------
| rollout/           |          |
|    ep_len_mean     | 2.28e+03 |
|    ep_rew_mean     | 1.35e+03 |
| time/              |          |
|    episodes        | 1548     |
|    fps             | 2127     |
|    time_elapsed    | 1384     |
|    total_timesteps | 2946320  |
| train/             |          |
|    actor_loss      | -0.489   |
|    critic_loss     | 0.000309 |
|    ent_coef        | 0.000228 |
|    ent_coef_loss   | 3.48     |
|    learning_rate   | 0.0003   |
|    n_updates       | 184082   |
---------------------------------
---------------------------------
| rollout/           |          |
|    ep_len_mean     | 2.23e+03 |
|    ep_rew_mean     | 1.39e+03 |
| time/              |          |
|    episodes        | 1552     |
|    fps             | 2127     |
|    time_elapsed    | 1385     |
|    total_timesteps | 2948064  |
| train/             |          |
|    actor_loss      | -0.543   |
|    critic_loss     | 0.000315 |
|    ent_coef        | 0.000229 |
|    ent_coef_loss   | -2.14    |
|    learning_rate   | 0.0003   |
|    n_updates       | 184191   |
---------------------------------
---------------------------------
| rollout/           |          |
|    ep_len_mean     | 2.37e+03 |
|    ep_rew_mean     | 1.28e+03 |
| time/              |          |
|    episodes        | 1556     |
|    fps             | 2127     |
|    time_elapsed    | 1395     |
|    total_timesteps | 2970464  |
| train/             |          |
|    actor_loss      | -0.526   |
|    critic_loss     | 0.000524 |
|    ent_coef        | 0.000243 |
|    ent_coef_loss   | -1.29    |
|    learning_rate   | 0.0003   |
|    n_updates       | 185591   |
---------------------------------
---------------------------------
| rollout/           |          |
|    ep_len_mean     | 2.37e+03 |
|    ep_rew_mean     | 1.29e+03 |
| time/              |          |
|    episodes        | 1560     |
|    fps             | 2128     |
|    time_elapsed    | 1398     |
|    total_timesteps | 2976768  |
| train/             |          |
|    actor_loss      | -0.549   |
|    critic_loss     | 0.00832  |
|    ent_coef        | 0.000235 |
|    ent_coef_loss   | 2.48     |
|    learning_rate   | 0.0003   |
|    n_updates       | 185985   |
---------------------------------
---------------------------------
| rollout/           |          |
|    ep_len_mean     | 2.42e+03 |
|    ep_rew_mean     | 1.32e+03 |
| time/              |          |
|    episodes        | 1564     |
|    fps             | 2128     |
|    time_elapsed    | 1403     |
|    total_timesteps | 2987040  |
| train/             |          |
|    actor_loss      | -0.555   |
|    critic_loss     | 0.00871  |
|    ent_coef        | 0.000237 |
|    ent_coef_loss   | -0.649   |
|    learning_rate   | 0.0003   |
|    n_updates       | 186627   |
---------------------------------
---------------------------------
| rollout/           |          |
|    ep_len_mean     | 2.33e+03 |
|    ep_rew_mean     | 1.24e+03 |
| time/              |          |
|    episodes        | 1568     |
|    fps             | 2128     |
|    time_elapsed    | 1404     |
|    total_timesteps | 2988720  |
| train/             |          |
|    actor_loss      | -0.563   |
|    critic_loss     | 0.0295   |
|    ent_coef        | 0.000241 |
|    ent_coef_loss   | -0.982   |
|    learning_rate   | 0.0003   |
|    n_updates       | 186732   |
---------------------------------
---------------------------------
| rollout/           |          |
|    ep_len_mean     | 2.32e+03 |
|    ep_rew_mean     | 1.21e+03 |
| time/              |          |
|    episodes        | 1572     |
|    fps             | 2128     |
|    time_elapsed    | 1412     |
|    total_timesteps | 3006688  |
| train/             |          |
|    actor_loss      | -0.565   |
|    critic_loss     | 0.000684 |
|    ent_coef        | 0.000232 |
|    ent_coef_loss   | -0.079   |
|    learning_rate   | 0.0003   |
|    n_updates       | 187855   |
---------------------------------
---------------------------------
| rollout/           |          |
|    ep_len_mean     | 2.32e+03 |
|    ep_rew_mean     | 1.24e+03 |
| time/              |          |
|    episodes        | 1576     |
|    fps             | 2128     |
|    time_elapsed    | 1415     |
|    total_timesteps | 3013920  |
| train/             |          |
|    actor_loss      | -0.548   |
|    critic_loss     | 0.00211  |
|    ent_coef        | 0.000232 |
|    ent_coef_loss   | -1.76    |
|    learning_rate   | 0.0003   |
|    n_updates       | 188307   |
---------------------------------
---------------------------------
| rollout/           |          |
|    ep_len_mean     | 2.32e+03 |
|    ep_rew_mean     | 1.22e+03 |
| time/              |          |
|    episodes        | 1580     |
|    fps             | 2128     |
|    time_elapsed    | 1419     |
|    total_timesteps | 3022832  |
| train/             |          |
|    actor_loss      | -0.517   |
|    critic_loss     | 0.000485 |
|    ent_coef        | 0.000239 |
|    ent_coef_loss   | -0.197   |
|    learning_rate   | 0.0003   |
|    n_updates       | 188864   |
---------------------------------
---------------------------------
| rollout/           |          |
|    ep_len_mean     | 2.26e+03 |
|    ep_rew_mean     | 1.19e+03 |
| time/              |          |
|    episodes        | 1584     |
|    fps             | 2128     |
|    time_elapsed    | 1423     |
|    total_timesteps | 3029584  |
| train/             |          |
|    actor_loss      | -0.581   |
|    critic_loss     | 0.000557 |
|    ent_coef        | 0.000226 |
|    ent_coef_loss   | 0.114    |
|    learning_rate   | 0.0003   |
|    n_updates       | 189286   |
---------------------------------
---------------------------------
| rollout/           |          |
|    ep_len_mean     | 2.44e+03 |
|    ep_rew_mean     | 1.23e+03 |
| time/              |          |
|    episodes        | 1588     |
|    fps             | 2129     |
|    time_elapsed    | 1426     |
|    total_timesteps | 3037888  |
| train/             |          |
|    actor_loss      | -0.522   |
|    critic_loss     | 0.00365  |
|    ent_coef        | 0.000232 |
|    ent_coef_loss   | 2.72     |
|    learning_rate   | 0.0003   |
|    n_updates       | 189805   |
---------------------------------
---------------------------------
| rollout/           |          |
|    ep_len_mean     | 2.42e+03 |
|    ep_rew_mean     | 1.33e+03 |
| time/              |          |
|    episodes        | 1592     |
|    fps             | 2129     |
|    time_elapsed    | 1441     |
|    total_timesteps | 3070144  |
| train/             |          |
|    actor_loss      | -0.511   |
|    critic_loss     | 0.000344 |
|    ent_coef        | 0.000204 |
|    ent_coef_loss   | 0.814    |
|    learning_rate   | 0.0003   |
|    n_updates       | 191821   |
---------------------------------
---------------------------------
| rollout/           |          |
|    ep_len_mean     | 2.48e+03 |
|    ep_rew_mean     | 1.28e+03 |
| time/              |          |
|    episodes        | 1596     |
|    fps             | 2129     |
|    time_elapsed    | 1443     |
|    total_timesteps | 3073152  |
| train/             |          |
|    actor_loss      | -0.536   |
|    critic_loss     | 0.000268 |
|    ent_coef        | 0.000201 |
|    ent_coef_loss   | -1.49    |
|    learning_rate   | 0.0003   |
|    n_updates       | 192009   |
---------------------------------
---------------------------------
| rollout/           |          |
|    ep_len_mean     | 2.54e+03 |
|    ep_rew_mean     | 1.4e+03  |
| time/              |          |
|    episodes        | 1600     |
|    fps             | 2129     |
|    time_elapsed    | 1444     |
|    total_timesteps | 3077184  |
| train/             |          |
|    actor_loss      | -0.516   |
|    critic_loss     | 0.000614 |
|    ent_coef        | 0.000203 |
|    ent_coef_loss   | 3.41     |
|    learning_rate   | 0.0003   |
|    n_updates       | 192261   |
---------------------------------
---------------------------------
| rollout/           |          |
|    ep_len_mean     | 2.71e+03 |
|    ep_rew_mean     | 1.27e+03 |
| time/              |          |
|    episodes        | 1604     |
|    fps             | 2130     |
|    time_elapsed    | 1456     |
|    total_timesteps | 3101312  |
| train/             |          |
|    actor_loss      | -0.501   |
|    critic_loss     | 0.000307 |
|    ent_coef        | 0.000212 |
|    ent_coef_loss   | -2.13    |
|    learning_rate   | 0.0003   |
|    n_updates       | 193769   |
---------------------------------
---------------------------------
| rollout/           |          |
|    ep_len_mean     | 2.8e+03  |
|    ep_rew_mean     | 1.34e+03 |
| time/              |          |
|    episodes        | 1608     |
|    fps             | 2130     |
|    time_elapsed    | 1459     |
|    total_timesteps | 3109856  |
| train/             |          |
|    actor_loss      | -0.489   |
|    critic_loss     | 0.00352  |
|    ent_coef        | 0.000222 |
|    ent_coef_loss   | -2.15    |
|    learning_rate   | 0.0003   |
|    n_updates       | 194303   |
---------------------------------
---------------------------------
| rollout/           |          |
|    ep_len_mean     | 2.82e+03 |
|    ep_rew_mean     | 1.23e+03 |
| time/              |          |
|    episodes        | 1612     |
|    fps             | 2130     |
|    time_elapsed    | 1467     |
|    total_timesteps | 3125968  |
| train/             |          |
|    actor_loss      | -0.528   |
|    critic_loss     | 0.012    |
|    ent_coef        | 0.000214 |
|    ent_coef_loss   | 1.98     |
|    learning_rate   | 0.0003   |
|    n_updates       | 195310   |
---------------------------------
---------------------------------
| rollout/           |          |
|    ep_len_mean     | 2.87e+03 |
|    ep_rew_mean     | 1.08e+03 |
| time/              |          |
|    episodes        | 1616     |
|    fps             | 2130     |
|    time_elapsed    | 1483     |
|    total_timesteps | 3161168  |
| train/             |          |
|    actor_loss      | -0.451   |
|    critic_loss     | 0.000578 |
|    ent_coef        | 0.000236 |
|    ent_coef_loss   | -2.11    |
|    learning_rate   | 0.0003   |
|    n_updates       | 197510   |
---------------------------------
---------------------------------
| rollout/           |          |
|    ep_len_mean     | 2.93e+03 |
|    ep_rew_mean     | 833      |
| time/              |          |
|    episodes        | 1620     |
|    fps             | 2131     |
|    time_elapsed    | 1495     |
|    total_timesteps | 3186704  |
| train/             |          |
|    actor_loss      | -0.491   |
|    critic_loss     | 0.000295 |
|    ent_coef        | 0.000249 |
|    ent_coef_loss   | -3.66    |
|    learning_rate   | 0.0003   |
|    n_updates       | 199106   |
---------------------------------
---------------------------------
| rollout/           |          |
|    ep_len_mean     | 2.88e+03 |
|    ep_rew_mean     | 789      |
| time/              |          |
|    episodes        | 1624     |
|    fps             | 2131     |
|    time_elapsed    | 1497     |
|    total_timesteps | 3191664  |
| train/             |          |
|    actor_loss      | -0.483   |
|    critic_loss     | 0.000451 |
|    ent_coef        | 0.000264 |
|    ent_coef_loss   | -0.614   |
|    learning_rate   | 0.0003   |
|    n_updates       | 199416   |
---------------------------------
---------------------------------
| rollout/           |          |
|    ep_len_mean     | 2.86e+03 |
|    ep_rew_mean     | 775      |
| time/              |          |
|    episodes        | 1628     |
|    fps             | 2131     |
|    time_elapsed    | 1506     |
|    total_timesteps | 3212016  |
| train/             |          |
|    actor_loss      | -0.456   |
|    critic_loss     | 0.000323 |
|    ent_coef        | 0.000231 |
|    ent_coef_loss   | -2.57    |
|    learning_rate   | 0.0003   |
|    n_updates       | 200688   |
---------------------------------
---------------------------------
| rollout/           |          |
|    ep_len_mean     | 2.86e+03 |
|    ep_rew_mean     | 742      |
| time/              |          |
|    episodes        | 1632     |
|    fps             | 2131     |
|    time_elapsed    | 1508     |
|    total_timesteps | 3215248  |
| train/             |          |
|    actor_loss      | -0.412   |
|    critic_loss     | 0.000813 |
|    ent_coef        | 0.000231 |
|    ent_coef_loss   | -0.859   |
|    learning_rate   | 0.0003   |
|    n_updates       | 200890   |
---------------------------------
---------------------------------
| rollout/           |          |
|    ep_len_mean     | 3.03e+03 |
|    ep_rew_mean     | 635      |
| time/              |          |
|    episodes        | 1636     |
|    fps             | 2131     |
|    time_elapsed    | 1508     |
|    total_timesteps | 3215760  |
| train/             |          |
|    actor_loss      | -0.432   |
|    critic_loss     | 0.000323 |
|    ent_coef        | 0.000229 |
|    ent_coef_loss   | 1.2      |
|    learning_rate   | 0.0003   |
|    n_updates       | 200922   |
---------------------------------
---------------------------------
| rollout/           |          |
|    ep_len_mean     | 2.96e+03 |
|    ep_rew_mean     | 647      |
| time/              |          |
|    episodes        | 1640     |
|    fps             | 2131     |
|    time_elapsed    | 1515     |
|    total_timesteps | 3230320  |
| train/             |          |
|    actor_loss      | -0.438   |
|    critic_loss     | 0.00016  |
|    ent_coef        | 0.000232 |
|    ent_coef_loss   | -0.448   |
|    learning_rate   | 0.0003   |
|    n_updates       | 201832   |
---------------------------------
---------------------------------
| rollout/           |          |
|    ep_len_mean     | 3.05e+03 |
|    ep_rew_mean     | 591      |
| time/              |          |
|    episodes        | 1644     |
|    fps             | 2131     |
|    time_elapsed    | 1518     |
|    total_timesteps | 3237776  |
| train/             |          |
|    actor_loss      | -0.452   |
|    critic_loss     | 0.000327 |
|    ent_coef        | 0.000238 |
|    ent_coef_loss   | -2.12    |
|    learning_rate   | 0.0003   |
|    n_updates       | 202298   |
---------------------------------
---------------------------------
| rollout/           |          |
|    ep_len_mean     | 2.99e+03 |
|    ep_rew_mean     | 545      |
| time/              |          |
|    episodes        | 1648     |
|    fps             | 2131     |
|    time_elapsed    | 1522     |
|    total_timesteps | 3246032  |
| train/             |          |
|    actor_loss      | -0.482   |
|    critic_loss     | 0.000376 |
|    ent_coef        | 0.00023  |
|    ent_coef_loss   | -0.0837  |
|    learning_rate   | 0.0003   |
|    n_updates       | 202814   |
---------------------------------
---------------------------------
| rollout/           |          |
|    ep_len_mean     | 2.95e+03 |
|    ep_rew_mean     | 514      |
| time/              |          |
|    episodes        | 1652     |
|    fps             | 2129     |
|    time_elapsed    | 1529     |
|    total_timesteps | 3256240  |
| train/             |          |
|    actor_loss      | -0.522   |
|    critic_loss     | 0.000527 |
|    ent_coef        | 0.000248 |
|    ent_coef_loss   | 0.335    |
|    learning_rate   | 0.0003   |
|    n_updates       | 203452   |
---------------------------------
---------------------------------
| rollout/           |          |
|    ep_len_mean     | 2.79e+03 |
|    ep_rew_mean     | 616      |
| time/              |          |
|    episodes        | 1656     |
|    fps             | 2129     |
|    time_elapsed    | 1532     |
|    total_timesteps | 3262640  |
| train/             |          |
|    actor_loss      | -0.479   |
|    critic_loss     | 0.000452 |
|    ent_coef        | 0.000238 |
|    ent_coef_loss   | 1.36     |
|    learning_rate   | 0.0003   |
|    n_updates       | 203852   |
---------------------------------
---------------------------------
| rollout/           |          |
|    ep_len_mean     | 2.72e+03 |
|    ep_rew_mean     | 551      |
| time/              |          |
|    episodes        | 1660     |
|    fps             | 2129     |
|    time_elapsed    | 1533     |
|    total_timesteps | 3265552  |
| train/             |          |
|    actor_loss      | -0.489   |
|    critic_loss     | 0.000231 |
|    ent_coef        | 0.000241 |
|    ent_coef_loss   | -1.25    |
|    learning_rate   | 0.0003   |
|    n_updates       | 204034   |
---------------------------------
---------------------------------
| rollout/           |          |
|    ep_len_mean     | 2.68e+03 |
|    ep_rew_mean     | 511      |
| time/              |          |
|    episodes        | 1664     |
|    fps             | 2129     |
|    time_elapsed    | 1534     |
|    total_timesteps | 3267408  |
| train/             |          |
|    actor_loss      | -0.465   |
|    critic_loss     | 0.000355 |
|    ent_coef        | 0.000239 |
|    ent_coef_loss   | 1.27     |
|    learning_rate   | 0.0003   |
|    n_updates       | 204150   |
---------------------------------
---------------------------------
| rollout/           |          |
|    ep_len_mean     | 2.75e+03 |
|    ep_rew_mean     | 597      |
| time/              |          |
|    episodes        | 1668     |
|    fps             | 2129     |
|    time_elapsed    | 1546     |
|    total_timesteps | 3293728  |
| train/             |          |
|    actor_loss      | -0.462   |
|    critic_loss     | 0.000245 |
|    ent_coef        | 0.000217 |
|    ent_coef_loss   | -2.94    |
|    learning_rate   | 0.0003   |
|    n_updates       | 205795   |
---------------------------------
---------------------------------
| rollout/           |          |
|    ep_len_mean     | 2.8e+03  |
|    ep_rew_mean     | 693      |
| time/              |          |
|    episodes        | 1672     |
|    fps             | 2129     |
|    time_elapsed    | 1547     |
|    total_timesteps | 3296528  |
| train/             |          |
|    actor_loss      | -0.451   |
|    critic_loss     | 0.00174  |
|    ent_coef        | 0.000215 |
|    ent_coef_loss   | -0.123   |
|    learning_rate   | 0.0003   |
|    n_updates       | 205970   |
---------------------------------
---------------------------------
| rollout/           |          |
|    ep_len_mean     | 2.82e+03 |
|    ep_rew_mean     | 798      |
| time/              |          |
|    episodes        | 1676     |
|    fps             | 2129     |
|    time_elapsed    | 1548     |
|    total_timesteps | 3297552  |
| train/             |          |
|    actor_loss      | -0.437   |
|    critic_loss     | 0.000295 |
|    ent_coef        | 0.00021  |
|    ent_coef_loss   | -1.12    |
|    learning_rate   | 0.0003   |
|    n_updates       | 206034   |
---------------------------------
---------------------------------
| rollout/           |          |
|    ep_len_mean     | 3.02e+03 |
|    ep_rew_mean     | 814      |
| time/              |          |
|    episodes        | 1680     |
|    fps             | 2130     |
|    time_elapsed    | 1564     |
|    total_timesteps | 3333792  |
| train/             |          |
|    actor_loss      | -0.51    |
|    critic_loss     | 0.000107 |
|    ent_coef        | 0.000212 |
|    ent_coef_loss   | -0.547   |
|    learning_rate   | 0.0003   |
|    n_updates       | 208299   |
---------------------------------
---------------------------------
| rollout/           |          |
|    ep_len_mean     | 3.3e+03  |
|    ep_rew_mean     | 744      |
| time/              |          |
|    episodes        | 1684     |
|    fps             | 2130     |
|    time_elapsed    | 1565     |
|    total_timesteps | 3334944  |
| train/             |          |
|    actor_loss      | -0.46    |
|    critic_loss     | 0.000449 |
|    ent_coef        | 0.000212 |
|    ent_coef_loss   | 1.57     |
|    learning_rate   | 0.0003   |
|    n_updates       | 208371   |
---------------------------------
---------------------------------
| rollout/           |          |
|    ep_len_mean     | 3.16e+03 |
|    ep_rew_mean     | 685      |
| time/              |          |
|    episodes        | 1688     |
|    fps             | 2130     |
|    time_elapsed    | 1572     |
|    total_timesteps | 3349968  |
| train/             |          |
|    actor_loss      | -0.493   |
|    critic_loss     | 0.000104 |
|    ent_coef        | 0.000213 |
|    ent_coef_loss   | 0.491    |
|    learning_rate   | 0.0003   |
|    n_updates       | 209310   |
---------------------------------
---------------------------------
| rollout/           |          |
|    ep_len_mean     | 3.05e+03 |
|    ep_rew_mean     | 668      |
| time/              |          |
|    episodes        | 1692     |
|    fps             | 2130     |
|    time_elapsed    | 1574     |
|    total_timesteps | 3355504  |
| train/             |          |
|    actor_loss      | -0.458   |
|    critic_loss     | 0.000766 |
|    ent_coef        | 0.000216 |
|    ent_coef_loss   | 0.461    |
|    learning_rate   | 0.0003   |
|    n_updates       | 209656   |
---------------------------------
---------------------------------
| rollout/           |          |
|    ep_len_mean     | 2.95e+03 |
|    ep_rew_mean     | 676      |
| time/              |          |
|    episodes        | 1696     |
|    fps             | 2129     |
|    time_elapsed    | 1582     |
|    total_timesteps | 3369344  |
| train/             |          |
|    actor_loss      | -0.427   |
|    critic_loss     | 0.000269 |
|    ent_coef        | 0.000225 |
|    ent_coef_loss   | 0.385    |
|    learning_rate   | 0.0003   |
|    n_updates       | 210521   |
---------------------------------
---------------------------------
| rollout/           |          |
|    ep_len_mean     | 2.94e+03 |
|    ep_rew_mean     | 599      |
| time/              |          |
|    episodes        | 1700     |
|    fps             | 2129     |
|    time_elapsed    | 1587     |
|    total_timesteps | 3379424  |
| train/             |          |
|    actor_loss      | -0.465   |
|    critic_loss     | 0.000461 |
|    ent_coef        | 0.000214 |
|    ent_coef_loss   | -0.0516  |
|    learning_rate   | 0.0003   |
|    n_updates       | 211151   |
---------------------------------
---------------------------------
| rollout/           |          |
|    ep_len_mean     | 2.85e+03 |
|    ep_rew_mean     | 616      |
| time/              |          |
|    episodes        | 1704     |
|    fps             | 2129     |
|    time_elapsed    | 1595     |
|    total_timesteps | 3397120  |
| train/             |          |
|    actor_loss      | -0.376   |
|    critic_loss     | 0.0416   |
|    ent_coef        | 0.000221 |
|    ent_coef_loss   | 1.97     |
|    learning_rate   | 0.0003   |
|    n_updates       | 212257   |
---------------------------------
---------------------------------
| rollout/           |          |
|    ep_len_mean     | 2.88e+03 |
|    ep_rew_mean     | 415      |
| time/              |          |
|    episodes        | 1708     |
|    fps             | 2129     |
|    time_elapsed    | 1596     |
|    total_timesteps | 3399632  |
| train/             |          |
|    actor_loss      | -0.426   |
|    critic_loss     | 0.000263 |
|    ent_coef        | 0.000216 |
|    ent_coef_loss   | 1.69     |
|    learning_rate   | 0.0003   |
|    n_updates       | 212414   |
---------------------------------
---------------------------------
| rollout/           |          |
|    ep_len_mean     | 2.81e+03 |
|    ep_rew_mean     | 430      |
| time/              |          |
|    episodes        | 1712     |
|    fps             | 2129     |
|    time_elapsed    | 1596     |
|    total_timesteps | 3400544  |
| train/             |          |
|    actor_loss      | -0.387   |
|    critic_loss     | 0.00025  |
|    ent_coef        | 0.000224 |
|    ent_coef_loss   | 11.4     |
|    learning_rate   | 0.0003   |
|    n_updates       | 212471   |
---------------------------------
---------------------------------
| rollout/           |          |
|    ep_len_mean     | 2.7e+03  |
|    ep_rew_mean     | 439      |
| time/              |          |
|    episodes        | 1716     |
|    fps             | 2129     |
|    time_elapsed    | 1597     |
|    total_timesteps | 3401264  |
| train/             |          |
|    actor_loss      | -0.445   |
|    critic_loss     | 0.000193 |
|    ent_coef        | 0.000227 |
|    ent_coef_loss   | -2.23    |
|    learning_rate   | 0.0003   |
|    n_updates       | 212516   |
---------------------------------
---------------------------------
| rollout/           |          |
|    ep_len_mean     | 2.57e+03 |
|    ep_rew_mean     | 549      |
| time/              |          |
|    episodes        | 1720     |
|    fps             | 2129     |
|    time_elapsed    | 1608     |
|    total_timesteps | 3425968  |
| train/             |          |
|    actor_loss      | -0.46    |
|    critic_loss     | 0.000606 |
|    ent_coef        | 0.00021  |
|    ent_coef_loss   | -0.313   |
|    learning_rate   | 0.0003   |
|    n_updates       | 214060   |
---------------------------------
---------------------------------
| rollout/           |          |
|    ep_len_mean     | 2.64e+03 |
|    ep_rew_mean     | 553      |
| time/              |          |
|    episodes        | 1724     |
|    fps             | 2129     |
|    time_elapsed    | 1613     |
|    total_timesteps | 3435936  |
| train/             |          |
|    actor_loss      | -0.448   |
|    critic_loss     | 0.000431 |
|    ent_coef        | 0.000214 |
|    ent_coef_loss   | -1.91    |
|    learning_rate   | 0.0003   |
|    n_updates       | 214683   |
---------------------------------
---------------------------------
| rollout/           |          |
|    ep_len_mean     | 2.64e+03 |
|    ep_rew_mean     | 605      |
| time/              |          |
|    episodes        | 1728     |
|    fps             | 2130     |
|    time_elapsed    | 1615     |
|    total_timesteps | 3442160  |
| train/             |          |
|    actor_loss      | -0.433   |
|    critic_loss     | 0.000192 |
|    ent_coef        | 0.000215 |
|    ent_coef_loss   | -1.33    |
|    learning_rate   | 0.0003   |
|    n_updates       | 215072   |
---------------------------------
---------------------------------
| rollout/           |          |
|    ep_len_mean     | 2.62e+03 |
|    ep_rew_mean     | 580      |
| time/              |          |
|    episodes        | 1732     |
|    fps             | 2130     |
|    time_elapsed    | 1619     |
|    total_timesteps | 3448752  |
| train/             |          |
|    actor_loss      | -0.48    |
|    critic_loss     | 0.000139 |
|    ent_coef        | 0.000223 |
|    ent_coef_loss   | 3.53     |
|    learning_rate   | 0.0003   |
|    n_updates       | 215484   |
---------------------------------
---------------------------------
| rollout/           |          |
|    ep_len_mean     | 2.42e+03 |
|    ep_rew_mean     | 644      |
| time/              |          |
|    episodes        | 1736     |
|    fps             | 2130     |
|    time_elapsed    | 1621     |
|    total_timesteps | 3455232  |
| train/             |          |
|    actor_loss      | -0.444   |
|    critic_loss     | 0.00089  |
|    ent_coef        | 0.000229 |
|    ent_coef_loss   | 0.177    |
|    learning_rate   | 0.0003   |
|    n_updates       | 215889   |
---------------------------------
---------------------------------
| rollout/           |          |
|    ep_len_mean     | 2.37e+03 |
|    ep_rew_mean     | 603      |
| time/              |          |
|    episodes        | 1740     |
|    fps             | 2130     |
|    time_elapsed    | 1626     |
|    total_timesteps | 3464032  |
| train/             |          |
|    actor_loss      | -0.471   |
|    critic_loss     | 0.174    |
|    ent_coef        | 0.000213 |
|    ent_coef_loss   | -2.91    |
|    learning_rate   | 0.0003   |
|    n_updates       | 216439   |
---------------------------------
---------------------------------
| rollout/           |          |
|    ep_len_mean     | 2.36e+03 |
|    ep_rew_mean     | 743      |
| time/              |          |
|    episodes        | 1744     |
|    fps             | 2130     |
|    time_elapsed    | 1632     |
|    total_timesteps | 3478256  |
| train/             |          |
|    actor_loss      | -0.425   |
|    critic_loss     | 0.000221 |
|    ent_coef        | 0.000207 |
|    ent_coef_loss   | -0.0265  |
|    learning_rate   | 0.0003   |
|    n_updates       | 217328   |
---------------------------------
---------------------------------
| rollout/           |          |
|    ep_len_mean     | 2.41e+03 |
|    ep_rew_mean     | 754      |
| time/              |          |
|    episodes        | 1748     |
|    fps             | 2130     |
|    time_elapsed    | 1635     |
|    total_timesteps | 3485504  |
| train/             |          |
|    actor_loss      | -0.486   |
|    critic_loss     | 0.000548 |
|    ent_coef        | 0.000214 |
|    ent_coef_loss   | -2.1     |
|    learning_rate   | 0.0003   |
|    n_updates       | 217781   |
---------------------------------
---------------------------------
| rollout/           |          |
|    ep_len_mean     | 2.45e+03 |
|    ep_rew_mean     | 761      |
| time/              |          |
|    episodes        | 1752     |
|    fps             | 2130     |
|    time_elapsed    | 1638     |
|    total_timesteps | 3491488  |
| train/             |          |
|    actor_loss      | -0.445   |
|    critic_loss     | 0.000168 |
|    ent_coef        | 0.000215 |
|    ent_coef_loss   | 1.13     |
|    learning_rate   | 0.0003   |
|    n_updates       | 218155   |
---------------------------------
---------------------------------
| rollout/           |          |
|    ep_len_mean     | 2.54e+03 |
|    ep_rew_mean     | 798      |
| time/              |          |
|    episodes        | 1756     |
|    fps             | 2130     |
|    time_elapsed    | 1641     |
|    total_timesteps | 3497008  |
| train/             |          |
|    actor_loss      | -0.438   |
|    critic_loss     | 0.00362  |
|    ent_coef        | 0.000216 |
|    ent_coef_loss   | 0.671    |
|    learning_rate   | 0.0003   |
|    n_updates       | 218500   |
---------------------------------
---------------------------------
| rollout/           |          |
|    ep_len_mean     | 2.6e+03  |
|    ep_rew_mean     | 860      |
| time/              |          |
|    episodes        | 1760     |
|    fps             | 2131     |
|    time_elapsed    | 1642     |
|    total_timesteps | 3501056  |
| train/             |          |
|    actor_loss      | -0.505   |
|    critic_loss     | 0.000146 |
|    ent_coef        | 0.000214 |
|    ent_coef_loss   | 1.36     |
|    learning_rate   | 0.0003   |
|    n_updates       | 218753   |
---------------------------------
---------------------------------
| rollout/           |          |
|    ep_len_mean     | 2.62e+03 |
|    ep_rew_mean     | 897      |
| time/              |          |
|    episodes        | 1764     |
|    fps             | 2131     |
|    time_elapsed    | 1648     |
|    total_timesteps | 3514048  |
| train/             |          |
|    actor_loss      | -0.465   |
|    critic_loss     | 0.00021  |
|    ent_coef        | 0.000227 |
|    ent_coef_loss   | 2.84     |
|    learning_rate   | 0.0003   |
|    n_updates       | 219565   |
---------------------------------
---------------------------------
| rollout/           |          |
|    ep_len_mean     | 2.58e+03 |
|    ep_rew_mean     | 867      |
| time/              |          |
|    episodes        | 1768     |
|    fps             | 2131     |
|    time_elapsed    | 1651     |
|    total_timesteps | 3519216  |
| train/             |          |
|    actor_loss      | -0.514   |
|    critic_loss     | 0.000345 |
|    ent_coef        | 0.000214 |
|    ent_coef_loss   | -0.922   |
|    learning_rate   | 0.0003   |
|    n_updates       | 219888   |
---------------------------------
---------------------------------
| rollout/           |          |
|    ep_len_mean     | 2.58e+03 |
|    ep_rew_mean     | 830      |
| time/              |          |
|    episodes        | 1772     |
|    fps             | 2131     |
|    time_elapsed    | 1655     |
|    total_timesteps | 3529008  |
| train/             |          |
|    actor_loss      | -0.431   |
|    critic_loss     | 0.000535 |
|    ent_coef        | 0.00021  |
|    ent_coef_loss   | 0.163    |
|    learning_rate   | 0.0003   |
|    n_updates       | 220500   |
---------------------------------
---------------------------------
| rollout/           |          |
|    ep_len_mean     | 2.57e+03 |
|    ep_rew_mean     | 749      |
| time/              |          |
|    episodes        | 1776     |
|    fps             | 2131     |
|    time_elapsed    | 1659     |
|    total_timesteps | 3536704  |
| train/             |          |
|    actor_loss      | -0.422   |
|    critic_loss     | 0.00142  |
|    ent_coef        | 0.000207 |
|    ent_coef_loss   | -1.2     |
|    learning_rate   | 0.0003   |
|    n_updates       | 220981   |
---------------------------------
---------------------------------
| rollout/           |          |
|    ep_len_mean     | 2.43e+03 |
|    ep_rew_mean     | 804      |
| time/              |          |
|    episodes        | 1780     |
|    fps             | 2131     |
|    time_elapsed    | 1668     |
|    total_timesteps | 3556640  |
| train/             |          |
|    actor_loss      | -0.485   |
|    critic_loss     | 0.000823 |
|    ent_coef        | 0.000209 |
|    ent_coef_loss   | -0.336   |
|    learning_rate   | 0.0003   |
|    n_updates       | 222227   |
---------------------------------
---------------------------------
| rollout/           |          |
|    ep_len_mean     | 2.24e+03 |
|    ep_rew_mean     | 974      |
| time/              |          |
|    episodes        | 1784     |
|    fps             | 2132     |
|    time_elapsed    | 1670     |
|    total_timesteps | 3562384  |
| train/             |          |
|    actor_loss      | -0.432   |
|    critic_loss     | 0.000619 |
|    ent_coef        | 0.000209 |
|    ent_coef_loss   | 0.0303   |
|    learning_rate   | 0.0003   |
|    n_updates       | 222586   |
---------------------------------
---------------------------------
| rollout/           |          |
|    ep_len_mean     | 2.27e+03 |
|    ep_rew_mean     | 1.09e+03 |
| time/              |          |
|    episodes        | 1788     |
|    fps             | 2132     |
|    time_elapsed    | 1684     |
|    total_timesteps | 3591664  |
| train/             |          |
|    actor_loss      | -0.463   |
|    critic_loss     | 0.0017   |
|    ent_coef        | 0.000233 |
|    ent_coef_loss   | 0.738    |
|    learning_rate   | 0.0003   |
|    n_updates       | 224416   |
---------------------------------
---------------------------------
| rollout/           |          |
|    ep_len_mean     | 2.36e+03 |
|    ep_rew_mean     | 1.14e+03 |
| time/              |          |
|    episodes        | 1792     |
|    fps             | 2133     |
|    time_elapsed    | 1692     |
|    total_timesteps | 3610272  |
| train/             |          |
|    actor_loss      | -0.426   |
|    critic_loss     | 0.00019  |
|    ent_coef        | 0.000241 |
|    ent_coef_loss   | 1.9      |
|    learning_rate   | 0.0003   |
|    n_updates       | 225579   |
---------------------------------
---------------------------------
| rollout/           |          |
|    ep_len_mean     | 2.52e+03 |
|    ep_rew_mean     | 1.25e+03 |
| time/              |          |
|    episodes        | 1796     |
|    fps             | 2133     |
|    time_elapsed    | 1696     |
|    total_timesteps | 3618464  |
| train/             |          |
|    actor_loss      | -0.486   |
|    critic_loss     | 0.00037  |
|    ent_coef        | 0.0003   |
|    ent_coef_loss   | 0.888    |
|    learning_rate   | 0.0003   |
|    n_updates       | 226091   |
---------------------------------
---------------------------------
| rollout/           |          |
|    ep_len_mean     | 2.56e+03 |
|    ep_rew_mean     | 1.24e+03 |
| time/              |          |
|    episodes        | 1800     |
|    fps             | 2133     |
|    time_elapsed    | 1700     |
|    total_timesteps | 3628832  |
| train/             |          |
|    actor_loss      | -0.496   |
|    critic_loss     | 0.00135  |
|    ent_coef        | 0.000343 |
|    ent_coef_loss   | 2.11     |
|    learning_rate   | 0.0003   |
|    n_updates       | 226739   |
---------------------------------
---------------------------------
| rollout/           |          |
|    ep_len_mean     | 2.54e+03 |
|    ep_rew_mean     | 1.37e+03 |
| time/              |          |
|    episodes        | 1804     |
|    fps             | 2133     |
|    time_elapsed    | 1704     |
|    total_timesteps | 3636720  |
| train/             |          |
|    actor_loss      | -0.488   |
|    critic_loss     | 0.000372 |
|    ent_coef        | 0.000349 |
|    ent_coef_loss   | 1.8      |
|    learning_rate   | 0.0003   |
|    n_updates       | 227232   |
---------------------------------
---------------------------------
| rollout/           |          |
|    ep_len_mean     | 2.55e+03 |
|    ep_rew_mean     | 1.66e+03 |
| time/              |          |
|    episodes        | 1808     |
|    fps             | 2133     |
|    time_elapsed    | 1706     |
|    total_timesteps | 3641472  |
| train/             |          |
|    actor_loss      | -0.512   |
|    critic_loss     | 0.004    |
|    ent_coef        | 0.00033  |
|    ent_coef_loss   | -3.8     |
|    learning_rate   | 0.0003   |
|    n_updates       | 227529   |
---------------------------------
---------------------------------
| rollout/           |          |
|    ep_len_mean     | 2.6e+03  |
|    ep_rew_mean     | 1.68e+03 |
| time/              |          |
|    episodes        | 1812     |
|    fps             | 2134     |
|    time_elapsed    | 1715     |
|    total_timesteps | 3661472  |
| train/             |          |
|    actor_loss      | -0.471   |
|    critic_loss     | 0.000311 |
|    ent_coef        | 0.000254 |
|    ent_coef_loss   | -3.96    |
|    learning_rate   | 0.0003   |
|    n_updates       | 228779   |
---------------------------------
---------------------------------
| rollout/           |          |
|    ep_len_mean     | 2.59e+03 |
|    ep_rew_mean     | 1.66e+03 |
| time/              |          |
|    episodes        | 1816     |
|    fps             | 2134     |
|    time_elapsed    | 1717     |
|    total_timesteps | 3665824  |
| train/             |          |
|    actor_loss      | -0.505   |
|    critic_loss     | 0.000502 |
|    ent_coef        | 0.00024  |
|    ent_coef_loss   | -3.31    |
|    learning_rate   | 0.0003   |
|    n_updates       | 229051   |
---------------------------------
---------------------------------
| rollout/           |          |
|    ep_len_mean     | 2.65e+03 |
|    ep_rew_mean     | 1.55e+03 |
| time/              |          |
|    episodes        | 1820     |
|    fps             | 2134     |
|    time_elapsed    | 1726     |
|    total_timesteps | 3684672  |
| train/             |          |
|    actor_loss      | -0.458   |
|    critic_loss     | 0.00192  |
|    ent_coef        | 0.000223 |
|    ent_coef_loss   | -0.423   |
|    learning_rate   | 0.0003   |
|    n_updates       | 230229   |
---------------------------------
---------------------------------
| rollout/           |          |
|    ep_len_mean     | 2.64e+03 |
|    ep_rew_mean     | 1.46e+03 |
| time/              |          |
|    episodes        | 1824     |
|    fps             | 2134     |
|    time_elapsed    | 1729     |
|    total_timesteps | 3692192  |
| train/             |          |
|    actor_loss      | -0.489   |
|    critic_loss     | 0.00257  |
|    ent_coef        | 0.000223 |
|    ent_coef_loss   | 0.731    |
|    learning_rate   | 0.0003   |
|    n_updates       | 230699   |
---------------------------------
---------------------------------
| rollout/           |          |
|    ep_len_mean     | 2.56e+03 |
|    ep_rew_mean     | 1.39e+03 |
| time/              |          |
|    episodes        | 1828     |
|    fps             | 2134     |
|    time_elapsed    | 1736     |
|    total_timesteps | 3707744  |
| train/             |          |
|    actor_loss      | -0.452   |
|    critic_loss     | 0.000189 |
|    ent_coef        | 0.000239 |
|    ent_coef_loss   | 1.63     |
|    learning_rate   | 0.0003   |
|    n_updates       | 231671   |
---------------------------------
---------------------------------
| rollout/           |          |
|    ep_len_mean     | 2.56e+03 |
|    ep_rew_mean     | 1.45e+03 |
| time/              |          |
|    episodes        | 1832     |
|    fps             | 2135     |
|    time_elapsed    | 1740     |
|    total_timesteps | 3716208  |
| train/             |          |
|    actor_loss      | -0.468   |
|    critic_loss     | 0.000217 |
|    ent_coef        | 0.000237 |
|    ent_coef_loss   | 0.773    |
|    learning_rate   | 0.0003   |
|    n_updates       | 232200   |
---------------------------------
---------------------------------
| rollout/           |          |
|    ep_len_mean     | 2.64e+03 |
|    ep_rew_mean     | 1.42e+03 |
| time/              |          |
|    episodes        | 1836     |
|    fps             | 2133     |
|    time_elapsed    | 1746     |
|    total_timesteps | 3726816  |
| train/             |          |
|    actor_loss      | -0.47    |
|    critic_loss     | 0.000134 |
|    ent_coef        | 0.000226 |
|    ent_coef_loss   | -2.26    |
|    learning_rate   | 0.0003   |
|    n_updates       | 232863   |
---------------------------------
---------------------------------
| rollout/           |          |
|    ep_len_mean     | 2.73e+03 |
|    ep_rew_mean     | 1.32e+03 |
| time/              |          |
|    episodes        | 1840     |
|    fps             | 2133     |
|    time_elapsed    | 1755     |
|    total_timesteps | 3745456  |
| train/             |          |
|    actor_loss      | -0.464   |
|    critic_loss     | 0.00156  |
|    ent_coef        | 0.000207 |
|    ent_coef_loss   | -0.33    |
|    learning_rate   | 0.0003   |
|    n_updates       | 234028   |
---------------------------------
---------------------------------
| rollout/           |          |
|    ep_len_mean     | 2.68e+03 |
|    ep_rew_mean     | 1.22e+03 |
| time/              |          |
|    episodes        | 1844     |
|    fps             | 2133     |
|    time_elapsed    | 1761     |
|    total_timesteps | 3758032  |
| train/             |          |
|    actor_loss      | -0.468   |
|    critic_loss     | 0.00015  |
|    ent_coef        | 0.000196 |
|    ent_coef_loss   | -1.02    |
|    learning_rate   | 0.0003   |
|    n_updates       | 234814   |
---------------------------------
---------------------------------
| rollout/           |          |
|    ep_len_mean     | 2.76e+03 |
|    ep_rew_mean     | 1.14e+03 |
| time/              |          |
|    episodes        | 1848     |
|    fps             | 2134     |
|    time_elapsed    | 1769     |
|    total_timesteps | 3777024  |
| train/             |          |
|    actor_loss      | -0.485   |
|    critic_loss     | 0.00104  |
|    ent_coef        | 0.000195 |
|    ent_coef_loss   | -2.63    |
|    learning_rate   | 0.0003   |
|    n_updates       | 236001   |
---------------------------------
---------------------------------
| rollout/           |          |
|    ep_len_mean     | 2.86e+03 |
|    ep_rew_mean     | 951      |
| time/              |          |
|    episodes        | 1852     |
|    fps             | 2134     |
|    time_elapsed    | 1769     |
|    total_timesteps | 3777184  |
| train/             |          |
|    actor_loss      | -0.411   |
|    critic_loss     | 0.000725 |
|    ent_coef        | 0.000195 |
|    ent_coef_loss   | -0.455   |
|    learning_rate   | 0.0003   |
|    n_updates       | 236011   |
---------------------------------
---------------------------------
| rollout/           |          |
|    ep_len_mean     | 2.86e+03 |
|    ep_rew_mean     | 831      |
| time/              |          |
|    episodes        | 1856     |
|    fps             | 2134     |
|    time_elapsed    | 1771     |
|    total_timesteps | 3781360  |
| train/             |          |
|    actor_loss      | -0.457   |
|    critic_loss     | 0.000171 |
|    ent_coef        | 0.000207 |
|    ent_coef_loss   | 1.29     |
|    learning_rate   | 0.0003   |
|    n_updates       | 236272   |
---------------------------------
---------------------------------
| rollout/           |          |
|    ep_len_mean     | 2.85e+03 |
|    ep_rew_mean     | 821      |
| time/              |          |
|    episodes        | 1860     |
|    fps             | 2134     |
|    time_elapsed    | 1782     |
|    total_timesteps | 3805168  |
| train/             |          |
|    actor_loss      | -0.411   |
|    critic_loss     | 0.00234  |
|    ent_coef        | 0.00021  |
|    ent_coef_loss   | -0.546   |
|    learning_rate   | 0.0003   |
|    n_updates       | 237760   |
---------------------------------
---------------------------------
| rollout/           |          |
|    ep_len_mean     | 2.91e+03 |
|    ep_rew_mean     | 782      |
| time/              |          |
|    episodes        | 1864     |
|    fps             | 2134     |
|    time_elapsed    | 1788     |
|    total_timesteps | 3817312  |
| train/             |          |
|    actor_loss      | -0.423   |
|    critic_loss     | 0.00491  |
|    ent_coef        | 0.000207 |
|    ent_coef_loss   | 0.0626   |
|    learning_rate   | 0.0003   |
|    n_updates       | 238519   |
---------------------------------
---------------------------------
| rollout/           |          |
|    ep_len_mean     | 2.96e+03 |
|    ep_rew_mean     | 736      |
| time/              |          |
|    episodes        | 1868     |
|    fps             | 2134     |
|    time_elapsed    | 1803     |
|    total_timesteps | 3849904  |
| train/             |          |
|    actor_loss      | -0.431   |
|    critic_loss     | 0.000415 |
|    ent_coef        | 0.000204 |
|    ent_coef_loss   | 3.25     |
|    learning_rate   | 0.0003   |
|    n_updates       | 240556   |
---------------------------------
---------------------------------
| rollout/           |          |
|    ep_len_mean     | 3.06e+03 |
|    ep_rew_mean     | 569      |
| time/              |          |
|    episodes        | 1872     |
|    fps             | 2134     |
|    time_elapsed    | 1806     |
|    total_timesteps | 3855264  |
| train/             |          |
|    actor_loss      | -0.416   |
|    critic_loss     | 0.000321 |
|    ent_coef        | 0.00021  |
|    ent_coef_loss   | -0.327   |
|    learning_rate   | 0.0003   |
|    n_updates       | 240891   |
---------------------------------
---------------------------------
| rollout/           |          |
|    ep_len_mean     | 3.11e+03 |
|    ep_rew_mean     | 535      |
| time/              |          |
|    episodes        | 1876     |
|    fps             | 2134     |
|    time_elapsed    | 1810     |
|    total_timesteps | 3865808  |
| train/             |          |
|    actor_loss      | -0.421   |
|    critic_loss     | 0.00279  |
|    ent_coef        | 0.000222 |
|    ent_coef_loss   | 0.648    |
|    learning_rate   | 0.0003   |
|    n_updates       | 241550   |
---------------------------------
---------------------------------
| rollout/           |          |
|    ep_len_mean     | 3.14e+03 |
|    ep_rew_mean     | 500      |
| time/              |          |
|    episodes        | 1880     |
|    fps             | 2134     |
|    time_elapsed    | 1812     |
|    total_timesteps | 3868400  |
| train/             |          |
|    actor_loss      | -0.417   |
|    critic_loss     | 0.00179  |
|    ent_coef        | 0.000231 |
|    ent_coef_loss   | 0.335    |
|    learning_rate   | 0.0003   |
|    n_updates       | 241712   |
---------------------------------
---------------------------------
| rollout/           |          |
|    ep_len_mean     | 3.18e+03 |
|    ep_rew_mean     | 385      |
| time/              |          |
|    episodes        | 1884     |
|    fps             | 2134     |
|    time_elapsed    | 1820     |
|    total_timesteps | 3886288  |
| train/             |          |
|    actor_loss      | -0.365   |
|    critic_loss     | 0.000212 |
|    ent_coef        | 0.000213 |
|    ent_coef_loss   | 0.0242   |
|    learning_rate   | 0.0003   |
|    n_updates       | 242830   |
---------------------------------
---------------------------------
| rollout/           |          |
|    ep_len_mean     | 3.23e+03 |
|    ep_rew_mean     | 207      |
| time/              |          |
|    episodes        | 1888     |
|    fps             | 2134     |
|    time_elapsed    | 1825     |
|    total_timesteps | 3895424  |
| train/             |          |
|    actor_loss      | -0.38    |
|    critic_loss     | 0.00941  |
|    ent_coef        | 0.000221 |
|    ent_coef_loss   | 1.78     |
|    learning_rate   | 0.0003   |
|    n_updates       | 243401   |
---------------------------------
---------------------------------
| rollout/           |          |
|    ep_len_mean     | 3.17e+03 |
|    ep_rew_mean     | 195      |
| time/              |          |
|    episodes        | 1892     |
|    fps             | 2134     |
|    time_elapsed    | 1831     |
|    total_timesteps | 3909024  |
| train/             |          |
|    actor_loss      | -0.396   |
|    critic_loss     | 0.000336 |
|    ent_coef        | 0.000227 |
|    ent_coef_loss   | -1.68    |
|    learning_rate   | 0.0003   |
|    n_updates       | 244251   |
---------------------------------
---------------------------------
| rollout/           |          |
|    ep_len_mean     | 3.08e+03 |
|    ep_rew_mean     | 148      |
| time/              |          |
|    episodes        | 1896     |
|    fps             | 2134     |
|    time_elapsed    | 1840     |
|    total_timesteps | 3928080  |
| train/             |          |
|    actor_loss      | -0.382   |
|    critic_loss     | 0.000935 |
|    ent_coef        | 0.000208 |
|    ent_coef_loss   | 0.825    |
|    learning_rate   | 0.0003   |
|    n_updates       | 245442   |
---------------------------------
---------------------------------
| rollout/           |          |
|    ep_len_mean     | 3.09e+03 |
|    ep_rew_mean     | 207      |
| time/              |          |
|    episodes        | 1900     |
|    fps             | 2134     |
|    time_elapsed    | 1846     |
|    total_timesteps | 3941344  |
| train/             |          |
|    actor_loss      | -0.385   |
|    critic_loss     | 0.000249 |
|    ent_coef        | 0.000217 |
|    ent_coef_loss   | -2.19    |
|    learning_rate   | 0.0003   |
|    n_updates       | 246271   |
---------------------------------
---------------------------------
| rollout/           |          |
|    ep_len_mean     | 3.06e+03 |
|    ep_rew_mean     | 196      |
| time/              |          |
|    episodes        | 1904     |
|    fps             | 2134     |
|    time_elapsed    | 1849     |
|    total_timesteps | 3946384  |
| train/             |          |
|    actor_loss      | -0.374   |
|    critic_loss     | 0.000157 |
|    ent_coef        | 0.000208 |
|    ent_coef_loss   | -2.38    |
|    learning_rate   | 0.0003   |
|    n_updates       | 246586   |
---------------------------------
---------------------------------
| rollout/           |          |
|    ep_len_mean     | 3.01e+03 |
|    ep_rew_mean     | 131      |
| time/              |          |
|    episodes        | 1908     |
|    fps             | 2134     |
|    time_elapsed    | 1851     |
|    total_timesteps | 3952448  |
| train/             |          |
|    actor_loss      | -0.392   |
|    critic_loss     | 0.00378  |
|    ent_coef        | 0.000208 |
|    ent_coef_loss   | -1.01    |
|    learning_rate   | 0.0003   |
|    n_updates       | 246965   |
---------------------------------
---------------------------------
| rollout/           |          |
|    ep_len_mean     | 3.09e+03 |
|    ep_rew_mean     | 132      |
| time/              |          |
|    episodes        | 1912     |
|    fps             | 2134     |
|    time_elapsed    | 1858     |
|    total_timesteps | 3966960  |
| train/             |          |
|    actor_loss      | -0.402   |
|    critic_loss     | 0.000262 |
|    ent_coef        | 0.000203 |
|    ent_coef_loss   | -2.88    |
|    learning_rate   | 0.0003   |
|    n_updates       | 247872   |
---------------------------------
---------------------------------
| rollout/           |          |
|    ep_len_mean     | 3.13e+03 |
|    ep_rew_mean     | 193      |
| time/              |          |
|    episodes        | 1916     |
|    fps             | 2134     |
|    time_elapsed    | 1866     |
|    total_timesteps | 3983984  |
| train/             |          |
|    actor_loss      | -0.372   |
|    critic_loss     | 0.000416 |
|    ent_coef        | 0.000198 |
|    ent_coef_loss   | -3.67    |
|    learning_rate   | 0.0003   |
|    n_updates       | 248936   |
---------------------------------
---------------------------------
| rollout/           |          |
|    ep_len_mean     | 3.06e+03 |
|    ep_rew_mean     | 243      |
| time/              |          |
|    episodes        | 1920     |
|    fps             | 2134     |
|    time_elapsed    | 1870     |
|    total_timesteps | 3991136  |
| train/             |          |
|    actor_loss      | -0.389   |
|    critic_loss     | 0.000195 |
|    ent_coef        | 0.000193 |
|    ent_coef_loss   | -1.14    |
|    learning_rate   | 0.0003   |
|    n_updates       | 249383   |
---------------------------------
---------------------------------
| rollout/           |          |
|    ep_len_mean     | 3.14e+03 |
|    ep_rew_mean     | 213      |
| time/              |          |
|    episodes        | 1924     |
|    fps             | 2134     |
|    time_elapsed    | 1892     |
|    total_timesteps | 4038960  |
| train/             |          |
|    actor_loss      | -0.375   |
|    critic_loss     | 0.000184 |
|    ent_coef        | 0.000181 |
|    ent_coef_loss   | 0.388    |
|    learning_rate   | 0.0003   |
|    n_updates       | 252372   |
---------------------------------
---------------------------------
| rollout/           |          |
|    ep_len_mean     | 3.26e+03 |
|    ep_rew_mean     | 243      |
| time/              |          |
|    episodes        | 1928     |
|    fps             | 2134     |
|    time_elapsed    | 1894     |
|    total_timesteps | 4043696  |
| train/             |          |
|    actor_loss      | -0.371   |
|    critic_loss     | 0.000349 |
|    ent_coef        | 0.000197 |
|    ent_coef_loss   | 3.07     |
|    learning_rate   | 0.0003   |
|    n_updates       | 252668   |
---------------------------------
---------------------------------
| rollout/           |          |
|    ep_len_mean     | 3.35e+03 |
|    ep_rew_mean     | 116      |
| time/              |          |
|    episodes        | 1932     |
|    fps             | 2134     |
|    time_elapsed    | 1897     |
|    total_timesteps | 4050304  |
| train/             |          |
|    actor_loss      | -0.32    |
|    critic_loss     | 0.000169 |
|    ent_coef        | 0.000208 |
|    ent_coef_loss   | 6.06     |
|    learning_rate   | 0.0003   |
|    n_updates       | 253081   |
---------------------------------
---------------------------------
| rollout/           |          |
|    ep_len_mean     | 3.39e+03 |
|    ep_rew_mean     | 182      |
| time/              |          |
|    episodes        | 1936     |
|    fps             | 2134     |
|    time_elapsed    | 1907     |
|    total_timesteps | 4071200  |
| train/             |          |
|    actor_loss      | -0.386   |
|    critic_loss     | 0.000118 |
|    ent_coef        | 0.000218 |
|    ent_coef_loss   | 0.273    |
|    learning_rate   | 0.0003   |
|    n_updates       | 254387   |
---------------------------------
---------------------------------
| rollout/           |          |
|    ep_len_mean     | 3.37e+03 |
|    ep_rew_mean     | 393      |
| time/              |          |
|    episodes        | 1940     |
|    fps             | 2134     |
|    time_elapsed    | 1914     |
|    total_timesteps | 4086896  |
| train/             |          |
|    actor_loss      | -0.391   |
|    critic_loss     | 0.000551 |
|    ent_coef        | 0.000206 |
|    ent_coef_loss   | -2.01    |
|    learning_rate   | 0.0003   |
|    n_updates       | 255368   |
---------------------------------
---------------------------------
| rollout/           |          |
|    ep_len_mean     | 3.43e+03 |
|    ep_rew_mean     | 522      |
| time/              |          |
|    episodes        | 1944     |
|    fps             | 2134     |
|    time_elapsed    | 1916     |
|    total_timesteps | 4089728  |
| train/             |          |
|    actor_loss      | -0.322   |
|    critic_loss     | 0.000162 |
|    ent_coef        | 0.000205 |
|    ent_coef_loss   | -0.764   |
|    learning_rate   | 0.0003   |
|    n_updates       | 255545   |
---------------------------------
---------------------------------
| rollout/           |          |
|    ep_len_mean     | 3.36e+03 |
|    ep_rew_mean     | 713      |
| time/              |          |
|    episodes        | 1948     |
|    fps             | 2134     |
|    time_elapsed    | 1920     |
|    total_timesteps | 4099984  |
| train/             |          |
|    actor_loss      | -0.36    |
|    critic_loss     | 0.00508  |
|    ent_coef        | 0.000209 |
|    ent_coef_loss   | -3.95    |
|    learning_rate   | 0.0003   |
|    n_updates       | 256186   |
---------------------------------
---------------------------------
| rollout/           |          |
|    ep_len_mean     | 3.35e+03 |
|    ep_rew_mean     | 910      |
| time/              |          |
|    episodes        | 1952     |
|    fps             | 2134     |
|    time_elapsed    | 1928     |
|    total_timesteps | 4115568  |
| train/             |          |
|    actor_loss      | -0.368   |
|    critic_loss     | 0.000406 |
|    ent_coef        | 0.00021  |
|    ent_coef_loss   | 4.23     |
|    learning_rate   | 0.0003   |
|    n_updates       | 257160   |
---------------------------------
---------------------------------
| rollout/           |          |
|    ep_len_mean     | 3.3e+03  |
|    ep_rew_mean     | 1.09e+03 |
| time/              |          |
|    episodes        | 1956     |
|    fps             | 2134     |
|    time_elapsed    | 1933     |
|    total_timesteps | 4127664  |
| train/             |          |
|    actor_loss      | -0.382   |
|    critic_loss     | 0.000198 |
|    ent_coef        | 0.000203 |
|    ent_coef_loss   | -1.87    |
|    learning_rate   | 0.0003   |
|    n_updates       | 257916   |
---------------------------------
---------------------------------
| rollout/           |          |
|    ep_len_mean     | 3.36e+03 |
|    ep_rew_mean     | 1.19e+03 |
| time/              |          |
|    episodes        | 1960     |
|    fps             | 2134     |
|    time_elapsed    | 1940     |
|    total_timesteps | 4142688  |
| train/             |          |
|    actor_loss      | -0.402   |
|    critic_loss     | 0.00483  |
|    ent_coef        | 0.000196 |
|    ent_coef_loss   | 2.02     |
|    learning_rate   | 0.0003   |
|    n_updates       | 258855   |
---------------------------------
---------------------------------
| rollout/           |          |
|    ep_len_mean     | 3.36e+03 |
|    ep_rew_mean     | 1.2e+03  |
| time/              |          |
|    episodes        | 1964     |
|    fps             | 2134     |
|    time_elapsed    | 1960     |
|    total_timesteps | 4185104  |
| train/             |          |
|    actor_loss      | -0.403   |
|    critic_loss     | 0.000507 |
|    ent_coef        | 0.000229 |
|    ent_coef_loss   | -0.117   |
|    learning_rate   | 0.0003   |
|    n_updates       | 261506   |
---------------------------------
---------------------------------
| rollout/           |          |
|    ep_len_mean     | 3.43e+03 |
|    ep_rew_mean     | 1.22e+03 |
| time/              |          |
|    episodes        | 1968     |
|    fps             | 2134     |
|    time_elapsed    | 1970     |
|    total_timesteps | 4205392  |
| train/             |          |
|    actor_loss      | -0.322   |
|    critic_loss     | 0.00037  |
|    ent_coef        | 0.000239 |
|    ent_coef_loss   | 0.525    |
|    learning_rate   | 0.0003   |
|    n_updates       | 262774   |
---------------------------------
---------------------------------
| rollout/           |          |
|    ep_len_mean     | 3.5e+03  |
|    ep_rew_mean     | 1.16e+03 |
| time/              |          |
|    episodes        | 1972     |
|    fps             | 2134     |
|    time_elapsed    | 1974     |
|    total_timesteps | 4212864  |
| train/             |          |
|    actor_loss      | -0.368   |
|    critic_loss     | 0.000334 |
|    ent_coef        | 0.00023  |
|    ent_coef_loss   | -1.12    |
|    learning_rate   | 0.0003   |
|    n_updates       | 263241   |
---------------------------------
---------------------------------
| rollout/           |          |
|    ep_len_mean     | 3.59e+03 |
|    ep_rew_mean     | 994      |
| time/              |          |
|    episodes        | 1976     |
|    fps             | 2133     |
|    time_elapsed    | 1982     |
|    total_timesteps | 4231072  |
| train/             |          |
|    actor_loss      | -0.39    |
|    critic_loss     | 0.00013  |
|    ent_coef        | 0.000223 |
|    ent_coef_loss   | -0.421   |
|    learning_rate   | 0.0003   |
|    n_updates       | 264379   |
---------------------------------
---------------------------------
| rollout/           |          |
|    ep_len_mean     | 3.6e+03  |
|    ep_rew_mean     | 981      |
| time/              |          |
|    episodes        | 1980     |
|    fps             | 2133     |
|    time_elapsed    | 1985     |
|    total_timesteps | 4237792  |
| train/             |          |
|    actor_loss      | -0.325   |
|    critic_loss     | 0.0231   |
|    ent_coef        | 0.000225 |
|    ent_coef_loss   | -0.558   |
|    learning_rate   | 0.0003   |
|    n_updates       | 264799   |
---------------------------------
---------------------------------
| rollout/           |          |
|    ep_len_mean     | 3.71e+03 |
|    ep_rew_mean     | 979      |
| time/              |          |
|    episodes        | 1984     |
|    fps             | 2133     |
|    time_elapsed    | 1997     |
|    total_timesteps | 4261248  |
| train/             |          |
|    actor_loss      | -0.342   |
|    critic_loss     | 0.00258  |
|    ent_coef        | 0.000247 |
|    ent_coef_loss   | 0.835    |
|    learning_rate   | 0.0003   |
|    n_updates       | 266265   |
---------------------------------
---------------------------------
| rollout/           |          |
|    ep_len_mean     | 3.69e+03 |
|    ep_rew_mean     | 1.14e+03 |
| time/              |          |
|    episodes        | 1988     |
|    fps             | 2133     |
|    time_elapsed    | 2000     |
|    total_timesteps | 4269648  |
| train/             |          |
|    actor_loss      | -0.363   |
|    critic_loss     | 0.0279   |
|    ent_coef        | 0.000245 |
|    ent_coef_loss   | 0.391    |
|    learning_rate   | 0.0003   |
|    n_updates       | 266790   |
---------------------------------
---------------------------------
| rollout/           |          |
|    ep_len_mean     | 3.82e+03 |
|    ep_rew_mean     | 1.21e+03 |
| time/              |          |
|    episodes        | 1992     |
|    fps             | 2133     |
|    time_elapsed    | 2013     |
|    total_timesteps | 4297488  |
| train/             |          |
|    actor_loss      | -0.326   |
|    critic_loss     | 0.000254 |
|    ent_coef        | 0.000233 |
|    ent_coef_loss   | -1.04    |
|    learning_rate   | 0.0003   |
|    n_updates       | 268530   |
---------------------------------
---------------------------------
| rollout/           |          |
|    ep_len_mean     | 3.87e+03 |
|    ep_rew_mean     | 1.34e+03 |
| time/              |          |
|    episodes        | 1996     |
|    fps             | 2133     |
|    time_elapsed    | 2017     |
|    total_timesteps | 4304176  |
| train/             |          |
|    actor_loss      | -0.429   |
|    critic_loss     | 0.000349 |
|    ent_coef        | 0.000225 |
|    ent_coef_loss   | -3.51    |
|    learning_rate   | 0.0003   |
|    n_updates       | 268948   |
---------------------------------
---------------------------------
| rollout/           |          |
|    ep_len_mean     | 3.83e+03 |
|    ep_rew_mean     | 1.45e+03 |
| time/              |          |
|    episodes        | 2000     |
|    fps             | 2133     |
|    time_elapsed    | 2027     |
|    total_timesteps | 4325600  |
| train/             |          |
|    actor_loss      | -0.35    |
|    critic_loss     | 0.00101  |
|    ent_coef        | 0.000224 |
|    ent_coef_loss   | 0.82     |
|    learning_rate   | 0.0003   |
|    n_updates       | 270287   |
---------------------------------
---------------------------------
| rollout/           |          |
|    ep_len_mean     | 3.93e+03 |
|    ep_rew_mean     | 1.52e+03 |
| time/              |          |
|    episodes        | 2004     |
|    fps             | 2133     |
|    time_elapsed    | 2034     |
|    total_timesteps | 4341360  |
| train/             |          |
|    actor_loss      | -0.324   |
|    critic_loss     | 0.000149 |
|    ent_coef        | 0.00022  |
|    ent_coef_loss   | -2.2     |
|    learning_rate   | 0.0003   |
|    n_updates       | 271272   |
---------------------------------
---------------------------------
| rollout/           |          |
|    ep_len_mean     | 4.01e+03 |
|    ep_rew_mean     | 1.52e+03 |
| time/              |          |
|    episodes        | 2008     |
|    fps             | 2133     |
|    time_elapsed    | 2039     |
|    total_timesteps | 4350960  |
| train/             |          |
|    actor_loss      | -0.366   |
|    critic_loss     | 0.000145 |
|    ent_coef        | 0.00022  |
|    ent_coef_loss   | -0.985   |
|    learning_rate   | 0.0003   |
|    n_updates       | 271872   |
---------------------------------
---------------------------------
| rollout/           |          |
|    ep_len_mean     | 3.93e+03 |
|    ep_rew_mean     | 1.54e+03 |
| time/              |          |
|    episodes        | 2012     |
|    fps             | 2133     |
|    time_elapsed    | 2042     |
|    total_timesteps | 4357648  |
| train/             |          |
|    actor_loss      | -0.37    |
|    critic_loss     | 0.000396 |
|    ent_coef        | 0.000233 |
|    ent_coef_loss   | -0.491   |
|    learning_rate   | 0.0003   |
|    n_updates       | 272290   |
---------------------------------
---------------------------------
| rollout/           |          |
|    ep_len_mean     | 3.92e+03 |
|    ep_rew_mean     | 1.61e+03 |
| time/              |          |
|    episodes        | 2016     |
|    fps             | 2133     |
|    time_elapsed    | 2046     |
|    total_timesteps | 4367104  |
| train/             |          |
|    actor_loss      | -0.369   |
|    critic_loss     | 0.00031  |
|    ent_coef        | 0.000234 |
|    ent_coef_loss   | -1.32    |
|    learning_rate   | 0.0003   |
|    n_updates       | 272881   |
---------------------------------
---------------------------------
| rollout/           |          |
|    ep_len_mean     | 4e+03    |
|    ep_rew_mean     | 1.72e+03 |
| time/              |          |
|    episodes        | 2020     |
|    fps             | 2133     |
|    time_elapsed    | 2059     |
|    total_timesteps | 4394480  |
| train/             |          |
|    actor_loss      | -0.398   |
|    critic_loss     | 0.000367 |
|    ent_coef        | 0.000276 |
|    ent_coef_loss   | 1.95     |
|    learning_rate   | 0.0003   |
|    n_updates       | 274592   |
---------------------------------
---------------------------------
| rollout/           |          |
|    ep_len_mean     | 3.95e+03 |
|    ep_rew_mean     | 1.78e+03 |
| time/              |          |
|    episodes        | 2024     |
|    fps             | 2133     |
|    time_elapsed    | 2075     |
|    total_timesteps | 4428336  |
| train/             |          |
|    actor_loss      | -0.379   |
|    critic_loss     | 0.000437 |
|    ent_coef        | 0.000271 |
|    ent_coef_loss   | -1.55    |
|    learning_rate   | 0.0003   |
|    n_updates       | 276708   |
---------------------------------
---------------------------------
| rollout/           |          |
|    ep_len_mean     | 3.88e+03 |
|    ep_rew_mean     | 1.69e+03 |
| time/              |          |
|    episodes        | 2028     |
|    fps             | 2133     |
|    time_elapsed    | 2081     |
|    total_timesteps | 4440560  |
| train/             |          |
|    actor_loss      | -0.33    |
|    critic_loss     | 0.000529 |
|    ent_coef        | 0.000254 |
|    ent_coef_loss   | 1.73     |
|    learning_rate   | 0.0003   |
|    n_updates       | 277472   |
---------------------------------
---------------------------------
| rollout/           |          |
|    ep_len_mean     | 3.87e+03 |
|    ep_rew_mean     | 1.57e+03 |
| time/              |          |
|    episodes        | 2032     |
|    fps             | 2133     |
|    time_elapsed    | 2097     |
|    total_timesteps | 4474704  |
| train/             |          |
|    actor_loss      | -0.317   |
|    critic_loss     | 0.000549 |
|    ent_coef        | 0.000271 |
|    ent_coef_loss   | 0.611    |
|    learning_rate   | 0.0003   |
|    n_updates       | 279606   |
---------------------------------
---------------------------------
| rollout/           |          |
|    ep_len_mean     | 3.92e+03 |
|    ep_rew_mean     | 1.41e+03 |
| time/              |          |
|    episodes        | 2036     |
|    fps             | 2133     |
|    time_elapsed    | 2107     |
|    total_timesteps | 4497376  |
| train/             |          |
|    actor_loss      | -0.343   |
|    critic_loss     | 0.000786 |
|    ent_coef        | 0.000263 |
|    ent_coef_loss   | -1.23    |
|    learning_rate   | 0.0003   |
|    n_updates       | 281023   |
---------------------------------
---------------------------------
| rollout/           |          |
|    ep_len_mean     | 4.16e+03 |
|    ep_rew_mean     | 946      |
| time/              |          |
|    episodes        | 2040     |
|    fps             | 2133     |
|    time_elapsed    | 2107     |
|    total_timesteps | 4497584  |
| train/             |          |
|    actor_loss      | -0.325   |
|    critic_loss     | 0.000369 |
|    ent_coef        | 0.000262 |
|    ent_coef_loss   | 1.39     |
|    learning_rate   | 0.0003   |
|    n_updates       | 281036   |
---------------------------------
---------------------------------
| rollout/           |          |
|    ep_len_mean     | 4.15e+03 |
|    ep_rew_mean     | 923      |
| time/              |          |
|    episodes        | 2044     |
|    fps             | 2133     |
|    time_elapsed    | 2115     |
|    total_timesteps | 4513376  |
| train/             |          |
|    actor_loss      | -0.333   |
|    critic_loss     | 0.000534 |
|    ent_coef        | 0.000265 |
|    ent_coef_loss   | -0.867   |
|    learning_rate   | 0.0003   |
|    n_updates       | 282023   |
---------------------------------
---------------------------------
| rollout/           |          |
|    ep_len_mean     | 4.09e+03 |
|    ep_rew_mean     | 848      |
| time/              |          |
|    episodes        | 2048     |
|    fps             | 2133     |
|    time_elapsed    | 2116     |
|    total_timesteps | 4516656  |
| train/             |          |
|    actor_loss      | -0.325   |
|    critic_loss     | 0.000367 |
|    ent_coef        | 0.000275 |
|    ent_coef_loss   | -0.316   |
|    learning_rate   | 0.0003   |
|    n_updates       | 282228   |
---------------------------------
---------------------------------
| rollout/           |          |
|    ep_len_mean     | 4.09e+03 |
|    ep_rew_mean     | 891      |
| time/              |          |
|    episodes        | 2052     |
|    fps             | 2133     |
|    time_elapsed    | 2122     |
|    total_timesteps | 4528080  |
| train/             |          |
|    actor_loss      | -0.324   |
|    critic_loss     | 0.0012   |
|    ent_coef        | 0.000249 |
|    ent_coef_loss   | -1.24    |
|    learning_rate   | 0.0003   |
|    n_updates       | 282942   |
---------------------------------
---------------------------------
| rollout/           |          |
|    ep_len_mean     | 4.21e+03 |
|    ep_rew_mean     | 846      |
| time/              |          |
|    episodes        | 2056     |
|    fps             | 2133     |
|    time_elapsed    | 2134     |
|    total_timesteps | 4553664  |
| train/             |          |
|    actor_loss      | -0.348   |
|    critic_loss     | 0.000506 |
|    ent_coef        | 0.000257 |
|    ent_coef_loss   | -1.87    |
|    learning_rate   | 0.0003   |
|    n_updates       | 284541   |
---------------------------------
---------------------------------
| rollout/           |          |
|    ep_len_mean     | 4.25e+03 |
|    ep_rew_mean     | 863      |
| time/              |          |
|    episodes        | 2060     |
|    fps             | 2133     |
|    time_elapsed    | 2144     |
|    total_timesteps | 4576240  |
| train/             |          |
|    actor_loss      | -0.352   |
|    critic_loss     | 0.000504 |
|    ent_coef        | 0.000262 |
|    ent_coef_loss   | -0.667   |
|    learning_rate   | 0.0003   |
|    n_updates       | 285952   |
---------------------------------
---------------------------------
| rollout/           |          |
|    ep_len_mean     | 4.28e+03 |
|    ep_rew_mean     | 1.04e+03 |
| time/              |          |
|    episodes        | 2064     |
|    fps             | 2133     |
|    time_elapsed    | 2153     |
|    total_timesteps | 4596064  |
| train/             |          |
|    actor_loss      | -0.307   |
|    critic_loss     | 0.00597  |
|    ent_coef        | 0.000256 |
|    ent_coef_loss   | 0.533    |
|    learning_rate   | 0.0003   |
|    n_updates       | 287191   |
---------------------------------
---------------------------------
| rollout/           |          |
|    ep_len_mean     | 4.27e+03 |
|    ep_rew_mean     | 1.18e+03 |
| time/              |          |
|    episodes        | 2068     |
|    fps             | 2133     |
|    time_elapsed    | 2162     |
|    total_timesteps | 4614864  |
| train/             |          |
|    actor_loss      | -0.308   |
|    critic_loss     | 0.000288 |
|    ent_coef        | 0.000256 |
|    ent_coef_loss   | -0.506   |
|    learning_rate   | 0.0003   |
|    n_updates       | 288366   |
---------------------------------
---------------------------------
| rollout/           |          |
|    ep_len_mean     | 4.15e+03 |
|    ep_rew_mean     | 1.48e+03 |
| time/              |          |
|    episodes        | 2072     |
|    fps             | 2133     |
|    time_elapsed    | 2169     |
|    total_timesteps | 4628464  |
| train/             |          |
|    actor_loss      | -0.267   |
|    critic_loss     | 0.0227   |
|    ent_coef        | 0.000261 |
|    ent_coef_loss   | 0.509    |
|    learning_rate   | 0.0003   |
|    n_updates       | 289216   |
---------------------------------
---------------------------------
| rollout/           |          |
|    ep_len_mean     | 4.06e+03 |
|    ep_rew_mean     | 1.74e+03 |
| time/              |          |
|    episodes        | 2076     |
|    fps             | 2133     |
|    time_elapsed    | 2170     |
|    total_timesteps | 4631664  |
| train/             |          |
|    actor_loss      | -0.375   |
|    critic_loss     | 0.000255 |
|    ent_coef        | 0.000264 |
|    ent_coef_loss   | 0.971    |
|    learning_rate   | 0.0003   |
|    n_updates       | 289416   |
---------------------------------
---------------------------------
| rollout/           |          |
|    ep_len_mean     | 4.01e+03 |
|    ep_rew_mean     | 1.71e+03 |
| time/              |          |
|    episodes        | 2080     |
|    fps             | 2133     |
|    time_elapsed    | 2175     |
|    total_timesteps | 4641280  |
| train/             |          |
|    actor_loss      | -0.293   |
|    critic_loss     | 0.00856  |
|    ent_coef        | 0.000271 |
|    ent_coef_loss   | -0.634   |
|    learning_rate   | 0.0003   |
|    n_updates       | 290017   |
---------------------------------
---------------------------------
| rollout/           |          |
|    ep_len_mean     | 3.78e+03 |
|    ep_rew_mean     | 1.66e+03 |
| time/              |          |
|    episodes        | 2084     |
|    fps             | 2133     |
|    time_elapsed    | 2175     |
|    total_timesteps | 4641840  |
| train/             |          |
|    actor_loss      | -0.28    |
|    critic_loss     | 0.000653 |
|    ent_coef        | 0.000271 |
|    ent_coef_loss   | -1.55    |
|    learning_rate   | 0.0003   |
|    n_updates       | 290052   |
---------------------------------
---------------------------------
| rollout/           |          |
|    ep_len_mean     | 3.66e+03 |
|    ep_rew_mean     | 1.52e+03 |
| time/              |          |
|    episodes        | 2088     |
|    fps             | 2133     |
|    time_elapsed    | 2176     |
|    total_timesteps | 4643232  |
| train/             |          |
|    actor_loss      | -0.282   |
|    critic_loss     | 0.000178 |
|    ent_coef        | 0.000271 |
|    ent_coef_loss   | -0.559   |
|    learning_rate   | 0.0003   |
|    n_updates       | 290139   |
---------------------------------
---------------------------------
| rollout/           |          |
|    ep_len_mean     | 3.83e+03 |
|    ep_rew_mean     | 1.11e+03 |
| time/              |          |
|    episodes        | 2092     |
|    fps             | 2133     |
|    time_elapsed    | 2186     |
|    total_timesteps | 4666208  |
| train/             |          |
|    actor_loss      | -0.296   |
|    critic_loss     | 0.25     |
|    ent_coef        | 0.00029  |
|    ent_coef_loss   | 1.33     |
|    learning_rate   | 0.0003   |
|    n_updates       | 291575   |
---------------------------------
---------------------------------
| rollout/           |          |
|    ep_len_mean     | 3.87e+03 |
|    ep_rew_mean     | 1.02e+03 |
| time/              |          |
|    episodes        | 2096     |
|    fps             | 2133     |
|    time_elapsed    | 2213     |
|    total_timesteps | 4724144  |
| train/             |          |
|    actor_loss      | -0.31    |
|    critic_loss     | 0.00061  |
|    ent_coef        | 0.000275 |
|    ent_coef_loss   | -0.845   |
|    learning_rate   | 0.0003   |
|    n_updates       | 295196   |
---------------------------------
---------------------------------
| rollout/           |          |
|    ep_len_mean     | 3.96e+03 |
|    ep_rew_mean     | 837      |
| time/              |          |
|    episodes        | 2100     |
|    fps             | 2133     |
|    time_elapsed    | 2233     |
|    total_timesteps | 4766128  |
| train/             |          |
|    actor_loss      | -0.301   |
|    critic_loss     | 0.000264 |
|    ent_coef        | 0.000303 |
|    ent_coef_loss   | 0.498    |
|    learning_rate   | 0.0003   |
|    n_updates       | 297820   |
---------------------------------
---------------------------------
| rollout/           |          |
|    ep_len_mean     | 4.09e+03 |
|    ep_rew_mean     | 566      |
| time/              |          |
|    episodes        | 2104     |
|    fps             | 2133     |
|    time_elapsed    | 2234     |
|    total_timesteps | 4767280  |
| train/             |          |
|    actor_loss      | -0.281   |
|    critic_loss     | 0.000212 |
|    ent_coef        | 0.000302 |
|    ent_coef_loss   | -1.52    |
|    learning_rate   | 0.0003   |
|    n_updates       | 297892   |
---------------------------------
---------------------------------
| rollout/           |          |
|    ep_len_mean     | 4.08e+03 |
|    ep_rew_mean     | 530      |
| time/              |          |
|    episodes        | 2108     |
|    fps             | 2133     |
|    time_elapsed    | 2236     |
|    total_timesteps | 4772304  |
| train/             |          |
|    actor_loss      | -0.32    |
|    critic_loss     | 0.000517 |
|    ent_coef        | 0.000303 |
|    ent_coef_loss   | -0.759   |
|    learning_rate   | 0.0003   |
|    n_updates       | 298206   |
---------------------------------
---------------------------------
| rollout/           |          |
|    ep_len_mean     | 4.17e+03 |
|    ep_rew_mean     | 427      |
| time/              |          |
|    episodes        | 2112     |
|    fps             | 2133     |
|    time_elapsed    | 2241     |
|    total_timesteps | 4782704  |
| train/             |          |
|    actor_loss      | -0.294   |
|    critic_loss     | 0.00106  |
|    ent_coef        | 0.000304 |
|    ent_coef_loss   | 0.257    |
|    learning_rate   | 0.0003   |
|    n_updates       | 298856   |
---------------------------------
---------------------------------
| rollout/           |          |
|    ep_len_mean     | 4.26e+03 |
|    ep_rew_mean     | 267      |
| time/              |          |
|    episodes        | 2116     |
|    fps             | 2133     |
|    time_elapsed    | 2248     |
|    total_timesteps | 4797760  |
| train/             |          |
|    actor_loss      | -0.352   |
|    critic_loss     | 0.000214 |
|    ent_coef        | 0.000299 |
|    ent_coef_loss   | 1.9      |
|    learning_rate   | 0.0003   |
|    n_updates       | 299797   |
---------------------------------
---------------------------------
| rollout/           |          |
|    ep_len_mean     | 4.26e+03 |
|    ep_rew_mean     | 265      |
| time/              |          |
|    episodes        | 2120     |
|    fps             | 2134     |
|    time_elapsed    | 2259     |
|    total_timesteps | 4821472  |
| train/             |          |
|    actor_loss      | -0.265   |
|    critic_loss     | 0.000326 |
|    ent_coef        | 0.000302 |
|    ent_coef_loss   | -0.327   |
|    learning_rate   | 0.0003   |
|    n_updates       | 301279   |
---------------------------------
---------------------------------
| rollout/           |          |
|    ep_len_mean     | 4.14e+03 |
|    ep_rew_mean     | 272      |
| time/              |          |
|    episodes        | 2124     |
|    fps             | 2134     |
|    time_elapsed    | 2261     |
|    total_timesteps | 4827360  |
| train/             |          |
|    actor_loss      | -0.296   |
|    critic_loss     | 0.000433 |
|    ent_coef        | 0.000303 |
|    ent_coef_loss   | -0.108   |
|    learning_rate   | 0.0003   |
|    n_updates       | 301647   |
---------------------------------
---------------------------------
| rollout/           |          |
|    ep_len_mean     | 4.03e+03 |
|    ep_rew_mean     | 310      |
| time/              |          |
|    episodes        | 2128     |
|    fps             | 2131     |
|    time_elapsed    | 2266     |
|    total_timesteps | 4831088  |
| train/             |          |
|    actor_loss      | -0.304   |
|    critic_loss     | 0.000515 |
|    ent_coef        | 0.000309 |
|    ent_coef_loss   | 1.1      |
|    learning_rate   | 0.0003   |
|    n_updates       | 301880   |
---------------------------------
---------------------------------
| rollout/           |          |
|    ep_len_mean     | 3.94e+03 |
|    ep_rew_mean     | 515      |
| time/              |          |
|    episodes        | 2132     |
|    fps             | 2131     |
|    time_elapsed    | 2268     |
|    total_timesteps | 4835072  |
| train/             |          |
|    actor_loss      | -0.207   |
|    critic_loss     | 0.204    |
|    ent_coef        | 0.000307 |
|    ent_coef_loss   | 1.8      |
|    learning_rate   | 0.0003   |
|    n_updates       | 302129   |
---------------------------------
---------------------------------
| rollout/           |          |
|    ep_len_mean     | 3.78e+03 |
|    ep_rew_mean     | 649      |
| time/              |          |
|    episodes        | 2136     |
|    fps             | 2131     |
|    time_elapsed    | 2270     |
|    total_timesteps | 4839632  |
| train/             |          |
|    actor_loss      | -0.329   |
|    critic_loss     | 0.000342 |
|    ent_coef        | 0.000308 |
|    ent_coef_loss   | 0.298    |
|    learning_rate   | 0.0003   |
|    n_updates       | 302414   |
---------------------------------
---------------------------------
| rollout/           |          |
|    ep_len_mean     | 3.43e+03 |
|    ep_rew_mean     | 1.02e+03 |
| time/              |          |
|    episodes        | 2140     |
|    fps             | 2131     |
|    time_elapsed    | 2271     |
|    total_timesteps | 4840816  |
| train/             |          |
|    actor_loss      | -0.35    |
|    critic_loss     | 0.000363 |
|    ent_coef        | 0.000309 |
|    ent_coef_loss   | 3.83     |
|    learning_rate   | 0.0003   |
|    n_updates       | 302488   |
---------------------------------
---------------------------------
| rollout/           |          |
|    ep_len_mean     | 3.33e+03 |
|    ep_rew_mean     | 851      |
| time/              |          |
|    episodes        | 2144     |
|    fps             | 2131     |
|    time_elapsed    | 2271     |
|    total_timesteps | 4842048  |
| train/             |          |
|    actor_loss      | -0.361   |
|    critic_loss     | 0.000282 |
|    ent_coef        | 0.00032  |
|    ent_coef_loss   | 0.723    |
|    learning_rate   | 0.0003   |
|    n_updates       | 302565   |
---------------------------------
---------------------------------
| rollout/           |          |
|    ep_len_mean     | 3.34e+03 |
|    ep_rew_mean     | 786      |
| time/              |          |
|    episodes        | 2148     |
|    fps             | 2131     |
|    time_elapsed    | 2272     |
|    total_timesteps | 4843536  |
| train/             |          |
|    actor_loss      | -0.338   |
|    critic_loss     | 0.00033  |
|    ent_coef        | 0.000322 |
|    ent_coef_loss   | -1.15    |
|    learning_rate   | 0.0003   |
|    n_updates       | 302658   |
---------------------------------
---------------------------------
| rollout/           |          |
|    ep_len_mean     | 3.24e+03 |
|    ep_rew_mean     | 724      |
| time/              |          |
|    episodes        | 2152     |
|    fps             | 2131     |
|    time_elapsed    | 2274     |
|    total_timesteps | 4848544  |
| train/             |          |
|    actor_loss      | -0.353   |
|    critic_loss     | 0.0008   |
|    ent_coef        | 0.000318 |
|    ent_coef_loss   | 3.93     |
|    learning_rate   | 0.0003   |
|    n_updates       | 302971   |
---------------------------------
---------------------------------
| rollout/           |          |
|    ep_len_mean     | 3.23e+03 |
|    ep_rew_mean     | 803      |
| time/              |          |
|    episodes        | 2156     |
|    fps             | 2131     |
|    time_elapsed    | 2283     |
|    total_timesteps | 4868176  |
| train/             |          |
|    actor_loss      | -0.284   |
|    critic_loss     | 0.000342 |
|    ent_coef        | 0.000362 |
|    ent_coef_loss   | 1.65     |
|    learning_rate   | 0.0003   |
|    n_updates       | 304198   |
---------------------------------
---------------------------------
| rollout/           |          |
|    ep_len_mean     | 3.19e+03 |
|    ep_rew_mean     | 799      |
| time/              |          |
|    episodes        | 2160     |
|    fps             | 2131     |
|    time_elapsed    | 2293     |
|    total_timesteps | 4889680  |
| train/             |          |
|    actor_loss      | -0.38    |
|    critic_loss     | 0.0115   |
|    ent_coef        | 0.000333 |
|    ent_coef_loss   | -0.392   |
|    learning_rate   | 0.0003   |
|    n_updates       | 305542   |
---------------------------------
---------------------------------
| rollout/           |          |
|    ep_len_mean     | 3.15e+03 |
|    ep_rew_mean     | 676      |
| time/              |          |
|    episodes        | 2164     |
|    fps             | 2132     |
|    time_elapsed    | 2296     |
|    total_timesteps | 4896176  |
| train/             |          |
|    actor_loss      | -0.297   |
|    critic_loss     | 0.000255 |
|    ent_coef        | 0.00033  |
|    ent_coef_loss   | 2.61     |
|    learning_rate   | 0.0003   |
|    n_updates       | 305948   |
---------------------------------
---------------------------------
| rollout/           |          |
|    ep_len_mean     | 3.12e+03 |
|    ep_rew_mean     | 749      |
| time/              |          |
|    episodes        | 2168     |
|    fps             | 2132     |
|    time_elapsed    | 2304     |
|    total_timesteps | 4912544  |
| train/             |          |
|    actor_loss      | -0.337   |
|    critic_loss     | 0.192    |
|    ent_coef        | 0.000328 |
|    ent_coef_loss   | -0.345   |
|    learning_rate   | 0.0003   |
|    n_updates       | 306971   |
---------------------------------
---------------------------------
| rollout/           |          |
|    ep_len_mean     | 3.17e+03 |
|    ep_rew_mean     | 739      |
| time/              |          |
|    episodes        | 2172     |
|    fps             | 2132     |
|    time_elapsed    | 2312     |
|    total_timesteps | 4931200  |
| train/             |          |
|    actor_loss      | -0.356   |
|    critic_loss     | 0.000227 |
|    ent_coef        | 0.000318 |
|    ent_coef_loss   | -1.85    |
|    learning_rate   | 0.0003   |
|    n_updates       | 308137   |
---------------------------------
---------------------------------
| rollout/           |          |
|    ep_len_mean     | 3.18e+03 |
|    ep_rew_mean     | 570      |
| time/              |          |
|    episodes        | 2176     |
|    fps             | 2132     |
|    time_elapsed    | 2315     |
|    total_timesteps | 4938336  |
| train/             |          |
|    actor_loss      | -0.265   |
|    critic_loss     | 0.000154 |
|    ent_coef        | 0.000308 |
|    ent_coef_loss   | -0.0789  |
|    learning_rate   | 0.0003   |
|    n_updates       | 308583   |
---------------------------------
---------------------------------
| rollout/           |          |
|    ep_len_mean     | 3.25e+03 |
|    ep_rew_mean     | 514      |
| time/              |          |
|    episodes        | 2180     |
|    fps             | 2132     |
|    time_elapsed    | 2318     |
|    total_timesteps | 4943392  |
| train/             |          |
|    actor_loss      | -0.264   |
|    critic_loss     | 0.000728 |
|    ent_coef        | 0.000311 |
|    ent_coef_loss   | 1.74     |
|    learning_rate   | 0.0003   |
|    n_updates       | 308899   |
---------------------------------
---------------------------------
| rollout/           |          |
|    ep_len_mean     | 3.35e+03 |
|    ep_rew_mean     | 548      |
| time/              |          |
|    episodes        | 2184     |
|    fps             | 2132     |
|    time_elapsed    | 2332     |
|    total_timesteps | 4974048  |
| train/             |          |
|    actor_loss      | -0.362   |
|    critic_loss     | 0.000275 |
|    ent_coef        | 0.000299 |
|    ent_coef_loss   | -1.14    |
|    learning_rate   | 0.0003   |
|    n_updates       | 310815   |
---------------------------------
---------------------------------
| rollout/           |          |
|    ep_len_mean     | 3.45e+03 |
|    ep_rew_mean     | 694      |
| time/              |          |
|    episodes        | 2188     |
|    fps             | 2132     |
|    time_elapsed    | 2335     |
|    total_timesteps | 4979984  |
| train/             |          |
|    actor_loss      | -0.291   |
|    critic_loss     | 0.00105  |
|    ent_coef        | 0.00031  |
|    ent_coef_loss   | -0.763   |
|    learning_rate   | 0.0003   |
|    n_updates       | 311186   |
---------------------------------
---------------------------------
| rollout/           |          |
|    ep_len_mean     | 3.19e+03 |
|    ep_rew_mean     | 1.09e+03 |
| time/              |          |
|    episodes        | 2192     |
|    fps             | 2132     |
|    time_elapsed    | 2335     |
|    total_timesteps | 4981728  |
| train/             |          |
|    actor_loss      | -0.299   |
|    critic_loss     | 0.000567 |
|    ent_coef        | 0.000311 |
|    ent_coef_loss   | 1.46     |
|    learning_rate   | 0.0003   |
|    n_updates       | 311295   |
---------------------------------
---------------------------------
| rollout/           |          |
|    ep_len_mean     | 3.13e+03 |
|    ep_rew_mean     | 1.04e+03 |
| time/              |          |
|    episodes        | 2196     |
|    fps             | 2132     |
|    time_elapsed    | 2339     |
|    total_timesteps | 4990256  |
| train/             |          |
|    actor_loss      | -0.296   |
|    critic_loss     | 0.000235 |
|    ent_coef        | 0.00032  |
|    ent_coef_loss   | 1.31     |
|    learning_rate   | 0.0003   |
|    n_updates       | 311828   |
---------------------------------
---------------------------------
| rollout/           |          |
|    ep_len_mean     | 2.94e+03 |
|    ep_rew_mean     | 1.11e+03 |
| time/              |          |
|    episodes        | 2200     |
|    fps             | 2132     |
|    time_elapsed    | 2349     |
|    total_timesteps | 5010656  |
| train/             |          |
|    actor_loss      | -0.283   |
|    critic_loss     | 0.000238 |
|    ent_coef        | 0.000344 |
|    ent_coef_loss   | 2.05     |
|    learning_rate   | 0.0003   |
|    n_updates       | 313103   |
---------------------------------
---------------------------------
| rollout/           |          |
|    ep_len_mean     | 2.79e+03 |
|    ep_rew_mean     | 1.45e+03 |
| time/              |          |
|    episodes        | 2204     |
|    fps             | 2133     |
|    time_elapsed    | 2361     |
|    total_timesteps | 5037120  |
| train/             |          |
|    actor_loss      | -0.336   |
|    critic_loss     | 0.000653 |
|    ent_coef        | 0.000318 |
|    ent_coef_loss   | -0.956   |
|    learning_rate   | 0.0003   |
|    n_updates       | 314757   |
---------------------------------
---------------------------------
| rollout/           |          |
|    ep_len_mean     | 2.77e+03 |
|    ep_rew_mean     | 1.6e+03  |
| time/              |          |
|    episodes        | 2208     |
|    fps             | 2133     |
|    time_elapsed    | 2368     |
|    total_timesteps | 5052912  |
| train/             |          |
|    actor_loss      | -0.379   |
|    critic_loss     | 0.00024  |
|    ent_coef        | 0.000324 |
|    ent_coef_loss   | -2.72    |
|    learning_rate   | 0.0003   |
|    n_updates       | 315744   |
---------------------------------
---------------------------------
| rollout/           |          |
|    ep_len_mean     | 2.74e+03 |
|    ep_rew_mean     | 1.77e+03 |
| time/              |          |
|    episodes        | 2212     |
|    fps             | 2133     |
|    time_elapsed    | 2371     |
|    total_timesteps | 5059744  |
| train/             |          |
|    actor_loss      | -0.387   |
|    critic_loss     | 0.000649 |
|    ent_coef        | 0.000341 |
|    ent_coef_loss   | -1.54    |
|    learning_rate   | 0.0003   |
|    n_updates       | 316171   |
---------------------------------
---------------------------------
| rollout/           |          |
|    ep_len_mean     | 2.63e+03 |
|    ep_rew_mean     | 1.94e+03 |
| time/              |          |
|    episodes        | 2216     |
|    fps             | 2133     |
|    time_elapsed    | 2376     |
|    total_timesteps | 5070720  |
| train/             |          |
|    actor_loss      | -0.304   |
|    critic_loss     | 0.000579 |
|    ent_coef        | 0.000349 |
|    ent_coef_loss   | 2.22     |
|    learning_rate   | 0.0003   |
|    n_updates       | 316857   |
---------------------------------
---------------------------------
| rollout/           |          |
|    ep_len_mean     | 2.57e+03 |
|    ep_rew_mean     | 1.84e+03 |
| time/              |          |
|    episodes        | 2220     |
|    fps             | 2133     |
|    time_elapsed    | 2377     |
|    total_timesteps | 5071472  |
| train/             |          |
|    actor_loss      | -0.349   |
|    critic_loss     | 0.00027  |
|    ent_coef        | 0.000349 |
|    ent_coef_loss   | -2.69    |
|    learning_rate   | 0.0003   |
|    n_updates       | 316904   |
---------------------------------
---------------------------------
| rollout/           |          |
|    ep_len_mean     | 2.71e+03 |
|    ep_rew_mean     | 1.85e+03 |
| time/              |          |
|    episodes        | 2224     |
|    fps             | 2133     |
|    time_elapsed    | 2382     |
|    total_timesteps | 5082704  |
| train/             |          |
|    actor_loss      | -0.378   |
|    critic_loss     | 0.000238 |
|    ent_coef        | 0.000339 |
|    ent_coef_loss   | 0.936    |
|    learning_rate   | 0.0003   |
|    n_updates       | 317606   |
---------------------------------
---------------------------------
| rollout/           |          |
|    ep_len_mean     | 2.8e+03  |
|    ep_rew_mean     | 1.86e+03 |
| time/              |          |
|    episodes        | 2228     |
|    fps             | 2133     |
|    time_elapsed    | 2398     |
|    total_timesteps | 5118432  |
| train/             |          |
|    actor_loss      | -0.432   |
|    critic_loss     | 0.000672 |
|    ent_coef        | 0.00033  |
|    ent_coef_loss   | -3.74    |
|    learning_rate   | 0.0003   |
|    n_updates       | 319839   |
---------------------------------
---------------------------------
| rollout/           |          |
|    ep_len_mean     | 2.88e+03 |
|    ep_rew_mean     | 1.95e+03 |
| time/              |          |
|    episodes        | 2232     |
|    fps             | 2133     |
|    time_elapsed    | 2405     |
|    total_timesteps | 5133520  |
| train/             |          |
|    actor_loss      | -0.305   |
|    critic_loss     | 0.000592 |
|    ent_coef        | 0.000335 |
|    ent_coef_loss   | 1.47     |
|    learning_rate   | 0.0003   |
|    n_updates       | 320782   |
---------------------------------
---------------------------------
| rollout/           |          |
|    ep_len_mean     | 2.88e+03 |
|    ep_rew_mean     | 1.94e+03 |
| time/              |          |
|    episodes        | 2236     |
|    fps             | 2133     |
|    time_elapsed    | 2409     |
|    total_timesteps | 5142352  |
| train/             |          |
|    actor_loss      | -0.365   |
|    critic_loss     | 0.002    |
|    ent_coef        | 0.00032  |
|    ent_coef_loss   | 2.37     |
|    learning_rate   | 0.0003   |
|    n_updates       | 321334   |
---------------------------------
---------------------------------
| rollout/           |          |
|    ep_len_mean     | 3.01e+03 |
|    ep_rew_mean     | 1.94e+03 |
| time/              |          |
|    episodes        | 2240     |
|    fps             | 2133     |
|    time_elapsed    | 2413     |
|    total_timesteps | 5150848  |
| train/             |          |
|    actor_loss      | -0.339   |
|    critic_loss     | 0.000534 |
|    ent_coef        | 0.00031  |
|    ent_coef_loss   | -2.97    |
|    learning_rate   | 0.0003   |
|    n_updates       | 321865   |
---------------------------------
---------------------------------
| rollout/           |          |
|    ep_len_mean     | 3.1e+03  |
|    ep_rew_mean     | 1.98e+03 |
| time/              |          |
|    episodes        | 2244     |
|    fps             | 2134     |
|    time_elapsed    | 2424     |
|    total_timesteps | 5174624  |
| train/             |          |
|    actor_loss      | -0.343   |
|    critic_loss     | 0.00032  |
|    ent_coef        | 0.000307 |
|    ent_coef_loss   | -5.84    |
|    learning_rate   | 0.0003   |
|    n_updates       | 323351   |
---------------------------------
---------------------------------
| rollout/           |          |
|    ep_len_mean     | 3.27e+03 |
|    ep_rew_mean     | 2.07e+03 |
| time/              |          |
|    episodes        | 2248     |
|    fps             | 2134     |
|    time_elapsed    | 2425     |
|    total_timesteps | 5176560  |
| train/             |          |
|    actor_loss      | -0.296   |
|    critic_loss     | 0.000885 |
|    ent_coef        | 0.000306 |
|    ent_coef_loss   | -1.26    |
|    learning_rate   | 0.0003   |
|    n_updates       | 323472   |
---------------------------------
---------------------------------
| rollout/           |          |
|    ep_len_mean     | 3.42e+03 |
|    ep_rew_mean     | 1.9e+03  |
| time/              |          |
|    episodes        | 2252     |
|    fps             | 2134     |
|    time_elapsed    | 2428     |
|    total_timesteps | 5182816  |
| train/             |          |
|    actor_loss      | -0.289   |
|    critic_loss     | 0.00171  |
|    ent_coef        | 0.0003   |
|    ent_coef_loss   | -2.13    |
|    learning_rate   | 0.0003   |
|    n_updates       | 323863   |
---------------------------------
---------------------------------
| rollout/           |          |
|    ep_len_mean     | 3.32e+03 |
|    ep_rew_mean     | 1.82e+03 |
| time/              |          |
|    episodes        | 2256     |
|    fps             | 2134     |
|    time_elapsed    | 2442     |
|    total_timesteps | 5213856  |
| train/             |          |
|    actor_loss      | -0.317   |
|    critic_loss     | 0.00275  |
|    ent_coef        | 0.000323 |
|    ent_coef_loss   | 2.4      |
|    learning_rate   | 0.0003   |
|    n_updates       | 325803   |
---------------------------------
---------------------------------
| rollout/           |          |
|    ep_len_mean     | 3.26e+03 |
|    ep_rew_mean     | 1.72e+03 |
| time/              |          |
|    episodes        | 2260     |
|    fps             | 2134     |
|    time_elapsed    | 2453     |
|    total_timesteps | 5237584  |
| train/             |          |
|    actor_loss      | -0.349   |
|    critic_loss     | 0.00174  |
|    ent_coef        | 0.000346 |
|    ent_coef_loss   | -0.897   |
|    learning_rate   | 0.0003   |
|    n_updates       | 327286   |
---------------------------------
---------------------------------
| rollout/           |          |
|    ep_len_mean     | 3.31e+03 |
|    ep_rew_mean     | 1.75e+03 |
| time/              |          |
|    episodes        | 2264     |
|    fps             | 2134     |
|    time_elapsed    | 2456     |
|    total_timesteps | 5244912  |
| train/             |          |
|    actor_loss      | -0.357   |
|    critic_loss     | 0.00168  |
|    ent_coef        | 0.000335 |
|    ent_coef_loss   | -2.49    |
|    learning_rate   | 0.0003   |
|    n_updates       | 327744   |
---------------------------------
---------------------------------
| rollout/           |          |
|    ep_len_mean     | 3.19e+03 |
|    ep_rew_mean     | 1.51e+03 |
| time/              |          |
|    episodes        | 2268     |
|    fps             | 2134     |
|    time_elapsed    | 2461     |
|    total_timesteps | 5253216  |
| train/             |          |
|    actor_loss      | -0.35    |
|    critic_loss     | 0.000629 |
|    ent_coef        | 0.000313 |
|    ent_coef_loss   | 1.39     |
|    learning_rate   | 0.0003   |
|    n_updates       | 328263   |
---------------------------------
---------------------------------
| rollout/           |          |
|    ep_len_mean     | 3.1e+03  |
|    ep_rew_mean     | 1.44e+03 |
| time/              |          |
|    episodes        | 2272     |
|    fps             | 2131     |
|    time_elapsed    | 2465     |
|    total_timesteps | 5255616  |
| train/             |          |
|    actor_loss      | -0.342   |
|    critic_loss     | 0.00505  |
|    ent_coef        | 0.000312 |
|    ent_coef_loss   | -2.06    |
|    learning_rate   | 0.0003   |
|    n_updates       | 328413   |
---------------------------------
---------------------------------
| rollout/           |          |
|    ep_len_mean     | 3.06e+03 |
|    ep_rew_mean     | 1.48e+03 |
| time/              |          |
|    episodes        | 2276     |
|    fps             | 2131     |
|    time_elapsed    | 2469     |
|    total_timesteps | 5263440  |
| train/             |          |
|    actor_loss      | -0.308   |
|    critic_loss     | 0.000202 |
|    ent_coef        | 0.000327 |
|    ent_coef_loss   | -0.295   |
|    learning_rate   | 0.0003   |
|    n_updates       | 328902   |
---------------------------------
---------------------------------
| rollout/           |          |
|    ep_len_mean     | 3.03e+03 |
|    ep_rew_mean     | 1.56e+03 |
| time/              |          |
|    episodes        | 2280     |
|    fps             | 2131     |
|    time_elapsed    | 2469     |
|    total_timesteps | 5264416  |
| train/             |          |
|    actor_loss      | -0.358   |
|    critic_loss     | 0.000298 |
|    ent_coef        | 0.000325 |
|    ent_coef_loss   | -1.36    |
|    learning_rate   | 0.0003   |
|    n_updates       | 328963   |
---------------------------------
---------------------------------
| rollout/           |          |
|    ep_len_mean     | 3.13e+03 |
|    ep_rew_mean     | 1.57e+03 |
| time/              |          |
|    episodes        | 2284     |
|    fps             | 2131     |
|    time_elapsed    | 2474     |
|    total_timesteps | 5274704  |
| train/             |          |
|    actor_loss      | -0.379   |
|    critic_loss     | 0.000162 |
|    ent_coef        | 0.000334 |
|    ent_coef_loss   | -0.577   |
|    learning_rate   | 0.0003   |
|    n_updates       | 329606   |
---------------------------------
---------------------------------
| rollout/           |          |
|    ep_len_mean     | 3.11e+03 |
|    ep_rew_mean     | 1.37e+03 |
| time/              |          |
|    episodes        | 2288     |
|    fps             | 2131     |
|    time_elapsed    | 2480     |
|    total_timesteps | 5288096  |
| train/             |          |
|    actor_loss      | -0.356   |
|    critic_loss     | 0.000251 |
|    ent_coef        | 0.000348 |
|    ent_coef_loss   | -0.759   |
|    learning_rate   | 0.0003   |
|    n_updates       | 330443   |
---------------------------------
---------------------------------
| rollout/           |          |
|    ep_len_mean     | 3.09e+03 |
|    ep_rew_mean     | 1.17e+03 |
| time/              |          |
|    episodes        | 2292     |
|    fps             | 2131     |
|    time_elapsed    | 2490     |
|    total_timesteps | 5309360  |
| train/             |          |
|    actor_loss      | -0.345   |
|    critic_loss     | 0.000825 |
|    ent_coef        | 0.000319 |
|    ent_coef_loss   | -3.23    |
|    learning_rate   | 0.0003   |
|    n_updates       | 331772   |
---------------------------------
---------------------------------
| rollout/           |          |
|    ep_len_mean     | 3.06e+03 |
|    ep_rew_mean     | 1.02e+03 |
| time/              |          |
|    episodes        | 2296     |
|    fps             | 2131     |
|    time_elapsed    | 2490     |
|    total_timesteps | 5309680  |
| train/             |          |
|    actor_loss      | -0.33    |
|    critic_loss     | 0.00142  |
|    ent_coef        | 0.000318 |
|    ent_coef_loss   | -1       |
|    learning_rate   | 0.0003   |
|    n_updates       | 331792   |
---------------------------------
---------------------------------
| rollout/           |          |
|    ep_len_mean     | 3.19e+03 |
|    ep_rew_mean     | 821      |
| time/              |          |
|    episodes        | 2300     |
|    fps             | 2132     |
|    time_elapsed    | 2505     |
|    total_timesteps | 5342384  |
| train/             |          |
|    actor_loss      | -0.312   |
|    critic_loss     | 0.000795 |
|    ent_coef        | 0.000319 |
|    ent_coef_loss   | -0.653   |
|    learning_rate   | 0.0003   |
|    n_updates       | 333836   |
---------------------------------
---------------------------------
| rollout/           |          |
|    ep_len_mean     | 3.2e+03  |
|    ep_rew_mean     | 512      |
| time/              |          |
|    episodes        | 2304     |
|    fps             | 2132     |
|    time_elapsed    | 2508     |
|    total_timesteps | 5349488  |
| train/             |          |
|    actor_loss      | -0.351   |
|    critic_loss     | 0.000206 |
|    ent_coef        | 0.000335 |
|    ent_coef_loss   | -0.236   |
|    learning_rate   | 0.0003   |
|    n_updates       | 334280   |
---------------------------------
---------------------------------
| rollout/           |          |
|    ep_len_mean     | 3.29e+03 |
|    ep_rew_mean     | 214      |
| time/              |          |
|    episodes        | 2308     |
|    fps             | 2132     |
|    time_elapsed    | 2529     |
|    total_timesteps | 5393536  |
| train/             |          |
|    actor_loss      | -0.324   |
|    critic_loss     | 0.000639 |
|    ent_coef        | 0.000325 |
|    ent_coef_loss   | 0.182    |
|    learning_rate   | 0.0003   |
|    n_updates       | 337033   |
---------------------------------
---------------------------------
| rollout/           |          |
|    ep_len_mean     | 3.31e+03 |
|    ep_rew_mean     | 57       |
| time/              |          |
|    episodes        | 2312     |
|    fps             | 2132     |
|    time_elapsed    | 2536     |
|    total_timesteps | 5408960  |
| train/             |          |
|    actor_loss      | -0.299   |
|    critic_loss     | 0.000689 |
|    ent_coef        | 0.000312 |
|    ent_coef_loss   | -1.65    |
|    learning_rate   | 0.0003   |
|    n_updates       | 337997   |
---------------------------------
---------------------------------
| rollout/           |          |
|    ep_len_mean     | 3.35e+03 |
|    ep_rew_mean     | 61.9     |
| time/              |          |
|    episodes        | 2316     |
|    fps             | 2132     |
|    time_elapsed    | 2539     |
|    total_timesteps | 5417008  |
| train/             |          |
|    actor_loss      | -0.314   |
|    critic_loss     | 0.000395 |
|    ent_coef        | 0.000302 |
|    ent_coef_loss   | -1.54    |
|    learning_rate   | 0.0003   |
|    n_updates       | 338500   |
---------------------------------
---------------------------------
| rollout/           |          |
|    ep_len_mean     | 3.47e+03 |
|    ep_rew_mean     | 237      |
| time/              |          |
|    episodes        | 2320     |
|    fps             | 2133     |
|    time_elapsed    | 2555     |
|    total_timesteps | 5450784  |
| train/             |          |
|    actor_loss      | -0.341   |
|    critic_loss     | 0.000281 |
|    ent_coef        | 0.000304 |
|    ent_coef_loss   | -3.63    |
|    learning_rate   | 0.0003   |
|    n_updates       | 340611   |
---------------------------------
---------------------------------
| rollout/           |          |
|    ep_len_mean     | 3.48e+03 |
|    ep_rew_mean     | 143      |
| time/              |          |
|    episodes        | 2324     |
|    fps             | 2133     |
|    time_elapsed    | 2561     |
|    total_timesteps | 5464976  |
| train/             |          |
|    actor_loss      | -0.277   |
|    critic_loss     | 0.000921 |
|    ent_coef        | 0.000316 |
|    ent_coef_loss   | 2.76     |
|    learning_rate   | 0.0003   |
|    n_updates       | 341498   |
---------------------------------
---------------------------------
| rollout/           |          |
|    ep_len_mean     | 3.51e+03 |
|    ep_rew_mean     | 115      |
| time/              |          |
|    episodes        | 2328     |
|    fps             | 2133     |
|    time_elapsed    | 2580     |
|    total_timesteps | 5505120  |
| train/             |          |
|    actor_loss      | -0.294   |
|    critic_loss     | 0.00207  |
|    ent_coef        | 0.000302 |
|    ent_coef_loss   | -0.179   |
|    learning_rate   | 0.0003   |
|    n_updates       | 344007   |
---------------------------------
---------------------------------
| rollout/           |          |
|    ep_len_mean     | 3.65e+03 |
|    ep_rew_mean     | 58.6     |
| time/              |          |
|    episodes        | 2332     |
|    fps             | 2133     |
|    time_elapsed    | 2585     |
|    total_timesteps | 5515488  |
| train/             |          |
|    actor_loss      | -0.272   |
|    critic_loss     | 0.000338 |
|    ent_coef        | 0.000302 |
|    ent_coef_loss   | 1.6      |
|    learning_rate   | 0.0003   |
|    n_updates       | 344655   |
---------------------------------
---------------------------------
| rollout/           |          |
|    ep_len_mean     | 3.95e+03 |
|    ep_rew_mean     | -414     |
| time/              |          |
|    episodes        | 2336     |
|    fps             | 2133     |
|    time_elapsed    | 2599     |
|    total_timesteps | 5545760  |
| train/             |          |
|    actor_loss      | -0.307   |
|    critic_loss     | 0.00021  |
|    ent_coef        | 0.000321 |
|    ent_coef_loss   | -1.4     |
|    learning_rate   | 0.0003   |
|    n_updates       | 346547   |
---------------------------------
---------------------------------
| rollout/           |          |
|    ep_len_mean     | 3.96e+03 |
|    ep_rew_mean     | -342     |
| time/              |          |
|    episodes        | 2340     |
|    fps             | 2133     |
|    time_elapsed    | 2601     |
|    total_timesteps | 5552176  |
| train/             |          |
|    actor_loss      | -0.284   |
|    critic_loss     | 0.000518 |
|    ent_coef        | 0.000311 |
|    ent_coef_loss   | -2.97    |
|    learning_rate   | 0.0003   |
|    n_updates       | 346948   |
---------------------------------
---------------------------------
| rollout/           |          |
|    ep_len_mean     | 4.03e+03 |
|    ep_rew_mean     | -252     |
| time/              |          |
|    episodes        | 2344     |
|    fps             | 2133     |
|    time_elapsed    | 2610     |
|    total_timesteps | 5570224  |
| train/             |          |
|    actor_loss      | -0.262   |
|    critic_loss     | 0.000283 |
|    ent_coef        | 0.000325 |
|    ent_coef_loss   | -0.273   |
|    learning_rate   | 0.0003   |
|    n_updates       | 348076   |
---------------------------------
---------------------------------
| rollout/           |          |
|    ep_len_mean     | 4.02e+03 |
|    ep_rew_mean     | -367     |
| time/              |          |
|    episodes        | 2348     |
|    fps             | 2134     |
|    time_elapsed    | 2618     |
|    total_timesteps | 5587936  |
| train/             |          |
|    actor_loss      | -0.281   |
|    critic_loss     | 0.000547 |
|    ent_coef        | 0.00031  |
|    ent_coef_loss   | -1.12    |
|    learning_rate   | 0.0003   |
|    n_updates       | 349183   |
---------------------------------
---------------------------------
| rollout/           |          |
|    ep_len_mean     | 3.93e+03 |
|    ep_rew_mean     | -238     |
| time/              |          |
|    episodes        | 2352     |
|    fps             | 2134     |
|    time_elapsed    | 2633     |
|    total_timesteps | 5619312  |
| train/             |          |
|    actor_loss      | -0.249   |
|    critic_loss     | 0.00178  |
|    ent_coef        | 0.000322 |
|    ent_coef_loss   | 1.19     |
|    learning_rate   | 0.0003   |
|    n_updates       | 351144   |
---------------------------------
---------------------------------
| rollout/           |          |
|    ep_len_mean     | 4.1e+03  |
|    ep_rew_mean     | -514     |
| time/              |          |
|    episodes        | 2356     |
|    fps             | 2134     |
|    time_elapsed    | 2638     |
|    total_timesteps | 5631008  |
| train/             |          |
|    actor_loss      | -0.271   |
|    critic_loss     | 0.000468 |
|    ent_coef        | 0.000344 |
|    ent_coef_loss   | 1.33     |
|    learning_rate   | 0.0003   |
|    n_updates       | 351875   |
---------------------------------
---------------------------------
| rollout/           |          |
|    ep_len_mean     | 4.23e+03 |
|    ep_rew_mean     | -735     |
| time/              |          |
|    episodes        | 2360     |
|    fps             | 2134     |
|    time_elapsed    | 2639     |
|    total_timesteps | 5632464  |
| train/             |          |
|    actor_loss      | -0.261   |
|    critic_loss     | 0.000427 |
|    ent_coef        | 0.000342 |
|    ent_coef_loss   | -0.243   |
|    learning_rate   | 0.0003   |
|    n_updates       | 351966   |
---------------------------------
---------------------------------
| rollout/           |          |
|    ep_len_mean     | 4.19e+03 |
|    ep_rew_mean     | -912     |
| time/              |          |
|    episodes        | 2364     |
|    fps             | 2134     |
|    time_elapsed    | 2644     |
|    total_timesteps | 5643824  |
| train/             |          |
|    actor_loss      | -0.208   |
|    critic_loss     | 0.000573 |
|    ent_coef        | 0.000327 |
|    ent_coef_loss   | 1.13     |
|    learning_rate   | 0.0003   |
|    n_updates       | 352676   |
---------------------------------
---------------------------------
| rollout/           |          |
|    ep_len_mean     | 4.38e+03 |
|    ep_rew_mean     | -948     |
| time/              |          |
|    episodes        | 2368     |
|    fps             | 2134     |
|    time_elapsed    | 2656     |
|    total_timesteps | 5671264  |
| train/             |          |
|    actor_loss      | -0.279   |
|    critic_loss     | 0.000389 |
|    ent_coef        | 0.000346 |
|    ent_coef_loss   | -0.131   |
|    learning_rate   | 0.0003   |
|    n_updates       | 354391   |
---------------------------------
---------------------------------
| rollout/           |          |
|    ep_len_mean     | 4.39e+03 |
|    ep_rew_mean     | -977     |
| time/              |          |
|    episodes        | 2372     |
|    fps             | 2134     |
|    time_elapsed    | 2658     |
|    total_timesteps | 5674624  |
| train/             |          |
|    actor_loss      | -0.302   |
|    critic_loss     | 0.000613 |
|    ent_coef        | 0.000336 |
|    ent_coef_loss   | -1.95    |
|    learning_rate   | 0.0003   |
|    n_updates       | 354601   |
---------------------------------
---------------------------------
| rollout/           |          |
|    ep_len_mean     | 4.41e+03 |
|    ep_rew_mean     | -911     |
| time/              |          |
|    episodes        | 2376     |
|    fps             | 2134     |
|    time_elapsed    | 2660     |
|    total_timesteps | 5679856  |
| train/             |          |
|    actor_loss      | -0.189   |
|    critic_loss     | 0.000775 |
|    ent_coef        | 0.00033  |
|    ent_coef_loss   | 0.788    |
|    learning_rate   | 0.0003   |
|    n_updates       | 354928   |
---------------------------------
---------------------------------
| rollout/           |          |
|    ep_len_mean     | 4.43e+03 |
|    ep_rew_mean     | -867     |
| time/              |          |
|    episodes        | 2380     |
|    fps             | 2134     |
|    time_elapsed    | 2661     |
|    total_timesteps | 5681888  |
| train/             |          |
|    actor_loss      | -0.258   |
|    critic_loss     | 0.000377 |
|    ent_coef        | 0.000333 |
|    ent_coef_loss   | -1.14    |
|    learning_rate   | 0.0003   |
|    n_updates       | 355055   |
---------------------------------
---------------------------------
| rollout/           |          |
|    ep_len_mean     | 4.15e+03 |
|    ep_rew_mean     | -775     |
| time/              |          |
|    episodes        | 2384     |
|    fps             | 2134     |
|    time_elapsed    | 2666     |
|    total_timesteps | 5691632  |
| train/             |          |
|    actor_loss      | -0.286   |
|    critic_loss     | 0.000598 |
|    ent_coef        | 0.000348 |
|    ent_coef_loss   | -3.69    |
|    learning_rate   | 0.0003   |
|    n_updates       | 355664   |
---------------------------------
---------------------------------
| rollout/           |          |
|    ep_len_mean     | 4.23e+03 |
|    ep_rew_mean     | -735     |
| time/              |          |
|    episodes        | 2388     |
|    fps             | 2134     |
|    time_elapsed    | 2675     |
|    total_timesteps | 5710992  |
| train/             |          |
|    actor_loss      | -0.257   |
|    critic_loss     | 0.000339 |
|    ent_coef        | 0.000346 |
|    ent_coef_loss   | -0.101   |
|    learning_rate   | 0.0003   |
|    n_updates       | 356874   |
---------------------------------
---------------------------------
| rollout/           |          |
|    ep_len_mean     | 4.26e+03 |
|    ep_rew_mean     | -682     |
| time/              |          |
|    episodes        | 2392     |
|    fps             | 2134     |
|    time_elapsed    | 2680     |
|    total_timesteps | 5721712  |
| train/             |          |
|    actor_loss      | -0.26    |
|    critic_loss     | 0.000289 |
|    ent_coef        | 0.00033  |
|    ent_coef_loss   | -1.76    |
|    learning_rate   | 0.0003   |
|    n_updates       | 357544   |
---------------------------------
---------------------------------
| rollout/           |          |
|    ep_len_mean     | 4.25e+03 |
|    ep_rew_mean     | -590     |
| time/              |          |
|    episodes        | 2396     |
|    fps             | 2134     |
|    time_elapsed    | 2681     |
|    total_timesteps | 5722992  |
| train/             |          |
|    actor_loss      | -0.284   |
|    critic_loss     | 0.000247 |
|    ent_coef        | 0.000323 |
|    ent_coef_loss   | -1.7     |
|    learning_rate   | 0.0003   |
|    n_updates       | 357624   |
---------------------------------
---------------------------------
| rollout/           |          |
|    ep_len_mean     | 4.15e+03 |
|    ep_rew_mean     | -403     |
| time/              |          |
|    episodes        | 2400     |
|    fps             | 2134     |
|    time_elapsed    | 2684     |
|    total_timesteps | 5729328  |
| train/             |          |
|    actor_loss      | -0.229   |
|    critic_loss     | 0.000237 |
|    ent_coef        | 0.000324 |
|    ent_coef_loss   | 1.78     |
|    learning_rate   | 0.0003   |
|    n_updates       | 358020   |
---------------------------------
---------------------------------
| rollout/           |          |
|    ep_len_mean     | 4.07e+03 |
|    ep_rew_mean     | -216     |
| time/              |          |
|    episodes        | 2404     |
|    fps             | 2134     |
|    time_elapsed    | 2700     |
|    total_timesteps | 5763984  |
| train/             |          |
|    actor_loss      | -0.245   |
|    critic_loss     | 0.00187  |
|    ent_coef        | 0.000294 |
|    ent_coef_loss   | 1.16     |
|    learning_rate   | 0.0003   |
|    n_updates       | 360186   |
---------------------------------
---------------------------------
| rollout/           |          |
|    ep_len_mean     | 3.99e+03 |
|    ep_rew_mean     | -102     |
| time/              |          |
|    episodes        | 2408     |
|    fps             | 2134     |
|    time_elapsed    | 2702     |
|    total_timesteps | 5769040  |
| train/             |          |
|    actor_loss      | -0.286   |
|    critic_loss     | 0.000332 |
|    ent_coef        | 0.000298 |
|    ent_coef_loss   | -0.748   |
|    learning_rate   | 0.0003   |
|    n_updates       | 360502   |
---------------------------------
---------------------------------
| rollout/           |          |
|    ep_len_mean     | 3.93e+03 |
|    ep_rew_mean     | -58.6    |
| time/              |          |
|    episodes        | 2412     |
|    fps             | 2134     |
|    time_elapsed    | 2704     |
|    total_timesteps | 5773456  |
| train/             |          |
|    actor_loss      | -0.236   |
|    critic_loss     | 0.000521 |
|    ent_coef        | 0.00031  |
|    ent_coef_loss   | -1.34    |
|    learning_rate   | 0.0003   |
|    n_updates       | 360778   |
---------------------------------
---------------------------------
| rollout/           |          |
|    ep_len_mean     | 3.91e+03 |
|    ep_rew_mean     | -105     |
| time/              |          |
|    episodes        | 2416     |
|    fps             | 2134     |
|    time_elapsed    | 2705     |
|    total_timesteps | 5774896  |
| train/             |          |
|    actor_loss      | -0.33    |
|    critic_loss     | 0.000169 |
|    ent_coef        | 0.000308 |
|    ent_coef_loss   | -2.37    |
|    learning_rate   | 0.0003   |
|    n_updates       | 360868   |
---------------------------------
---------------------------------
| rollout/           |          |
|    ep_len_mean     | 3.85e+03 |
|    ep_rew_mean     | -250     |
| time/              |          |
|    episodes        | 2420     |
|    fps             | 2135     |
|    time_elapsed    | 2722     |
|    total_timesteps | 5812848  |
| train/             |          |
|    actor_loss      | -0.284   |
|    critic_loss     | 0.000486 |
|    ent_coef        | 0.000308 |
|    ent_coef_loss   | 1.69     |
|    learning_rate   | 0.0003   |
|    n_updates       | 363240   |
---------------------------------
---------------------------------
| rollout/           |          |
|    ep_len_mean     | 3.77e+03 |
|    ep_rew_mean     | -126     |
| time/              |          |
|    episodes        | 2424     |
|    fps             | 2135     |
|    time_elapsed    | 2732     |
|    total_timesteps | 5835856  |
| train/             |          |
|    actor_loss      | -0.201   |
|    critic_loss     | 0.000233 |
|    ent_coef        | 0.000311 |
|    ent_coef_loss   | 0.551    |
|    learning_rate   | 0.0003   |
|    n_updates       | 364678   |
---------------------------------
---------------------------------
| rollout/           |          |
|    ep_len_mean     | 3.81e+03 |
|    ep_rew_mean     | -178     |
| time/              |          |
|    episodes        | 2428     |
|    fps             | 2135     |
|    time_elapsed    | 2742     |
|    total_timesteps | 5857888  |
| train/             |          |
|    actor_loss      | -0.263   |
|    critic_loss     | 0.000393 |
|    ent_coef        | 0.000305 |
|    ent_coef_loss   | -2.31    |
|    learning_rate   | 0.0003   |
|    n_updates       | 366055   |
---------------------------------
---------------------------------
| rollout/           |          |
|    ep_len_mean     | 3.64e+03 |
|    ep_rew_mean     | -225     |
| time/              |          |
|    episodes        | 2432     |
|    fps             | 2135     |
|    time_elapsed    | 2751     |
|    total_timesteps | 5875632  |
| train/             |          |
|    actor_loss      | -0.239   |
|    critic_loss     | 0.00367  |
|    ent_coef        | 0.0003   |
|    ent_coef_loss   | -1.41    |
|    learning_rate   | 0.0003   |
|    n_updates       | 367164   |
---------------------------------
---------------------------------
| rollout/           |          |
|    ep_len_mean     | 3.5e+03  |
|    ep_rew_mean     | 54       |
| time/              |          |
|    episodes        | 2436     |
|    fps             | 2135     |
|    time_elapsed    | 2757     |
|    total_timesteps | 5890272  |
| train/             |          |
|    actor_loss      | -0.225   |
|    critic_loss     | 0.000361 |
|    ent_coef        | 0.000316 |
|    ent_coef_loss   | -0.498   |
|    learning_rate   | 0.0003   |
|    n_updates       | 368079   |
---------------------------------
---------------------------------
| rollout/           |          |
|    ep_len_mean     | 3.61e+03 |
|    ep_rew_mean     | -167     |
| time/              |          |
|    episodes        | 2440     |
|    fps             | 2136     |
|    time_elapsed    | 2764     |
|    total_timesteps | 5905264  |
| train/             |          |
|    actor_loss      | -0.266   |
|    critic_loss     | 0.000337 |
|    ent_coef        | 0.000296 |
|    ent_coef_loss   | -1.08    |
|    learning_rate   | 0.0003   |
|    n_updates       | 369016   |
---------------------------------
---------------------------------
| rollout/           |          |
|    ep_len_mean     | 3.63e+03 |
|    ep_rew_mean     | -246     |
| time/              |          |
|    episodes        | 2444     |
|    fps             | 2136     |
|    time_elapsed    | 2772     |
|    total_timesteps | 5922768  |
| train/             |          |
|    actor_loss      | -0.34    |
|    critic_loss     | 0.00101  |
|    ent_coef        | 0.00031  |
|    ent_coef_loss   | -1.95    |
|    learning_rate   | 0.0003   |
|    n_updates       | 370110   |
---------------------------------
---------------------------------
| rollout/           |          |
|    ep_len_mean     | 3.53e+03 |
|    ep_rew_mean     | -109     |
| time/              |          |
|    episodes        | 2448     |
|    fps             | 2136     |
|    time_elapsed    | 2780     |
|    total_timesteps | 5940400  |
| train/             |          |
|    actor_loss      | -0.315   |
|    critic_loss     | 0.000353 |
|    ent_coef        | 0.000304 |
|    ent_coef_loss   | 3.69     |
|    learning_rate   | 0.0003   |
|    n_updates       | 371212   |
---------------------------------
---------------------------------
| rollout/           |          |
|    ep_len_mean     | 3.49e+03 |
|    ep_rew_mean     | -92.1    |
| time/              |          |
|    episodes        | 2452     |
|    fps             | 2136     |
|    time_elapsed    | 2787     |
|    total_timesteps | 5954032  |
| train/             |          |
|    actor_loss      | -0.273   |
|    critic_loss     | 0.000223 |
|    ent_coef        | 0.000309 |
|    ent_coef_loss   | -2.01    |
|    learning_rate   | 0.0003   |
|    n_updates       | 372064   |
---------------------------------
---------------------------------
| rollout/           |          |
|    ep_len_mean     | 3.34e+03 |
|    ep_rew_mean     | 178      |
| time/              |          |
|    episodes        | 2456     |
|    fps             | 2136     |
|    time_elapsed    | 2792     |
|    total_timesteps | 5966656  |
| train/             |          |
|    actor_loss      | -0.249   |
|    critic_loss     | 0.0133   |
|    ent_coef        | 0.000289 |
|    ent_coef_loss   | -1.61    |
|    learning_rate   | 0.0003   |
|    n_updates       | 372853   |
---------------------------------
---------------------------------
| rollout/           |          |
|    ep_len_mean     | 3.22e+03 |
|    ep_rew_mean     | 398      |
| time/              |          |
|    episodes        | 2460     |
|    fps             | 2136     |
|    time_elapsed    | 2802     |
|    total_timesteps | 5985776  |
| train/             |          |
|    actor_loss      | -0.209   |
|    critic_loss     | 0.000266 |
|    ent_coef        | 0.00031  |
|    ent_coef_loss   | -0.434   |
|    learning_rate   | 0.0003   |
|    n_updates       | 374048   |
---------------------------------
---------------------------------
| rollout/           |          |
|    ep_len_mean     | 3.18e+03 |
|    ep_rew_mean     | 484      |
| time/              |          |
|    episodes        | 2464     |
|    fps             | 2136     |
|    time_elapsed    | 2809     |
|    total_timesteps | 6000992  |
| train/             |          |
|    actor_loss      | -0.253   |
|    critic_loss     | 0.000338 |
|    ent_coef        | 0.000293 |
|    ent_coef_loss   | 2.19     |
|    learning_rate   | 0.0003   |
|    n_updates       | 374999   |
---------------------------------
---------------------------------
| rollout/           |          |
|    ep_len_mean     | 3.2e+03  |
|    ep_rew_mean     | 458      |
| time/              |          |
|    episodes        | 2468     |
|    fps             | 2136     |
|    time_elapsed    | 2814     |
|    total_timesteps | 6012512  |
| train/             |          |
|    actor_loss      | -0.281   |
|    critic_loss     | 0.000348 |
|    ent_coef        | 0.000311 |
|    ent_coef_loss   | 2.19     |
|    learning_rate   | 0.0003   |
|    n_updates       | 375719   |
---------------------------------
---------------------------------
| rollout/           |          |
|    ep_len_mean     | 3.47e+03 |
|    ep_rew_mean     | 265      |
| time/              |          |
|    episodes        | 2472     |
|    fps             | 2136     |
|    time_elapsed    | 2823     |
|    total_timesteps | 6032400  |
| train/             |          |
|    actor_loss      | -0.206   |
|    critic_loss     | 0.000336 |
|    ent_coef        | 0.000316 |
|    ent_coef_loss   | -1.81    |
|    learning_rate   | 0.0003   |
|    n_updates       | 376962   |
---------------------------------
---------------------------------
| rollout/           |          |
|    ep_len_mean     | 3.54e+03 |
|    ep_rew_mean     | 116      |
| time/              |          |
|    episodes        | 2476     |
|    fps             | 2136     |
|    time_elapsed    | 2829     |
|    total_timesteps | 6044464  |
| train/             |          |
|    actor_loss      | -0.188   |
|    critic_loss     | 0.000259 |
|    ent_coef        | 0.000308 |
|    ent_coef_loss   | 0.835    |
|    learning_rate   | 0.0003   |
|    n_updates       | 377716   |
---------------------------------
---------------------------------
| rollout/           |          |
|    ep_len_mean     | 3.58e+03 |
|    ep_rew_mean     | 59.7     |
| time/              |          |
|    episodes        | 2480     |
|    fps             | 2136     |
|    time_elapsed    | 2843     |
|    total_timesteps | 6076544  |
| train/             |          |
|    actor_loss      | -0.164   |
|    critic_loss     | 0.000263 |
|    ent_coef        | 0.00032  |
|    ent_coef_loss   | 1.1      |
|    learning_rate   | 0.0003   |
|    n_updates       | 379721   |
---------------------------------
---------------------------------
| rollout/           |          |
|    ep_len_mean     | 3.74e+03 |
|    ep_rew_mean     | 90.6     |
| time/              |          |
|    episodes        | 2484     |
|    fps             | 2136     |
|    time_elapsed    | 2847     |
|    total_timesteps | 6084288  |
| train/             |          |
|    actor_loss      | -0.244   |
|    critic_loss     | 0.000701 |
|    ent_coef        | 0.000346 |
|    ent_coef_loss   | -0.915   |
|    learning_rate   | 0.0003   |
|    n_updates       | 380205   |
---------------------------------
---------------------------------
| rollout/           |          |
|    ep_len_mean     | 3.72e+03 |
|    ep_rew_mean     | 78.6     |
| time/              |          |
|    episodes        | 2488     |
|    fps             | 2136     |
|    time_elapsed    | 2856     |
|    total_timesteps | 6105056  |
| train/             |          |
|    actor_loss      | -0.182   |
|    critic_loss     | 0.00067  |
|    ent_coef        | 0.000335 |
|    ent_coef_loss   | -2.14    |
|    learning_rate   | 0.0003   |
|    n_updates       | 381503   |
---------------------------------
---------------------------------
| rollout/           |          |
|    ep_len_mean     | 3.77e+03 |
|    ep_rew_mean     | 106      |
| time/              |          |
|    episodes        | 2492     |
|    fps             | 2136     |
|    time_elapsed    | 2862     |
|    total_timesteps | 6116928  |
| train/             |          |
|    actor_loss      | -0.138   |
|    critic_loss     | 0.000688 |
|    ent_coef        | 0.000353 |
|    ent_coef_loss   | 2        |
|    learning_rate   | 0.0003   |
|    n_updates       | 382245   |
---------------------------------
---------------------------------
| rollout/           |          |
|    ep_len_mean     | 3.93e+03 |
|    ep_rew_mean     | 40.3     |
| time/              |          |
|    episodes        | 2496     |
|    fps             | 2137     |
|    time_elapsed    | 2873     |
|    total_timesteps | 6140880  |
| train/             |          |
|    actor_loss      | -0.208   |
|    critic_loss     | 0.000309 |
|    ent_coef        | 0.000331 |
|    ent_coef_loss   | -0.944   |
|    learning_rate   | 0.0003   |
|    n_updates       | 383742   |
---------------------------------
---------------------------------
| rollout/           |          |
|    ep_len_mean     | 3.95e+03 |
|    ep_rew_mean     | 72.5     |
| time/              |          |
|    episodes        | 2500     |
|    fps             | 2137     |
|    time_elapsed    | 2876     |
|    total_timesteps | 6148432  |
| train/             |          |
|    actor_loss      | -0.2     |
|    critic_loss     | 0.000277 |
|    ent_coef        | 0.00032  |
|    ent_coef_loss   | 0.873    |
|    learning_rate   | 0.0003   |
|    n_updates       | 384214   |
---------------------------------
---------------------------------
| rollout/           |          |
|    ep_len_mean     | 3.97e+03 |
|    ep_rew_mean     | 34.1     |
| time/              |          |
|    episodes        | 2504     |
|    fps             | 2137     |
|    time_elapsed    | 2888     |
|    total_timesteps | 6172912  |
| train/             |          |
|    actor_loss      | -0.195   |
|    critic_loss     | 0.0118   |
|    ent_coef        | 0.000319 |
|    ent_coef_loss   | -0.339   |
|    learning_rate   | 0.0003   |
|    n_updates       | 385744   |
---------------------------------
---------------------------------
| rollout/           |          |
|    ep_len_mean     | 3.97e+03 |
|    ep_rew_mean     | 52.7     |
| time/              |          |
|    episodes        | 2508     |
|    fps             | 2137     |
|    time_elapsed    | 2891     |
|    total_timesteps | 6180832  |
| train/             |          |
|    actor_loss      | -0.2     |
|    critic_loss     | 0.000485 |
|    ent_coef        | 0.000312 |
|    ent_coef_loss   | -0.415   |
|    learning_rate   | 0.0003   |
|    n_updates       | 386239   |
---------------------------------
---------------------------------
| rollout/           |          |
|    ep_len_mean     | 3.93e+03 |
|    ep_rew_mean     | 79.4     |
| time/              |          |
|    episodes        | 2512     |
|    fps             | 2137     |
|    time_elapsed    | 2892     |
|    total_timesteps | 6181888  |
| train/             |          |
|    actor_loss      | -0.224   |
|    critic_loss     | 0.000287 |
|    ent_coef        | 0.000309 |
|    ent_coef_loss   | -0.559   |
|    learning_rate   | 0.0003   |
|    n_updates       | 386305   |
---------------------------------
---------------------------------
| rollout/           |          |
|    ep_len_mean     | 3.85e+03 |
|    ep_rew_mean     | 13.9     |
| time/              |          |
|    episodes        | 2516     |
|    fps             | 2137     |
|    time_elapsed    | 2894     |
|    total_timesteps | 6186240  |
| train/             |          |
|    actor_loss      | -0.214   |
|    critic_loss     | 0.000237 |
|    ent_coef        | 0.0003   |
|    ent_coef_loss   | 0.407    |
|    learning_rate   | 0.0003   |
|    n_updates       | 386577   |
---------------------------------
---------------------------------
| rollout/           |          |
|    ep_len_mean     | 3.76e+03 |
|    ep_rew_mean     | -26.7    |
| time/              |          |
|    episodes        | 2520     |
|    fps             | 2137     |
|    time_elapsed    | 2896     |
|    total_timesteps | 6190976  |
| train/             |          |
|    actor_loss      | -0.212   |
|    critic_loss     | 0.000272 |
|    ent_coef        | 0.000306 |
|    ent_coef_loss   | 3.49     |
|    learning_rate   | 0.0003   |
|    n_updates       | 386873   |
---------------------------------
---------------------------------
| rollout/           |          |
|    ep_len_mean     | 3.68e+03 |
|    ep_rew_mean     | -29.6    |
| time/              |          |
|    episodes        | 2524     |
|    fps             | 2137     |
|    time_elapsed    | 2896     |
|    total_timesteps | 6192016  |
| train/             |          |
|    actor_loss      | -0.194   |
|    critic_loss     | 0.0732   |
|    ent_coef        | 0.000306 |
|    ent_coef_loss   | 2.13     |
|    learning_rate   | 0.0003   |
|    n_updates       | 386938   |
---------------------------------
---------------------------------
| rollout/           |          |
|    ep_len_mean     | 3.51e+03 |
|    ep_rew_mean     | 57.4     |
| time/              |          |
|    episodes        | 2528     |
|    fps             | 2137     |
|    time_elapsed    | 2898     |
|    total_timesteps | 6196208  |
| train/             |          |
|    actor_loss      | -0.181   |
|    critic_loss     | 0.000686 |
|    ent_coef        | 0.000315 |
|    ent_coef_loss   | -5.28    |
|    learning_rate   | 0.0003   |
|    n_updates       | 387200   |
---------------------------------
---------------------------------
| rollout/           |          |
|    ep_len_mean     | 3.53e+03 |
|    ep_rew_mean     | -40.8    |
| time/              |          |
|    episodes        | 2532     |
|    fps             | 2137     |
|    time_elapsed    | 2903     |
|    total_timesteps | 6204912  |
| train/             |          |
|    actor_loss      | -0.185   |
|    critic_loss     | 0.00207  |
|    ent_coef        | 0.000292 |
|    ent_coef_loss   | -2.52    |
|    learning_rate   | 0.0003   |
|    n_updates       | 387744   |
---------------------------------
---------------------------------
| rollout/           |          |
|    ep_len_mean     | 3.41e+03 |
|    ep_rew_mean     | 71.4     |
| time/              |          |
|    episodes        | 2536     |
|    fps             | 2137     |
|    time_elapsed    | 2907     |
|    total_timesteps | 6215024  |
| train/             |          |
|    actor_loss      | -0.214   |
|    critic_loss     | 0.0614   |
|    ent_coef        | 0.000284 |
|    ent_coef_loss   | 0.975    |
|    learning_rate   | 0.0003   |
|    n_updates       | 388376   |
---------------------------------
---------------------------------
| rollout/           |          |
|    ep_len_mean     | 3.34e+03 |
|    ep_rew_mean     | 115      |
| time/              |          |
|    episodes        | 2540     |
|    fps             | 2137     |
|    time_elapsed    | 2918     |
|    total_timesteps | 6237168  |
| train/             |          |
|    actor_loss      | -0.158   |
|    critic_loss     | 0.000441 |
|    ent_coef        | 0.000272 |
|    ent_coef_loss   | -2.18    |
|    learning_rate   | 0.0003   |
|    n_updates       | 389760   |
---------------------------------
---------------------------------
| rollout/           |          |
|    ep_len_mean     | 3.23e+03 |
|    ep_rew_mean     | 125      |
| time/              |          |
|    episodes        | 2544     |
|    fps             | 2137     |
|    time_elapsed    | 2924     |
|    total_timesteps | 6249808  |
| train/             |          |
|    actor_loss      | -0.196   |
|    critic_loss     | 0.000325 |
|    ent_coef        | 0.000273 |
|    ent_coef_loss   | 2.66     |
|    learning_rate   | 0.0003   |
|    n_updates       | 390550   |
---------------------------------
---------------------------------
| rollout/           |          |
|    ep_len_mean     | 3.2e+03  |
|    ep_rew_mean     | -43.2    |
| time/              |          |
|    episodes        | 2548     |
|    fps             | 2137     |
|    time_elapsed    | 2926     |
|    total_timesteps | 6255248  |
| train/             |          |
|    actor_loss      | -0.192   |
|    critic_loss     | 0.0275   |
|    ent_coef        | 0.000274 |
|    ent_coef_loss   | -3.86    |
|    learning_rate   | 0.0003   |
|    n_updates       | 390890   |
---------------------------------
---------------------------------
| rollout/           |          |
|    ep_len_mean     | 3.24e+03 |
|    ep_rew_mean     | 28.5     |
| time/              |          |
|    episodes        | 2552     |
|    fps             | 2137     |
|    time_elapsed    | 2933     |
|    total_timesteps | 6268752  |
| train/             |          |
|    actor_loss      | -0.145   |
|    critic_loss     | 0.000304 |
|    ent_coef        | 0.00029  |
|    ent_coef_loss   | 0.0322   |
|    learning_rate   | 0.0003   |
|    n_updates       | 391734   |
---------------------------------
---------------------------------
| rollout/           |          |
|    ep_len_mean     | 3.2e+03  |
|    ep_rew_mean     | -1.5     |
| time/              |          |
|    episodes        | 2556     |
|    fps             | 2137     |
|    time_elapsed    | 2934     |
|    total_timesteps | 6272112  |
| train/             |          |
|    actor_loss      | -0.155   |
|    critic_loss     | 0.000249 |
|    ent_coef        | 0.000281 |
|    ent_coef_loss   | -1.75    |
|    learning_rate   | 0.0003   |
|    n_updates       | 391944   |
---------------------------------
---------------------------------
| rollout/           |          |
|    ep_len_mean     | 3.22e+03 |
|    ep_rew_mean     | -72.6    |
| time/              |          |
|    episodes        | 2560     |
|    fps             | 2137     |
|    time_elapsed    | 2937     |
|    total_timesteps | 6277776  |
| train/             |          |
|    actor_loss      | -0.188   |
|    critic_loss     | 0.000222 |
|    ent_coef        | 0.000275 |
|    ent_coef_loss   | -1.93    |
|    learning_rate   | 0.0003   |
|    n_updates       | 392298   |
---------------------------------
---------------------------------
| rollout/           |          |
|    ep_len_mean     | 3.31e+03 |
|    ep_rew_mean     | -114     |
| time/              |          |
|    episodes        | 2564     |
|    fps             | 2137     |
|    time_elapsed    | 2944     |
|    total_timesteps | 6292800  |
| train/             |          |
|    actor_loss      | -0.179   |
|    critic_loss     | 0.000391 |
|    ent_coef        | 0.000284 |
|    ent_coef_loss   | 1.05     |
|    learning_rate   | 0.0003   |
|    n_updates       | 393237   |
---------------------------------
---------------------------------
| rollout/           |          |
|    ep_len_mean     | 3.15e+03 |
|    ep_rew_mean     | -80.7    |
| time/              |          |
|    episodes        | 2568     |
|    fps             | 2137     |
|    time_elapsed    | 2949     |
|    total_timesteps | 6302944  |
| train/             |          |
|    actor_loss      | -0.137   |
|    critic_loss     | 0.000347 |
|    ent_coef        | 0.000297 |
|    ent_coef_loss   | -0.539   |
|    learning_rate   | 0.0003   |
|    n_updates       | 393871   |
---------------------------------
---------------------------------
| rollout/           |          |
|    ep_len_mean     | 2.89e+03 |
|    ep_rew_mean     | 23.6     |
| time/              |          |
|    episodes        | 2572     |
|    fps             | 2137     |
|    time_elapsed    | 2960     |
|    total_timesteps | 6327264  |
| train/             |          |
|    actor_loss      | -0.159   |
|    critic_loss     | 0.000293 |
|    ent_coef        | 0.000272 |
|    ent_coef_loss   | 0.613    |
|    learning_rate   | 0.0003   |
|    n_updates       | 395391   |
---------------------------------
---------------------------------
| rollout/           |          |
|    ep_len_mean     | 2.91e+03 |
|    ep_rew_mean     | 252      |
| time/              |          |
|    episodes        | 2576     |
|    fps             | 2137     |
|    time_elapsed    | 2961     |
|    total_timesteps | 6328912  |
| train/             |          |
|    actor_loss      | -0.155   |
|    critic_loss     | 0.000254 |
|    ent_coef        | 0.000274 |
|    ent_coef_loss   | 0.281    |
|    learning_rate   | 0.0003   |
|    n_updates       | 395494   |
---------------------------------
---------------------------------
| rollout/           |          |
|    ep_len_mean     | 2.88e+03 |
|    ep_rew_mean     | 218      |
| time/              |          |
|    episodes        | 2580     |
|    fps             | 2137     |
|    time_elapsed    | 2967     |
|    total_timesteps | 6341856  |
| train/             |          |
|    actor_loss      | -0.16    |
|    critic_loss     | 0.000235 |
|    ent_coef        | 0.000263 |
|    ent_coef_loss   | -1.2     |
|    learning_rate   | 0.0003   |
|    n_updates       | 396303   |
---------------------------------
---------------------------------
| rollout/           |          |
|    ep_len_mean     | 2.78e+03 |
|    ep_rew_mean     | 168      |
| time/              |          |
|    episodes        | 2584     |
|    fps             | 2137     |
|    time_elapsed    | 2971     |
|    total_timesteps | 6352064  |
| train/             |          |
|    actor_loss      | -0.189   |
|    critic_loss     | 0.000488 |
|    ent_coef        | 0.000269 |
|    ent_coef_loss   | 3.24     |
|    learning_rate   | 0.0003   |
|    n_updates       | 396941   |
---------------------------------
---------------------------------
| rollout/           |          |
|    ep_len_mean     | 2.75e+03 |
|    ep_rew_mean     | 114      |
| time/              |          |
|    episodes        | 2588     |
|    fps             | 2136     |
|    time_elapsed    | 2972     |
|    total_timesteps | 6352256  |
| train/             |          |
|    actor_loss      | -0.185   |
|    critic_loss     | 0.00143  |
|    ent_coef        | 0.00027  |
|    ent_coef_loss   | 0.0801   |
|    learning_rate   | 0.0003   |
|    n_updates       | 396953   |
---------------------------------
---------------------------------
| rollout/           |          |
|    ep_len_mean     | 2.68e+03 |
|    ep_rew_mean     | 52.5     |
| time/              |          |
|    episodes        | 2592     |
|    fps             | 2137     |
|    time_elapsed    | 2987     |
|    total_timesteps | 6386048  |
| train/             |          |
|    actor_loss      | -0.163   |
|    critic_loss     | 0.000794 |
|    ent_coef        | 0.000248 |
|    ent_coef_loss   | -0.287   |
|    learning_rate   | 0.0003   |
|    n_updates       | 399065   |
---------------------------------
---------------------------------
| rollout/           |          |
|    ep_len_mean     | 2.57e+03 |
|    ep_rew_mean     | 77.8     |
| time/              |          |
|    episodes        | 2596     |
|    fps             | 2137     |
|    time_elapsed    | 3001     |
|    total_timesteps | 6415488  |
| train/             |          |
|    actor_loss      | -0.146   |
|    critic_loss     | 0.000304 |
|    ent_coef        | 0.000242 |
|    ent_coef_loss   | 3.49     |
|    learning_rate   | 0.0003   |
|    n_updates       | 400905   |
---------------------------------
---------------------------------
| rollout/           |          |
|    ep_len_mean     | 2.54e+03 |
|    ep_rew_mean     | -43.1    |
| time/              |          |
|    episodes        | 2600     |
|    fps             | 2137     |
|    time_elapsed    | 3004     |
|    total_timesteps | 6421392  |
| train/             |          |
|    actor_loss      | -0.164   |
|    critic_loss     | 0.000342 |
|    ent_coef        | 0.000257 |
|    ent_coef_loss   | -1.07    |
|    learning_rate   | 0.0003   |
|    n_updates       | 401274   |
---------------------------------
---------------------------------
| rollout/           |          |
|    ep_len_mean     | 2.52e+03 |
|    ep_rew_mean     | -85      |
| time/              |          |
|    episodes        | 2604     |
|    fps             | 2137     |
|    time_elapsed    | 3019     |
|    total_timesteps | 6453568  |
| train/             |          |
|    actor_loss      | -0.169   |
|    critic_loss     | 0.000497 |
|    ent_coef        | 0.000247 |
|    ent_coef_loss   | 3.71     |
|    learning_rate   | 0.0003   |
|    n_updates       | 403285   |
---------------------------------
---------------------------------
| rollout/           |          |
|    ep_len_mean     | 2.55e+03 |
|    ep_rew_mean     | -24      |
| time/              |          |
|    episodes        | 2608     |
|    fps             | 2137     |
|    time_elapsed    | 3021     |
|    total_timesteps | 6457472  |
| train/             |          |
|    actor_loss      | -0.156   |
|    critic_loss     | 0.000212 |
|    ent_coef        | 0.000238 |
|    ent_coef_loss   | 1.93     |
|    learning_rate   | 0.0003   |
|    n_updates       | 403529   |
---------------------------------
---------------------------------
| rollout/           |          |
|    ep_len_mean     | 2.66e+03 |
|    ep_rew_mean     | -162     |
| time/              |          |
|    episodes        | 2612     |
|    fps             | 2137     |
|    time_elapsed    | 3037     |
|    total_timesteps | 6493632  |
| train/             |          |
|    actor_loss      | -0.153   |
|    critic_loss     | 0.0002   |
|    ent_coef        | 0.000217 |
|    ent_coef_loss   | -2.54    |
|    learning_rate   | 0.0003   |
|    n_updates       | 405789   |
---------------------------------
---------------------------------
| rollout/           |          |
|    ep_len_mean     | 2.72e+03 |
|    ep_rew_mean     | -251     |
| time/              |          |
|    episodes        | 2616     |
|    fps             | 2137     |
|    time_elapsed    | 3038     |
|    total_timesteps | 6495008  |
| train/             |          |
|    actor_loss      | -0.217   |
|    critic_loss     | 0.000307 |
|    ent_coef        | 0.000214 |
|    ent_coef_loss   | -4.05    |
|    learning_rate   | 0.0003   |
|    n_updates       | 405875   |
---------------------------------
---------------------------------
| rollout/           |          |
|    ep_len_mean     | 2.88e+03 |
|    ep_rew_mean     | -334     |
| time/              |          |
|    episodes        | 2620     |
|    fps             | 2137     |
|    time_elapsed    | 3042     |
|    total_timesteps | 6503184  |
| train/             |          |
|    actor_loss      | -0.144   |
|    critic_loss     | 0.000346 |
|    ent_coef        | 0.000206 |
|    ent_coef_loss   | 0.292    |
|    learning_rate   | 0.0003   |
|    n_updates       | 406386   |
---------------------------------
---------------------------------
| rollout/           |          |
|    ep_len_mean     | 3.33e+03 |
|    ep_rew_mean     | -514     |
| time/              |          |
|    episodes        | 2624     |
|    fps             | 2137     |
|    time_elapsed    | 3048     |
|    total_timesteps | 6516544  |
| train/             |          |
|    actor_loss      | -0.227   |
|    critic_loss     | 0.000949 |
|    ent_coef        | 0.000205 |
|    ent_coef_loss   | -0.0688  |
|    learning_rate   | 0.0003   |
|    n_updates       | 407221   |
---------------------------------
---------------------------------
| rollout/           |          |
|    ep_len_mean     | 3.42e+03 |
|    ep_rew_mean     | -557     |
| time/              |          |
|    episodes        | 2628     |
|    fps             | 2137     |
|    time_elapsed    | 3060     |
|    total_timesteps | 6541216  |
| train/             |          |
|    actor_loss      | -0.167   |
|    critic_loss     | 0.000162 |
|    ent_coef        | 0.000207 |
|    ent_coef_loss   | -0.793   |
|    learning_rate   | 0.0003   |
|    n_updates       | 408763   |
---------------------------------
---------------------------------
| rollout/           |          |
|    ep_len_mean     | 3.38e+03 |
|    ep_rew_mean     | -503     |
| time/              |          |
|    episodes        | 2632     |
|    fps             | 2137     |
|    time_elapsed    | 3069     |
|    total_timesteps | 6560352  |
| train/             |          |
|    actor_loss      | -0.1     |
|    critic_loss     | 0.000166 |
|    ent_coef        | 0.000199 |
|    ent_coef_loss   | -0.287   |
|    learning_rate   | 0.0003   |
|    n_updates       | 409959   |
---------------------------------
---------------------------------
| rollout/           |          |
|    ep_len_mean     | 3.39e+03 |
|    ep_rew_mean     | -493     |
| time/              |          |
|    episodes        | 2636     |
|    fps             | 2137     |
|    time_elapsed    | 3073     |
|    total_timesteps | 6568976  |
| train/             |          |
|    actor_loss      | -0.141   |
|    critic_loss     | 0.000686 |
|    ent_coef        | 0.000191 |
|    ent_coef_loss   | -0.766   |
|    learning_rate   | 0.0003   |
|    n_updates       | 410498   |
---------------------------------
---------------------------------
| rollout/           |          |
|    ep_len_mean     | 3.35e+03 |
|    ep_rew_mean     | -458     |
| time/              |          |
|    episodes        | 2640     |
|    fps             | 2137     |
|    time_elapsed    | 3084     |
|    total_timesteps | 6592688  |
| train/             |          |
|    actor_loss      | -0.109   |
|    critic_loss     | 0.00032  |
|    ent_coef        | 0.000211 |
|    ent_coef_loss   | 1.14     |
|    learning_rate   | 0.0003   |
|    n_updates       | 411980   |
---------------------------------
---------------------------------
| rollout/           |          |
|    ep_len_mean     | 3.35e+03 |
|    ep_rew_mean     | -444     |
| time/              |          |
|    episodes        | 2644     |
|    fps             | 2137     |
|    time_elapsed    | 3099     |
|    total_timesteps | 6625104  |
| train/             |          |
|    actor_loss      | -0.174   |
|    critic_loss     | 0.000225 |
|    ent_coef        | 0.00023  |
|    ent_coef_loss   | -2.71    |
|    learning_rate   | 0.0003   |
|    n_updates       | 414006   |
---------------------------------
---------------------------------
| rollout/           |          |
|    ep_len_mean     | 3.56e+03 |
|    ep_rew_mean     | -648     |
| time/              |          |
|    episodes        | 2648     |
|    fps             | 2136     |
|    time_elapsed    | 3111     |
|    total_timesteps | 6646576  |
| train/             |          |
|    actor_loss      | -0.155   |
|    critic_loss     | 0.00532  |
|    ent_coef        | 0.000201 |
|    ent_coef_loss   | -0.00976 |
|    learning_rate   | 0.0003   |
|    n_updates       | 415348   |
---------------------------------
---------------------------------
| rollout/           |          |
|    ep_len_mean     | 3.65e+03 |
|    ep_rew_mean     | -775     |
| time/              |          |
|    episodes        | 2652     |
|    fps             | 2136     |
|    time_elapsed    | 3134     |
|    total_timesteps | 6697040  |
| train/             |          |
|    actor_loss      | -0.176   |
|    critic_loss     | 0.000119 |
|    ent_coef        | 0.00019  |
|    ent_coef_loss   | 3.79     |
|    learning_rate   | 0.0003   |
|    n_updates       | 418502   |
---------------------------------
---------------------------------
| rollout/           |          |
|    ep_len_mean     | 4.01e+03 |
|    ep_rew_mean     | -917     |
| time/              |          |
|    episodes        | 2656     |
|    fps             | 2137     |
|    time_elapsed    | 3167     |
|    total_timesteps | 6769680  |
| train/             |          |
|    actor_loss      | -0.0595  |
|    critic_loss     | 0.000376 |
|    ent_coef        | 0.000243 |
|    ent_coef_loss   | 10.3     |
|    learning_rate   | 0.0003   |
|    n_updates       | 423042   |
---------------------------------
----------------------------------
| rollout/           |           |
|    ep_len_mean     | 4.39e+03  |
|    ep_rew_mean     | -1.16e+03 |
| time/              |           |
|    episodes        | 2660      |
|    fps             | 2137      |
|    time_elapsed    | 3174      |
|    total_timesteps | 6785008   |
| train/             |           |
|    actor_loss      | -0.102    |
|    critic_loss     | 0.000289  |
|    ent_coef        | 0.000272  |
|    ent_coef_loss   | -1.11     |
|    learning_rate   | 0.0003    |
|    n_updates       | 424000    |
----------------------------------
----------------------------------
| rollout/           |           |
|    ep_len_mean     | 4.52e+03  |
|    ep_rew_mean     | -1.42e+03 |
| time/              |           |
|    episodes        | 2664      |
|    fps             | 2137      |
|    time_elapsed    | 3181      |
|    total_timesteps | 6800352   |
| train/             |           |
|    actor_loss      | -0.0166   |
|    critic_loss     | 0.000401  |
|    ent_coef        | 0.000258  |
|    ent_coef_loss   | -3.07     |
|    learning_rate   | 0.0003    |
|    n_updates       | 424959    |
----------------------------------
---------------------------------
| rollout/           |          |
|    ep_len_mean     | 4.78e+03 |
|    ep_rew_mean     | -1.6e+03 |
| time/              |          |
|    episodes        | 2668     |
|    fps             | 2137     |
|    time_elapsed    | 3188     |
|    total_timesteps | 6815488  |
| train/             |          |
|    actor_loss      | -0.0538  |
|    critic_loss     | 0.000167 |
|    ent_coef        | 0.000257 |
|    ent_coef_loss   | -1.78    |
|    learning_rate   | 0.0003   |
|    n_updates       | 425905   |
---------------------------------
----------------------------------
| rollout/           |           |
|    ep_len_mean     | 4.75e+03  |
|    ep_rew_mean     | -1.47e+03 |
| time/              |           |
|    episodes        | 2672      |
|    fps             | 2137      |
|    time_elapsed    | 3194      |
|    total_timesteps | 6828512   |
| train/             |           |
|    actor_loss      | -0.0346   |
|    critic_loss     | 0.000161  |
|    ent_coef        | 0.000231  |
|    ent_coef_loss   | -2.22     |
|    learning_rate   | 0.0003    |
|    n_updates       | 426719    |
----------------------------------
----------------------------------
| rollout/           |           |
|    ep_len_mean     | 4.64e+03  |
|    ep_rew_mean     | -1.57e+03 |
| time/              |           |
|    episodes        | 2676      |
|    fps             | 2135      |
|    time_elapsed    | 3201      |
|    total_timesteps | 6837264   |
| train/             |           |
|    actor_loss      | -0.0998   |
|    critic_loss     | 0.000216  |
|    ent_coef        | 0.000222  |
|    ent_coef_loss   | -2.38     |
|    learning_rate   | 0.0003    |
|    n_updates       | 427266    |
----------------------------------
---------------------------------
| rollout/           |          |
|    ep_len_mean     | 4.56e+03 |
|    ep_rew_mean     | -1.5e+03 |
| time/              |          |
|    episodes        | 2680     |
|    fps             | 2135     |
|    time_elapsed    | 3202     |
|    total_timesteps | 6838720  |
| train/             |          |
|    actor_loss      | 0.00218  |
|    critic_loss     | 0.00475  |
|    ent_coef        | 0.000222 |
|    ent_coef_loss   | 1.16     |
|    learning_rate   | 0.0003   |
|    n_updates       | 427357   |
---------------------------------
----------------------------------
| rollout/           |           |
|    ep_len_mean     | 4.75e+03  |
|    ep_rew_mean     | -1.51e+03 |
| time/              |           |
|    episodes        | 2684      |
|    fps             | 2135      |
|    time_elapsed    | 3204      |
|    total_timesteps | 6843280   |
| train/             |           |
|    actor_loss      | -0.0014   |
|    critic_loss     | 0.000163  |
|    ent_coef        | 0.000231  |
|    ent_coef_loss   | -1.68     |
|    learning_rate   | 0.0003    |
|    n_updates       | 427642    |
----------------------------------
----------------------------------
| rollout/           |           |
|    ep_len_mean     | 4.73e+03  |
|    ep_rew_mean     | -1.44e+03 |
| time/              |           |
|    episodes        | 2688      |
|    fps             | 2135      |
|    time_elapsed    | 3208      |
|    total_timesteps | 6852016   |
| train/             |           |
|    actor_loss      | -0.00699  |
|    critic_loss     | 0.000273  |
|    ent_coef        | 0.00023   |
|    ent_coef_loss   | 2.92      |
|    learning_rate   | 0.0003    |
|    n_updates       | 428188    |
----------------------------------
---------------------------------
| rollout/           |          |
|    ep_len_mean     | 4.69e+03 |
|    ep_rew_mean     | -1.4e+03 |
| time/              |          |
|    episodes        | 2692     |
|    fps             | 2135     |
|    time_elapsed    | 3209     |
|    total_timesteps | 6854400  |
| train/             |          |
|    actor_loss      | -0.0437  |
|    critic_loss     | 0.0127   |
|    ent_coef        | 0.00023  |
|    ent_coef_loss   | 5.22     |
|    learning_rate   | 0.0003   |
|    n_updates       | 428337   |
---------------------------------
----------------------------------
| rollout/           |           |
|    ep_len_mean     | 4.68e+03  |
|    ep_rew_mean     | -1.34e+03 |
| time/              |           |
|    episodes        | 2696      |
|    fps             | 2135      |
|    time_elapsed    | 3215      |
|    total_timesteps | 6866976   |
| train/             |           |
|    actor_loss      | -0.0313   |
|    critic_loss     | 0.000281  |
|    ent_coef        | 0.00024   |
|    ent_coef_loss   | 2.92      |
|    learning_rate   | 0.0003    |
|    n_updates       | 429123    |
----------------------------------
---------------------------------
| rollout/           |          |
|    ep_len_mean     | 4.76e+03 |
|    ep_rew_mean     | -1.3e+03 |
| time/              |          |
|    episodes        | 2700     |
|    fps             | 2135     |
|    time_elapsed    | 3216     |
|    total_timesteps | 6869728  |
| train/             |          |
|    actor_loss      | 0.0178   |
|    critic_loss     | 0.000324 |
|    ent_coef        | 0.000246 |
|    ent_coef_loss   | 9.41     |
|    learning_rate   | 0.0003   |
|    n_updates       | 429295   |
---------------------------------
----------------------------------
| rollout/           |           |
|    ep_len_mean     | 4.9e+03   |
|    ep_rew_mean     | -1.27e+03 |
| time/              |           |
|    episodes        | 2704      |
|    fps             | 2135      |
|    time_elapsed    | 3229      |
|    total_timesteps | 6897472   |
| train/             |           |
|    actor_loss      | -0.0396   |
|    critic_loss     | 0.000316  |
|    ent_coef        | 0.000268  |
|    ent_coef_loss   | 10.5      |
|    learning_rate   | 0.0003    |
|    n_updates       | 431029    |
----------------------------------
---------------------------------
| rollout/           |          |
|    ep_len_mean     | 4.84e+03 |
|    ep_rew_mean     | -1.3e+03 |
| time/              |          |
|    episodes        | 2708     |
|    fps             | 2135     |
|    time_elapsed    | 3232     |
|    total_timesteps | 6905008  |
| train/             |          |
|    actor_loss      | -0.0922  |
|    critic_loss     | 0.000386 |
|    ent_coef        | 0.000271 |
|    ent_coef_loss   | 1.17     |
|    learning_rate   | 0.0003   |
|    n_updates       | 431500   |
---------------------------------
----------------------------------
| rollout/           |           |
|    ep_len_mean     | 4.76e+03  |
|    ep_rew_mean     | -1.23e+03 |
| time/              |           |
|    episodes        | 2712      |
|    fps             | 2135      |
|    time_elapsed    | 3232      |
|    total_timesteps | 6905280   |
| train/             |           |
|    actor_loss      | -0.0316   |
|    critic_loss     | 0.000428  |
|    ent_coef        | 0.000271  |
|    ent_coef_loss   | 2.23      |
|    learning_rate   | 0.0003    |
|    n_updates       | 431517    |
----------------------------------
----------------------------------
| rollout/           |           |
|    ep_len_mean     | 4.77e+03  |
|    ep_rew_mean     | -1.14e+03 |
| time/              |           |
|    episodes        | 2716      |
|    fps             | 2135      |
|    time_elapsed    | 3234      |
|    total_timesteps | 6908960   |
| train/             |           |
|    actor_loss      | -0.0562   |
|    critic_loss     | 0.000245  |
|    ent_coef        | 0.000279  |
|    ent_coef_loss   | 2.95      |
|    learning_rate   | 0.0003    |
|    n_updates       | 431747    |
----------------------------------
----------------------------------
| rollout/           |           |
|    ep_len_mean     | 4.68e+03  |
|    ep_rew_mean     | -1.07e+03 |
| time/              |           |
|    episodes        | 2720      |
|    fps             | 2135      |
|    time_elapsed    | 3242      |
|    total_timesteps | 6925504   |
| train/             |           |
|    actor_loss      | -0.047    |
|    critic_loss     | 0.00022   |
|    ent_coef        | 0.00028   |
|    ent_coef_loss   | 0.251     |
|    learning_rate   | 0.0003    |
|    n_updates       | 432781    |
----------------------------------
---------------------------------
| rollout/           |          |
|    ep_len_mean     | 4.27e+03 |
|    ep_rew_mean     | -870     |
| time/              |          |
|    episodes        | 2724     |
|    fps             | 2136     |
|    time_elapsed    | 3248     |
|    total_timesteps | 6938560  |
| train/             |          |
|    actor_loss      | -0.0452  |
|    critic_loss     | 0.000231 |
|    ent_coef        | 0.000274 |
|    ent_coef_loss   | -0.269   |
|    learning_rate   | 0.0003   |
|    n_updates       | 433597   |
---------------------------------
---------------------------------
| rollout/           |          |
|    ep_len_mean     | 4.24e+03 |
|    ep_rew_mean     | -807     |
| time/              |          |
|    episodes        | 2728     |
|    fps             | 2135     |
|    time_elapsed    | 3248     |
|    total_timesteps | 6939296  |
| train/             |          |
|    actor_loss      | -0.0394  |
|    critic_loss     | 0.000277 |
|    ent_coef        | 0.000276 |
|    ent_coef_loss   | -1.55    |
|    learning_rate   | 0.0003   |
|    n_updates       | 433643   |
---------------------------------
---------------------------------
| rollout/           |          |
|    ep_len_mean     | 4.22e+03 |
|    ep_rew_mean     | -723     |
| time/              |          |
|    episodes        | 2732     |
|    fps             | 2135     |
|    time_elapsed    | 3249     |
|    total_timesteps | 6941248  |
| train/             |          |
|    actor_loss      | -0.00673 |
|    critic_loss     | 0.019    |
|    ent_coef        | 0.000269 |
|    ent_coef_loss   | 2.69     |
|    learning_rate   | 0.0003   |
|    n_updates       | 433765   |
---------------------------------
---------------------------------
| rollout/           |          |
|    ep_len_mean     | 4.16e+03 |
|    ep_rew_mean     | -669     |
| time/              |          |
|    episodes        | 2736     |
|    fps             | 2135     |
|    time_elapsed    | 3257     |
|    total_timesteps | 6958448  |
| train/             |          |
|    actor_loss      | -0.0382  |
|    critic_loss     | 0.000221 |
|    ent_coef        | 0.000238 |
|    ent_coef_loss   | 0.88     |
|    learning_rate   | 0.0003   |
|    n_updates       | 434840   |
---------------------------------
---------------------------------
| rollout/           |          |
|    ep_len_mean     | 4.06e+03 |
|    ep_rew_mean     | -605     |
| time/              |          |
|    episodes        | 2740     |
|    fps             | 2136     |
|    time_elapsed    | 3258     |
|    total_timesteps | 6960464  |
| train/             |          |
|    actor_loss      | -0.0565  |
|    critic_loss     | 0.000276 |
|    ent_coef        | 0.000238 |
|    ent_coef_loss   | 0.00151  |
|    learning_rate   | 0.0003   |
|    n_updates       | 434966   |
---------------------------------
---------------------------------
| rollout/           |          |
|    ep_len_mean     | 4.03e+03 |
|    ep_rew_mean     | -610     |
| time/              |          |
|    episodes        | 2744     |
|    fps             | 2136     |
|    time_elapsed    | 3259     |
|    total_timesteps | 6962000  |
| train/             |          |
|    actor_loss      | -0.0785  |
|    critic_loss     | 0.000221 |
|    ent_coef        | 0.000238 |
|    ent_coef_loss   | 1.41     |
|    learning_rate   | 0.0003   |
|    n_updates       | 435062   |
---------------------------------
---------------------------------
| rollout/           |          |
|    ep_len_mean     | 3.8e+03  |
|    ep_rew_mean     | -368     |
| time/              |          |
|    episodes        | 2748     |
|    fps             | 2136     |
|    time_elapsed    | 3264     |
|    total_timesteps | 6972368  |
| train/             |          |
|    actor_loss      | -0.132   |
|    critic_loss     | 0.212    |
|    ent_coef        | 0.000246 |
|    ent_coef_loss   | 2.98     |
|    learning_rate   | 0.0003   |
|    n_updates       | 435710   |
---------------------------------
---------------------------------
| rollout/           |          |
|    ep_len_mean     | 3.66e+03 |
|    ep_rew_mean     | -309     |
| time/              |          |
|    episodes        | 2752     |
|    fps             | 2136     |
|    time_elapsed    | 3268     |
|    total_timesteps | 6982336  |
| train/             |          |
|    actor_loss      | -0.0585  |
|    critic_loss     | 0.000248 |
|    ent_coef        | 0.000239 |
|    ent_coef_loss   | 0.598    |
|    learning_rate   | 0.0003   |
|    n_updates       | 436333   |
---------------------------------
---------------------------------
| rollout/           |          |
|    ep_len_mean     | 3.29e+03 |
|    ep_rew_mean     | -140     |
| time/              |          |
|    episodes        | 2756     |
|    fps             | 2136     |
|    time_elapsed    | 3268     |
|    total_timesteps | 6982480  |
| train/             |          |
|    actor_loss      | -0.0219  |
|    critic_loss     | 0.000181 |
|    ent_coef        | 0.00024  |
|    ent_coef_loss   | 3.35     |
|    learning_rate   | 0.0003   |
|    n_updates       | 436342   |
---------------------------------
---------------------------------
| rollout/           |          |
|    ep_len_mean     | 2.96e+03 |
|    ep_rew_mean     | 183      |
| time/              |          |
|    episodes        | 2760     |
|    fps             | 2136     |
|    time_elapsed    | 3285     |
|    total_timesteps | 7019008  |
| train/             |          |
|    actor_loss      | -0.0519  |
|    critic_loss     | 0.000111 |
|    ent_coef        | 0.00024  |
|    ent_coef_loss   | -1.57    |
|    learning_rate   | 0.0003   |
|    n_updates       | 438625   |
---------------------------------
---------------------------------
| rollout/           |          |
|    ep_len_mean     | 2.8e+03  |
|    ep_rew_mean     | 449      |
| time/              |          |
|    episodes        | 2764     |
|    fps             | 2136     |
|    time_elapsed    | 3286     |
|    total_timesteps | 7020352  |
| train/             |          |
|    actor_loss      | -0.0981  |
|    critic_loss     | 0.000149 |
|    ent_coef        | 0.000238 |
|    ent_coef_loss   | -0.429   |
|    learning_rate   | 0.0003   |
|    n_updates       | 438709   |
---------------------------------
---------------------------------
| rollout/           |          |
|    ep_len_mean     | 2.56e+03 |
|    ep_rew_mean     | 724      |
| time/              |          |
|    episodes        | 2768     |
|    fps             | 2136     |
|    time_elapsed    | 3297     |
|    total_timesteps | 7044864  |
| train/             |          |
|    actor_loss      | -0.0671  |
|    critic_loss     | 0.000275 |
|    ent_coef        | 0.000223 |
|    ent_coef_loss   | 1.53     |
|    learning_rate   | 0.0003   |
|    n_updates       | 440241   |
---------------------------------
---------------------------------
| rollout/           |          |
|    ep_len_mean     | 2.64e+03 |
|    ep_rew_mean     | 745      |
| time/              |          |
|    episodes        | 2772     |
|    fps             | 2136     |
|    time_elapsed    | 3312     |
|    total_timesteps | 7075680  |
| train/             |          |
|    actor_loss      | -0.0409  |
|    critic_loss     | 0.000269 |
|    ent_coef        | 0.000252 |
|    ent_coef_loss   | -2.03    |
|    learning_rate   | 0.0003   |
|    n_updates       | 442167   |
---------------------------------
---------------------------------
| rollout/           |          |
|    ep_len_mean     | 2.69e+03 |
|    ep_rew_mean     | 801      |
| time/              |          |
|    episodes        | 2776     |
|    fps             | 2136     |
|    time_elapsed    | 3315     |
|    total_timesteps | 7083488  |
| train/             |          |
|    actor_loss      | 0.0117   |
|    critic_loss     | 0.000202 |
|    ent_coef        | 0.000247 |
|    ent_coef_loss   | 0.539    |
|    learning_rate   | 0.0003   |
|    n_updates       | 442655   |
---------------------------------
---------------------------------
| rollout/           |          |
|    ep_len_mean     | 2.86e+03 |
|    ep_rew_mean     | 880      |
| time/              |          |
|    episodes        | 2780     |
|    fps             | 2136     |
|    time_elapsed    | 3331     |
|    total_timesteps | 7116336  |
| train/             |          |
|    actor_loss      | -0.0272  |
|    critic_loss     | 0.000179 |
|    ent_coef        | 0.000244 |
|    ent_coef_loss   | 0.453    |
|    learning_rate   | 0.0003   |
|    n_updates       | 444708   |
---------------------------------
---------------------------------
| rollout/           |          |
|    ep_len_mean     | 2.7e+03  |
|    ep_rew_mean     | 893      |
| time/              |          |
|    episodes        | 2784     |
|    fps             | 2136     |
|    time_elapsed    | 3333     |
|    total_timesteps | 7119856  |
| train/             |          |
|    actor_loss      | -0.00695 |
|    critic_loss     | 0.000176 |
|    ent_coef        | 0.000251 |
|    ent_coef_loss   | 2.3      |
|    learning_rate   | 0.0003   |
|    n_updates       | 444928   |
---------------------------------
---------------------------------
| rollout/           |          |
|    ep_len_mean     | 2.94e+03 |
|    ep_rew_mean     | 870      |
| time/              |          |
|    episodes        | 2788     |
|    fps             | 2136     |
|    time_elapsed    | 3347     |
|    total_timesteps | 7149856  |
| train/             |          |
|    actor_loss      | -0.00419 |
|    critic_loss     | 0.00044  |
|    ent_coef        | 0.000241 |
|    ent_coef_loss   | 0.473    |
|    learning_rate   | 0.0003   |
|    n_updates       | 446803   |
---------------------------------
---------------------------------
| rollout/           |          |
|    ep_len_mean     | 3.02e+03 |
|    ep_rew_mean     | 852      |
| time/              |          |
|    episodes        | 2792     |
|    fps             | 2136     |
|    time_elapsed    | 3357     |
|    total_timesteps | 7171136  |
| train/             |          |
|    actor_loss      | -0.144   |
|    critic_loss     | 0.000129 |
|    ent_coef        | 0.000245 |
|    ent_coef_loss   | -2.64    |
|    learning_rate   | 0.0003   |
|    n_updates       | 448133   |
---------------------------------
---------------------------------
| rollout/           |          |
|    ep_len_mean     | 3.05e+03 |
|    ep_rew_mean     | 835      |
| time/              |          |
|    episodes        | 2796     |
|    fps             | 2136     |
|    time_elapsed    | 3375     |
|    total_timesteps | 7209472  |
| train/             |          |
|    actor_loss      | -0.0878  |
|    critic_loss     | 9.63e-05 |
|    ent_coef        | 0.000251 |
|    ent_coef_loss   | 2.05     |
|    learning_rate   | 0.0003   |
|    n_updates       | 450529   |
---------------------------------
---------------------------------
| rollout/           |          |
|    ep_len_mean     | 3.17e+03 |
|    ep_rew_mean     | 871      |
| time/              |          |
|    episodes        | 2800     |
|    fps             | 2136     |
|    time_elapsed    | 3387     |
|    total_timesteps | 7235424  |
| train/             |          |
|    actor_loss      | -0.0988  |
|    critic_loss     | 0.000223 |
|    ent_coef        | 0.000251 |
|    ent_coef_loss   | -1.31    |
|    learning_rate   | 0.0003   |
|    n_updates       | 452151   |
---------------------------------
---------------------------------
| rollout/           |          |
|    ep_len_mean     | 3.26e+03 |
|    ep_rew_mean     | 841      |
| time/              |          |
|    episodes        | 2804     |
|    fps             | 2136     |
|    time_elapsed    | 3389     |
|    total_timesteps | 7239984  |
| train/             |          |
|    actor_loss      | -0.0941  |
|    critic_loss     | 0.000251 |
|    ent_coef        | 0.00025  |
|    ent_coef_loss   | -2.66    |
|    learning_rate   | 0.0003   |
|    n_updates       | 452436   |
---------------------------------
---------------------------------
| rollout/           |          |
|    ep_len_mean     | 3.27e+03 |
|    ep_rew_mean     | 762      |
| time/              |          |
|    episodes        | 2808     |
|    fps             | 2136     |
|    time_elapsed    | 3400     |
|    total_timesteps | 7264880  |
| train/             |          |
|    actor_loss      | -0.0591  |
|    critic_loss     | 0.000273 |
|    ent_coef        | 0.000226 |
|    ent_coef_loss   | 2.46     |
|    learning_rate   | 0.0003   |
|    n_updates       | 453992   |
---------------------------------
---------------------------------
| rollout/           |          |
|    ep_len_mean     | 3.23e+03 |
|    ep_rew_mean     | 689      |
| time/              |          |
|    episodes        | 2812     |
|    fps             | 2136     |
|    time_elapsed    | 3407     |
|    total_timesteps | 7280320  |
| train/             |          |
|    actor_loss      | -0.0868  |
|    critic_loss     | 0.000153 |
|    ent_coef        | 0.000251 |
|    ent_coef_loss   | -2       |
|    learning_rate   | 0.0003   |
|    n_updates       | 454957   |
---------------------------------
---------------------------------
| rollout/           |          |
|    ep_len_mean     | 3.15e+03 |
|    ep_rew_mean     | 714      |
| time/              |          |
|    episodes        | 2816     |
|    fps             | 2136     |
|    time_elapsed    | 3412     |
|    total_timesteps | 7290960  |
| train/             |          |
|    actor_loss      | -0.0527  |
|    critic_loss     | 0.000326 |
|    ent_coef        | 0.000215 |
|    ent_coef_loss   | 0.734    |
|    learning_rate   | 0.0003   |
|    n_updates       | 455622   |
---------------------------------
---------------------------------
| rollout/           |          |
|    ep_len_mean     | 3.08e+03 |
|    ep_rew_mean     | 755      |
| time/              |          |
|    episodes        | 2820     |
|    fps             | 2134     |
|    time_elapsed    | 3422     |
|    total_timesteps | 7305280  |
| train/             |          |
|    actor_loss      | -0.0639  |
|    critic_loss     | 0.000234 |
|    ent_coef        | 0.000215 |
|    ent_coef_loss   | 1.11     |
|    learning_rate   | 0.0003   |
|    n_updates       | 456517   |
---------------------------------
---------------------------------
| rollout/           |          |
|    ep_len_mean     | 3.47e+03 |
|    ep_rew_mean     | 429      |
| time/              |          |
|    episodes        | 2824     |
|    fps             | 2134     |
|    time_elapsed    | 3441     |
|    total_timesteps | 7346464  |
| train/             |          |
|    actor_loss      | -0.118   |
|    critic_loss     | 0.000207 |
|    ent_coef        | 0.000235 |
|    ent_coef_loss   | 3.64     |
|    learning_rate   | 0.0003   |
|    n_updates       | 459091   |
---------------------------------
---------------------------------
| rollout/           |          |
|    ep_len_mean     | 3.7e+03  |
|    ep_rew_mean     | 212      |
| time/              |          |
|    episodes        | 2828     |
|    fps             | 2134     |
|    time_elapsed    | 3449     |
|    total_timesteps | 7362496  |
| train/             |          |
|    actor_loss      | -0.127   |
|    critic_loss     | 0.000249 |
|    ent_coef        | 0.000251 |
|    ent_coef_loss   | -1.87    |
|    learning_rate   | 0.0003   |
|    n_updates       | 460093   |
---------------------------------
---------------------------------
| rollout/           |          |
|    ep_len_mean     | 3.8e+03  |
|    ep_rew_mean     | 251      |
| time/              |          |
|    episodes        | 2832     |
|    fps             | 2134     |
|    time_elapsed    | 3460     |
|    total_timesteps | 7385952  |
| train/             |          |
|    actor_loss      | -0.08    |
|    critic_loss     | 0.000287 |
|    ent_coef        | 0.000243 |
|    ent_coef_loss   | 10.4     |
|    learning_rate   | 0.0003   |
|    n_updates       | 461559   |
---------------------------------
---------------------------------
| rollout/           |          |
|    ep_len_mean     | 4.01e+03 |
|    ep_rew_mean     | 287      |
| time/              |          |
|    episodes        | 2836     |
|    fps             | 2134     |
|    time_elapsed    | 3463     |
|    total_timesteps | 7393152  |
| train/             |          |
|    actor_loss      | -0.0701  |
|    critic_loss     | 0.000468 |
|    ent_coef        | 0.000257 |
|    ent_coef_loss   | 3.26     |
|    learning_rate   | 0.0003   |
|    n_updates       | 462009   |
---------------------------------
---------------------------------
| rollout/           |          |
|    ep_len_mean     | 4.2e+03  |
|    ep_rew_mean     | 396      |
| time/              |          |
|    episodes        | 2840     |
|    fps             | 2134     |
|    time_elapsed    | 3490     |
|    total_timesteps | 7450304  |
| train/             |          |
|    actor_loss      | -0.184   |
|    critic_loss     | 0.000996 |
|    ent_coef        | 0.00027  |
|    ent_coef_loss   | -2.04    |
|    learning_rate   | 0.0003   |
|    n_updates       | 465581   |
---------------------------------
---------------------------------
| rollout/           |          |
|    ep_len_mean     | 4.31e+03 |
|    ep_rew_mean     | 492      |
| time/              |          |
|    episodes        | 2844     |
|    fps             | 2134     |
|    time_elapsed    | 3496     |
|    total_timesteps | 7461952  |
| train/             |          |
|    actor_loss      | -0.138   |
|    critic_loss     | 0.0002   |
|    ent_coef        | 0.000257 |
|    ent_coef_loss   | -1.69    |
|    learning_rate   | 0.0003   |
|    n_updates       | 466309   |
---------------------------------
---------------------------------
| rollout/           |          |
|    ep_len_mean     | 4.66e+03 |
|    ep_rew_mean     | 241      |
| time/              |          |
|    episodes        | 2848     |
|    fps             | 2134     |
|    time_elapsed    | 3508     |
|    total_timesteps | 7487344  |
| train/             |          |
|    actor_loss      | -0.131   |
|    critic_loss     | 0.00014  |
|    ent_coef        | 0.000265 |
|    ent_coef_loss   | -2.47    |
|    learning_rate   | 0.0003   |
|    n_updates       | 467896   |
---------------------------------
---------------------------------
| rollout/           |          |
|    ep_len_mean     | 4.93e+03 |
|    ep_rew_mean     | -0.177   |
| time/              |          |
|    episodes        | 2852     |
|    fps             | 2134     |
|    time_elapsed    | 3518     |
|    total_timesteps | 7509872  |
| train/             |          |
|    actor_loss      | -0.14    |
|    critic_loss     | 0.00019  |
|    ent_coef        | 0.000242 |
|    ent_coef_loss   | 1.15     |
|    learning_rate   | 0.0003   |
|    n_updates       | 469304   |
---------------------------------
---------------------------------
| rollout/           |          |
|    ep_len_mean     | 5.05e+03 |
|    ep_rew_mean     | -61.8    |
| time/              |          |
|    episodes        | 2856     |
|    fps             | 2134     |
|    time_elapsed    | 3532     |
|    total_timesteps | 7539440  |
| train/             |          |
|    actor_loss      | -0.151   |
|    critic_loss     | 0.000229 |
|    ent_coef        | 0.000239 |
|    ent_coef_loss   | 0.612    |
|    learning_rate   | 0.0003   |
|    n_updates       | 471152   |
---------------------------------
---------------------------------
| rollout/           |          |
|    ep_len_mean     | 5.23e+03 |
|    ep_rew_mean     | -426     |
| time/              |          |
|    episodes        | 2860     |
|    fps             | 2134     |
|    time_elapsed    | 3543     |
|    total_timesteps | 7562000  |
| train/             |          |
|    actor_loss      | -0.121   |
|    critic_loss     | 0.00105  |
|    ent_coef        | 0.000254 |
|    ent_coef_loss   | -0.643   |
|    learning_rate   | 0.0003   |
|    n_updates       | 472562   |
---------------------------------
---------------------------------
| rollout/           |          |
|    ep_len_mean     | 5.42e+03 |
|    ep_rew_mean     | -607     |
| time/              |          |
|    episodes        | 2864     |
|    fps             | 2134     |
|    time_elapsed    | 3559     |
|    total_timesteps | 7597104  |
| train/             |          |
|    actor_loss      | -0.114   |
|    critic_loss     | 0.00108  |
|    ent_coef        | 0.000278 |
|    ent_coef_loss   | 15.4     |
|    learning_rate   | 0.0003   |
|    n_updates       | 474756   |
---------------------------------
---------------------------------
| rollout/           |          |
|    ep_len_mean     | 5.51e+03 |
|    ep_rew_mean     | -672     |
| time/              |          |
|    episodes        | 2868     |
|    fps             | 2134     |
|    time_elapsed    | 3560     |
|    total_timesteps | 7597808  |
| train/             |          |
|    actor_loss      | -0.149   |
|    critic_loss     | 0.0033   |
|    ent_coef        | 0.00029  |
|    ent_coef_loss   | 5.23     |
|    learning_rate   | 0.0003   |
|    n_updates       | 474800   |
---------------------------------
---------------------------------
| rollout/           |          |
|    ep_len_mean     | 5.56e+03 |
|    ep_rew_mean     | -837     |
| time/              |          |
|    episodes        | 2872     |
|    fps             | 2134     |
|    time_elapsed    | 3562     |
|    total_timesteps | 7601664  |
| train/             |          |
|    actor_loss      | -0.107   |
|    critic_loss     | 0.000669 |
|    ent_coef        | 0.000296 |
|    ent_coef_loss   | 2.91     |
|    learning_rate   | 0.0003   |
|    n_updates       | 475041   |
---------------------------------
---------------------------------
| rollout/           |          |
|    ep_len_mean     | 5.6e+03  |
|    ep_rew_mean     | -888     |
| time/              |          |
|    episodes        | 2876     |
|    fps             | 2134     |
|    time_elapsed    | 3567     |
|    total_timesteps | 7612480  |
| train/             |          |
|    actor_loss      | -0.109   |
|    critic_loss     | 0.000445 |
|    ent_coef        | 0.000297 |
|    ent_coef_loss   | -1.32    |
|    learning_rate   | 0.0003   |
|    n_updates       | 475717   |
---------------------------------
---------------------------------
| rollout/           |          |
|    ep_len_mean     | 5.54e+03 |
|    ep_rew_mean     | -960     |
| time/              |          |
|    episodes        | 2880     |
|    fps             | 2133     |
|    time_elapsed    | 3598     |
|    total_timesteps | 7680048  |
| train/             |          |
|    actor_loss      | -0.114   |
|    critic_loss     | 0.000225 |
|    ent_coef        | 0.000304 |
|    ent_coef_loss   | 4.58     |
|    learning_rate   | 0.0003   |
|    n_updates       | 479940   |
---------------------------------
----------------------------------
| rollout/           |           |
|    ep_len_mean     | 5.63e+03  |
|    ep_rew_mean     | -1.15e+03 |
| time/              |           |
|    episodes        | 2884      |
|    fps             | 2133      |
|    time_elapsed    | 3600      |
|    total_timesteps | 7682336   |
| train/             |           |
|    actor_loss      | -0.148    |
|    critic_loss     | 0.0004    |
|    ent_coef        | 0.000315  |
|    ent_coef_loss   | -1.16     |
|    learning_rate   | 0.0003    |
|    n_updates       | 480083    |
----------------------------------
----------------------------------
| rollout/           |           |
|    ep_len_mean     | 5.56e+03  |
|    ep_rew_mean     | -1.24e+03 |
| time/              |           |
|    episodes        | 2888      |
|    fps             | 2133      |
|    time_elapsed    | 3600      |
|    total_timesteps | 7682704   |
| train/             |           |
|    actor_loss      | -0.0643   |
|    critic_loss     | 0.000327  |
|    ent_coef        | 0.000316  |
|    ent_coef_loss   | 0.489     |
|    learning_rate   | 0.0003    |
|    n_updates       | 480106    |
----------------------------------
----------------------------------
| rollout/           |           |
|    ep_len_mean     | 5.67e+03  |
|    ep_rew_mean     | -1.34e+03 |
| time/              |           |
|    episodes        | 2892      |
|    fps             | 2134      |
|    time_elapsed    | 3623      |
|    total_timesteps | 7733712   |
| train/             |           |
|    actor_loss      | -0.132    |
|    critic_loss     | 0.000204  |
|    ent_coef        | 0.000315  |
|    ent_coef_loss   | 1.15      |
|    learning_rate   | 0.0003    |
|    n_updates       | 483294    |
----------------------------------
----------------------------------
| rollout/           |           |
|    ep_len_mean     | 5.74e+03  |
|    ep_rew_mean     | -1.52e+03 |
| time/              |           |
|    episodes        | 2896      |
|    fps             | 2134      |
|    time_elapsed    | 3641      |
|    total_timesteps | 7771808   |
| train/             |           |
|    actor_loss      | -0.156    |
|    critic_loss     | 0.000142  |
|    ent_coef        | 0.000286  |
|    ent_coef_loss   | -3.6      |
|    learning_rate   | 0.0003    |
|    n_updates       | 485675    |
----------------------------------
----------------------------------
| rollout/           |           |
|    ep_len_mean     | 5.67e+03  |
|    ep_rew_mean     | -1.67e+03 |
| time/              |           |
|    episodes        | 2900      |
|    fps             | 2134      |
|    time_elapsed    | 3641      |
|    total_timesteps | 7771888   |
| train/             |           |
|    actor_loss      | -0.136    |
|    critic_loss     | 0.000261  |
|    ent_coef        | 0.000285  |
|    ent_coef_loss   | -4.67     |
|    learning_rate   | 0.0003    |
|    n_updates       | 485680    |
----------------------------------
----------------------------------
| rollout/           |           |
|    ep_len_mean     | 5.6e+03   |
|    ep_rew_mean     | -1.78e+03 |
| time/              |           |
|    episodes        | 2904      |
|    fps             | 2134      |
|    time_elapsed    | 3649      |
|    total_timesteps | 7788000   |
| train/             |           |
|    actor_loss      | -0.104    |
|    critic_loss     | 0.00017   |
|    ent_coef        | 0.000294  |
|    ent_coef_loss   | -1.95     |
|    learning_rate   | 0.0003    |
|    n_updates       | 486687    |
----------------------------------
----------------------------------
| rollout/           |           |
|    ep_len_mean     | 5.59e+03  |
|    ep_rew_mean     | -1.68e+03 |
| time/              |           |
|    episodes        | 2908      |
|    fps             | 2134      |
|    time_elapsed    | 3662      |
|    total_timesteps | 7816144   |
| train/             |           |
|    actor_loss      | -0.144    |
|    critic_loss     | 0.00106   |
|    ent_coef        | 0.000278  |
|    ent_coef_loss   | 2         |
|    learning_rate   | 0.0003    |
|    n_updates       | 488446    |
----------------------------------
----------------------------------
| rollout/           |           |
|    ep_len_mean     | 5.78e+03  |
|    ep_rew_mean     | -1.96e+03 |
| time/              |           |
|    episodes        | 2912      |
|    fps             | 2134      |
|    time_elapsed    | 3673      |
|    total_timesteps | 7839600   |
| train/             |           |
|    actor_loss      | -0.125    |
|    critic_loss     | 0.000186  |
|    ent_coef        | 0.000285  |
|    ent_coef_loss   | -0.628    |
|    learning_rate   | 0.0003    |
|    n_updates       | 489912    |
----------------------------------
----------------------------------
| rollout/           |           |
|    ep_len_mean     | 5.87e+03  |
|    ep_rew_mean     | -1.99e+03 |
| time/              |           |
|    episodes        | 2916      |
|    fps             | 2134      |
|    time_elapsed    | 3681      |
|    total_timesteps | 7859072   |
| train/             |           |
|    actor_loss      | -0.127    |
|    critic_loss     | 0.000213  |
|    ent_coef        | 0.00027   |
|    ent_coef_loss   | -1.55     |
|    learning_rate   | 0.0003    |
|    n_updates       | 491129    |
----------------------------------
----------------------------------
| rollout/           |           |
|    ep_len_mean     | 6.06e+03  |
|    ep_rew_mean     | -2.08e+03 |
| time/              |           |
|    episodes        | 2920      |
|    fps             | 2134      |
|    time_elapsed    | 3690      |
|    total_timesteps | 7876480   |
| train/             |           |
|    actor_loss      | -0.147    |
|    critic_loss     | 0.000366  |
|    ent_coef        | 0.000287  |
|    ent_coef_loss   | -0.255    |
|    learning_rate   | 0.0003    |
|    n_updates       | 492217    |
----------------------------------
----------------------------------
| rollout/           |           |
|    ep_len_mean     | 5.83e+03  |
|    ep_rew_mean     | -1.85e+03 |
| time/              |           |
|    episodes        | 2924      |
|    fps             | 2134      |
|    time_elapsed    | 3695      |
|    total_timesteps | 7888000   |
| train/             |           |
|    actor_loss      | -0.16     |
|    critic_loss     | 0.000219  |
|    ent_coef        | 0.000266  |
|    ent_coef_loss   | -1.75     |
|    learning_rate   | 0.0003    |
|    n_updates       | 492937    |
----------------------------------
----------------------------------
| rollout/           |           |
|    ep_len_mean     | 5.57e+03  |
|    ep_rew_mean     | -1.65e+03 |
| time/              |           |
|    episodes        | 2928      |
|    fps             | 2134      |
|    time_elapsed    | 3700      |
|    total_timesteps | 7898336   |
| train/             |           |
|    actor_loss      | -0.0873   |
|    critic_loss     | 0.00141   |
|    ent_coef        | 0.000261  |
|    ent_coef_loss   | 3.41      |
|    learning_rate   | 0.0003    |
|    n_updates       | 493583    |
----------------------------------
----------------------------------
| rollout/           |           |
|    ep_len_mean     | 5.31e+03  |
|    ep_rew_mean     | -1.69e+03 |
| time/              |           |
|    episodes        | 2932      |
|    fps             | 2134      |
|    time_elapsed    | 3702      |
|    total_timesteps | 7902848   |
| train/             |           |
|    actor_loss      | -0.109    |
|    critic_loss     | 0.000385  |
|    ent_coef        | 0.00027   |
|    ent_coef_loss   | 10.6      |
|    learning_rate   | 0.0003    |
|    n_updates       | 493865    |
----------------------------------
----------------------------------
| rollout/           |           |
|    ep_len_mean     | 5.07e+03  |
|    ep_rew_mean     | -1.82e+03 |
| time/              |           |
|    episodes        | 2936      |
|    fps             | 2134      |
|    time_elapsed    | 3702      |
|    total_timesteps | 7903712   |
| train/             |           |
|    actor_loss      | -0.11     |
|    critic_loss     | 0.000684  |
|    ent_coef        | 0.00028   |
|    ent_coef_loss   | 1.29      |
|    learning_rate   | 0.0003    |
|    n_updates       | 493919    |
----------------------------------
----------------------------------
| rollout/           |           |
|    ep_len_mean     | 4.94e+03  |
|    ep_rew_mean     | -1.93e+03 |
| time/              |           |
|    episodes        | 2940      |
|    fps             | 2134      |
|    time_elapsed    | 3703      |
|    total_timesteps | 7904560   |
| train/             |           |
|    actor_loss      | -0.102    |
|    critic_loss     | 0.000511  |
|    ent_coef        | 0.000282  |
|    ent_coef_loss   | 3.74      |
|    learning_rate   | 0.0003    |
|    n_updates       | 493972    |
----------------------------------
----------------------------------
| rollout/           |           |
|    ep_len_mean     | 4.8e+03   |
|    ep_rew_mean     | -2.05e+03 |
| time/              |           |
|    episodes        | 2944      |
|    fps             | 2134      |
|    time_elapsed    | 3706      |
|    total_timesteps | 7912016   |
| train/             |           |
|    actor_loss      | -0.155    |
|    critic_loss     | 0.00061   |
|    ent_coef        | 0.00028   |
|    ent_coef_loss   | -2.24     |
|    learning_rate   | 0.0003    |
|    n_updates       | 494438    |
----------------------------------
----------------------------------
| rollout/           |           |
|    ep_len_mean     | 4.52e+03  |
|    ep_rew_mean     | -1.72e+03 |
| time/              |           |
|    episodes        | 2948      |
|    fps             | 2134      |
|    time_elapsed    | 3712      |
|    total_timesteps | 7924528   |
| train/             |           |
|    actor_loss      | -0.0519   |
|    critic_loss     | 0.000349  |
|    ent_coef        | 0.000279  |
|    ent_coef_loss   | 3.03      |
|    learning_rate   | 0.0003    |
|    n_updates       | 495220    |
----------------------------------
---------------------------------
| rollout/           |          |
|    ep_len_mean     | 4.37e+03 |
|    ep_rew_mean     | -1.6e+03 |
| time/              |          |
|    episodes        | 2952     |
|    fps             | 2132     |
|    time_elapsed    | 3716     |
|    total_timesteps | 7927520  |
| train/             |          |
|    actor_loss      | -0.103   |
|    critic_loss     | 0.000179 |
|    ent_coef        | 0.000283 |
|    ent_coef_loss   | -1.07    |
|    learning_rate   | 0.0003   |
|    n_updates       | 495407   |
---------------------------------
----------------------------------
| rollout/           |           |
|    ep_len_mean     | 4.19e+03  |
|    ep_rew_mean     | -1.55e+03 |
| time/              |           |
|    episodes        | 2956      |
|    fps             | 2132      |
|    time_elapsed    | 3717      |
|    total_timesteps | 7929312   |
| train/             |           |
|    actor_loss      | -0.105    |
|    critic_loss     | 0.000268  |
|    ent_coef        | 0.000288  |
|    ent_coef_loss   | -0.143    |
|    learning_rate   | 0.0003    |
|    n_updates       | 495519    |
----------------------------------
----------------------------------
| rollout/           |           |
|    ep_len_mean     | 3.91e+03  |
|    ep_rew_mean     | -1.28e+03 |
| time/              |           |
|    episodes        | 2960      |
|    fps             | 2132      |
|    time_elapsed    | 3719      |
|    total_timesteps | 7933840   |
| train/             |           |
|    actor_loss      | -0.115    |
|    critic_loss     | 0.000386  |
|    ent_coef        | 0.000277  |
|    ent_coef_loss   | -0.214    |
|    learning_rate   | 0.0003    |
|    n_updates       | 495802    |
----------------------------------
---------------------------------
| rollout/           |          |
|    ep_len_mean     | 3.73e+03 |
|    ep_rew_mean     | -1.2e+03 |
| time/              |          |
|    episodes        | 2964     |
|    fps             | 2132     |
|    time_elapsed    | 3721     |
|    total_timesteps | 7937968  |
| train/             |          |
|    actor_loss      | -0.103   |
|    critic_loss     | 0.000215 |
|    ent_coef        | 0.000282 |
|    ent_coef_loss   | -1.74    |
|    learning_rate   | 0.0003   |
|    n_updates       | 496060   |
---------------------------------
----------------------------------
| rollout/           |           |
|    ep_len_mean     | 3.56e+03  |
|    ep_rew_mean     | -1.16e+03 |
| time/              |           |
|    episodes        | 2968      |
|    fps             | 2132      |
|    time_elapsed    | 3724      |
|    total_timesteps | 7943168   |
| train/             |           |
|    actor_loss      | -0.16     |
|    critic_loss     | 0.00019   |
|    ent_coef        | 0.000281  |
|    ent_coef_loss   | -1.87     |
|    learning_rate   | 0.0003    |
|    n_updates       | 496385    |
----------------------------------
----------------------------------
| rollout/           |           |
|    ep_len_mean     | 3.5e+03   |
|    ep_rew_mean     | -1.13e+03 |
| time/              |           |
|    episodes        | 2972      |
|    fps             | 2132      |
|    time_elapsed    | 3728      |
|    total_timesteps | 7953024   |
| train/             |           |
|    actor_loss      | -0.119    |
|    critic_loss     | 0.0118    |
|    ent_coef        | 0.000272  |
|    ent_coef_loss   | 1.95      |
|    learning_rate   | 0.0003    |
|    n_updates       | 497001    |
----------------------------------
----------------------------------
| rollout/           |           |
|    ep_len_mean     | 3.4e+03   |
|    ep_rew_mean     | -1.17e+03 |
| time/              |           |
|    episodes        | 2976      |
|    fps             | 2132      |
|    time_elapsed    | 3731      |
|    total_timesteps | 7958544   |
| train/             |           |
|    actor_loss      | -0.104    |
|    critic_loss     | 0.000178  |
|    ent_coef        | 0.000273  |
|    ent_coef_loss   | -1.76     |
|    learning_rate   | 0.0003    |
|    n_updates       | 497346    |
----------------------------------
----------------------------------
| rollout/           |           |
|    ep_len_mean     | 3.28e+03  |
|    ep_rew_mean     | -1.15e+03 |
| time/              |           |
|    episodes        | 2980      |
|    fps             | 2132      |
|    time_elapsed    | 3734      |
|    total_timesteps | 7966048   |
| train/             |           |
|    actor_loss      | -0.0652   |
|    critic_loss     | 0.000202  |
|    ent_coef        | 0.000253  |
|    ent_coef_loss   | 0.794     |
|    learning_rate   | 0.0003    |
|    n_updates       | 497815    |
----------------------------------
---------------------------------
| rollout/           |          |
|    ep_len_mean     | 3.19e+03 |
|    ep_rew_mean     | -987     |
| time/              |          |
|    episodes        | 2984     |
|    fps             | 2133     |
|    time_elapsed    | 3741     |
|    total_timesteps | 7981024  |
| train/             |          |
|    actor_loss      | -0.126   |
|    critic_loss     | 0.000498 |
|    ent_coef        | 0.000285 |
|    ent_coef_loss   | 0.37     |
|    learning_rate   | 0.0003   |
|    n_updates       | 498751   |
---------------------------------
---------------------------------
| rollout/           |          |
|    ep_len_mean     | 3.11e+03 |
|    ep_rew_mean     | -857     |
| time/              |          |
|    episodes        | 2988     |
|    fps             | 2133     |
|    time_elapsed    | 3742     |
|    total_timesteps | 7982432  |
| train/             |          |
|    actor_loss      | -0.0779  |
|    critic_loss     | 0.000219 |
|    ent_coef        | 0.000287 |
|    ent_coef_loss   | -3.35    |
|    learning_rate   | 0.0003   |
|    n_updates       | 498839   |
---------------------------------
---------------------------------
| rollout/           |          |
|    ep_len_mean     | 2.94e+03 |
|    ep_rew_mean     | -697     |
| time/              |          |
|    episodes        | 2992     |
|    fps             | 2133     |
|    time_elapsed    | 3746     |
|    total_timesteps | 7991072  |
| train/             |          |
|    actor_loss      | -0.0772  |
|    critic_loss     | 0.000158 |
|    ent_coef        | 0.000286 |
|    ent_coef_loss   | -2.46    |
|    learning_rate   | 0.0003   |
|    n_updates       | 499379   |
---------------------------------
---------------------------------
| rollout/           |          |
|    ep_len_mean     | 2.84e+03 |
|    ep_rew_mean     | -432     |
| time/              |          |
|    episodes        | 2996     |
|    fps             | 2133     |
|    time_elapsed    | 3778     |
|    total_timesteps | 8061648  |
| train/             |          |
|    actor_loss      | -0.0345  |
|    critic_loss     | 0.00022  |
|    ent_coef        | 0.000272 |
|    ent_coef_loss   | -2.08    |
|    learning_rate   | 0.0003   |
|    n_updates       | 503790   |
---------------------------------
---------------------------------
| rollout/           |          |
|    ep_len_mean     | 2.88e+03 |
|    ep_rew_mean     | -219     |
| time/              |          |
|    episodes        | 3000     |
|    fps             | 2133     |
|    time_elapsed    | 3791     |
|    total_timesteps | 8090640  |
| train/             |          |
|    actor_loss      | -0.043   |
|    critic_loss     | 0.000186 |
|    ent_coef        | 0.000312 |
|    ent_coef_loss   | -2.86    |
|    learning_rate   | 0.0003   |
|    n_updates       | 505602   |
---------------------------------
---------------------------------
| rollout/           |          |
|    ep_len_mean     | 2.86e+03 |
|    ep_rew_mean     | -347     |
| time/              |          |
|    episodes        | 3004     |
|    fps             | 2133     |
|    time_elapsed    | 3794     |
|    total_timesteps | 8096192  |
| train/             |          |
|    actor_loss      | -0.096   |
|    critic_loss     | 0.000274 |
|    ent_coef        | 0.000319 |
|    ent_coef_loss   | 0.628    |
|    learning_rate   | 0.0003   |
|    n_updates       | 505949   |
---------------------------------
---------------------------------
| rollout/           |          |
|    ep_len_mean     | 2.72e+03 |
|    ep_rew_mean     | -192     |
| time/              |          |
|    episodes        | 3008     |
|    fps             | 2133     |
|    time_elapsed    | 3797     |
|    total_timesteps | 8103120  |
| train/             |          |
|    actor_loss      | 0.0279   |
|    critic_loss     | 0.00039  |
|    ent_coef        | 0.000325 |
|    ent_coef_loss   | -0.292   |
|    learning_rate   | 0.0003   |
|    n_updates       | 506382   |
---------------------------------
---------------------------------
| rollout/           |          |
|    ep_len_mean     | 2.76e+03 |
|    ep_rew_mean     | -263     |
| time/              |          |
|    episodes        | 3012     |
|    fps             | 2133     |
|    time_elapsed    | 3799     |
|    total_timesteps | 8108336  |
| train/             |          |
|    actor_loss      | -0.0151  |
|    critic_loss     | 0.000411 |
|    ent_coef        | 0.000308 |
|    ent_coef_loss   | -0.169   |
|    learning_rate   | 0.0003   |
|    n_updates       | 506708   |
---------------------------------
---------------------------------
| rollout/           |          |
|    ep_len_mean     | 2.84e+03 |
|    ep_rew_mean     | -382     |
| time/              |          |
|    episodes        | 3016     |
|    fps             | 2133     |
|    time_elapsed    | 3805     |
|    total_timesteps | 8119728  |
| train/             |          |
|    actor_loss      | -0.0993  |
|    critic_loss     | 0.035    |
|    ent_coef        | 0.000308 |
|    ent_coef_loss   | 3.07     |
|    learning_rate   | 0.0003   |
|    n_updates       | 507420   |
---------------------------------
---------------------------------
| rollout/           |          |
|    ep_len_mean     | 2.76e+03 |
|    ep_rew_mean     | -322     |
| time/              |          |
|    episodes        | 3020     |
|    fps             | 2134     |
|    time_elapsed    | 3820     |
|    total_timesteps | 8152672  |
| train/             |          |
|    actor_loss      | -0.101   |
|    critic_loss     | 0.000232 |
|    ent_coef        | 0.000347 |
|    ent_coef_loss   | 1.75     |
|    learning_rate   | 0.0003   |
|    n_updates       | 509479   |
---------------------------------
---------------------------------
| rollout/           |          |
|    ep_len_mean     | 2.81e+03 |
|    ep_rew_mean     | -417     |
| time/              |          |
|    episodes        | 3024     |
|    fps             | 2134     |
|    time_elapsed    | 3831     |
|    total_timesteps | 8177376  |
| train/             |          |
|    actor_loss      | -0.0342  |
|    critic_loss     | 0.000276 |
|    ent_coef        | 0.000321 |
|    ent_coef_loss   | -2.11    |
|    learning_rate   | 0.0003   |
|    n_updates       | 511023   |
---------------------------------
---------------------------------
| rollout/           |          |
|    ep_len_mean     | 2.86e+03 |
|    ep_rew_mean     | -297     |
| time/              |          |
|    episodes        | 3028     |
|    fps             | 2134     |
|    time_elapsed    | 3837     |
|    total_timesteps | 8189200  |
| train/             |          |
|    actor_loss      | 0.0243   |
|    critic_loss     | 0.000905 |
|    ent_coef        | 0.000312 |
|    ent_coef_loss   | 3.3      |
|    learning_rate   | 0.0003   |
|    n_updates       | 511762   |
---------------------------------
---------------------------------
| rollout/           |          |
|    ep_len_mean     | 3.04e+03 |
|    ep_rew_mean     | -303     |
| time/              |          |
|    episodes        | 3032     |
|    fps             | 2134     |
|    time_elapsed    | 3843     |
|    total_timesteps | 8203408  |
| train/             |          |
|    actor_loss      | -0.0705  |
|    critic_loss     | 0.000315 |
|    ent_coef        | 0.000349 |
|    ent_coef_loss   | 0.25     |
|    learning_rate   | 0.0003   |
|    n_updates       | 512650   |
---------------------------------
---------------------------------
| rollout/           |          |
|    ep_len_mean     | 3.17e+03 |
|    ep_rew_mean     | -291     |
| time/              |          |
|    episodes        | 3036     |
|    fps             | 2134     |
|    time_elapsed    | 3851     |
|    total_timesteps | 8221200  |
| train/             |          |
|    actor_loss      | -0.0777  |
|    critic_loss     | 0.000204 |
|    ent_coef        | 0.000303 |
|    ent_coef_loss   | -4.26    |
|    learning_rate   | 0.0003   |
|    n_updates       | 513762   |
---------------------------------
---------------------------------
| rollout/           |          |
|    ep_len_mean     | 3.29e+03 |
|    ep_rew_mean     | -272     |
| time/              |          |
|    episodes        | 3040     |
|    fps             | 2134     |
|    time_elapsed    | 3857     |
|    total_timesteps | 8233088  |
| train/             |          |
|    actor_loss      | -0.0367  |
|    critic_loss     | 0.0011   |
|    ent_coef        | 0.00028  |
|    ent_coef_loss   | -0.599   |
|    learning_rate   | 0.0003   |
|    n_updates       | 514505   |
---------------------------------
---------------------------------
| rollout/           |          |
|    ep_len_mean     | 3.4e+03  |
|    ep_rew_mean     | -262     |
| time/              |          |
|    episodes        | 3044     |
|    fps             | 2134     |
|    time_elapsed    | 3857     |
|    total_timesteps | 8235008  |
| train/             |          |
|    actor_loss      | 0.00655  |
|    critic_loss     | 0.215    |
|    ent_coef        | 0.000281 |
|    ent_coef_loss   | 0.227    |
|    learning_rate   | 0.0003   |
|    n_updates       | 514625   |
---------------------------------
---------------------------------
| rollout/           |          |
|    ep_len_mean     | 3.4e+03  |
|    ep_rew_mean     | -314     |
| time/              |          |
|    episodes        | 3048     |
|    fps             | 2134     |
|    time_elapsed    | 3866     |
|    total_timesteps | 8252448  |
| train/             |          |
|    actor_loss      | -0.0317  |
|    critic_loss     | 0.000454 |
|    ent_coef        | 0.000285 |
|    ent_coef_loss   | 0.973    |
|    learning_rate   | 0.0003   |
|    n_updates       | 515715   |
---------------------------------
---------------------------------
| rollout/           |          |
|    ep_len_mean     | 3.5e+03  |
|    ep_rew_mean     | -334     |
| time/              |          |
|    episodes        | 3052     |
|    fps             | 2134     |
|    time_elapsed    | 3881     |
|    total_timesteps | 8285920  |
| train/             |          |
|    actor_loss      | -0.0298  |
|    critic_loss     | 0.000316 |
|    ent_coef        | 0.000307 |
|    ent_coef_loss   | -3.71    |
|    learning_rate   | 0.0003   |
|    n_updates       | 517807   |
---------------------------------
---------------------------------
| rollout/           |          |
|    ep_len_mean     | 3.61e+03 |
|    ep_rew_mean     | -158     |
| time/              |          |
|    episodes        | 3056     |
|    fps             | 2134     |
|    time_elapsed    | 3884     |
|    total_timesteps | 8291344  |
| train/             |          |
|    actor_loss      | 0.0293   |
|    critic_loss     | 0.0002   |
|    ent_coef        | 0.0003   |
|    ent_coef_loss   | -0.437   |
|    learning_rate   | 0.0003   |
|    n_updates       | 518146   |
---------------------------------
---------------------------------
| rollout/           |          |
|    ep_len_mean     | 3.73e+03 |
|    ep_rew_mean     | 141      |
| time/              |          |
|    episodes        | 3060     |
|    fps             | 2134     |
|    time_elapsed    | 3886     |
|    total_timesteps | 8294656  |
| train/             |          |
|    actor_loss      | 8.76e-05 |
|    critic_loss     | 0.000403 |
|    ent_coef        | 0.000302 |
|    ent_coef_loss   | -0.382   |
|    learning_rate   | 0.0003   |
|    n_updates       | 518353   |
---------------------------------
---------------------------------
| rollout/           |          |
|    ep_len_mean     | 3.78e+03 |
|    ep_rew_mean     | 385      |
| time/              |          |
|    episodes        | 3064     |
|    fps             | 2126     |
|    time_elapsed    | 3922     |
|    total_timesteps | 8341952  |
| train/             |          |
|    actor_loss      | -0.0644  |
|    critic_loss     | 0.000241 |
|    ent_coef        | 0.000311 |
|    ent_coef_loss   | -2.43    |
|    learning_rate   | 0.0003   |
|    n_updates       | 521309   |
---------------------------------
---------------------------------
| rollout/           |          |
|    ep_len_mean     | 3.97e+03 |
|    ep_rew_mean     | 423      |
| time/              |          |
|    episodes        | 3068     |
|    fps             | 2126     |
|    time_elapsed    | 3934     |
|    total_timesteps | 8367664  |
| train/             |          |
|    actor_loss      | -0.0128  |
|    critic_loss     | 0.000263 |
|    ent_coef        | 0.000281 |
|    ent_coef_loss   | 4.48     |
|    learning_rate   | 0.0003   |
|    n_updates       | 522916   |
---------------------------------
---------------------------------
| rollout/           |          |
|    ep_len_mean     | 4.06e+03 |
|    ep_rew_mean     | 325      |
| time/              |          |
|    episodes        | 3072     |
|    fps             | 2127     |
|    time_elapsed    | 3950     |
|    total_timesteps | 8402064  |
| train/             |          |
|    actor_loss      | 0.00267  |
|    critic_loss     | 0.000214 |
|    ent_coef        | 0.000286 |
|    ent_coef_loss   | 3.45     |
|    learning_rate   | 0.0003   |
|    n_updates       | 525066   |
---------------------------------
---------------------------------
| rollout/           |          |
|    ep_len_mean     | 4.12e+03 |
|    ep_rew_mean     | 281      |
| time/              |          |
|    episodes        | 3076     |
|    fps             | 2127     |
|    time_elapsed    | 3951     |
|    total_timesteps | 8404800  |
| train/             |          |
|    actor_loss      | 0.0497   |
|    critic_loss     | 0.000443 |
|    ent_coef        | 0.000285 |
|    ent_coef_loss   | -3.01    |
|    learning_rate   | 0.0003   |
|    n_updates       | 525237   |
---------------------------------
---------------------------------
| rollout/           |          |
|    ep_len_mean     | 4.28e+03 |
|    ep_rew_mean     | 115      |
| time/              |          |
|    episodes        | 3080     |
|    fps             | 2127     |
|    time_elapsed    | 3954     |
|    total_timesteps | 8410720  |
| train/             |          |
|    actor_loss      | 0.0373   |
|    critic_loss     | 0.000262 |
|    ent_coef        | 0.000292 |
|    ent_coef_loss   | 3.48     |
|    learning_rate   | 0.0003   |
|    n_updates       | 525607   |
---------------------------------
---------------------------------
| rollout/           |          |
|    ep_len_mean     | 4.28e+03 |
|    ep_rew_mean     | 175      |
| time/              |          |
|    episodes        | 3084     |
|    fps             | 2127     |
|    time_elapsed    | 3955     |
|    total_timesteps | 8413840  |
| train/             |          |
|    actor_loss      | -0.0353  |
|    critic_loss     | 0.000219 |
|    ent_coef        | 0.000283 |
|    ent_coef_loss   | -3.53    |
|    learning_rate   | 0.0003   |
|    n_updates       | 525802   |
---------------------------------
---------------------------------
| rollout/           |          |
|    ep_len_mean     | 4.22e+03 |
|    ep_rew_mean     | 246      |
| time/              |          |
|    episodes        | 3088     |
|    fps             | 2127     |
|    time_elapsed    | 3964     |
|    total_timesteps | 8434080  |
| train/             |          |
|    actor_loss      | 0.0164   |
|    critic_loss     | 0.000234 |
|    ent_coef        | 0.000251 |
|    ent_coef_loss   | 1.36     |
|    learning_rate   | 0.0003   |
|    n_updates       | 527067   |
---------------------------------
----------------------------------
| rollout/           |           |
|    ep_len_mean     | 4.37e+03  |
|    ep_rew_mean     | 69.5      |
| time/              |           |
|    episodes        | 3092      |
|    fps             | 2127      |
|    time_elapsed    | 3972      |
|    total_timesteps | 8451200   |
| train/             |           |
|    actor_loss      | -0.000854 |
|    critic_loss     | 0.000402  |
|    ent_coef        | 0.000271  |
|    ent_coef_loss   | 1.69      |
|    learning_rate   | 0.0003    |
|    n_updates       | 528137    |
----------------------------------
---------------------------------
| rollout/           |          |
|    ep_len_mean     | 4.48e+03 |
|    ep_rew_mean     | -122     |
| time/              |          |
|    episodes        | 3096     |
|    fps             | 2127     |
|    time_elapsed    | 3988     |
|    total_timesteps | 8485056  |
| train/             |          |
|    actor_loss      | -0.00844 |
|    critic_loss     | 0.000232 |
|    ent_coef        | 0.000243 |
|    ent_coef_loss   | 0.0284   |
|    learning_rate   | 0.0003   |
|    n_updates       | 530253   |
---------------------------------
---------------------------------
| rollout/           |          |
|    ep_len_mean     | 4.39e+03 |
|    ep_rew_mean     | -114     |
| time/              |          |
|    episodes        | 3100     |
|    fps             | 2125     |
|    time_elapsed    | 4007     |
|    total_timesteps | 8518608  |
| train/             |          |
|    actor_loss      | -0.0135  |
|    critic_loss     | 0.000189 |
|    ent_coef        | 0.000262 |
|    ent_coef_loss   | -0.755   |
|    learning_rate   | 0.0003   |
|    n_updates       | 532350   |
---------------------------------
---------------------------------
| rollout/           |          |
|    ep_len_mean     | 4.48e+03 |
|    ep_rew_mean     | -84.7    |
| time/              |          |
|    episodes        | 3104     |
|    fps             | 2125     |
|    time_elapsed    | 4018     |
|    total_timesteps | 8541152  |
| train/             |          |
|    actor_loss      | 0.00359  |
|    critic_loss     | 0.00117  |
|    ent_coef        | 0.000219 |
|    ent_coef_loss   | 1.53     |
|    learning_rate   | 0.0003   |
|    n_updates       | 533759   |
---------------------------------
---------------------------------
| rollout/           |          |
|    ep_len_mean     | 4.58e+03 |
|    ep_rew_mean     | -98.4    |
| time/              |          |
|    episodes        | 3108     |
|    fps             | 2125     |
|    time_elapsed    | 4033     |
|    total_timesteps | 8572000  |
| train/             |          |
|    actor_loss      | -0.00125 |
|    critic_loss     | 0.000256 |
|    ent_coef        | 0.00021  |
|    ent_coef_loss   | -1.91    |
|    learning_rate   | 0.0003   |
|    n_updates       | 535687   |
---------------------------------
---------------------------------
| rollout/           |          |
|    ep_len_mean     | 4.55e+03 |
|    ep_rew_mean     | -17      |
| time/              |          |
|    episodes        | 3112     |
|    fps             | 2125     |
|    time_elapsed    | 4036     |
|    total_timesteps | 8579568  |
| train/             |          |
|    actor_loss      | -0.06    |
|    critic_loss     | 0.000536 |
|    ent_coef        | 0.000215 |
|    ent_coef_loss   | -1.15    |
|    learning_rate   | 0.0003   |
|    n_updates       | 536160   |
---------------------------------
---------------------------------
| rollout/           |          |
|    ep_len_mean     | 4.49e+03 |
|    ep_rew_mean     | 122      |
| time/              |          |
|    episodes        | 3116     |
|    fps             | 2125     |
|    time_elapsed    | 4040     |
|    total_timesteps | 8587424  |
| train/             |          |
|    actor_loss      | 0.0466   |
|    critic_loss     | 0.000206 |
|    ent_coef        | 0.000227 |
|    ent_coef_loss   | 0.586    |
|    learning_rate   | 0.0003   |
|    n_updates       | 536651   |
---------------------------------
---------------------------------
| rollout/           |          |
|    ep_len_mean     | 4.43e+03 |
|    ep_rew_mean     | 79.6     |
| time/              |          |
|    episodes        | 3120     |
|    fps             | 2124     |
|    time_elapsed    | 4043     |
|    total_timesteps | 8589616  |
| train/             |          |
|    actor_loss      | 0.0292   |
|    critic_loss     | 0.000278 |
|    ent_coef        | 0.000227 |
|    ent_coef_loss   | 3.29     |
|    learning_rate   | 0.0003   |
|    n_updates       | 536788   |
---------------------------------
---------------------------------
| rollout/           |          |
|    ep_len_mean     | 4.37e+03 |
|    ep_rew_mean     | 122      |
| time/              |          |
|    episodes        | 3124     |
|    fps             | 2124     |
|    time_elapsed    | 4050     |
|    total_timesteps | 8605936  |
| train/             |          |
|    actor_loss      | -0.012   |
|    critic_loss     | 0.000253 |
|    ent_coef        | 0.00023  |
|    ent_coef_loss   | -2.67    |
|    learning_rate   | 0.0003   |
|    n_updates       | 537808   |
---------------------------------
---------------------------------
| rollout/           |          |
|    ep_len_mean     | 4.44e+03 |
|    ep_rew_mean     | -107     |
| time/              |          |
|    episodes        | 3128     |
|    fps             | 2124     |
|    time_elapsed    | 4058     |
|    total_timesteps | 8622960  |
| train/             |          |
|    actor_loss      | 0.0943   |
|    critic_loss     | 0.000207 |
|    ent_coef        | 0.000201 |
|    ent_coef_loss   | 7.44     |
|    learning_rate   | 0.0003   |
|    n_updates       | 538872   |
---------------------------------
----------------------------------
| rollout/           |           |
|    ep_len_mean     | 4.27e+03  |
|    ep_rew_mean     | -90.2     |
| time/              |           |
|    episodes        | 3132      |
|    fps             | 2124      |
|    time_elapsed    | 4059      |
|    total_timesteps | 8625376   |
| train/             |           |
|    actor_loss      | -0.000433 |
|    critic_loss     | 0.000182  |
|    ent_coef        | 0.000199  |
|    ent_coef_loss   | -3.36     |
|    learning_rate   | 0.0003    |
|    n_updates       | 539023    |
----------------------------------
---------------------------------
| rollout/           |          |
|    ep_len_mean     | 4.24e+03 |
|    ep_rew_mean     | -43.8    |
| time/              |          |
|    episodes        | 3136     |
|    fps             | 2124     |
|    time_elapsed    | 4065     |
|    total_timesteps | 8638128  |
| train/             |          |
|    actor_loss      | 0.0128   |
|    critic_loss     | 0.000523 |
|    ent_coef        | 0.000196 |
|    ent_coef_loss   | 4.98     |
|    learning_rate   | 0.0003   |
|    n_updates       | 539820   |
---------------------------------
---------------------------------
| rollout/           |          |
|    ep_len_mean     | 4.16e+03 |
|    ep_rew_mean     | -34.9    |
| time/              |          |
|    episodes        | 3140     |
|    fps             | 2124     |
|    time_elapsed    | 4066     |
|    total_timesteps | 8640000  |
| train/             |          |
|    actor_loss      | 0.0337   |
|    critic_loss     | 0.00077  |
|    ent_coef        | 0.000206 |
|    ent_coef_loss   | 0.865    |
|    learning_rate   | 0.0003   |
|    n_updates       | 539937   |
---------------------------------
---------------------------------
| rollout/           |          |
|    ep_len_mean     | 4.12e+03 |
|    ep_rew_mean     | -65.5    |
| time/              |          |
|    episodes        | 3144     |
|    fps             | 2124     |
|    time_elapsed    | 4070     |
|    total_timesteps | 8648640  |
| train/             |          |
|    actor_loss      | 0.0417   |
|    critic_loss     | 0.000252 |
|    ent_coef        | 0.0002   |
|    ent_coef_loss   | -2.76    |
|    learning_rate   | 0.0003   |
|    n_updates       | 540477   |
---------------------------------
---------------------------------
| rollout/           |          |
|    ep_len_mean     | 4.05e+03 |
|    ep_rew_mean     | -64      |
| time/              |          |
|    episodes        | 3148     |
|    fps             | 2124     |
|    time_elapsed    | 4072     |
|    total_timesteps | 8653712  |
| train/             |          |
|    actor_loss      | 0.0358   |
|    critic_loss     | 0.00021  |
|    ent_coef        | 0.000208 |
|    ent_coef_loss   | 2.93     |
|    learning_rate   | 0.0003   |
|    n_updates       | 540794   |
---------------------------------
---------------------------------
| rollout/           |          |
|    ep_len_mean     | 3.91e+03 |
|    ep_rew_mean     | 97.5     |
| time/              |          |
|    episodes        | 3152     |
|    fps             | 2124     |
|    time_elapsed    | 4075     |
|    total_timesteps | 8660832  |
| train/             |          |
|    actor_loss      | -0.0412  |
|    critic_loss     | 0.000453 |
|    ent_coef        | 0.000203 |
|    ent_coef_loss   | -0.947   |
|    learning_rate   | 0.0003   |
|    n_updates       | 541239   |
---------------------------------
---------------------------------
| rollout/           |          |
|    ep_len_mean     | 3.82e+03 |
|    ep_rew_mean     | -73.2    |
| time/              |          |
|    episodes        | 3156     |
|    fps             | 2124     |
|    time_elapsed    | 4079     |
|    total_timesteps | 8667952  |
| train/             |          |
|    actor_loss      | 0.00546  |
|    critic_loss     | 0.000361 |
|    ent_coef        | 0.000191 |
|    ent_coef_loss   | -2.37    |
|    learning_rate   | 0.0003   |
|    n_updates       | 541684   |
---------------------------------
---------------------------------
| rollout/           |          |
|    ep_len_mean     | 3.71e+03 |
|    ep_rew_mean     | -338     |
| time/              |          |
|    episodes        | 3160     |
|    fps             | 2124     |
|    time_elapsed    | 4081     |
|    total_timesteps | 8673296  |
| train/             |          |
|    actor_loss      | -0.0329  |
|    critic_loss     | 0.00035  |
|    ent_coef        | 0.000188 |
|    ent_coef_loss   | 2.31     |
|    learning_rate   | 0.0003   |
|    n_updates       | 542018   |
---------------------------------
---------------------------------
| rollout/           |          |
|    ep_len_mean     | 3.59e+03 |
|    ep_rew_mean     | -340     |
| time/              |          |
|    episodes        | 3164     |
|    fps             | 2125     |
|    time_elapsed    | 4084     |
|    total_timesteps | 8678752  |
| train/             |          |
|    actor_loss      | -0.0411  |
|    critic_loss     | 0.000381 |
|    ent_coef        | 0.000191 |
|    ent_coef_loss   | 1.04     |
|    learning_rate   | 0.0003   |
|    n_updates       | 542359   |
---------------------------------
---------------------------------
| rollout/           |          |
|    ep_len_mean     | 3.61e+03 |
|    ep_rew_mean     | -450     |
| time/              |          |
|    episodes        | 3168     |
|    fps             | 2125     |
|    time_elapsed    | 4085     |
|    total_timesteps | 8682080  |
| train/             |          |
|    actor_loss      | 0.0166   |
|    critic_loss     | 0.000285 |
|    ent_coef        | 0.000192 |
|    ent_coef_loss   | 1.69     |
|    learning_rate   | 0.0003   |
|    n_updates       | 542567   |
---------------------------------
---------------------------------
| rollout/           |          |
|    ep_len_mean     | 3.44e+03 |
|    ep_rew_mean     | -312     |
| time/              |          |
|    episodes        | 3172     |
|    fps             | 2125     |
|    time_elapsed    | 4087     |
|    total_timesteps | 8685936  |
| train/             |          |
|    actor_loss      | 0.0315   |
|    critic_loss     | 0.00024  |
|    ent_coef        | 0.000195 |
|    ent_coef_loss   | -0.0165  |
|    learning_rate   | 0.0003   |
|    n_updates       | 542808   |
---------------------------------
---------------------------------
| rollout/           |          |
|    ep_len_mean     | 3.35e+03 |
|    ep_rew_mean     | -245     |
| time/              |          |
|    episodes        | 3176     |
|    fps             | 2125     |
|    time_elapsed    | 4088     |
|    total_timesteps | 8687344  |
| train/             |          |
|    actor_loss      | -0.138   |
|    critic_loss     | 0.000447 |
|    ent_coef        | 0.000195 |
|    ent_coef_loss   | -4.23    |
|    learning_rate   | 0.0003   |
|    n_updates       | 542896   |
---------------------------------
---------------------------------
| rollout/           |          |
|    ep_len_mean     | 3.16e+03 |
|    ep_rew_mean     | -138     |
| time/              |          |
|    episodes        | 3180     |
|    fps             | 2125     |
|    time_elapsed    | 4093     |
|    total_timesteps | 8699872  |
| train/             |          |
|    actor_loss      | -0.0224  |
|    critic_loss     | 0.000288 |
|    ent_coef        | 0.000199 |
|    ent_coef_loss   | -0.765   |
|    learning_rate   | 0.0003   |
|    n_updates       | 543679   |
---------------------------------
---------------------------------
| rollout/           |          |
|    ep_len_mean     | 3.08e+03 |
|    ep_rew_mean     | -151     |
| time/              |          |
|    episodes        | 3184     |
|    fps             | 2125     |
|    time_elapsed    | 4094     |
|    total_timesteps | 8700640  |
| train/             |          |
|    actor_loss      | -0.00144 |
|    critic_loss     | 0.000319 |
|    ent_coef        | 0.000199 |
|    ent_coef_loss   | 1        |
|    learning_rate   | 0.0003   |
|    n_updates       | 543727   |
---------------------------------
---------------------------------
| rollout/           |          |
|    ep_len_mean     | 3.07e+03 |
|    ep_rew_mean     | -180     |
| time/              |          |
|    episodes        | 3188     |
|    fps             | 2125     |
|    time_elapsed    | 4107     |
|    total_timesteps | 8729056  |
| train/             |          |
|    actor_loss      | -0.0229  |
|    critic_loss     | 0.00052  |
|    ent_coef        | 0.000197 |
|    ent_coef_loss   | -1.15    |
|    learning_rate   | 0.0003   |
|    n_updates       | 545503   |
---------------------------------
---------------------------------
| rollout/           |          |
|    ep_len_mean     | 2.93e+03 |
|    ep_rew_mean     | -24.2    |
| time/              |          |
|    episodes        | 3192     |
|    fps             | 2125     |
|    time_elapsed    | 4120     |
|    total_timesteps | 8758416  |
| train/             |          |
|    actor_loss      | -0.12    |
|    critic_loss     | 0.000579 |
|    ent_coef        | 0.000192 |
|    ent_coef_loss   | -2.97    |
|    learning_rate   | 0.0003   |
|    n_updates       | 547338   |
---------------------------------
---------------------------------
| rollout/           |          |
|    ep_len_mean     | 2.83e+03 |
|    ep_rew_mean     | 150      |
| time/              |          |
|    episodes        | 3196     |
|    fps             | 2125     |
|    time_elapsed    | 4123     |
|    total_timesteps | 8763744  |
| train/             |          |
|    actor_loss      | -0.0486  |
|    critic_loss     | 0.000251 |
|    ent_coef        | 0.000189 |
|    ent_coef_loss   | 0.182    |
|    learning_rate   | 0.0003   |
|    n_updates       | 547671   |
---------------------------------
---------------------------------
| rollout/           |          |
|    ep_len_mean     | 2.88e+03 |
|    ep_rew_mean     | 138      |
| time/              |          |
|    episodes        | 3200     |
|    fps             | 2125     |
|    time_elapsed    | 4128     |
|    total_timesteps | 8776048  |
| train/             |          |
|    actor_loss      | 0.0114   |
|    critic_loss     | 0.000228 |
|    ent_coef        | 0.000202 |
|    ent_coef_loss   | 0.297    |
|    learning_rate   | 0.0003   |
|    n_updates       | 548440   |
---------------------------------
---------------------------------
| rollout/           |          |
|    ep_len_mean     | 2.61e+03 |
|    ep_rew_mean     | 352      |
| time/              |          |
|    episodes        | 3204     |
|    fps             | 2125     |
|    time_elapsed    | 4131     |
|    total_timesteps | 8782800  |
| train/             |          |
|    actor_loss      | -0.0567  |
|    critic_loss     | 0.000222 |
|    ent_coef        | 0.000202 |
|    ent_coef_loss   | 1.23     |
|    learning_rate   | 0.0003   |
|    n_updates       | 548862   |
---------------------------------
---------------------------------
| rollout/           |          |
|    ep_len_mean     | 2.44e+03 |
|    ep_rew_mean     | 407      |
| time/              |          |
|    episodes        | 3208     |
|    fps             | 2125     |
|    time_elapsed    | 4134     |
|    total_timesteps | 8785792  |
| train/             |          |
|    actor_loss      | -0.0287  |
|    critic_loss     | 0.000285 |
|    ent_coef        | 0.000206 |
|    ent_coef_loss   | -0.691   |
|    learning_rate   | 0.0003   |
|    n_updates       | 549049   |
---------------------------------
---------------------------------
| rollout/           |          |
|    ep_len_mean     | 2.37e+03 |
|    ep_rew_mean     | 494      |
| time/              |          |
|    episodes        | 3212     |
|    fps             | 2125     |
|    time_elapsed    | 4137     |
|    total_timesteps | 8792176  |
| train/             |          |
|    actor_loss      | -0.105   |
|    critic_loss     | 0.000669 |
|    ent_coef        | 0.000201 |
|    ent_coef_loss   | -2.18    |
|    learning_rate   | 0.0003   |
|    n_updates       | 549448   |
---------------------------------
---------------------------------
| rollout/           |          |
|    ep_len_mean     | 2.25e+03 |
|    ep_rew_mean     | 479      |
| time/              |          |
|    episodes        | 3216     |
|    fps             | 2125     |
|    time_elapsed    | 4147     |
|    total_timesteps | 8815088  |
| train/             |          |
|    actor_loss      | 0.0702   |
|    critic_loss     | 0.000205 |
|    ent_coef        | 0.000206 |
|    ent_coef_loss   | -1.59    |
|    learning_rate   | 0.0003   |
|    n_updates       | 550880   |
---------------------------------
---------------------------------
| rollout/           |          |
|    ep_len_mean     | 2.39e+03 |
|    ep_rew_mean     | 510      |
| time/              |          |
|    episodes        | 3220     |
|    fps             | 2125     |
|    time_elapsed    | 4156     |
|    total_timesteps | 8832656  |
| train/             |          |
|    actor_loss      | -0.0723  |
|    critic_loss     | 0.000282 |
|    ent_coef        | 0.000213 |
|    ent_coef_loss   | 3.58     |
|    learning_rate   | 0.0003   |
|    n_updates       | 551978   |
---------------------------------
---------------------------------
| rollout/           |          |
|    ep_len_mean     | 2.26e+03 |
|    ep_rew_mean     | 570      |
| time/              |          |
|    episodes        | 3224     |
|    fps             | 2125     |
|    time_elapsed    | 4162     |
|    total_timesteps | 8845632  |
| train/             |          |
|    actor_loss      | 0.0277   |
|    critic_loss     | 0.00106  |
|    ent_coef        | 0.000199 |
|    ent_coef_loss   | 0.477    |
|    learning_rate   | 0.0003   |
|    n_updates       | 552789   |
---------------------------------
---------------------------------
| rollout/           |          |
|    ep_len_mean     | 2.3e+03  |
|    ep_rew_mean     | 424      |
| time/              |          |
|    episodes        | 3228     |
|    fps             | 2125     |
|    time_elapsed    | 4162     |
|    total_timesteps | 8846752  |
| train/             |          |
|    actor_loss      | -0.0314  |
|    critic_loss     | 0.000421 |
|    ent_coef        | 0.0002   |
|    ent_coef_loss   | 2.81     |
|    learning_rate   | 0.0003   |
|    n_updates       | 552859   |
---------------------------------
---------------------------------
| rollout/           |          |
|    ep_len_mean     | 2.36e+03 |
|    ep_rew_mean     | 452      |
| time/              |          |
|    episodes        | 3232     |
|    fps             | 2125     |
|    time_elapsed    | 4169     |
|    total_timesteps | 8861088  |
| train/             |          |
|    actor_loss      | 0.0427   |
|    critic_loss     | 0.000669 |
|    ent_coef        | 0.000209 |
|    ent_coef_loss   | 4.32     |
|    learning_rate   | 0.0003   |
|    n_updates       | 553755   |
---------------------------------
---------------------------------
| rollout/           |          |
|    ep_len_mean     | 2.43e+03 |
|    ep_rew_mean     | 445      |
| time/              |          |
|    episodes        | 3236     |
|    fps             | 2125     |
|    time_elapsed    | 4176     |
|    total_timesteps | 8876832  |
| train/             |          |
|    actor_loss      | 0.0016   |
|    critic_loss     | 0.000722 |
|    ent_coef        | 0.000214 |
|    ent_coef_loss   | 5.26     |
|    learning_rate   | 0.0003   |
|    n_updates       | 554739   |
---------------------------------
---------------------------------
| rollout/           |          |
|    ep_len_mean     | 2.57e+03 |
|    ep_rew_mean     | 458      |
| time/              |          |
|    episodes        | 3240     |
|    fps             | 2125     |
|    time_elapsed    | 4182     |
|    total_timesteps | 8890320  |
| train/             |          |
|    actor_loss      | -0.0363  |
|    critic_loss     | 0.000295 |
|    ent_coef        | 0.000212 |
|    ent_coef_loss   | -1.44    |
|    learning_rate   | 0.0003   |
|    n_updates       | 555582   |
---------------------------------
---------------------------------
| rollout/           |          |
|    ep_len_mean     | 2.55e+03 |
|    ep_rew_mean     | 536      |
| time/              |          |
|    episodes        | 3244     |
|    fps             | 2125     |
|    time_elapsed    | 4184     |
|    total_timesteps | 8894544  |
| train/             |          |
|    actor_loss      | -0.0392  |
|    critic_loss     | 0.000602 |
|    ent_coef        | 0.00021  |
|    ent_coef_loss   | -0.395   |
|    learning_rate   | 0.0003   |
|    n_updates       | 555846   |
---------------------------------
---------------------------------
| rollout/           |          |
|    ep_len_mean     | 2.57e+03 |
|    ep_rew_mean     | 605      |
| time/              |          |
|    episodes        | 3248     |
|    fps             | 2125     |
|    time_elapsed    | 4189     |
|    total_timesteps | 8905136  |
| train/             |          |
|    actor_loss      | -0.0472  |
|    critic_loss     | 0.000349 |
|    ent_coef        | 0.000212 |
|    ent_coef_loss   | -2.05    |
|    learning_rate   | 0.0003   |
|    n_updates       | 556508   |
---------------------------------
---------------------------------
| rollout/           |          |
|    ep_len_mean     | 2.58e+03 |
|    ep_rew_mean     | 559      |
| time/              |          |
|    episodes        | 3252     |
|    fps             | 2125     |
|    time_elapsed    | 4193     |
|    total_timesteps | 8914992  |
| train/             |          |
|    actor_loss      | -0.0665  |
|    critic_loss     | 0.000259 |
|    ent_coef        | 0.00021  |
|    ent_coef_loss   | -0.722   |
|    learning_rate   | 0.0003   |
|    n_updates       | 557124   |
---------------------------------
---------------------------------
| rollout/           |          |
|    ep_len_mean     | 2.6e+03  |
|    ep_rew_mean     | 564      |
| time/              |          |
|    episodes        | 3256     |
|    fps             | 2125     |
|    time_elapsed    | 4198     |
|    total_timesteps | 8925200  |
| train/             |          |
|    actor_loss      | -0.117   |
|    critic_loss     | 0.000864 |
|    ent_coef        | 0.000213 |
|    ent_coef_loss   | -3.2     |
|    learning_rate   | 0.0003   |
|    n_updates       | 557762   |
---------------------------------
---------------------------------
| rollout/           |          |
|    ep_len_mean     | 2.67e+03 |
|    ep_rew_mean     | 641      |
| time/              |          |
|    episodes        | 3260     |
|    fps             | 2125     |
|    time_elapsed    | 4205     |
|    total_timesteps | 8940960  |
| train/             |          |
|    actor_loss      | -0.11    |
|    critic_loss     | 0.00036  |
|    ent_coef        | 0.000237 |
|    ent_coef_loss   | -2.44    |
|    learning_rate   | 0.0003   |
|    n_updates       | 558747   |
---------------------------------
---------------------------------
| rollout/           |          |
|    ep_len_mean     | 2.7e+03  |
|    ep_rew_mean     | 625      |
| time/              |          |
|    episodes        | 3264     |
|    fps             | 2126     |
|    time_elapsed    | 4224     |
|    total_timesteps | 8981696  |
| train/             |          |
|    actor_loss      | -0.189   |
|    critic_loss     | 0.000157 |
|    ent_coef        | 0.00022  |
|    ent_coef_loss   | -4.34    |
|    learning_rate   | 0.0003   |
|    n_updates       | 561293   |
---------------------------------
---------------------------------
| rollout/           |          |
|    ep_len_mean     | 2.66e+03 |
|    ep_rew_mean     | 693      |
| time/              |          |
|    episodes        | 3268     |
|    fps             | 2126     |
|    time_elapsed    | 4231     |
|    total_timesteps | 8997456  |
| train/             |          |
|    actor_loss      | -0.0854  |
|    critic_loss     | 0.0611   |
|    ent_coef        | 0.000226 |
|    ent_coef_loss   | -1.78    |
|    learning_rate   | 0.0003   |
|    n_updates       | 562278   |
---------------------------------
---------------------------------
| rollout/           |          |
|    ep_len_mean     | 2.88e+03 |
|    ep_rew_mean     | 697      |
| time/              |          |
|    episodes        | 3272     |
|    fps             | 2126     |
|    time_elapsed    | 4232     |
|    total_timesteps | 8998688  |
| train/             |          |
|    actor_loss      | -0.0216  |
|    critic_loss     | 0.248    |
|    ent_coef        | 0.000224 |
|    ent_coef_loss   | -0.418   |
|    learning_rate   | 0.0003   |
|    n_updates       | 562355   |
---------------------------------
---------------------------------
| rollout/           |          |
|    ep_len_mean     | 3.07e+03 |
|    ep_rew_mean     | 738      |
| time/              |          |
|    episodes        | 3276     |
|    fps             | 2126     |
|    time_elapsed    | 4232     |
|    total_timesteps | 8999504  |
| train/             |          |
|    actor_loss      | 0.0327   |
|    critic_loss     | 0.000332 |
|    ent_coef        | 0.000228 |
|    ent_coef_loss   | 5.23     |
|    learning_rate   | 0.0003   |
|    n_updates       | 562406   |
---------------------------------
---------------------------------
| rollout/           |          |
|    ep_len_mean     | 3.11e+03 |
|    ep_rew_mean     | 775      |
| time/              |          |
|    episodes        | 3280     |
|    fps             | 2126     |
|    time_elapsed    | 4242     |
|    total_timesteps | 9021232  |
| train/             |          |
|    actor_loss      | 0.0167   |
|    critic_loss     | 0.000242 |
|    ent_coef        | 0.000211 |
|    ent_coef_loss   | -1.18    |
|    learning_rate   | 0.0003   |
|    n_updates       | 563764   |
---------------------------------
---------------------------------
| rollout/           |          |
|    ep_len_mean     | 3.18e+03 |
|    ep_rew_mean     | 801      |
| time/              |          |
|    episodes        | 3284     |
|    fps             | 2126     |
|    time_elapsed    | 4258     |
|    total_timesteps | 9054560  |
| train/             |          |
|    actor_loss      | -0.0383  |
|    critic_loss     | 0.000613 |
|    ent_coef        | 0.000217 |
|    ent_coef_loss   | -1.89    |
|    learning_rate   | 0.0003   |
|    n_updates       | 565847   |
---------------------------------
---------------------------------
| rollout/           |          |
|    ep_len_mean     | 3.22e+03 |
|    ep_rew_mean     | 806      |
| time/              |          |
|    episodes        | 3288     |
|    fps             | 2126     |
|    time_elapsed    | 4263     |
|    total_timesteps | 9066144  |
| train/             |          |
|    actor_loss      | -0.138   |
|    critic_loss     | 0.000657 |
|    ent_coef        | 0.00022  |
|    ent_coef_loss   | -1.82    |
|    learning_rate   | 0.0003   |
|    n_updates       | 566571   |
---------------------------------
---------------------------------
| rollout/           |          |
|    ep_len_mean     | 3.23e+03 |
|    ep_rew_mean     | 754      |
| time/              |          |
|    episodes        | 3292     |
|    fps             | 2126     |
|    time_elapsed    | 4267     |
|    total_timesteps | 9075104  |
| train/             |          |
|    actor_loss      | -0.0464  |
|    critic_loss     | 0.000448 |
|    ent_coef        | 0.000216 |
|    ent_coef_loss   | -2.45    |
|    learning_rate   | 0.0003   |
|    n_updates       | 567131   |
---------------------------------
---------------------------------
| rollout/           |          |
|    ep_len_mean     | 3.2e+03  |
|    ep_rew_mean     | 684      |
| time/              |          |
|    episodes        | 3296     |
|    fps             | 2126     |
|    time_elapsed    | 4271     |
|    total_timesteps | 9083376  |
| train/             |          |
|    actor_loss      | -0.0551  |
|    critic_loss     | 0.000184 |
|    ent_coef        | 0.000216 |
|    ent_coef_loss   | 3.38     |
|    learning_rate   | 0.0003   |
|    n_updates       | 567648   |
---------------------------------
---------------------------------
| rollout/           |          |
|    ep_len_mean     | 3.09e+03 |
|    ep_rew_mean     | 602      |
| time/              |          |
|    episodes        | 3300     |
|    fps             | 2126     |
|    time_elapsed    | 4273     |
|    total_timesteps | 9088224  |
| train/             |          |
|    actor_loss      | -0.03    |
|    critic_loss     | 0.000727 |
|    ent_coef        | 0.000224 |
|    ent_coef_loss   | 5.86     |
|    learning_rate   | 0.0003   |
|    n_updates       | 567951   |
---------------------------------
---------------------------------
| rollout/           |          |
|    ep_len_mean     | 3.2e+03  |
|    ep_rew_mean     | 675      |
| time/              |          |
|    episodes        | 3304     |
|    fps             | 2126     |
|    time_elapsed    | 4279     |
|    total_timesteps | 9101392  |
| train/             |          |
|    actor_loss      | -0.0471  |
|    critic_loss     | 0.000223 |
|    ent_coef        | 0.000208 |
|    ent_coef_loss   | -1.89    |
|    learning_rate   | 0.0003   |
|    n_updates       | 568774   |
---------------------------------
---------------------------------
| rollout/           |          |
|    ep_len_mean     | 3.36e+03 |
|    ep_rew_mean     | 615      |
| time/              |          |
|    episodes        | 3308     |
|    fps             | 2126     |
|    time_elapsed    | 4284     |
|    total_timesteps | 9111024  |
| train/             |          |
|    actor_loss      | -0.105   |
|    critic_loss     | 0.000266 |
|    ent_coef        | 0.000199 |
|    ent_coef_loss   | -1.57    |
|    learning_rate   | 0.0003   |
|    n_updates       | 569376   |
---------------------------------
---------------------------------
| rollout/           |          |
|    ep_len_mean     | 3.4e+03  |
|    ep_rew_mean     | 625      |
| time/              |          |
|    episodes        | 3312     |
|    fps             | 2126     |
|    time_elapsed    | 4295     |
|    total_timesteps | 9134656  |
| train/             |          |
|    actor_loss      | -0.043   |
|    critic_loss     | 0.00101  |
|    ent_coef        | 0.000195 |
|    ent_coef_loss   | 2.18     |
|    learning_rate   | 0.0003   |
|    n_updates       | 570853   |
---------------------------------
---------------------------------
| rollout/           |          |
|    ep_len_mean     | 3.56e+03 |
|    ep_rew_mean     | 650      |
| time/              |          |
|    episodes        | 3316     |
|    fps             | 2126     |
|    time_elapsed    | 4309     |
|    total_timesteps | 9165296  |
| train/             |          |
|    actor_loss      | 0.0354   |
|    critic_loss     | 0.000205 |
|    ent_coef        | 0.000221 |
|    ent_coef_loss   | 0.964    |
|    learning_rate   | 0.0003   |
|    n_updates       | 572768   |
---------------------------------
---------------------------------
| rollout/           |          |
|    ep_len_mean     | 3.51e+03 |
|    ep_rew_mean     | 774      |
| time/              |          |
|    episodes        | 3320     |
|    fps             | 2126     |
|    time_elapsed    | 4311     |
|    total_timesteps | 9170288  |
| train/             |          |
|    actor_loss      | -0.0901  |
|    critic_loss     | 0.000334 |
|    ent_coef        | 0.000221 |
|    ent_coef_loss   | -0.0805  |
|    learning_rate   | 0.0003   |
|    n_updates       | 573080   |
---------------------------------
---------------------------------
| rollout/           |          |
|    ep_len_mean     | 3.57e+03 |
|    ep_rew_mean     | 954      |
| time/              |          |
|    episodes        | 3324     |
|    fps             | 2126     |
|    time_elapsed    | 4321     |
|    total_timesteps | 9190480  |
| train/             |          |
|    actor_loss      | 0.00598  |
|    critic_loss     | 0.000482 |
|    ent_coef        | 0.000235 |
|    ent_coef_loss   | -3.06    |
|    learning_rate   | 0.0003   |
|    n_updates       | 574342   |
---------------------------------
---------------------------------
| rollout/           |          |
|    ep_len_mean     | 3.58e+03 |
|    ep_rew_mean     | 1.28e+03 |
| time/              |          |
|    episodes        | 3328     |
|    fps             | 2126     |
|    time_elapsed    | 4326     |
|    total_timesteps | 9202336  |
| train/             |          |
|    actor_loss      | -0.102   |
|    critic_loss     | 0.000655 |
|    ent_coef        | 0.000208 |
|    ent_coef_loss   | 0.615    |
|    learning_rate   | 0.0003   |
|    n_updates       | 575083   |
---------------------------------
---------------------------------
| rollout/           |          |
|    ep_len_mean     | 3.64e+03 |
|    ep_rew_mean     | 1.42e+03 |
| time/              |          |
|    episodes        | 3332     |
|    fps             | 2126     |
|    time_elapsed    | 4335     |
|    total_timesteps | 9221872  |
| train/             |          |
|    actor_loss      | -0.11    |
|    critic_loss     | 0.000359 |
|    ent_coef        | 0.000223 |
|    ent_coef_loss   | 1.53     |
|    learning_rate   | 0.0003   |
|    n_updates       | 576304   |
---------------------------------
---------------------------------
| rollout/           |          |
|    ep_len_mean     | 3.57e+03 |
|    ep_rew_mean     | 1.44e+03 |
| time/              |          |
|    episodes        | 3336     |
|    fps             | 2126     |
|    time_elapsed    | 4344     |
|    total_timesteps | 9241488  |
| train/             |          |
|    actor_loss      | -0.107   |
|    critic_loss     | 0.000403 |
|    ent_coef        | 0.000205 |
|    ent_coef_loss   | 2.58     |
|    learning_rate   | 0.0003   |
|    n_updates       | 577530   |
---------------------------------
---------------------------------
| rollout/           |          |
|    ep_len_mean     | 3.57e+03 |
|    ep_rew_mean     | 1.29e+03 |
| time/              |          |
|    episodes        | 3340     |
|    fps             | 2126     |
|    time_elapsed    | 4361     |
|    total_timesteps | 9276672  |
| train/             |          |
|    actor_loss      | -0.0591  |
|    critic_loss     | 0.00024  |
|    ent_coef        | 0.000231 |
|    ent_coef_loss   | 1.31     |
|    learning_rate   | 0.0003   |
|    n_updates       | 579729   |
---------------------------------
---------------------------------
| rollout/           |          |
|    ep_len_mean     | 3.71e+03 |
|    ep_rew_mean     | 1.29e+03 |
| time/              |          |
|    episodes        | 3344     |
|    fps             | 2126     |
|    time_elapsed    | 4366     |
|    total_timesteps | 9286832  |
| train/             |          |
|    actor_loss      | -0.0311  |
|    critic_loss     | 0.00034  |
|    ent_coef        | 0.000228 |
|    ent_coef_loss   | -2.98    |
|    learning_rate   | 0.0003   |
|    n_updates       | 580364   |
---------------------------------
---------------------------------
| rollout/           |          |
|    ep_len_mean     | 3.84e+03 |
|    ep_rew_mean     | 1.25e+03 |
| time/              |          |
|    episodes        | 3348     |
|    fps             | 2126     |
|    time_elapsed    | 4370     |
|    total_timesteps | 9296576  |
| train/             |          |
|    actor_loss      | -0.121   |
|    critic_loss     | 0.000309 |
|    ent_coef        | 0.000216 |
|    ent_coef_loss   | -3.16    |
|    learning_rate   | 0.0003   |
|    n_updates       | 580973   |
---------------------------------
---------------------------------
| rollout/           |          |
|    ep_len_mean     | 3.75e+03 |
|    ep_rew_mean     | 1.25e+03 |
| time/              |          |
|    episodes        | 3352     |
|    fps             | 2126     |
|    time_elapsed    | 4374     |
|    total_timesteps | 9303760  |
| train/             |          |
|    actor_loss      | -0.014   |
|    critic_loss     | 0.000358 |
|    ent_coef        | 0.000224 |
|    ent_coef_loss   | 2.05     |
|    learning_rate   | 0.0003   |
|    n_updates       | 581422   |
---------------------------------
---------------------------------
| rollout/           |          |
|    ep_len_mean     | 3.72e+03 |
|    ep_rew_mean     | 1.2e+03  |
| time/              |          |
|    episodes        | 3356     |
|    fps             | 2126     |
|    time_elapsed    | 4374     |
|    total_timesteps | 9304848  |
| train/             |          |
|    actor_loss      | 0.0219   |
|    critic_loss     | 0.00972  |
|    ent_coef        | 0.000224 |
|    ent_coef_loss   | 1.73     |
|    learning_rate   | 0.0003   |
|    n_updates       | 581490   |
---------------------------------
---------------------------------
| rollout/           |          |
|    ep_len_mean     | 3.7e+03  |
|    ep_rew_mean     | 1.15e+03 |
| time/              |          |
|    episodes        | 3360     |
|    fps             | 2126     |
|    time_elapsed    | 4382     |
|    total_timesteps | 9321344  |
| train/             |          |
|    actor_loss      | -0.00888 |
|    critic_loss     | 0.000299 |
|    ent_coef        | 0.000204 |
|    ent_coef_loss   | 7.18     |
|    learning_rate   | 0.0003   |
|    n_updates       | 582521   |
---------------------------------
---------------------------------
| rollout/           |          |
|    ep_len_mean     | 3.77e+03 |
|    ep_rew_mean     | 942      |
| time/              |          |
|    episodes        | 3364     |
|    fps             | 2127     |
|    time_elapsed    | 4390     |
|    total_timesteps | 9339056  |
| train/             |          |
|    actor_loss      | -0.00897 |
|    critic_loss     | 0.000677 |
|    ent_coef        | 0.000213 |
|    ent_coef_loss   | 4.3      |
|    learning_rate   | 0.0003   |
|    n_updates       | 583628   |
---------------------------------
---------------------------------
| rollout/           |          |
|    ep_len_mean     | 3.77e+03 |
|    ep_rew_mean     | 821      |
| time/              |          |
|    episodes        | 3368     |
|    fps             | 2127     |
|    time_elapsed    | 4397     |
|    total_timesteps | 9355120  |
| train/             |          |
|    actor_loss      | 0.00574  |
|    critic_loss     | 0.000246 |
|    ent_coef        | 0.000218 |
|    ent_coef_loss   | 3.05     |
|    learning_rate   | 0.0003   |
|    n_updates       | 584632   |
---------------------------------
---------------------------------
| rollout/           |          |
|    ep_len_mean     | 3.57e+03 |
|    ep_rew_mean     | 813      |
| time/              |          |
|    episodes        | 3372     |
|    fps             | 2127     |
|    time_elapsed    | 4403     |
|    total_timesteps | 9368048  |
| train/             |          |
|    actor_loss      | -0.0618  |
|    critic_loss     | 0.000137 |
|    ent_coef        | 0.000213 |
|    ent_coef_loss   | -1.51    |
|    learning_rate   | 0.0003   |
|    n_updates       | 585440   |
---------------------------------
---------------------------------
| rollout/           |          |
|    ep_len_mean     | 3.46e+03 |
|    ep_rew_mean     | 833      |
| time/              |          |
|    episodes        | 3376     |
|    fps             | 2127     |
|    time_elapsed    | 4409     |
|    total_timesteps | 9381280  |
| train/             |          |
|    actor_loss      | -0.0951  |
|    critic_loss     | 0.000218 |
|    ent_coef        | 0.000216 |
|    ent_coef_loss   | 0.266    |
|    learning_rate   | 0.0003   |
|    n_updates       | 586267   |
---------------------------------
---------------------------------
| rollout/           |          |
|    ep_len_mean     | 3.58e+03 |
|    ep_rew_mean     | 1.06e+03 |
| time/              |          |
|    episodes        | 3380     |
|    fps             | 2127     |
|    time_elapsed    | 4409     |
|    total_timesteps | 9381504  |
| train/             |          |
|    actor_loss      | -0.022   |
|    critic_loss     | 0.000407 |
|    ent_coef        | 0.000217 |
|    ent_coef_loss   | 3.43     |
|    learning_rate   | 0.0003   |
|    n_updates       | 586281   |
---------------------------------
---------------------------------
| rollout/           |          |
|    ep_len_mean     | 3.64e+03 |
|    ep_rew_mean     | 1.15e+03 |
| time/              |          |
|    episodes        | 3384     |
|    fps             | 2127     |
|    time_elapsed    | 4419     |
|    total_timesteps | 9401568  |
| train/             |          |
|    actor_loss      | -0.0763  |
|    critic_loss     | 0.00092  |
|    ent_coef        | 0.00021  |
|    ent_coef_loss   | 0.564    |
|    learning_rate   | 0.0003   |
|    n_updates       | 587535   |
---------------------------------
---------------------------------
| rollout/           |          |
|    ep_len_mean     | 3.7e+03  |
|    ep_rew_mean     | 1.01e+03 |
| time/              |          |
|    episodes        | 3388     |
|    fps             | 2127     |
|    time_elapsed    | 4429     |
|    total_timesteps | 9424656  |
| train/             |          |
|    actor_loss      | -0.114   |
|    critic_loss     | 0.000859 |
|    ent_coef        | 0.000205 |
|    ent_coef_loss   | -1.88    |
|    learning_rate   | 0.0003   |
|    n_updates       | 588978   |
---------------------------------
---------------------------------
| rollout/           |          |
|    ep_len_mean     | 3.73e+03 |
|    ep_rew_mean     | 1.13e+03 |
| time/              |          |
|    episodes        | 3392     |
|    fps             | 2127     |
|    time_elapsed    | 4437     |
|    total_timesteps | 9440608  |
| train/             |          |
|    actor_loss      | -0.164   |
|    critic_loss     | 0.000505 |
|    ent_coef        | 0.000224 |
|    ent_coef_loss   | 1.79     |
|    learning_rate   | 0.0003   |
|    n_updates       | 589975   |
---------------------------------
---------------------------------
| rollout/           |          |
|    ep_len_mean     | 3.79e+03 |
|    ep_rew_mean     | 1.26e+03 |
| time/              |          |
|    episodes        | 3396     |
|    fps             | 2127     |
|    time_elapsed    | 4447     |
|    total_timesteps | 9463632  |
| train/             |          |
|    actor_loss      | -0.136   |
|    critic_loss     | 0.00558  |
|    ent_coef        | 0.000232 |
|    ent_coef_loss   | 2.08     |
|    learning_rate   | 0.0003   |
|    n_updates       | 591414   |
---------------------------------
---------------------------------
| rollout/           |          |
|    ep_len_mean     | 3.91e+03 |
|    ep_rew_mean     | 1.38e+03 |
| time/              |          |
|    episodes        | 3400     |
|    fps             | 2127     |
|    time_elapsed    | 4460     |
|    total_timesteps | 9491120  |
| train/             |          |
|    actor_loss      | -0.142   |
|    critic_loss     | 0.00139  |
|    ent_coef        | 0.000205 |
|    ent_coef_loss   | 4.89     |
|    learning_rate   | 0.0003   |
|    n_updates       | 593132   |
---------------------------------
---------------------------------
| rollout/           |          |
|    ep_len_mean     | 4.01e+03 |
|    ep_rew_mean     | 1.47e+03 |
| time/              |          |
|    episodes        | 3404     |
|    fps             | 2127     |
|    time_elapsed    | 4465     |
|    total_timesteps | 9501264  |
| train/             |          |
|    actor_loss      | -0.131   |
|    critic_loss     | 0.000191 |
|    ent_coef        | 0.000225 |
|    ent_coef_loss   | -0.969   |
|    learning_rate   | 0.0003   |
|    n_updates       | 593766   |
---------------------------------
---------------------------------
| rollout/           |          |
|    ep_len_mean     | 3.97e+03 |
|    ep_rew_mean     | 1.68e+03 |
| time/              |          |
|    episodes        | 3408     |
|    fps             | 2127     |
|    time_elapsed    | 4470     |
|    total_timesteps | 9513328  |
| train/             |          |
|    actor_loss      | -0.107   |
|    critic_loss     | 0.000381 |
|    ent_coef        | 0.000223 |
|    ent_coef_loss   | 3.06     |
|    learning_rate   | 0.0003   |
|    n_updates       | 594520   |
---------------------------------
---------------------------------
| rollout/           |          |
|    ep_len_mean     | 4e+03    |
|    ep_rew_mean     | 1.76e+03 |
| time/              |          |
|    episodes        | 3412     |
|    fps             | 2127     |
|    time_elapsed    | 4478     |
|    total_timesteps | 9530224  |
| train/             |          |
|    actor_loss      | -0.116   |
|    critic_loss     | 0.000408 |
|    ent_coef        | 0.000226 |
|    ent_coef_loss   | 0.98     |
|    learning_rate   | 0.0003   |
|    n_updates       | 595576   |
---------------------------------
---------------------------------
| rollout/           |          |
|    ep_len_mean     | 3.96e+03 |
|    ep_rew_mean     | 1.71e+03 |
| time/              |          |
|    episodes        | 3416     |
|    fps             | 2128     |
|    time_elapsed    | 4483     |
|    total_timesteps | 9541296  |
| train/             |          |
|    actor_loss      | -0.268   |
|    critic_loss     | 0.000225 |
|    ent_coef        | 0.000218 |
|    ent_coef_loss   | -4.12    |
|    learning_rate   | 0.0003   |
|    n_updates       | 596268   |
---------------------------------
---------------------------------
| rollout/           |          |
|    ep_len_mean     | 3.89e+03 |
|    ep_rew_mean     | 1.59e+03 |
| time/              |          |
|    episodes        | 3420     |
|    fps             | 2128     |
|    time_elapsed    | 4491     |
|    total_timesteps | 9557824  |
| train/             |          |
|    actor_loss      | -0.168   |
|    critic_loss     | 0.000493 |
|    ent_coef        | 0.000249 |
|    ent_coef_loss   | -1.83    |
|    learning_rate   | 0.0003   |
|    n_updates       | 597301   |
---------------------------------
---------------------------------
| rollout/           |          |
|    ep_len_mean     | 3.89e+03 |
|    ep_rew_mean     | 1.53e+03 |
| time/              |          |
|    episodes        | 3424     |
|    fps             | 2128     |
|    time_elapsed    | 4492     |
|    total_timesteps | 9561008  |
| train/             |          |
|    actor_loss      | -0.191   |
|    critic_loss     | 0.00112  |
|    ent_coef        | 0.000248 |
|    ent_coef_loss   | -2.56    |
|    learning_rate   | 0.0003   |
|    n_updates       | 597500   |
---------------------------------
---------------------------------
| rollout/           |          |
|    ep_len_mean     | 3.82e+03 |
|    ep_rew_mean     | 1.51e+03 |
| time/              |          |
|    episodes        | 3428     |
|    fps             | 2128     |
|    time_elapsed    | 4493     |
|    total_timesteps | 9561888  |
| train/             |          |
|    actor_loss      | -0.199   |
|    critic_loss     | 0.000349 |
|    ent_coef        | 0.000243 |
|    ent_coef_loss   | -2.38    |
|    learning_rate   | 0.0003   |
|    n_updates       | 597555   |
---------------------------------
---------------------------------
| rollout/           |          |
|    ep_len_mean     | 3.65e+03 |
|    ep_rew_mean     | 1.26e+03 |
| time/              |          |
|    episodes        | 3432     |
|    fps             | 2128     |
|    time_elapsed    | 4493     |
|    total_timesteps | 9562832  |
| train/             |          |
|    actor_loss      | -0.215   |
|    critic_loss     | 0.000257 |
|    ent_coef        | 0.000242 |
|    ent_coef_loss   | -1.35    |
|    learning_rate   | 0.0003   |
|    n_updates       | 597614   |
---------------------------------
---------------------------------
| rollout/           |          |
|    ep_len_mean     | 3.7e+03  |
|    ep_rew_mean     | 1.29e+03 |
| time/              |          |
|    episodes        | 3436     |
|    fps             | 2128     |
|    time_elapsed    | 4524     |
|    total_timesteps | 9630656  |
| train/             |          |
|    actor_loss      | -0.217   |
|    critic_loss     | 0.000264 |
|    ent_coef        | 0.00023  |
|    ent_coef_loss   | -0.28    |
|    learning_rate   | 0.0003   |
|    n_updates       | 601853   |
---------------------------------
---------------------------------
| rollout/           |          |
|    ep_len_mean     | 3.74e+03 |
|    ep_rew_mean     | 1.54e+03 |
| time/              |          |
|    episodes        | 3440     |
|    fps             | 2128     |
|    time_elapsed    | 4526     |
|    total_timesteps | 9635504  |
| train/             |          |
|    actor_loss      | -0.247   |
|    critic_loss     | 0.0104   |
|    ent_coef        | 0.000227 |
|    ent_coef_loss   | -3.84    |
|    learning_rate   | 0.0003   |
|    n_updates       | 602156   |
---------------------------------
---------------------------------
| rollout/           |          |
|    ep_len_mean     | 3.69e+03 |
|    ep_rew_mean     | 1.58e+03 |
| time/              |          |
|    episodes        | 3444     |
|    fps             | 2128     |
|    time_elapsed    | 4538     |
|    total_timesteps | 9661312  |
| train/             |          |
|    actor_loss      | -0.286   |
|    critic_loss     | 0.000613 |
|    ent_coef        | 0.00021  |
|    ent_coef_loss   | -0.5     |
|    learning_rate   | 0.0003   |
|    n_updates       | 603769   |
---------------------------------
---------------------------------
| rollout/           |          |
|    ep_len_mean     | 3.71e+03 |
|    ep_rew_mean     | 1.56e+03 |
| time/              |          |
|    episodes        | 3448     |
|    fps             | 2128     |
|    time_elapsed    | 4539     |
|    total_timesteps | 9663264  |
| train/             |          |
|    actor_loss      | -0.242   |
|    critic_loss     | 0.000456 |
|    ent_coef        | 0.000212 |
|    ent_coef_loss   | -2.34    |
|    learning_rate   | 0.0003   |
|    n_updates       | 603891   |
---------------------------------
---------------------------------
| rollout/           |          |
|    ep_len_mean     | 3.85e+03 |
|    ep_rew_mean     | 1.58e+03 |
| time/              |          |
|    episodes        | 3452     |
|    fps             | 2128     |
|    time_elapsed    | 4540     |
|    total_timesteps | 9665456  |
| train/             |          |
|    actor_loss      | -0.253   |
|    critic_loss     | 0.000254 |
|    ent_coef        | 0.000211 |
|    ent_coef_loss   | -1.14    |
|    learning_rate   | 0.0003   |
|    n_updates       | 604028   |
---------------------------------
---------------------------------
| rollout/           |          |
|    ep_len_mean     | 3.94e+03 |
|    ep_rew_mean     | 1.74e+03 |
| time/              |          |
|    episodes        | 3456     |
|    fps             | 2128     |
|    time_elapsed    | 4560     |
|    total_timesteps | 9707856  |
| train/             |          |
|    actor_loss      | -0.214   |
|    critic_loss     | 0.0983   |
|    ent_coef        | 0.00021  |
|    ent_coef_loss   | -2.61    |
|    learning_rate   | 0.0003   |
|    n_updates       | 606678   |
---------------------------------
---------------------------------
| rollout/           |          |
|    ep_len_mean     | 4e+03    |
|    ep_rew_mean     | 1.92e+03 |
| time/              |          |
|    episodes        | 3460     |
|    fps             | 2128     |
|    time_elapsed    | 4561     |
|    total_timesteps | 9711296  |
| train/             |          |
|    actor_loss      | -0.237   |
|    critic_loss     | 0.000213 |
|    ent_coef        | 0.000209 |
|    ent_coef_loss   | 0.268    |
|    learning_rate   | 0.0003   |
|    n_updates       | 606893   |
---------------------------------
---------------------------------
| rollout/           |          |
|    ep_len_mean     | 3.92e+03 |
|    ep_rew_mean     | 2.21e+03 |
| time/              |          |
|    episodes        | 3464     |
|    fps             | 2128     |
|    time_elapsed    | 4562     |
|    total_timesteps | 9712000  |
| train/             |          |
|    actor_loss      | -0.245   |
|    critic_loss     | 0.000244 |
|    ent_coef        | 0.000207 |
|    ent_coef_loss   | -0.371   |
|    learning_rate   | 0.0003   |
|    n_updates       | 606937   |
---------------------------------
---------------------------------
| rollout/           |          |
|    ep_len_mean     | 3.9e+03  |
|    ep_rew_mean     | 2.37e+03 |
| time/              |          |
|    episodes        | 3468     |
|    fps             | 2128     |
|    time_elapsed    | 4564     |
|    total_timesteps | 9716336  |
| train/             |          |
|    actor_loss      | -0.233   |
|    critic_loss     | 0.000573 |
|    ent_coef        | 0.00022  |
|    ent_coef_loss   | 4.65     |
|    learning_rate   | 0.0003   |
|    n_updates       | 607208   |
---------------------------------
---------------------------------
| rollout/           |          |
|    ep_len_mean     | 3.97e+03 |
|    ep_rew_mean     | 2.44e+03 |
| time/              |          |
|    episodes        | 3472     |
|    fps             | 2129     |
|    time_elapsed    | 4584     |
|    total_timesteps | 9760464  |
| train/             |          |
|    actor_loss      | -0.277   |
|    critic_loss     | 0.000421 |
|    ent_coef        | 0.000223 |
|    ent_coef_loss   | 0.387    |
|    learning_rate   | 0.0003   |
|    n_updates       | 609966   |
---------------------------------
---------------------------------
| rollout/           |          |
|    ep_len_mean     | 3.96e+03 |
|    ep_rew_mean     | 2.45e+03 |
| time/              |          |
|    episodes        | 3476     |
|    fps             | 2129     |
|    time_elapsed    | 4585     |
|    total_timesteps | 9763488  |
| train/             |          |
|    actor_loss      | -0.3     |
|    critic_loss     | 0.00023  |
|    ent_coef        | 0.000219 |
|    ent_coef_loss   | -0.859   |
|    learning_rate   | 0.0003   |
|    n_updates       | 610155   |
---------------------------------
---------------------------------
| rollout/           |          |
|    ep_len_mean     | 3.92e+03 |
|    ep_rew_mean     | 2.31e+03 |
| time/              |          |
|    episodes        | 3480     |
|    fps             | 2129     |
|    time_elapsed    | 4587     |
|    total_timesteps | 9766960  |
| train/             |          |
|    actor_loss      | -0.267   |
|    critic_loss     | 0.000311 |
|    ent_coef        | 0.000223 |
|    ent_coef_loss   | -2.57    |
|    learning_rate   | 0.0003   |
|    n_updates       | 610372   |
---------------------------------
---------------------------------
| rollout/           |          |
|    ep_len_mean     | 3.93e+03 |
|    ep_rew_mean     | 2.24e+03 |
| time/              |          |
|    episodes        | 3484     |
|    fps             | 2129     |
|    time_elapsed    | 4595     |
|    total_timesteps | 9783776  |
| train/             |          |
|    actor_loss      | -0.31    |
|    critic_loss     | 0.000916 |
|    ent_coef        | 0.000192 |
|    ent_coef_loss   | 4.22     |
|    learning_rate   | 0.0003   |
|    n_updates       | 611423   |
---------------------------------
---------------------------------
| rollout/           |          |
|    ep_len_mean     | 4.05e+03 |
|    ep_rew_mean     | 2.5e+03  |
| time/              |          |
|    episodes        | 3488     |
|    fps             | 2129     |
|    time_elapsed    | 4630     |
|    total_timesteps | 9860096  |
| train/             |          |
|    actor_loss      | -0.256   |
|    critic_loss     | 0.000865 |
|    ent_coef        | 0.000216 |
|    ent_coef_loss   | 0.607    |
|    learning_rate   | 0.0003   |
|    n_updates       | 616193   |
---------------------------------
---------------------------------
| rollout/           |          |
|    ep_len_mean     | 4.25e+03 |
|    ep_rew_mean     | 2.47e+03 |
| time/              |          |
|    episodes        | 3492     |
|    fps             | 2129     |
|    time_elapsed    | 4651     |
|    total_timesteps | 9906720  |
| train/             |          |
|    actor_loss      | -0.329   |
|    critic_loss     | 0.000659 |
|    ent_coef        | 0.000208 |
|    ent_coef_loss   | 1.01     |
|    learning_rate   | 0.0003   |
|    n_updates       | 619107   |
---------------------------------
---------------------------------
| rollout/           |          |
|    ep_len_mean     | 4.39e+03 |
|    ep_rew_mean     | 2.36e+03 |
| time/              |          |
|    episodes        | 3496     |
|    fps             | 2129     |
|    time_elapsed    | 4657     |
|    total_timesteps | 9919168  |
| train/             |          |
|    actor_loss      | -0.285   |
|    critic_loss     | 0.000785 |
|    ent_coef        | 0.000224 |
|    ent_coef_loss   | 4.46     |
|    learning_rate   | 0.0003   |
|    n_updates       | 619885   |
---------------------------------
---------------------------------
| rollout/           |          |
|    ep_len_mean     | 4.33e+03 |
|    ep_rew_mean     | 2.19e+03 |
| time/              |          |
|    episodes        | 3500     |
|    fps             | 2129     |
|    time_elapsed    | 4664     |
|    total_timesteps | 9935760  |
| train/             |          |
|    actor_loss      | -0.28    |
|    critic_loss     | 0.000249 |
|    ent_coef        | 0.00022  |
|    ent_coef_loss   | 1.46     |
|    learning_rate   | 0.0003   |
|    n_updates       | 620922   |
---------------------------------
---------------------------------
| rollout/           |          |
|    ep_len_mean     | 4.2e+03  |
|    ep_rew_mean     | 1.96e+03 |
| time/              |          |
|    episodes        | 3504     |
|    fps             | 2129     |
|    time_elapsed    | 4667     |
|    total_timesteps | 9942656  |
| train/             |          |
|    actor_loss      | -0.309   |
|    critic_loss     | 0.000428 |
|    ent_coef        | 0.000233 |
|    ent_coef_loss   | -4.79    |
|    learning_rate   | 0.0003   |
|    n_updates       | 621353   |
---------------------------------
---------------------------------
| rollout/           |          |
|    ep_len_mean     | 4.37e+03 |
|    ep_rew_mean     | 1.74e+03 |
| time/              |          |
|    episodes        | 3508     |
|    fps             | 2130     |
|    time_elapsed    | 4676     |
|    total_timesteps | 9961232  |
| train/             |          |
|    actor_loss      | -0.33    |
|    critic_loss     | 0.000621 |
|    ent_coef        | 0.00024  |
|    ent_coef_loss   | 0.495    |
|    learning_rate   | 0.0003   |
|    n_updates       | 622514   |
---------------------------------
---------------------------------
| rollout/           |          |
|    ep_len_mean     | 4.37e+03 |
|    ep_rew_mean     | 1.68e+03 |
| time/              |          |
|    episodes        | 3512     |
|    fps             | 2130     |
|    time_elapsed    | 4692     |
|    total_timesteps | 9997056  |
| train/             |          |
|    actor_loss      | -0.259   |
|    critic_loss     | 0.173    |
|    ent_coef        | 0.000244 |
|    ent_coef_loss   | 2.63     |
|    learning_rate   | 0.0003   |
|    n_updates       | 624753   |
---------------------------------
--> [Worker 0] Attempting to load FlightEnvironment from .so file...
--> [Worker 0] FlightEnvironment loaded successfully!
--> [Worker 1] Attempting to load FlightEnvironment from .so file...
--> [Worker 1] FlightEnvironment loaded successfully!
--> [Worker 6] Attempting to load FlightEnvironment from .so file...
--> [Worker 6] FlightEnvironment loaded successfully!
--> [Worker 11] Attempting to load FlightEnvironment from .so file...
--> [Worker 11] FlightEnvironment loaded successfully!
--> [Worker 3] Attempting to load FlightEnvironment from .so file...
--> [Worker 3] FlightEnvironment loaded successfully!
--> [Worker 4] Attempting to load FlightEnvironment from .so file...
--> [Worker 4] FlightEnvironment loaded successfully!
--> [Worker 12] Attempting to load FlightEnvironment from .so file...
--> [Worker 12] FlightEnvironment loaded successfully!
--> [Worker 10] Attempting to load FlightEnvironment from .so file...
--> [Worker 10] FlightEnvironment loaded successfully!
--> [Worker 7] Attempting to load FlightEnvironment from .so file...
--> [Worker 7] FlightEnvironment loaded successfully!
--> [Worker 9] Attempting to load FlightEnvironment from .so file...
--> [Worker 9] FlightEnvironment loaded successfully!
--> [Worker 8] Attempting to load FlightEnvironment from .so file...
--> [Worker 8] FlightEnvironment loaded successfully!
--> [Worker 13] Attempting to load FlightEnvironment from .so file...
--> [Worker 13] FlightEnvironment loaded successfully!
--> [Worker 2] Attempting to load FlightEnvironment from .so file...
--> [Worker 2] FlightEnvironment loaded successfully!
--> [Worker 15] Attempting to load FlightEnvironment from .so file...
--> [Worker 15] FlightEnvironment loaded successfully!
--> [Worker 14] Attempting to load FlightEnvironment from .so file...
--> [Worker 14] FlightEnvironment loaded successfully!
--> [Worker 5] Attempting to load FlightEnvironment from .so file...
--> [Worker 5] FlightEnvironment loaded successfully!
Training completed.
