/var/spool/torque/mom_priv/jobs/36067.vegabk.head.cm.vega.erau.edu.SC: line 36: source: /apps/spack/share: is a directory
--- Starting Training Run: Feb09_15-19 ---
Using cuda device
Wrapping the env with a `Monitor` wrapper
Wrapping the env in a DummyVecEnv.
Starting training...
Logging to /scratch/zubyka/RL_Thesis/logs/SAC_3
---------------------------------
| rollout/           |          |
|    ep_len_mean     | 2e+03    |
|    ep_rew_mean     | -358     |
| time/              |          |
|    episodes        | 4        |
|    fps             | 140      |
|    time_elapsed    | 57       |
|    total_timesteps | 7994     |
| train/             |          |
|    actor_loss      | 1.2e+03  |
|    critic_loss     | 1.2e+03  |
|    ent_coef        | 4.98     |
|    ent_coef_loss   | 10.7     |
|    learning_rate   | 0.0003   |
|    n_updates       | 6993     |
---------------------------------
---------------------------------
| rollout/           |          |
|    ep_len_mean     | 1.82e+03 |
|    ep_rew_mean     | 557      |
| time/              |          |
|    episodes        | 8        |
|    fps             | 151      |
|    time_elapsed    | 96       |
|    total_timesteps | 14585    |
| train/             |          |
|    actor_loss      | 669      |
|    critic_loss     | 58.8     |
|    ent_coef        | 0.814    |
|    ent_coef_loss   | -1.24    |
|    learning_rate   | 0.0003   |
|    n_updates       | 13584    |
---------------------------------
---------------------------------
| rollout/           |          |
|    ep_len_mean     | 1.72e+03 |
|    ep_rew_mean     | 114      |
| time/              |          |
|    episodes        | 12       |
|    fps             | 155      |
|    time_elapsed    | 132      |
|    total_timesteps | 20604    |
| train/             |          |
|    actor_loss      | 568      |
|    critic_loss     | 245      |
|    ent_coef        | 0.145    |
|    ent_coef_loss   | -9.39    |
|    learning_rate   | 0.0003   |
|    n_updates       | 19603    |
---------------------------------
---------------------------------
| rollout/           |          |
|    ep_len_mean     | 1.72e+03 |
|    ep_rew_mean     | -21.6    |
| time/              |          |
|    episodes        | 16       |
|    fps             | 157      |
|    time_elapsed    | 174      |
|    total_timesteps | 27571    |
| train/             |          |
|    actor_loss      | 385      |
|    critic_loss     | 40.5     |
|    ent_coef        | 0.0273   |
|    ent_coef_loss   | -4.71    |
|    learning_rate   | 0.0003   |
|    n_updates       | 26570    |
---------------------------------
---------------------------------
| rollout/           |          |
|    ep_len_mean     | 1.73e+03 |
|    ep_rew_mean     | -122     |
| time/              |          |
|    episodes        | 20       |
|    fps             | 159      |
|    time_elapsed    | 217      |
|    total_timesteps | 34665    |
| train/             |          |
|    actor_loss      | 333      |
|    critic_loss     | 29.5     |
|    ent_coef        | 0.0136   |
|    ent_coef_loss   | 1.62     |
|    learning_rate   | 0.0003   |
|    n_updates       | 33664    |
---------------------------------
---------------------------------
| rollout/           |          |
|    ep_len_mean     | 1.74e+03 |
|    ep_rew_mean     | -163     |
| time/              |          |
|    episodes        | 24       |
|    fps             | 160      |
|    time_elapsed    | 259      |
|    total_timesteps | 41752    |
| train/             |          |
|    actor_loss      | 258      |
|    critic_loss     | 9.6      |
|    ent_coef        | 0.0154   |
|    ent_coef_loss   | 2.07     |
|    learning_rate   | 0.0003   |
|    n_updates       | 40751    |
---------------------------------
---------------------------------
| rollout/           |          |
|    ep_len_mean     | 1.63e+03 |
|    ep_rew_mean     | -109     |
| time/              |          |
|    episodes        | 28       |
|    fps             | 161      |
|    time_elapsed    | 282      |
|    total_timesteps | 45530    |
| train/             |          |
|    actor_loss      | 227      |
|    critic_loss     | 26.5     |
|    ent_coef        | 0.0125   |
|    ent_coef_loss   | -2.09    |
|    learning_rate   | 0.0003   |
|    n_updates       | 44529    |
---------------------------------
---------------------------------
| rollout/           |          |
|    ep_len_mean     | 1.53e+03 |
|    ep_rew_mean     | -50.5    |
| time/              |          |
|    episodes        | 32       |
|    fps             | 161      |
|    time_elapsed    | 303      |
|    total_timesteps | 48948    |
| train/             |          |
|    actor_loss      | 193      |
|    critic_loss     | 258      |
|    ent_coef        | 0.0115   |
|    ent_coef_loss   | 0.831    |
|    learning_rate   | 0.0003   |
|    n_updates       | 47947    |
---------------------------------
---------------------------------
| rollout/           |          |
|    ep_len_mean     | 1.47e+03 |
|    ep_rew_mean     | -22      |
| time/              |          |
|    episodes        | 36       |
|    fps             | 161      |
|    time_elapsed    | 325      |
|    total_timesteps | 52764    |
| train/             |          |
|    actor_loss      | 150      |
|    critic_loss     | 30.2     |
|    ent_coef        | 0.0117   |
|    ent_coef_loss   | 0.833    |
|    learning_rate   | 0.0003   |
|    n_updates       | 51763    |
---------------------------------
---------------------------------
| rollout/           |          |
|    ep_len_mean     | 1.37e+03 |
|    ep_rew_mean     | -5.66    |
| time/              |          |
|    episodes        | 40       |
|    fps             | 162      |
|    time_elapsed    | 337      |
|    total_timesteps | 54761    |
| train/             |          |
|    actor_loss      | 134      |
|    critic_loss     | 5.98e+03 |
|    ent_coef        | 0.0118   |
|    ent_coef_loss   | -2.09    |
|    learning_rate   | 0.0003   |
|    n_updates       | 53760    |
---------------------------------
---------------------------------
| rollout/           |          |
|    ep_len_mean     | 1.28e+03 |
|    ep_rew_mean     | -24.8    |
| time/              |          |
|    episodes        | 44       |
|    fps             | 162      |
|    time_elapsed    | 346      |
|    total_timesteps | 56148    |
| train/             |          |
|    actor_loss      | 117      |
|    critic_loss     | 11.3     |
|    ent_coef        | 0.0125   |
|    ent_coef_loss   | -0.084   |
|    learning_rate   | 0.0003   |
|    n_updates       | 55147    |
---------------------------------
---------------------------------
| rollout/           |          |
|    ep_len_mean     | 1.23e+03 |
|    ep_rew_mean     | 28.7     |
| time/              |          |
|    episodes        | 48       |
|    fps             | 162      |
|    time_elapsed    | 362      |
|    total_timesteps | 58821    |
| train/             |          |
|    actor_loss      | 109      |
|    critic_loss     | 80       |
|    ent_coef        | 0.013    |
|    ent_coef_loss   | 0.866    |
|    learning_rate   | 0.0003   |
|    n_updates       | 57820    |
---------------------------------
---------------------------------
| rollout/           |          |
|    ep_len_mean     | 1.18e+03 |
|    ep_rew_mean     | 8.3      |
| time/              |          |
|    episodes        | 52       |
|    fps             | 162      |
|    time_elapsed    | 376      |
|    total_timesteps | 61206    |
| train/             |          |
|    actor_loss      | 113      |
|    critic_loss     | 28       |
|    ent_coef        | 0.014    |
|    ent_coef_loss   | 0.545    |
|    learning_rate   | 0.0003   |
|    n_updates       | 60205    |
---------------------------------
---------------------------------
| rollout/           |          |
|    ep_len_mean     | 1.18e+03 |
|    ep_rew_mean     | 55.5     |
| time/              |          |
|    episodes        | 56       |
|    fps             | 162      |
|    time_elapsed    | 404      |
|    total_timesteps | 65930    |
| train/             |          |
|    actor_loss      | 89.3     |
|    critic_loss     | 28.9     |
|    ent_coef        | 0.0147   |
|    ent_coef_loss   | 0.315    |
|    learning_rate   | 0.0003   |
|    n_updates       | 64929    |
---------------------------------
---------------------------------
| rollout/           |          |
|    ep_len_mean     | 1.14e+03 |
|    ep_rew_mean     | 50.8     |
| time/              |          |
|    episodes        | 60       |
|    fps             | 163      |
|    time_elapsed    | 418      |
|    total_timesteps | 68258    |
| train/             |          |
|    actor_loss      | 65.1     |
|    critic_loss     | 12.6     |
|    ent_coef        | 0.0141   |
|    ent_coef_loss   | 3.67     |
|    learning_rate   | 0.0003   |
|    n_updates       | 67257    |
---------------------------------
---------------------------------
| rollout/           |          |
|    ep_len_mean     | 1.07e+03 |
|    ep_rew_mean     | 43.8     |
| time/              |          |
|    episodes        | 64       |
|    fps             | 163      |
|    time_elapsed    | 421      |
|    total_timesteps | 68661    |
| train/             |          |
|    actor_loss      | 59.1     |
|    critic_loss     | 18.3     |
|    ent_coef        | 0.014    |
|    ent_coef_loss   | -1.13    |
|    learning_rate   | 0.0003   |
|    n_updates       | 67660    |
---------------------------------
---------------------------------
| rollout/           |          |
|    ep_len_mean     | 1.02e+03 |
|    ep_rew_mean     | 39.1     |
| time/              |          |
|    episodes        | 68       |
|    fps             | 163      |
|    time_elapsed    | 424      |
|    total_timesteps | 69147    |
| train/             |          |
|    actor_loss      | 63.8     |
|    critic_loss     | 23.6     |
|    ent_coef        | 0.0139   |
|    ent_coef_loss   | 3.83     |
|    learning_rate   | 0.0003   |
|    n_updates       | 68146    |
---------------------------------
---------------------------------
| rollout/           |          |
|    ep_len_mean     | 967      |
|    ep_rew_mean     | 34.1     |
| time/              |          |
|    episodes        | 72       |
|    fps             | 163      |
|    time_elapsed    | 427      |
|    total_timesteps | 69640    |
| train/             |          |
|    actor_loss      | 68.6     |
|    critic_loss     | 9.18e+03 |
|    ent_coef        | 0.014    |
|    ent_coef_loss   | -0.174   |
|    learning_rate   | 0.0003   |
|    n_updates       | 68639    |
---------------------------------
---------------------------------
| rollout/           |          |
|    ep_len_mean     | 936      |
|    ep_rew_mean     | 55.8     |
| time/              |          |
|    episodes        | 76       |
|    fps             | 163      |
|    time_elapsed    | 435      |
|    total_timesteps | 71110    |
| train/             |          |
|    actor_loss      | 78.9     |
|    critic_loss     | 12.5     |
|    ent_coef        | 0.0138   |
|    ent_coef_loss   | -1.1     |
|    learning_rate   | 0.0003   |
|    n_updates       | 70109    |
---------------------------------
---------------------------------
| rollout/           |          |
|    ep_len_mean     | 896      |
|    ep_rew_mean     | 33.6     |
| time/              |          |
|    episodes        | 80       |
|    fps             | 163      |
|    time_elapsed    | 439      |
|    total_timesteps | 71649    |
| train/             |          |
|    actor_loss      | 76.8     |
|    critic_loss     | 11.1     |
|    ent_coef        | 0.0139   |
|    ent_coef_loss   | -0.0148  |
|    learning_rate   | 0.0003   |
|    n_updates       | 70648    |
---------------------------------
---------------------------------
| rollout/           |          |
|    ep_len_mean     | 858      |
|    ep_rew_mean     | 28.9     |
| time/              |          |
|    episodes        | 84       |
|    fps             | 163      |
|    time_elapsed    | 441      |
|    total_timesteps | 72055    |
| train/             |          |
|    actor_loss      | 67.4     |
|    critic_loss     | 4.85e+03 |
|    ent_coef        | 0.0139   |
|    ent_coef_loss   | 4.15     |
|    learning_rate   | 0.0003   |
|    n_updates       | 71054    |
---------------------------------
---------------------------------
| rollout/           |          |
|    ep_len_mean     | 823      |
|    ep_rew_mean     | 24.9     |
| time/              |          |
|    episodes        | 88       |
|    fps             | 163      |
|    time_elapsed    | 443      |
|    total_timesteps | 72438    |
| train/             |          |
|    actor_loss      | 67.7     |
|    critic_loss     | 28       |
|    ent_coef        | 0.0139   |
|    ent_coef_loss   | 1.75     |
|    learning_rate   | 0.0003   |
|    n_updates       | 71437    |
---------------------------------
---------------------------------
| rollout/           |          |
|    ep_len_mean     | 792      |
|    ep_rew_mean     | 21.5     |
| time/              |          |
|    episodes        | 92       |
|    fps             | 163      |
|    time_elapsed    | 446      |
|    total_timesteps | 72822    |
| train/             |          |
|    actor_loss      | 49.8     |
|    critic_loss     | 16.7     |
|    ent_coef        | 0.0139   |
|    ent_coef_loss   | -0.714   |
|    learning_rate   | 0.0003   |
|    n_updates       | 71821    |
---------------------------------
---------------------------------
| rollout/           |          |
|    ep_len_mean     | 763      |
|    ep_rew_mean     | 17.9     |
| time/              |          |
|    episodes        | 96       |
|    fps             | 163      |
|    time_elapsed    | 448      |
|    total_timesteps | 73223    |
| train/             |          |
|    actor_loss      | 60.5     |
|    critic_loss     | 41.2     |
|    ent_coef        | 0.0138   |
|    ent_coef_loss   | -0.954   |
|    learning_rate   | 0.0003   |
|    n_updates       | 72222    |
---------------------------------
---------------------------------
| rollout/           |          |
|    ep_len_mean     | 736      |
|    ep_rew_mean     | 14.7     |
| time/              |          |
|    episodes        | 100      |
|    fps             | 163      |
|    time_elapsed    | 451      |
|    total_timesteps | 73619    |
| train/             |          |
|    actor_loss      | 60       |
|    critic_loss     | 27.7     |
|    ent_coef        | 0.0136   |
|    ent_coef_loss   | -4.59    |
|    learning_rate   | 0.0003   |
|    n_updates       | 72618    |
---------------------------------
---------------------------------
| rollout/           |          |
|    ep_len_mean     | 661      |
|    ep_rew_mean     | 27.2     |
| time/              |          |
|    episodes        | 104      |
|    fps             | 163      |
|    time_elapsed    | 453      |
|    total_timesteps | 74076    |
| train/             |          |
|    actor_loss      | 57.7     |
|    critic_loss     | 65.4     |
|    ent_coef        | 0.0138   |
|    ent_coef_loss   | 1.45     |
|    learning_rate   | 0.0003   |
|    n_updates       | 73075    |
---------------------------------
---------------------------------
| rollout/           |          |
|    ep_len_mean     | 600      |
|    ep_rew_mean     | -33.3    |
| time/              |          |
|    episodes        | 108      |
|    fps             | 163      |
|    time_elapsed    | 456      |
|    total_timesteps | 74542    |
| train/             |          |
|    actor_loss      | 38.3     |
|    critic_loss     | 9.3      |
|    ent_coef        | 0.0141   |
|    ent_coef_loss   | 0.214    |
|    learning_rate   | 0.0003   |
|    n_updates       | 73541    |
---------------------------------
---------------------------------
| rollout/           |          |
|    ep_len_mean     | 544      |
|    ep_rew_mean     | -4.02    |
| time/              |          |
|    episodes        | 112      |
|    fps             | 163      |
|    time_elapsed    | 459      |
|    total_timesteps | 75023    |
| train/             |          |
|    actor_loss      | 59.7     |
|    critic_loss     | 66.3     |
|    ent_coef        | 0.014    |
|    ent_coef_loss   | -1.23    |
|    learning_rate   | 0.0003   |
|    n_updates       | 74022    |
---------------------------------
---------------------------------
| rollout/           |          |
|    ep_len_mean     | 479      |
|    ep_rew_mean     | 11.2     |
| time/              |          |
|    episodes        | 116      |
|    fps             | 163      |
|    time_elapsed    | 462      |
|    total_timesteps | 75507    |
| train/             |          |
|    actor_loss      | 63       |
|    critic_loss     | 50.3     |
|    ent_coef        | 0.0141   |
|    ent_coef_loss   | -0.762   |
|    learning_rate   | 0.0003   |
|    n_updates       | 74506    |
---------------------------------
---------------------------------
| rollout/           |          |
|    ep_len_mean     | 413      |
|    ep_rew_mean     | 30.5     |
| time/              |          |
|    episodes        | 120      |
|    fps             | 163      |
|    time_elapsed    | 465      |
|    total_timesteps | 75947    |
| train/             |          |
|    actor_loss      | 48.7     |
|    critic_loss     | 148      |
|    ent_coef        | 0.014    |
|    ent_coef_loss   | 2.69     |
|    learning_rate   | 0.0003   |
|    n_updates       | 74946    |
---------------------------------
---------------------------------
| rollout/           |          |
|    ep_len_mean     | 347      |
|    ep_rew_mean     | 43.4     |
| time/              |          |
|    episodes        | 124      |
|    fps             | 163      |
|    time_elapsed    | 467      |
|    total_timesteps | 76410    |
| train/             |          |
|    actor_loss      | 63.2     |
|    critic_loss     | 17.4     |
|    ent_coef        | 0.0139   |
|    ent_coef_loss   | -2.6     |
|    learning_rate   | 0.0003   |
|    n_updates       | 75409    |
---------------------------------
---------------------------------
| rollout/           |          |
|    ep_len_mean     | 313      |
|    ep_rew_mean     | 32.7     |
| time/              |          |
|    episodes        | 128      |
|    fps             | 163      |
|    time_elapsed    | 470      |
|    total_timesteps | 76853    |
| train/             |          |
|    actor_loss      | 35.5     |
|    critic_loss     | 45.5     |
|    ent_coef        | 0.0135   |
|    ent_coef_loss   | -0.001   |
|    learning_rate   | 0.0003   |
|    n_updates       | 75852    |
---------------------------------
---------------------------------
| rollout/           |          |
|    ep_len_mean     | 283      |
|    ep_rew_mean     | 15.9     |
| time/              |          |
|    episodes        | 132      |
|    fps             | 163      |
|    time_elapsed    | 472      |
|    total_timesteps | 77258    |
| train/             |          |
|    actor_loss      | 54.3     |
|    critic_loss     | 93.5     |
|    ent_coef        | 0.0133   |
|    ent_coef_loss   | 2.68     |
|    learning_rate   | 0.0003   |
|    n_updates       | 76257    |
---------------------------------
---------------------------------
| rollout/           |          |
|    ep_len_mean     | 249      |
|    ep_rew_mean     | 5.82     |
| time/              |          |
|    episodes        | 136      |
|    fps             | 163      |
|    time_elapsed    | 475      |
|    total_timesteps | 77687    |
| train/             |          |
|    actor_loss      | 57.3     |
|    critic_loss     | 97.9     |
|    ent_coef        | 0.0133   |
|    ent_coef_loss   | 0.542    |
|    learning_rate   | 0.0003   |
|    n_updates       | 76686    |
---------------------------------
---------------------------------
| rollout/           |          |
|    ep_len_mean     | 234      |
|    ep_rew_mean     | -1.49    |
| time/              |          |
|    episodes        | 140      |
|    fps             | 163      |
|    time_elapsed    | 478      |
|    total_timesteps | 78133    |
| train/             |          |
|    actor_loss      | 54.1     |
|    critic_loss     | 86.4     |
|    ent_coef        | 0.0136   |
|    ent_coef_loss   | -2.29    |
|    learning_rate   | 0.0003   |
|    n_updates       | 77132    |
---------------------------------
---------------------------------
| rollout/           |          |
|    ep_len_mean     | 225      |
|    ep_rew_mean     | 5.5      |
| time/              |          |
|    episodes        | 144      |
|    fps             | 163      |
|    time_elapsed    | 481      |
|    total_timesteps | 78638    |
| train/             |          |
|    actor_loss      | 35.5     |
|    critic_loss     | 20.9     |
|    ent_coef        | 0.014    |
|    ent_coef_loss   | -2.66    |
|    learning_rate   | 0.0003   |
|    n_updates       | 77637    |
---------------------------------
---------------------------------
| rollout/           |          |
|    ep_len_mean     | 203      |
|    ep_rew_mean     | -21.2    |
| time/              |          |
|    episodes        | 148      |
|    fps             | 163      |
|    time_elapsed    | 483      |
|    total_timesteps | 79086    |
| train/             |          |
|    actor_loss      | 78.9     |
|    critic_loss     | 4.7e+03  |
|    ent_coef        | 0.0139   |
|    ent_coef_loss   | 3.9      |
|    learning_rate   | 0.0003   |
|    n_updates       | 78085    |
---------------------------------
---------------------------------
| rollout/           |          |
|    ep_len_mean     | 183      |
|    ep_rew_mean     | -13.8    |
| time/              |          |
|    episodes        | 152      |
|    fps             | 163      |
|    time_elapsed    | 486      |
|    total_timesteps | 79521    |
| train/             |          |
|    actor_loss      | 52.4     |
|    critic_loss     | 105      |
|    ent_coef        | 0.0138   |
|    ent_coef_loss   | 0.551    |
|    learning_rate   | 0.0003   |
|    n_updates       | 78520    |
---------------------------------
---------------------------------
| rollout/           |          |
|    ep_len_mean     | 140      |
|    ep_rew_mean     | -42.8    |
| time/              |          |
|    episodes        | 156      |
|    fps             | 163      |
|    time_elapsed    | 489      |
|    total_timesteps | 79926    |
| train/             |          |
|    actor_loss      | 42.6     |
|    critic_loss     | 4.87e+03 |
|    ent_coef        | 0.014    |
|    ent_coef_loss   | 0.0387   |
|    learning_rate   | 0.0003   |
|    n_updates       | 78925    |
---------------------------------
---------------------------------
| rollout/           |          |
|    ep_len_mean     | 121      |
|    ep_rew_mean     | -44.3    |
| time/              |          |
|    episodes        | 160      |
|    fps             | 163      |
|    time_elapsed    | 491      |
|    total_timesteps | 80325    |
| train/             |          |
|    actor_loss      | 55.3     |
|    critic_loss     | 38.6     |
|    ent_coef        | 0.0142   |
|    ent_coef_loss   | -1.08    |
|    learning_rate   | 0.0003   |
|    n_updates       | 79324    |
---------------------------------
---------------------------------
| rollout/           |          |
|    ep_len_mean     | 121      |
|    ep_rew_mean     | -44.6    |
| time/              |          |
|    episodes        | 164      |
|    fps             | 163      |
|    time_elapsed    | 493      |
|    total_timesteps | 80721    |
| train/             |          |
|    actor_loss      | 71.4     |
|    critic_loss     | 5.98e+03 |
|    ent_coef        | 0.0144   |
|    ent_coef_loss   | -0.994   |
|    learning_rate   | 0.0003   |
|    n_updates       | 79720    |
---------------------------------
---------------------------------
| rollout/           |          |
|    ep_len_mean     | 120      |
|    ep_rew_mean     | -45.1    |
| time/              |          |
|    episodes        | 168      |
|    fps             | 163      |
|    time_elapsed    | 496      |
|    total_timesteps | 81127    |
| train/             |          |
|    actor_loss      | 56       |
|    critic_loss     | 1.26e+03 |
|    ent_coef        | 0.0145   |
|    ent_coef_loss   | 1.91     |
|    learning_rate   | 0.0003   |
|    n_updates       | 80126    |
---------------------------------
---------------------------------
| rollout/           |          |
|    ep_len_mean     | 119      |
|    ep_rew_mean     | -45.2    |
| time/              |          |
|    episodes        | 172      |
|    fps             | 163      |
|    time_elapsed    | 498      |
|    total_timesteps | 81525    |
| train/             |          |
|    actor_loss      | 48.2     |
|    critic_loss     | 32.7     |
|    ent_coef        | 0.0147   |
|    ent_coef_loss   | -0.496   |
|    learning_rate   | 0.0003   |
|    n_updates       | 80524    |
---------------------------------
---------------------------------
| rollout/           |          |
|    ep_len_mean     | 109      |
|    ep_rew_mean     | -64.9    |
| time/              |          |
|    episodes        | 176      |
|    fps             | 163      |
|    time_elapsed    | 501      |
|    total_timesteps | 81970    |
| train/             |          |
|    actor_loss      | 60.2     |
|    critic_loss     | 17.4     |
|    ent_coef        | 0.0149   |
|    ent_coef_loss   | 0.538    |
|    learning_rate   | 0.0003   |
|    n_updates       | 80969    |
---------------------------------
---------------------------------
| rollout/           |          |
|    ep_len_mean     | 108      |
|    ep_rew_mean     | -51.5    |
| time/              |          |
|    episodes        | 180      |
|    fps             | 163      |
|    time_elapsed    | 504      |
|    total_timesteps | 82428    |
| train/             |          |
|    actor_loss      | 30.5     |
|    critic_loss     | 45.4     |
|    ent_coef        | 0.0151   |
|    ent_coef_loss   | -0.841   |
|    learning_rate   | 0.0003   |
|    n_updates       | 81427    |
---------------------------------
---------------------------------
| rollout/           |          |
|    ep_len_mean     | 150      |
|    ep_rew_mean     | -25      |
| time/              |          |
|    episodes        | 184      |
|    fps             | 163      |
|    time_elapsed    | 531      |
|    total_timesteps | 87013    |
| train/             |          |
|    actor_loss      | 46.1     |
|    critic_loss     | 34.9     |
|    ent_coef        | 0.0166   |
|    ent_coef_loss   | -1.72    |
|    learning_rate   | 0.0003   |
|    n_updates       | 86012    |
---------------------------------
---------------------------------
| rollout/           |          |
|    ep_len_mean     | 215      |
|    ep_rew_mean     | -8.55    |
| time/              |          |
|    episodes        | 188      |
|    fps             | 163      |
|    time_elapsed    | 573      |
|    total_timesteps | 93902    |
| train/             |          |
|    actor_loss      | 51.4     |
|    critic_loss     | 42.3     |
|    ent_coef        | 0.0195   |
|    ent_coef_loss   | 3.88     |
|    learning_rate   | 0.0003   |
|    n_updates       | 92901    |
---------------------------------
---------------------------------
| rollout/           |          |
|    ep_len_mean     | 271      |
|    ep_rew_mean     | 11.6     |
| time/              |          |
|    episodes        | 192      |
|    fps             | 164      |
|    time_elapsed    | 609      |
|    total_timesteps | 99902    |
| train/             |          |
|    actor_loss      | 40.7     |
|    critic_loss     | 38.2     |
|    ent_coef        | 0.0215   |
|    ent_coef_loss   | -0.896   |
|    learning_rate   | 0.0003   |
|    n_updates       | 98901    |
---------------------------------
---------------------------------
| rollout/           |          |
|    ep_len_mean     | 336      |
|    ep_rew_mean     | 36.1     |
| time/              |          |
|    episodes        | 196      |
|    fps             | 164      |
|    time_elapsed    | 650      |
|    total_timesteps | 106781   |
| train/             |          |
|    actor_loss      | 27.2     |
|    critic_loss     | 66.8     |
|    ent_coef        | 0.0229   |
|    ent_coef_loss   | 1.16     |
|    learning_rate   | 0.0003   |
|    n_updates       | 105780   |
---------------------------------
---------------------------------
| rollout/           |          |
|    ep_len_mean     | 384      |
|    ep_rew_mean     | 30       |
| time/              |          |
|    episodes        | 200      |
|    fps             | 164      |
|    time_elapsed    | 682      |
|    total_timesteps | 112050   |
| train/             |          |
|    actor_loss      | 17.4     |
|    critic_loss     | 70.5     |
|    ent_coef        | 0.0266   |
|    ent_coef_loss   | 0.0878   |
|    learning_rate   | 0.0003   |
|    n_updates       | 111049   |
---------------------------------
---------------------------------
| rollout/           |          |
|    ep_len_mean     | 439      |
|    ep_rew_mean     | 62.5     |
| time/              |          |
|    episodes        | 204      |
|    fps             | 164      |
|    time_elapsed    | 717      |
|    total_timesteps | 117972   |
| train/             |          |
|    actor_loss      | 8.95     |
|    critic_loss     | 33.9     |
|    ent_coef        | 0.0271   |
|    ent_coef_loss   | 0.239    |
|    learning_rate   | 0.0003   |
|    n_updates       | 116971   |
---------------------------------
---------------------------------
| rollout/           |          |
|    ep_len_mean     | 510      |
|    ep_rew_mean     | 58.6     |
| time/              |          |
|    episodes        | 208      |
|    fps             | 164      |
|    time_elapsed    | 762      |
|    total_timesteps | 125528   |
| train/             |          |
|    actor_loss      | 13.9     |
|    critic_loss     | 439      |
|    ent_coef        | 0.0279   |
|    ent_coef_loss   | 0.648    |
|    learning_rate   | 0.0003   |
|    n_updates       | 124527   |
---------------------------------
---------------------------------
| rollout/           |          |
|    ep_len_mean     | 581      |
|    ep_rew_mean     | 119      |
| time/              |          |
|    episodes        | 212      |
|    fps             | 164      |
|    time_elapsed    | 808      |
|    total_timesteps | 133143   |
| train/             |          |
|    actor_loss      | 37       |
|    critic_loss     | 43.1     |
|    ent_coef        | 0.0303   |
|    ent_coef_loss   | -0.956   |
|    learning_rate   | 0.0003   |
|    n_updates       | 132142   |
---------------------------------
---------------------------------
| rollout/           |          |
|    ep_len_mean     | 631      |
|    ep_rew_mean     | 93.5     |
| time/              |          |
|    episodes        | 216      |
|    fps             | 164      |
|    time_elapsed    | 841      |
|    total_timesteps | 138600   |
| train/             |          |
|    actor_loss      | 26.5     |
|    critic_loss     | 23.8     |
|    ent_coef        | 0.0309   |
|    ent_coef_loss   | 1.1      |
|    learning_rate   | 0.0003   |
|    n_updates       | 137599   |
---------------------------------
---------------------------------
| rollout/           |          |
|    ep_len_mean     | 658      |
|    ep_rew_mean     | 112      |
| time/              |          |
|    episodes        | 220      |
|    fps             | 164      |
|    time_elapsed    | 860      |
|    total_timesteps | 141733   |
| train/             |          |
|    actor_loss      | 17.4     |
|    critic_loss     | 53.7     |
|    ent_coef        | 0.0311   |
|    ent_coef_loss   | 1.53     |
|    learning_rate   | 0.0003   |
|    n_updates       | 140732   |
---------------------------------
---------------------------------
| rollout/           |          |
|    ep_len_mean     | 694      |
|    ep_rew_mean     | 97.8     |
| time/              |          |
|    episodes        | 224      |
|    fps             | 164      |
|    time_elapsed    | 885      |
|    total_timesteps | 145828   |
| train/             |          |
|    actor_loss      | 25.6     |
|    critic_loss     | 31.3     |
|    ent_coef        | 0.0318   |
|    ent_coef_loss   | 0.144    |
|    learning_rate   | 0.0003   |
|    n_updates       | 144827   |
---------------------------------
---------------------------------
| rollout/           |          |
|    ep_len_mean     | 770      |
|    ep_rew_mean     | 93.6     |
| time/              |          |
|    episodes        | 228      |
|    fps             | 164      |
|    time_elapsed    | 933      |
|    total_timesteps | 153828   |
| train/             |          |
|    actor_loss      | 33.7     |
|    critic_loss     | 20.9     |
|    ent_coef        | 0.0311   |
|    ent_coef_loss   | 0.513    |
|    learning_rate   | 0.0003   |
|    n_updates       | 152827   |
---------------------------------
---------------------------------
| rollout/           |          |
|    ep_len_mean     | 809      |
|    ep_rew_mean     | 105      |
| time/              |          |
|    episodes        | 232      |
|    fps             | 164      |
|    time_elapsed    | 959      |
|    total_timesteps | 158173   |
| train/             |          |
|    actor_loss      | 46.7     |
|    critic_loss     | 4.25e+03 |
|    ent_coef        | 0.0313   |
|    ent_coef_loss   | -1.32    |
|    learning_rate   | 0.0003   |
|    n_updates       | 157172   |
---------------------------------
---------------------------------
| rollout/           |          |
|    ep_len_mean     | 865      |
|    ep_rew_mean     | 112      |
| time/              |          |
|    episodes        | 236      |
|    fps             | 164      |
|    time_elapsed    | 995      |
|    total_timesteps | 164211   |
| train/             |          |
|    actor_loss      | 54.3     |
|    critic_loss     | 12.9     |
|    ent_coef        | 0.0317   |
|    ent_coef_loss   | 0.128    |
|    learning_rate   | 0.0003   |
|    n_updates       | 163210   |
---------------------------------
---------------------------------
| rollout/           |          |
|    ep_len_mean     | 887      |
|    ep_rew_mean     | 133      |
| time/              |          |
|    episodes        | 240      |
|    fps             | 164      |
|    time_elapsed    | 1011     |
|    total_timesteps | 166809   |
| train/             |          |
|    actor_loss      | 57.2     |
|    critic_loss     | 622      |
|    ent_coef        | 0.0348   |
|    ent_coef_loss   | -0.252   |
|    learning_rate   | 0.0003   |
|    n_updates       | 165808   |
---------------------------------
---------------------------------
| rollout/           |          |
|    ep_len_mean     | 931      |
|    ep_rew_mean     | 142      |
| time/              |          |
|    episodes        | 244      |
|    fps             | 164      |
|    time_elapsed    | 1041     |
|    total_timesteps | 171753   |
| train/             |          |
|    actor_loss      | 44.7     |
|    critic_loss     | 2.68e+03 |
|    ent_coef        | 0.0347   |
|    ent_coef_loss   | -1.44    |
|    learning_rate   | 0.0003   |
|    n_updates       | 170752   |
---------------------------------
---------------------------------
| rollout/           |          |
|    ep_len_mean     | 947      |
|    ep_rew_mean     | 132      |
| time/              |          |
|    episodes        | 248      |
|    fps             | 164      |
|    time_elapsed    | 1053     |
|    total_timesteps | 173747   |
| train/             |          |
|    actor_loss      | 31.2     |
|    critic_loss     | 1.44e+03 |
|    ent_coef        | 0.0347   |
|    ent_coef_loss   | -0.775   |
|    learning_rate   | 0.0003   |
|    n_updates       | 172746   |
---------------------------------
---------------------------------
| rollout/           |          |
|    ep_len_mean     | 963      |
|    ep_rew_mean     | 124      |
| time/              |          |
|    episodes        | 252      |
|    fps             | 164      |
|    time_elapsed    | 1065     |
|    total_timesteps | 175789   |
| train/             |          |
|    actor_loss      | 58.5     |
|    critic_loss     | 22.3     |
|    ent_coef        | 0.0347   |
|    ent_coef_loss   | -0.338   |
|    learning_rate   | 0.0003   |
|    n_updates       | 174788   |
---------------------------------
---------------------------------
| rollout/           |          |
|    ep_len_mean     | 1e+03    |
|    ep_rew_mean     | 160      |
| time/              |          |
|    episodes        | 256      |
|    fps             | 165      |
|    time_elapsed    | 1090     |
|    total_timesteps | 180004   |
| train/             |          |
|    actor_loss      | 54.2     |
|    critic_loss     | 108      |
|    ent_coef        | 0.0348   |
|    ent_coef_loss   | -0.347   |
|    learning_rate   | 0.0003   |
|    n_updates       | 179003   |
---------------------------------
---------------------------------
| rollout/           |          |
|    ep_len_mean     | 1.04e+03 |
|    ep_rew_mean     | 182      |
| time/              |          |
|    episodes        | 260      |
|    fps             | 165      |
|    time_elapsed    | 1115     |
|    total_timesteps | 184062   |
| train/             |          |
|    actor_loss      | 58       |
|    critic_loss     | 19.7     |
|    ent_coef        | 0.0351   |
|    ent_coef_loss   | -0.157   |
|    learning_rate   | 0.0003   |
|    n_updates       | 183061   |
---------------------------------
---------------------------------
| rollout/           |          |
|    ep_len_mean     | 1.07e+03 |
|    ep_rew_mean     | 203      |
| time/              |          |
|    episodes        | 264      |
|    fps             | 165      |
|    time_elapsed    | 1139     |
|    total_timesteps | 188040   |
| train/             |          |
|    actor_loss      | 36.6     |
|    critic_loss     | 22.8     |
|    ent_coef        | 0.0348   |
|    ent_coef_loss   | 0.611    |
|    learning_rate   | 0.0003   |
|    n_updates       | 187039   |
---------------------------------
---------------------------------
| rollout/           |          |
|    ep_len_mean     | 1.07e+03 |
|    ep_rew_mean     | 188      |
| time/              |          |
|    episodes        | 268      |
|    fps             | 165      |
|    time_elapsed    | 1141     |
|    total_timesteps | 188397   |
| train/             |          |
|    actor_loss      | 52       |
|    critic_loss     | 11.2     |
|    ent_coef        | 0.035    |
|    ent_coef_loss   | -0.489   |
|    learning_rate   | 0.0003   |
|    n_updates       | 187396   |
---------------------------------
---------------------------------
| rollout/           |          |
|    ep_len_mean     | 1.07e+03 |
|    ep_rew_mean     | 188      |
| time/              |          |
|    episodes        | 272      |
|    fps             | 165      |
|    time_elapsed    | 1143     |
|    total_timesteps | 188809   |
| train/             |          |
|    actor_loss      | 50.2     |
|    critic_loss     | 1.51e+03 |
|    ent_coef        | 0.0352   |
|    ent_coef_loss   | 0.875    |
|    learning_rate   | 0.0003   |
|    n_updates       | 187808   |
---------------------------------
---------------------------------
| rollout/           |          |
|    ep_len_mean     | 1.07e+03 |
|    ep_rew_mean     | 186      |
| time/              |          |
|    episodes        | 276      |
|    fps             | 165      |
|    time_elapsed    | 1145     |
|    total_timesteps | 189125   |
| train/             |          |
|    actor_loss      | 46.9     |
|    critic_loss     | 9.86     |
|    ent_coef        | 0.0352   |
|    ent_coef_loss   | -1.78    |
|    learning_rate   | 0.0003   |
|    n_updates       | 188124   |
---------------------------------
---------------------------------
| rollout/           |          |
|    ep_len_mean     | 1.11e+03 |
|    ep_rew_mean     | 215      |
| time/              |          |
|    episodes        | 280      |
|    fps             | 165      |
|    time_elapsed    | 1171     |
|    total_timesteps | 193378   |
| train/             |          |
|    actor_loss      | 70.6     |
|    critic_loss     | 20.8     |
|    ent_coef        | 0.0344   |
|    ent_coef_loss   | -0.722   |
|    learning_rate   | 0.0003   |
|    n_updates       | 192377   |
---------------------------------
---------------------------------
| rollout/           |          |
|    ep_len_mean     | 1.08e+03 |
|    ep_rew_mean     | 185      |
| time/              |          |
|    episodes        | 284      |
|    fps             | 165      |
|    time_elapsed    | 1179     |
|    total_timesteps | 194777   |
| train/             |          |
|    actor_loss      | 43.6     |
|    critic_loss     | 46.3     |
|    ent_coef        | 0.0342   |
|    ent_coef_loss   | -0.263   |
|    learning_rate   | 0.0003   |
|    n_updates       | 193776   |
---------------------------------
---------------------------------
| rollout/           |          |
|    ep_len_mean     | 1.04e+03 |
|    ep_rew_mean     | 194      |
| time/              |          |
|    episodes        | 288      |
|    fps             | 165      |
|    time_elapsed    | 1198     |
|    total_timesteps | 197889   |
| train/             |          |
|    actor_loss      | 71.7     |
|    critic_loss     | 16.3     |
|    ent_coef        | 0.0344   |
|    ent_coef_loss   | -0.0789  |
|    learning_rate   | 0.0003   |
|    n_updates       | 196888   |
---------------------------------
---------------------------------
| rollout/           |          |
|    ep_len_mean     | 990      |
|    ep_rew_mean     | 168      |
| time/              |          |
|    episodes        | 292      |
|    fps             | 165      |
|    time_elapsed    | 1204     |
|    total_timesteps | 198923   |
| train/             |          |
|    actor_loss      | 42.2     |
|    critic_loss     | 51.3     |
|    ent_coef        | 0.0348   |
|    ent_coef_loss   | -0.41    |
|    learning_rate   | 0.0003   |
|    n_updates       | 197922   |
---------------------------------
---------------------------------
| rollout/           |          |
|    ep_len_mean     | 964      |
|    ep_rew_mean     | 128      |
| time/              |          |
|    episodes        | 296      |
|    fps             | 165      |
|    time_elapsed    | 1229     |
|    total_timesteps | 203161   |
| train/             |          |
|    actor_loss      | 48.4     |
|    critic_loss     | 35.6     |
|    ent_coef        | 0.0364   |
|    ent_coef_loss   | 0.248    |
|    learning_rate   | 0.0003   |
|    n_updates       | 202160   |
---------------------------------
---------------------------------
| rollout/           |          |
|    ep_len_mean     | 960      |
|    ep_rew_mean     | 164      |
| time/              |          |
|    episodes        | 300      |
|    fps             | 165      |
|    time_elapsed    | 1259     |
|    total_timesteps | 208069   |
| train/             |          |
|    actor_loss      | 54.6     |
|    critic_loss     | 36.4     |
|    ent_coef        | 0.037    |
|    ent_coef_loss   | 0.00728  |
|    learning_rate   | 0.0003   |
|    n_updates       | 207068   |
---------------------------------
---------------------------------
| rollout/           |          |
|    ep_len_mean     | 935      |
|    ep_rew_mean     | 139      |
| time/              |          |
|    episodes        | 304      |
|    fps             | 165      |
|    time_elapsed    | 1279     |
|    total_timesteps | 211473   |
| train/             |          |
|    actor_loss      | 61.5     |
|    critic_loss     | 22.4     |
|    ent_coef        | 0.0367   |
|    ent_coef_loss   | -0.937   |
|    learning_rate   | 0.0003   |
|    n_updates       | 210472   |
---------------------------------
---------------------------------
| rollout/           |          |
|    ep_len_mean     | 907      |
|    ep_rew_mean     | 141      |
| time/              |          |
|    episodes        | 308      |
|    fps             | 165      |
|    time_elapsed    | 1308     |
|    total_timesteps | 216256   |
| train/             |          |
|    actor_loss      | 75.5     |
|    critic_loss     | 17.4     |
|    ent_coef        | 0.0343   |
|    ent_coef_loss   | 0.382    |
|    learning_rate   | 0.0003   |
|    n_updates       | 215255   |
---------------------------------
---------------------------------
| rollout/           |          |
|    ep_len_mean     | 891      |
|    ep_rew_mean     | 92.1     |
| time/              |          |
|    episodes        | 312      |
|    fps             | 165      |
|    time_elapsed    | 1345     |
|    total_timesteps | 222290   |
| train/             |          |
|    actor_loss      | 69.3     |
|    critic_loss     | 1.43e+03 |
|    ent_coef        | 0.0346   |
|    ent_coef_loss   | 0.232    |
|    learning_rate   | 0.0003   |
|    n_updates       | 221289   |
---------------------------------
---------------------------------
| rollout/           |          |
|    ep_len_mean     | 884      |
|    ep_rew_mean     | 125      |
| time/              |          |
|    episodes        | 316      |
|    fps             | 165      |
|    time_elapsed    | 1373     |
|    total_timesteps | 226957   |
| train/             |          |
|    actor_loss      | 46       |
|    critic_loss     | 22.2     |
|    ent_coef        | 0.0326   |
|    ent_coef_loss   | -0.827   |
|    learning_rate   | 0.0003   |
|    n_updates       | 225956   |
---------------------------------
---------------------------------
| rollout/           |          |
|    ep_len_mean     | 923      |
|    ep_rew_mean     | 141      |
| time/              |          |
|    episodes        | 320      |
|    fps             | 165      |
|    time_elapsed    | 1415     |
|    total_timesteps | 234064   |
| train/             |          |
|    actor_loss      | 68.5     |
|    critic_loss     | 21.2     |
|    ent_coef        | 0.0319   |
|    ent_coef_loss   | 0.872    |
|    learning_rate   | 0.0003   |
|    n_updates       | 233063   |
---------------------------------
---------------------------------
| rollout/           |          |
|    ep_len_mean     | 946      |
|    ep_rew_mean     | 178      |
| time/              |          |
|    episodes        | 324      |
|    fps             | 165      |
|    time_elapsed    | 1454     |
|    total_timesteps | 240472   |
| train/             |          |
|    actor_loss      | 58.9     |
|    critic_loss     | 77.4     |
|    ent_coef        | 0.0321   |
|    ent_coef_loss   | -1.17    |
|    learning_rate   | 0.0003   |
|    n_updates       | 239471   |
---------------------------------
---------------------------------
| rollout/           |          |
|    ep_len_mean     | 921      |
|    ep_rew_mean     | 188      |
| time/              |          |
|    episodes        | 328      |
|    fps             | 165      |
|    time_elapsed    | 1487     |
|    total_timesteps | 245916   |
| train/             |          |
|    actor_loss      | 66       |
|    critic_loss     | 25.7     |
|    ent_coef        | 0.0324   |
|    ent_coef_loss   | 0.986    |
|    learning_rate   | 0.0003   |
|    n_updates       | 244915   |
---------------------------------
---------------------------------
| rollout/           |          |
|    ep_len_mean     | 895      |
|    ep_rew_mean     | 198      |
| time/              |          |
|    episodes        | 332      |
|    fps             | 165      |
|    time_elapsed    | 1497     |
|    total_timesteps | 247655   |
| train/             |          |
|    actor_loss      | 62.1     |
|    critic_loss     | 25.1     |
|    ent_coef        | 0.0314   |
|    ent_coef_loss   | 1.33     |
|    learning_rate   | 0.0003   |
|    n_updates       | 246654   |
---------------------------------
---------------------------------
| rollout/           |          |
|    ep_len_mean     | 854      |
|    ep_rew_mean     | 184      |
| time/              |          |
|    episodes        | 336      |
|    fps             | 165      |
|    time_elapsed    | 1509     |
|    total_timesteps | 249563   |
| train/             |          |
|    actor_loss      | 63       |
|    critic_loss     | 2e+03    |
|    ent_coef        | 0.0316   |
|    ent_coef_loss   | -0.538   |
|    learning_rate   | 0.0003   |
|    n_updates       | 248562   |
---------------------------------
---------------------------------
| rollout/           |          |
|    ep_len_mean     | 862      |
|    ep_rew_mean     | 182      |
| time/              |          |
|    episodes        | 340      |
|    fps             | 165      |
|    time_elapsed    | 1532     |
|    total_timesteps | 252960   |
| train/             |          |
|    actor_loss      | 48.1     |
|    critic_loss     | 20.5     |
|    ent_coef        | 0.03     |
|    ent_coef_loss   | -0.786   |
|    learning_rate   | 0.0003   |
|    n_updates       | 251959   |
---------------------------------
---------------------------------
| rollout/           |          |
|    ep_len_mean     | 824      |
|    ep_rew_mean     | 177      |
| time/              |          |
|    episodes        | 344      |
|    fps             | 165      |
|    time_elapsed    | 1540     |
|    total_timesteps | 254188   |
| train/             |          |
|    actor_loss      | 65.2     |
|    critic_loss     | 13.3     |
|    ent_coef        | 0.0299   |
|    ent_coef_loss   | -0.0445  |
|    learning_rate   | 0.0003   |
|    n_updates       | 253187   |
---------------------------------
---------------------------------
| rollout/           |          |
|    ep_len_mean     | 843      |
|    ep_rew_mean     | 177      |
| time/              |          |
|    episodes        | 348      |
|    fps             | 164      |
|    time_elapsed    | 1566     |
|    total_timesteps | 258072   |
| train/             |          |
|    actor_loss      | 81.6     |
|    critic_loss     | 910      |
|    ent_coef        | 0.0291   |
|    ent_coef_loss   | 0.426    |
|    learning_rate   | 0.0003   |
|    n_updates       | 257071   |
---------------------------------
---------------------------------
| rollout/           |          |
|    ep_len_mean     | 903      |
|    ep_rew_mean     | 221      |
| time/              |          |
|    episodes        | 352      |
|    fps             | 164      |
|    time_elapsed    | 1621     |
|    total_timesteps | 266072   |
| train/             |          |
|    actor_loss      | 50.7     |
|    critic_loss     | 4.61e+03 |
|    ent_coef        | 0.0296   |
|    ent_coef_loss   | 0.713    |
|    learning_rate   | 0.0003   |
|    n_updates       | 265071   |
---------------------------------
---------------------------------
| rollout/           |          |
|    ep_len_mean     | 937      |
|    ep_rew_mean     | 176      |
| time/              |          |
|    episodes        | 356      |
|    fps             | 163      |
|    time_elapsed    | 1672     |
|    total_timesteps | 273666   |
| train/             |          |
|    actor_loss      | 74.7     |
|    critic_loss     | 1.49e+03 |
|    ent_coef        | 0.0295   |
|    ent_coef_loss   | 1.14     |
|    learning_rate   | 0.0003   |
|    n_updates       | 272665   |
---------------------------------
---------------------------------
| rollout/           |          |
|    ep_len_mean     | 975      |
|    ep_rew_mean     | 147      |
| time/              |          |
|    episodes        | 360      |
|    fps             | 163      |
|    time_elapsed    | 1726     |
|    total_timesteps | 281562   |
| train/             |          |
|    actor_loss      | 45.9     |
|    critic_loss     | 11.7     |
|    ent_coef        | 0.0285   |
|    ent_coef_loss   | 0.156    |
|    learning_rate   | 0.0003   |
|    n_updates       | 280561   |
---------------------------------
---------------------------------
| rollout/           |          |
|    ep_len_mean     | 1.01e+03 |
|    ep_rew_mean     | 144      |
| time/              |          |
|    episodes        | 364      |
|    fps             | 162      |
|    time_elapsed    | 1776     |
|    total_timesteps | 288944   |
| train/             |          |
|    actor_loss      | 42.2     |
|    critic_loss     | 1.88e+03 |
|    ent_coef        | 0.0276   |
|    ent_coef_loss   | 0.212    |
|    learning_rate   | 0.0003   |
|    n_updates       | 287943   |
---------------------------------
---------------------------------
| rollout/           |          |
|    ep_len_mean     | 1.08e+03 |
|    ep_rew_mean     | 144      |
| time/              |          |
|    episodes        | 368      |
|    fps             | 162      |
|    time_elapsed    | 1830     |
|    total_timesteps | 296838   |
| train/             |          |
|    actor_loss      | 59.6     |
|    critic_loss     | 22.8     |
|    ent_coef        | 0.0281   |
|    ent_coef_loss   | 2.39     |
|    learning_rate   | 0.0003   |
|    n_updates       | 295837   |
---------------------------------
---------------------------------
| rollout/           |          |
|    ep_len_mean     | 1.14e+03 |
|    ep_rew_mean     | 165      |
| time/              |          |
|    episodes        | 372      |
|    fps             | 161      |
|    time_elapsed    | 1872     |
|    total_timesteps | 303086   |
| train/             |          |
|    actor_loss      | 61.7     |
|    critic_loss     | 49.9     |
|    ent_coef        | 0.0278   |
|    ent_coef_loss   | -1.32    |
|    learning_rate   | 0.0003   |
|    n_updates       | 302085   |
---------------------------------
---------------------------------
| rollout/           |          |
|    ep_len_mean     | 1.22e+03 |
|    ep_rew_mean     | 165      |
| time/              |          |
|    episodes        | 376      |
|    fps             | 161      |
|    time_elapsed    | 1926     |
|    total_timesteps | 311086   |
| train/             |          |
|    actor_loss      | 64.4     |
|    critic_loss     | 2.22e+03 |
|    ent_coef        | 0.0271   |
|    ent_coef_loss   | 1.1      |
|    learning_rate   | 0.0003   |
|    n_updates       | 310085   |
---------------------------------
---------------------------------
| rollout/           |          |
|    ep_len_mean     | 1.25e+03 |
|    ep_rew_mean     | 167      |
| time/              |          |
|    episodes        | 380      |
|    fps             | 161      |
|    time_elapsed    | 1974     |
|    total_timesteps | 318027   |
| train/             |          |
|    actor_loss      | 79.6     |
|    critic_loss     | 62.3     |
|    ent_coef        | 0.0262   |
|    ent_coef_loss   | -0.759   |
|    learning_rate   | 0.0003   |
|    n_updates       | 317026   |
---------------------------------
---------------------------------
| rollout/           |          |
|    ep_len_mean     | 1.31e+03 |
|    ep_rew_mean     | 179      |
| time/              |          |
|    episodes        | 384      |
|    fps             | 160      |
|    time_elapsed    | 2027     |
|    total_timesteps | 325833   |
| train/             |          |
|    actor_loss      | 90.7     |
|    critic_loss     | 1.02e+03 |
|    ent_coef        | 0.0259   |
|    ent_coef_loss   | 1.94     |
|    learning_rate   | 0.0003   |
|    n_updates       | 324832   |
---------------------------------
---------------------------------
| rollout/           |          |
|    ep_len_mean     | 1.36e+03 |
|    ep_rew_mean     | 164      |
| time/              |          |
|    episodes        | 388      |
|    fps             | 160      |
|    time_elapsed    | 2081     |
|    total_timesteps | 333833   |
| train/             |          |
|    actor_loss      | 63.6     |
|    critic_loss     | 39.3     |
|    ent_coef        | 0.0256   |
|    ent_coef_loss   | -0.139   |
|    learning_rate   | 0.0003   |
|    n_updates       | 332832   |
---------------------------------
---------------------------------
| rollout/           |          |
|    ep_len_mean     | 1.43e+03 |
|    ep_rew_mean     | 201      |
| time/              |          |
|    episodes        | 392      |
|    fps             | 160      |
|    time_elapsed    | 2135     |
|    total_timesteps | 341833   |
| train/             |          |
|    actor_loss      | 55.5     |
|    critic_loss     | 16.8     |
|    ent_coef        | 0.0273   |
|    ent_coef_loss   | -1.8     |
|    learning_rate   | 0.0003   |
|    n_updates       | 340832   |
---------------------------------
---------------------------------
| rollout/           |          |
|    ep_len_mean     | 1.47e+03 |
|    ep_rew_mean     | 233      |
| time/              |          |
|    episodes        | 396      |
|    fps             | 159      |
|    time_elapsed    | 2190     |
|    total_timesteps | 349833   |
| train/             |          |
|    actor_loss      | 41       |
|    critic_loss     | 2.86e+03 |
|    ent_coef        | 0.0267   |
|    ent_coef_loss   | -2.44    |
|    learning_rate   | 0.0003   |
|    n_updates       | 348832   |
---------------------------------
---------------------------------
| rollout/           |          |
|    ep_len_mean     | 1.48e+03 |
|    ep_rew_mean     | 236      |
| time/              |          |
|    episodes        | 400      |
|    fps             | 159      |
|    time_elapsed    | 2232     |
|    total_timesteps | 356097   |
| train/             |          |
|    actor_loss      | 51.4     |
|    critic_loss     | 34.9     |
|    ent_coef        | 0.0265   |
|    ent_coef_loss   | -0.447   |
|    learning_rate   | 0.0003   |
|    n_updates       | 355096   |
---------------------------------
---------------------------------
| rollout/           |          |
|    ep_len_mean     | 1.47e+03 |
|    ep_rew_mean     | 238      |
| time/              |          |
|    episodes        | 404      |
|    fps             | 159      |
|    time_elapsed    | 2251     |
|    total_timesteps | 358814   |
| train/             |          |
|    actor_loss      | 52.5     |
|    critic_loss     | 36.4     |
|    ent_coef        | 0.0271   |
|    ent_coef_loss   | 3.7      |
|    learning_rate   | 0.0003   |
|    n_updates       | 357813   |
---------------------------------
---------------------------------
| rollout/           |          |
|    ep_len_mean     | 1.44e+03 |
|    ep_rew_mean     | 241      |
| time/              |          |
|    episodes        | 408      |
|    fps             | 159      |
|    time_elapsed    | 2257     |
|    total_timesteps | 359802   |
| train/             |          |
|    actor_loss      | 70.4     |
|    critic_loss     | 14.3     |
|    ent_coef        | 0.0274   |
|    ent_coef_loss   | -1.21    |
|    learning_rate   | 0.0003   |
|    n_updates       | 358801   |
---------------------------------
---------------------------------
| rollout/           |          |
|    ep_len_mean     | 1.4e+03  |
|    ep_rew_mean     | 236      |
| time/              |          |
|    episodes        | 412      |
|    fps             | 159      |
|    time_elapsed    | 2274     |
|    total_timesteps | 362246   |
| train/             |          |
|    actor_loss      | 58.2     |
|    critic_loss     | 17       |
|    ent_coef        | 0.0279   |
|    ent_coef_loss   | 1.88     |
|    learning_rate   | 0.0003   |
|    n_updates       | 361245   |
---------------------------------
---------------------------------
| rollout/           |          |
|    ep_len_mean     | 1.36e+03 |
|    ep_rew_mean     | 232      |
| time/              |          |
|    episodes        | 416      |
|    fps             | 159      |
|    time_elapsed    | 2281     |
|    total_timesteps | 363300   |
| train/             |          |
|    actor_loss      | 70.9     |
|    critic_loss     | 13.6     |
|    ent_coef        | 0.0287   |
|    ent_coef_loss   | 1.41     |
|    learning_rate   | 0.0003   |
|    n_updates       | 362299   |
---------------------------------
---------------------------------
| rollout/           |          |
|    ep_len_mean     | 1.3e+03  |
|    ep_rew_mean     | 199      |
| time/              |          |
|    episodes        | 420      |
|    fps             | 159      |
|    time_elapsed    | 2288     |
|    total_timesteps | 364343   |
| train/             |          |
|    actor_loss      | 76.1     |
|    critic_loss     | 55.1     |
|    ent_coef        | 0.0287   |
|    ent_coef_loss   | 0.219    |
|    learning_rate   | 0.0003   |
|    n_updates       | 363342   |
---------------------------------
---------------------------------
| rollout/           |          |
|    ep_len_mean     | 1.26e+03 |
|    ep_rew_mean     | 188      |
| time/              |          |
|    episodes        | 424      |
|    fps             | 159      |
|    time_elapsed    | 2305     |
|    total_timesteps | 366836   |
| train/             |          |
|    actor_loss      | 58.4     |
|    critic_loss     | 48.8     |
|    ent_coef        | 0.0281   |
|    ent_coef_loss   | -1.51    |
|    learning_rate   | 0.0003   |
|    n_updates       | 365835   |
---------------------------------
---------------------------------
| rollout/           |          |
|    ep_len_mean     | 1.27e+03 |
|    ep_rew_mean     | 213      |
| time/              |          |
|    episodes        | 428      |
|    fps             | 158      |
|    time_elapsed    | 2348     |
|    total_timesteps | 373210   |
| train/             |          |
|    actor_loss      | 73.1     |
|    critic_loss     | 67.6     |
|    ent_coef        | 0.0288   |
|    ent_coef_loss   | -0.996   |
|    learning_rate   | 0.0003   |
|    n_updates       | 372209   |
---------------------------------
---------------------------------
| rollout/           |          |
|    ep_len_mean     | 1.34e+03 |
|    ep_rew_mean     | 183      |
| time/              |          |
|    episodes        | 432      |
|    fps             | 158      |
|    time_elapsed    | 2403     |
|    total_timesteps | 381210   |
| train/             |          |
|    actor_loss      | 80.7     |
|    critic_loss     | 22.9     |
|    ent_coef        | 0.0291   |
|    ent_coef_loss   | 2.84     |
|    learning_rate   | 0.0003   |
|    n_updates       | 380209   |
---------------------------------
---------------------------------
| rollout/           |          |
|    ep_len_mean     | 1.4e+03  |
|    ep_rew_mean     | 206      |
| time/              |          |
|    episodes        | 436      |
|    fps             | 158      |
|    time_elapsed    | 2457     |
|    total_timesteps | 389210   |
| train/             |          |
|    actor_loss      | 86.4     |
|    critic_loss     | 27.9     |
|    ent_coef        | 0.0281   |
|    ent_coef_loss   | 0.608    |
|    learning_rate   | 0.0003   |
|    n_updates       | 388209   |
---------------------------------
---------------------------------
| rollout/           |          |
|    ep_len_mean     | 1.44e+03 |
|    ep_rew_mean     | 198      |
| time/              |          |
|    episodes        | 440      |
|    fps             | 158      |
|    time_elapsed    | 2511     |
|    total_timesteps | 397178   |
| train/             |          |
|    actor_loss      | 67.8     |
|    critic_loss     | 12.9     |
|    ent_coef        | 0.0277   |
|    ent_coef_loss   | -1.86    |
|    learning_rate   | 0.0003   |
|    n_updates       | 396177   |
---------------------------------
---------------------------------
| rollout/           |          |
|    ep_len_mean     | 1.51e+03 |
|    ep_rew_mean     | 202      |
| time/              |          |
|    episodes        | 444      |
|    fps             | 157      |
|    time_elapsed    | 2565     |
|    total_timesteps | 405177   |
| train/             |          |
|    actor_loss      | 74       |
|    critic_loss     | 28.3     |
|    ent_coef        | 0.0286   |
|    ent_coef_loss   | -0.868   |
|    learning_rate   | 0.0003   |
|    n_updates       | 404176   |
---------------------------------
---------------------------------
| rollout/           |          |
|    ep_len_mean     | 1.55e+03 |
|    ep_rew_mean     | 261      |
| time/              |          |
|    episodes        | 448      |
|    fps             | 157      |
|    time_elapsed    | 2618     |
|    total_timesteps | 412977   |
| train/             |          |
|    actor_loss      | 92.4     |
|    critic_loss     | 27.6     |
|    ent_coef        | 0.0283   |
|    ent_coef_loss   | -0.383   |
|    learning_rate   | 0.0003   |
|    n_updates       | 411976   |
---------------------------------
---------------------------------
| rollout/           |          |
|    ep_len_mean     | 1.53e+03 |
|    ep_rew_mean     | 217      |
| time/              |          |
|    episodes        | 452      |
|    fps             | 157      |
|    time_elapsed    | 2661     |
|    total_timesteps | 419169   |
| train/             |          |
|    actor_loss      | 80.4     |
|    critic_loss     | 12.9     |
|    ent_coef        | 0.0271   |
|    ent_coef_loss   | 1.77     |
|    learning_rate   | 0.0003   |
|    n_updates       | 418168   |
---------------------------------
---------------------------------
| rollout/           |          |
|    ep_len_mean     | 1.52e+03 |
|    ep_rew_mean     | 262      |
| time/              |          |
|    episodes        | 456      |
|    fps             | 157      |
|    time_elapsed    | 2702     |
|    total_timesteps | 425325   |
| train/             |          |
|    actor_loss      | 77.2     |
|    critic_loss     | 16.4     |
|    ent_coef        | 0.0257   |
|    ent_coef_loss   | -0.495   |
|    learning_rate   | 0.0003   |
|    n_updates       | 424324   |
---------------------------------
---------------------------------
| rollout/           |          |
|    ep_len_mean     | 1.52e+03 |
|    ep_rew_mean     | 278      |
| time/              |          |
|    episodes        | 460      |
|    fps             | 157      |
|    time_elapsed    | 2756     |
|    total_timesteps | 433184   |
| train/             |          |
|    actor_loss      | 79.3     |
|    critic_loss     | 23.1     |
|    ent_coef        | 0.0266   |
|    ent_coef_loss   | 2.13     |
|    learning_rate   | 0.0003   |
|    n_updates       | 432183   |
---------------------------------
---------------------------------
| rollout/           |          |
|    ep_len_mean     | 1.51e+03 |
|    ep_rew_mean     | 281      |
| time/              |          |
|    episodes        | 464      |
|    fps             | 157      |
|    time_elapsed    | 2800     |
|    total_timesteps | 439943   |
| train/             |          |
|    actor_loss      | 62.3     |
|    critic_loss     | 26.8     |
|    ent_coef        | 0.0271   |
|    ent_coef_loss   | 0.439    |
|    learning_rate   | 0.0003   |
|    n_updates       | 438942   |
---------------------------------
---------------------------------
| rollout/           |          |
|    ep_len_mean     | 1.51e+03 |
|    ep_rew_mean     | 295      |
| time/              |          |
|    episodes        | 468      |
|    fps             | 157      |
|    time_elapsed    | 2848     |
|    total_timesteps | 447943   |
| train/             |          |
|    actor_loss      | 92.5     |
|    critic_loss     | 18.5     |
|    ent_coef        | 0.0276   |
|    ent_coef_loss   | 0.0925   |
|    learning_rate   | 0.0003   |
|    n_updates       | 446942   |
---------------------------------
---------------------------------
| rollout/           |          |
|    ep_len_mean     | 1.53e+03 |
|    ep_rew_mean     | 306      |
| time/              |          |
|    episodes        | 472      |
|    fps             | 157      |
|    time_elapsed    | 2896     |
|    total_timesteps | 455762   |
| train/             |          |
|    actor_loss      | 96.3     |
|    critic_loss     | 50.8     |
|    ent_coef        | 0.027    |
|    ent_coef_loss   | -0.535   |
|    learning_rate   | 0.0003   |
|    n_updates       | 454761   |
---------------------------------
---------------------------------
| rollout/           |          |
|    ep_len_mean     | 1.52e+03 |
|    ep_rew_mean     | 312      |
| time/              |          |
|    episodes        | 476      |
|    fps             | 157      |
|    time_elapsed    | 2943     |
|    total_timesteps | 463559   |
| train/             |          |
|    actor_loss      | 74.2     |
|    critic_loss     | 9.44     |
|    ent_coef        | 0.028    |
|    ent_coef_loss   | -0.779   |
|    learning_rate   | 0.0003   |
|    n_updates       | 462558   |
---------------------------------
---------------------------------
| rollout/           |          |
|    ep_len_mean     | 1.53e+03 |
|    ep_rew_mean     | 295      |
| time/              |          |
|    episodes        | 480      |
|    fps             | 157      |
|    time_elapsed    | 2991     |
|    total_timesteps | 471401   |
| train/             |          |
|    actor_loss      | 87.2     |
|    critic_loss     | 24.5     |
|    ent_coef        | 0.026    |
|    ent_coef_loss   | 0.275    |
|    learning_rate   | 0.0003   |
|    n_updates       | 470400   |
---------------------------------
---------------------------------
| rollout/           |          |
|    ep_len_mean     | 1.54e+03 |
|    ep_rew_mean     | 319      |
| time/              |          |
|    episodes        | 484      |
|    fps             | 157      |
|    time_elapsed    | 3039     |
|    total_timesteps | 479401   |
| train/             |          |
|    actor_loss      | 65.3     |
|    critic_loss     | 27.5     |
|    ent_coef        | 0.0267   |
|    ent_coef_loss   | 0.697    |
|    learning_rate   | 0.0003   |
|    n_updates       | 478400   |
---------------------------------
---------------------------------
| rollout/           |          |
|    ep_len_mean     | 1.54e+03 |
|    ep_rew_mean     | 349      |
| time/              |          |
|    episodes        | 488      |
|    fps             | 157      |
|    time_elapsed    | 3087     |
|    total_timesteps | 487401   |
| train/             |          |
|    actor_loss      | 77.2     |
|    critic_loss     | 44.5     |
|    ent_coef        | 0.0279   |
|    ent_coef_loss   | -0.335   |
|    learning_rate   | 0.0003   |
|    n_updates       | 486400   |
---------------------------------
---------------------------------
| rollout/           |          |
|    ep_len_mean     | 1.54e+03 |
|    ep_rew_mean     | 336      |
| time/              |          |
|    episodes        | 492      |
|    fps             | 157      |
|    time_elapsed    | 3136     |
|    total_timesteps | 495401   |
| train/             |          |
|    actor_loss      | 82.3     |
|    critic_loss     | 41.7     |
|    ent_coef        | 0.0277   |
|    ent_coef_loss   | 1.35     |
|    learning_rate   | 0.0003   |
|    n_updates       | 494400   |
---------------------------------
---------------------------------
| rollout/           |          |
|    ep_len_mean     | 1.54e+03 |
|    ep_rew_mean     | 346      |
| time/              |          |
|    episodes        | 496      |
|    fps             | 158      |
|    time_elapsed    | 3184     |
|    total_timesteps | 503401   |
| train/             |          |
|    actor_loss      | 77.5     |
|    critic_loss     | 34.5     |
|    ent_coef        | 0.0275   |
|    ent_coef_loss   | 0.268    |
|    learning_rate   | 0.0003   |
|    n_updates       | 502400   |
---------------------------------
---------------------------------
| rollout/           |          |
|    ep_len_mean     | 1.55e+03 |
|    ep_rew_mean     | 351      |
| time/              |          |
|    episodes        | 500      |
|    fps             | 158      |
|    time_elapsed    | 3233     |
|    total_timesteps | 511401   |
| train/             |          |
|    actor_loss      | 75.3     |
|    critic_loss     | 12.3     |
|    ent_coef        | 0.0278   |
|    ent_coef_loss   | -1.5     |
|    learning_rate   | 0.0003   |
|    n_updates       | 510400   |
---------------------------------
---------------------------------
| rollout/           |          |
|    ep_len_mean     | 1.61e+03 |
|    ep_rew_mean     | 364      |
| time/              |          |
|    episodes        | 504      |
|    fps             | 158      |
|    time_elapsed    | 3281     |
|    total_timesteps | 519401   |
| train/             |          |
|    actor_loss      | 68.1     |
|    critic_loss     | 2.05e+03 |
|    ent_coef        | 0.0261   |
|    ent_coef_loss   | 1.59     |
|    learning_rate   | 0.0003   |
|    n_updates       | 518400   |
---------------------------------
---------------------------------
| rollout/           |          |
|    ep_len_mean     | 1.68e+03 |
|    ep_rew_mean     | 396      |
| time/              |          |
|    episodes        | 508      |
|    fps             | 158      |
|    time_elapsed    | 3329     |
|    total_timesteps | 527401   |
| train/             |          |
|    actor_loss      | 79.8     |
|    critic_loss     | 15.8     |
|    ent_coef        | 0.0259   |
|    ent_coef_loss   | -1.13    |
|    learning_rate   | 0.0003   |
|    n_updates       | 526400   |
---------------------------------
---------------------------------
| rollout/           |          |
|    ep_len_mean     | 1.73e+03 |
|    ep_rew_mean     | 416      |
| time/              |          |
|    episodes        | 512      |
|    fps             | 158      |
|    time_elapsed    | 3377     |
|    total_timesteps | 535214   |
| train/             |          |
|    actor_loss      | 72.5     |
|    critic_loss     | 19.5     |
|    ent_coef        | 0.0267   |
|    ent_coef_loss   | -0.292   |
|    learning_rate   | 0.0003   |
|    n_updates       | 534213   |
---------------------------------
---------------------------------
| rollout/           |          |
|    ep_len_mean     | 1.79e+03 |
|    ep_rew_mean     | 438      |
| time/              |          |
|    episodes        | 516      |
|    fps             | 158      |
|    time_elapsed    | 3419     |
|    total_timesteps | 542177   |
| train/             |          |
|    actor_loss      | 75.6     |
|    critic_loss     | 35.9     |
|    ent_coef        | 0.0268   |
|    ent_coef_loss   | 0.509    |
|    learning_rate   | 0.0003   |
|    n_updates       | 541176   |
---------------------------------
---------------------------------
| rollout/           |          |
|    ep_len_mean     | 1.85e+03 |
|    ep_rew_mean     | 444      |
| time/              |          |
|    episodes        | 520      |
|    fps             | 158      |
|    time_elapsed    | 3462     |
|    total_timesteps | 549408   |
| train/             |          |
|    actor_loss      | 69.4     |
|    critic_loss     | 602      |
|    ent_coef        | 0.0271   |
|    ent_coef_loss   | -1.05    |
|    learning_rate   | 0.0003   |
|    n_updates       | 548407   |
---------------------------------
---------------------------------
| rollout/           |          |
|    ep_len_mean     | 1.9e+03  |
|    ep_rew_mean     | 465      |
| time/              |          |
|    episodes        | 524      |
|    fps             | 158      |
|    time_elapsed    | 3505     |
|    total_timesteps | 556404   |
| train/             |          |
|    actor_loss      | 74.2     |
|    critic_loss     | 24.1     |
|    ent_coef        | 0.0263   |
|    ent_coef_loss   | -0.377   |
|    learning_rate   | 0.0003   |
|    n_updates       | 555403   |
---------------------------------
---------------------------------
| rollout/           |          |
|    ep_len_mean     | 1.91e+03 |
|    ep_rew_mean     | 463      |
| time/              |          |
|    episodes        | 528      |
|    fps             | 158      |
|    time_elapsed    | 3551     |
|    total_timesteps | 564014   |
| train/             |          |
|    actor_loss      | 109      |
|    critic_loss     | 54.6     |
|    ent_coef        | 0.0265   |
|    ent_coef_loss   | 0.766    |
|    learning_rate   | 0.0003   |
|    n_updates       | 563013   |
---------------------------------
---------------------------------
| rollout/           |          |
|    ep_len_mean     | 1.91e+03 |
|    ep_rew_mean     | 502      |
| time/              |          |
|    episodes        | 532      |
|    fps             | 158      |
|    time_elapsed    | 3599     |
|    total_timesteps | 572014   |
| train/             |          |
|    actor_loss      | 72.8     |
|    critic_loss     | 20.8     |
|    ent_coef        | 0.0278   |
|    ent_coef_loss   | -2.28    |
|    learning_rate   | 0.0003   |
|    n_updates       | 571013   |
---------------------------------
---------------------------------
| rollout/           |          |
|    ep_len_mean     | 1.91e+03 |
|    ep_rew_mean     | 517      |
| time/              |          |
|    episodes        | 536      |
|    fps             | 158      |
|    time_elapsed    | 3648     |
|    total_timesteps | 580014   |
| train/             |          |
|    actor_loss      | 73.2     |
|    critic_loss     | 10.4     |
|    ent_coef        | 0.027    |
|    ent_coef_loss   | -1.33    |
|    learning_rate   | 0.0003   |
|    n_updates       | 579013   |
---------------------------------
---------------------------------
| rollout/           |          |
|    ep_len_mean     | 1.9e+03  |
|    ep_rew_mean     | 527      |
| time/              |          |
|    episodes        | 540      |
|    fps             | 159      |
|    time_elapsed    | 3690     |
|    total_timesteps | 587007   |
| train/             |          |
|    actor_loss      | 97.9     |
|    critic_loss     | 221      |
|    ent_coef        | 0.0276   |
|    ent_coef_loss   | -0.0341  |
|    learning_rate   | 0.0003   |
|    n_updates       | 586006   |
---------------------------------
---------------------------------
| rollout/           |          |
|    ep_len_mean     | 1.9e+03  |
|    ep_rew_mean     | 548      |
| time/              |          |
|    episodes        | 544      |
|    fps             | 159      |
|    time_elapsed    | 3739     |
|    total_timesteps | 595007   |
| train/             |          |
|    actor_loss      | 77.7     |
|    critic_loss     | 21.6     |
|    ent_coef        | 0.0268   |
|    ent_coef_loss   | -0.665   |
|    learning_rate   | 0.0003   |
|    n_updates       | 594006   |
---------------------------------
---------------------------------
| rollout/           |          |
|    ep_len_mean     | 1.89e+03 |
|    ep_rew_mean     | 533      |
| time/              |          |
|    episodes        | 548      |
|    fps             | 159      |
|    time_elapsed    | 3783     |
|    total_timesteps | 602176   |
| train/             |          |
|    actor_loss      | 66.9     |
|    critic_loss     | 61.9     |
|    ent_coef        | 0.0259   |
|    ent_coef_loss   | 0.809    |
|    learning_rate   | 0.0003   |
|    n_updates       | 601175   |
---------------------------------
---------------------------------
| rollout/           |          |
|    ep_len_mean     | 1.9e+03  |
|    ep_rew_mean     | 566      |
| time/              |          |
|    episodes        | 552      |
|    fps             | 159      |
|    time_elapsed    | 3827     |
|    total_timesteps | 609524   |
| train/             |          |
|    actor_loss      | 58.4     |
|    critic_loss     | 12.2     |
|    ent_coef        | 0.027    |
|    ent_coef_loss   | -0.489   |
|    learning_rate   | 0.0003   |
|    n_updates       | 608523   |
---------------------------------
---------------------------------
| rollout/           |          |
|    ep_len_mean     | 1.92e+03 |
|    ep_rew_mean     | 569      |
| time/              |          |
|    episodes        | 556      |
|    fps             | 159      |
|    time_elapsed    | 3876     |
|    total_timesteps | 617524   |
| train/             |          |
|    actor_loss      | 68.5     |
|    critic_loss     | 29.9     |
|    ent_coef        | 0.0277   |
|    ent_coef_loss   | 0.321    |
|    learning_rate   | 0.0003   |
|    n_updates       | 616523   |
---------------------------------
---------------------------------
| rollout/           |          |
|    ep_len_mean     | 1.92e+03 |
|    ep_rew_mean     | 593      |
| time/              |          |
|    episodes        | 560      |
|    fps             | 158      |
|    time_elapsed    | 3934     |
|    total_timesteps | 625524   |
| train/             |          |
|    actor_loss      | 85.4     |
|    critic_loss     | 19.6     |
|    ent_coef        | 0.028    |
|    ent_coef_loss   | -2.14    |
|    learning_rate   | 0.0003   |
|    n_updates       | 624523   |
---------------------------------
---------------------------------
| rollout/           |          |
|    ep_len_mean     | 1.91e+03 |
|    ep_rew_mean     | 590      |
| time/              |          |
|    episodes        | 564      |
|    fps             | 159      |
|    time_elapsed    | 3963     |
|    total_timesteps | 630451   |
| train/             |          |
|    actor_loss      | 72.5     |
|    critic_loss     | 23       |
|    ent_coef        | 0.0265   |
|    ent_coef_loss   | 0.499    |
|    learning_rate   | 0.0003   |
|    n_updates       | 629450   |
---------------------------------
---------------------------------
| rollout/           |          |
|    ep_len_mean     | 1.9e+03  |
|    ep_rew_mean     | 631      |
| time/              |          |
|    episodes        | 568      |
|    fps             | 159      |
|    time_elapsed    | 4010     |
|    total_timesteps | 638318   |
| train/             |          |
|    actor_loss      | 67.4     |
|    critic_loss     | 25.5     |
|    ent_coef        | 0.0257   |
|    ent_coef_loss   | -0.35    |
|    learning_rate   | 0.0003   |
|    n_updates       | 637317   |
---------------------------------
---------------------------------
| rollout/           |          |
|    ep_len_mean     | 1.89e+03 |
|    ep_rew_mean     | 616      |
| time/              |          |
|    episodes        | 572      |
|    fps             | 159      |
|    time_elapsed    | 4047     |
|    total_timesteps | 644418   |
| train/             |          |
|    actor_loss      | 83.3     |
|    critic_loss     | 37.5     |
|    ent_coef        | 0.0249   |
|    ent_coef_loss   | 1.31     |
|    learning_rate   | 0.0003   |
|    n_updates       | 643417   |
---------------------------------
---------------------------------
| rollout/           |          |
|    ep_len_mean     | 1.89e+03 |
|    ep_rew_mean     | 657      |
| time/              |          |
|    episodes        | 576      |
|    fps             | 159      |
|    time_elapsed    | 4094     |
|    total_timesteps | 652275   |
| train/             |          |
|    actor_loss      | 50.2     |
|    critic_loss     | 48.8     |
|    ent_coef        | 0.0252   |
|    ent_coef_loss   | 0.408    |
|    learning_rate   | 0.0003   |
|    n_updates       | 651274   |
---------------------------------
---------------------------------
| rollout/           |          |
|    ep_len_mean     | 1.87e+03 |
|    ep_rew_mean     | 656      |
| time/              |          |
|    episodes        | 580      |
|    fps             | 159      |
|    time_elapsed    | 4129     |
|    total_timesteps | 658074   |
| train/             |          |
|    actor_loss      | 52.5     |
|    critic_loss     | 12.6     |
|    ent_coef        | 0.0252   |
|    ent_coef_loss   | -0.226   |
|    learning_rate   | 0.0003   |
|    n_updates       | 657073   |
---------------------------------
---------------------------------
| rollout/           |          |
|    ep_len_mean     | 1.87e+03 |
|    ep_rew_mean     | 656      |
| time/              |          |
|    episodes        | 584      |
|    fps             | 159      |
|    time_elapsed    | 4177     |
|    total_timesteps | 666074   |
| train/             |          |
|    actor_loss      | 53.6     |
|    critic_loss     | 35.9     |
|    ent_coef        | 0.0249   |
|    ent_coef_loss   | 0.683    |
|    learning_rate   | 0.0003   |
|    n_updates       | 665073   |
---------------------------------
---------------------------------
| rollout/           |          |
|    ep_len_mean     | 1.87e+03 |
|    ep_rew_mean     | 652      |
| time/              |          |
|    episodes        | 588      |
|    fps             | 159      |
|    time_elapsed    | 4225     |
|    total_timesteps | 674074   |
| train/             |          |
|    actor_loss      | 73.5     |
|    critic_loss     | 27.7     |
|    ent_coef        | 0.0246   |
|    ent_coef_loss   | -0.719   |
|    learning_rate   | 0.0003   |
|    n_updates       | 673073   |
---------------------------------
---------------------------------
| rollout/           |          |
|    ep_len_mean     | 1.85e+03 |
|    ep_rew_mean     | 662      |
| time/              |          |
|    episodes        | 592      |
|    fps             | 159      |
|    time_elapsed    | 4261     |
|    total_timesteps | 680056   |
| train/             |          |
|    actor_loss      | 85.9     |
|    critic_loss     | 321      |
|    ent_coef        | 0.0252   |
|    ent_coef_loss   | 1.93     |
|    learning_rate   | 0.0003   |
|    n_updates       | 679055   |
---------------------------------
---------------------------------
| rollout/           |          |
|    ep_len_mean     | 1.84e+03 |
|    ep_rew_mean     | 667      |
| time/              |          |
|    episodes        | 596      |
|    fps             | 159      |
|    time_elapsed    | 4303     |
|    total_timesteps | 686979   |
| train/             |          |
|    actor_loss      | 96.7     |
|    critic_loss     | 20.8     |
|    ent_coef        | 0.0255   |
|    ent_coef_loss   | 2.68     |
|    learning_rate   | 0.0003   |
|    n_updates       | 685978   |
---------------------------------
---------------------------------
| rollout/           |          |
|    ep_len_mean     | 1.83e+03 |
|    ep_rew_mean     | 644      |
| time/              |          |
|    episodes        | 600      |
|    fps             | 159      |
|    time_elapsed    | 4346     |
|    total_timesteps | 694115   |
| train/             |          |
|    actor_loss      | 69.2     |
|    critic_loss     | 38.4     |
|    ent_coef        | 0.0258   |
|    ent_coef_loss   | 0.0559   |
|    learning_rate   | 0.0003   |
|    n_updates       | 693114   |
---------------------------------
---------------------------------
| rollout/           |          |
|    ep_len_mean     | 1.83e+03 |
|    ep_rew_mean     | 661      |
| time/              |          |
|    episodes        | 604      |
|    fps             | 159      |
|    time_elapsed    | 4394     |
|    total_timesteps | 702115   |
| train/             |          |
|    actor_loss      | 85       |
|    critic_loss     | 35.1     |
|    ent_coef        | 0.0256   |
|    ent_coef_loss   | 0.0225   |
|    learning_rate   | 0.0003   |
|    n_updates       | 701114   |
---------------------------------
---------------------------------
| rollout/           |          |
|    ep_len_mean     | 1.83e+03 |
|    ep_rew_mean     | 668      |
| time/              |          |
|    episodes        | 608      |
|    fps             | 159      |
|    time_elapsed    | 4442     |
|    total_timesteps | 710115   |
| train/             |          |
|    actor_loss      | 60.3     |
|    critic_loss     | 13.8     |
|    ent_coef        | 0.0246   |
|    ent_coef_loss   | -0.416   |
|    learning_rate   | 0.0003   |
|    n_updates       | 709114   |
---------------------------------
---------------------------------
| rollout/           |          |
|    ep_len_mean     | 1.82e+03 |
|    ep_rew_mean     | 666      |
| time/              |          |
|    episodes        | 612      |
|    fps             | 159      |
|    time_elapsed    | 4484     |
|    total_timesteps | 717170   |
| train/             |          |
|    actor_loss      | 70.8     |
|    critic_loss     | 158      |
|    ent_coef        | 0.0254   |
|    ent_coef_loss   | 0.701    |
|    learning_rate   | 0.0003   |
|    n_updates       | 716169   |
---------------------------------
---------------------------------
| rollout/           |          |
|    ep_len_mean     | 1.82e+03 |
|    ep_rew_mean     | 672      |
| time/              |          |
|    episodes        | 616      |
|    fps             | 159      |
|    time_elapsed    | 4531     |
|    total_timesteps | 724235   |
| train/             |          |
|    actor_loss      | 71.3     |
|    critic_loss     | 25.3     |
|    ent_coef        | 0.025    |
|    ent_coef_loss   | -1.47    |
|    learning_rate   | 0.0003   |
|    n_updates       | 723234   |
---------------------------------
---------------------------------
| rollout/           |          |
|    ep_len_mean     | 1.82e+03 |
|    ep_rew_mean     | 693      |
| time/              |          |
|    episodes        | 620      |
|    fps             | 159      |
|    time_elapsed    | 4579     |
|    total_timesteps | 731292   |
| train/             |          |
|    actor_loss      | 58.8     |
|    critic_loss     | 15.4     |
|    ent_coef        | 0.0249   |
|    ent_coef_loss   | -0.898   |
|    learning_rate   | 0.0003   |
|    n_updates       | 730291   |
---------------------------------
---------------------------------
| rollout/           |          |
|    ep_len_mean     | 1.81e+03 |
|    ep_rew_mean     | 682      |
| time/              |          |
|    episodes        | 624      |
|    fps             | 159      |
|    time_elapsed    | 4620     |
|    total_timesteps | 737425   |
| train/             |          |
|    actor_loss      | 58       |
|    critic_loss     | 10.9     |
|    ent_coef        | 0.024    |
|    ent_coef_loss   | -0.598   |
|    learning_rate   | 0.0003   |
|    n_updates       | 736424   |
---------------------------------
---------------------------------
| rollout/           |          |
|    ep_len_mean     | 1.81e+03 |
|    ep_rew_mean     | 688      |
| time/              |          |
|    episodes        | 628      |
|    fps             | 159      |
|    time_elapsed    | 4674     |
|    total_timesteps | 745425   |
| train/             |          |
|    actor_loss      | 75.8     |
|    critic_loss     | 62.9     |
|    ent_coef        | 0.0247   |
|    ent_coef_loss   | 0.336    |
|    learning_rate   | 0.0003   |
|    n_updates       | 744424   |
---------------------------------
---------------------------------
| rollout/           |          |
|    ep_len_mean     | 1.81e+03 |
|    ep_rew_mean     | 690      |
| time/              |          |
|    episodes        | 632      |
|    fps             | 159      |
|    time_elapsed    | 4729     |
|    total_timesteps | 753285   |
| train/             |          |
|    actor_loss      | 67.8     |
|    critic_loss     | 1.51e+03 |
|    ent_coef        | 0.0247   |
|    ent_coef_loss   | -2.02    |
|    learning_rate   | 0.0003   |
|    n_updates       | 752284   |
---------------------------------
---------------------------------
| rollout/           |          |
|    ep_len_mean     | 1.8e+03  |
|    ep_rew_mean     | 685      |
| time/              |          |
|    episodes        | 636      |
|    fps             | 159      |
|    time_elapsed    | 4771     |
|    total_timesteps | 759524   |
| train/             |          |
|    actor_loss      | 54.2     |
|    critic_loss     | 10.3     |
|    ent_coef        | 0.0257   |
|    ent_coef_loss   | -1.44    |
|    learning_rate   | 0.0003   |
|    n_updates       | 758523   |
---------------------------------
---------------------------------
| rollout/           |          |
|    ep_len_mean     | 1.81e+03 |
|    ep_rew_mean     | 696      |
| time/              |          |
|    episodes        | 640      |
|    fps             | 159      |
|    time_elapsed    | 4825     |
|    total_timesteps | 767524   |
| train/             |          |
|    actor_loss      | 69.8     |
|    critic_loss     | 12.4     |
|    ent_coef        | 0.0265   |
|    ent_coef_loss   | -0.924   |
|    learning_rate   | 0.0003   |
|    n_updates       | 766523   |
---------------------------------
---------------------------------
| rollout/           |          |
|    ep_len_mean     | 1.81e+03 |
|    ep_rew_mean     | 691      |
| time/              |          |
|    episodes        | 644      |
|    fps             | 159      |
|    time_elapsed    | 4875     |
|    total_timesteps | 775521   |
| train/             |          |
|    actor_loss      | 81.6     |
|    critic_loss     | 67.4     |
|    ent_coef        | 0.0263   |
|    ent_coef_loss   | -0.728   |
|    learning_rate   | 0.0003   |
|    n_updates       | 774520   |
---------------------------------
---------------------------------
| rollout/           |          |
|    ep_len_mean     | 1.8e+03  |
|    ep_rew_mean     | 680      |
| time/              |          |
|    episodes        | 648      |
|    fps             | 159      |
|    time_elapsed    | 4912     |
|    total_timesteps | 781831   |
| train/             |          |
|    actor_loss      | 95.3     |
|    critic_loss     | 16.4     |
|    ent_coef        | 0.027    |
|    ent_coef_loss   | 1.48     |
|    learning_rate   | 0.0003   |
|    n_updates       | 780830   |
---------------------------------
---------------------------------
| rollout/           |          |
|    ep_len_mean     | 1.8e+03  |
|    ep_rew_mean     | 689      |
| time/              |          |
|    episodes        | 652      |
|    fps             | 159      |
|    time_elapsed    | 4960     |
|    total_timesteps | 789831   |
| train/             |          |
|    actor_loss      | 75.7     |
|    critic_loss     | 34       |
|    ent_coef        | 0.0272   |
|    ent_coef_loss   | 1.7      |
|    learning_rate   | 0.0003   |
|    n_updates       | 788830   |
---------------------------------
---------------------------------
| rollout/           |          |
|    ep_len_mean     | 1.79e+03 |
|    ep_rew_mean     | 675      |
| time/              |          |
|    episodes        | 656      |
|    fps             | 159      |
|    time_elapsed    | 5002     |
|    total_timesteps | 796768   |
| train/             |          |
|    actor_loss      | 80       |
|    critic_loss     | 32       |
|    ent_coef        | 0.0275   |
|    ent_coef_loss   | 1.64     |
|    learning_rate   | 0.0003   |
|    n_updates       | 795767   |
---------------------------------
---------------------------------
| rollout/           |          |
|    ep_len_mean     | 1.79e+03 |
|    ep_rew_mean     | 677      |
| time/              |          |
|    episodes        | 660      |
|    fps             | 159      |
|    time_elapsed    | 5050     |
|    total_timesteps | 804768   |
| train/             |          |
|    actor_loss      | 68.7     |
|    critic_loss     | 19.9     |
|    ent_coef        | 0.0291   |
|    ent_coef_loss   | -1.5     |
|    learning_rate   | 0.0003   |
|    n_updates       | 803767   |
---------------------------------
---------------------------------
| rollout/           |          |
|    ep_len_mean     | 1.82e+03 |
|    ep_rew_mean     | 695      |
| time/              |          |
|    episodes        | 664      |
|    fps             | 159      |
|    time_elapsed    | 5098     |
|    total_timesteps | 812768   |
| train/             |          |
|    actor_loss      | 84       |
|    critic_loss     | 19       |
|    ent_coef        | 0.0272   |
|    ent_coef_loss   | 1.16     |
|    learning_rate   | 0.0003   |
|    n_updates       | 811767   |
---------------------------------
---------------------------------
| rollout/           |          |
|    ep_len_mean     | 1.82e+03 |
|    ep_rew_mean     | 695      |
| time/              |          |
|    episodes        | 668      |
|    fps             | 159      |
|    time_elapsed    | 5145     |
|    total_timesteps | 820733   |
| train/             |          |
|    actor_loss      | 69.4     |
|    critic_loss     | 12.7     |
|    ent_coef        | 0.0267   |
|    ent_coef_loss   | 1.63     |
|    learning_rate   | 0.0003   |
|    n_updates       | 819732   |
---------------------------------
---------------------------------
| rollout/           |          |
|    ep_len_mean     | 1.84e+03 |
|    ep_rew_mean     | 702      |
| time/              |          |
|    episodes        | 672      |
|    fps             | 159      |
|    time_elapsed    | 5196     |
|    total_timesteps | 828733   |
| train/             |          |
|    actor_loss      | 88.5     |
|    critic_loss     | 72.4     |
|    ent_coef        | 0.0252   |
|    ent_coef_loss   | -0.34    |
|    learning_rate   | 0.0003   |
|    n_updates       | 827732   |
---------------------------------
---------------------------------
| rollout/           |          |
|    ep_len_mean     | 1.84e+03 |
|    ep_rew_mean     | 696      |
| time/              |          |
|    episodes        | 676      |
|    fps             | 159      |
|    time_elapsed    | 5250     |
|    total_timesteps | 836733   |
| train/             |          |
|    actor_loss      | 73.4     |
|    critic_loss     | 38.3     |
|    ent_coef        | 0.0264   |
|    ent_coef_loss   | 2.74     |
|    learning_rate   | 0.0003   |
|    n_updates       | 835732   |
---------------------------------
---------------------------------
| rollout/           |          |
|    ep_len_mean     | 1.86e+03 |
|    ep_rew_mean     | 714      |
| time/              |          |
|    episodes        | 680      |
|    fps             | 159      |
|    time_elapsed    | 5302     |
|    total_timesteps | 844484   |
| train/             |          |
|    actor_loss      | 77.7     |
|    critic_loss     | 1.36e+03 |
|    ent_coef        | 0.0271   |
|    ent_coef_loss   | -1.59    |
|    learning_rate   | 0.0003   |
|    n_updates       | 843483   |
---------------------------------
---------------------------------
| rollout/           |          |
|    ep_len_mean     | 1.86e+03 |
|    ep_rew_mean     | 717      |
| time/              |          |
|    episodes        | 684      |
|    fps             | 159      |
|    time_elapsed    | 5351     |
|    total_timesteps | 851672   |
| train/             |          |
|    actor_loss      | 75.5     |
|    critic_loss     | 15.5     |
|    ent_coef        | 0.0265   |
|    ent_coef_loss   | 0.975    |
|    learning_rate   | 0.0003   |
|    n_updates       | 850671   |
---------------------------------
---------------------------------
| rollout/           |          |
|    ep_len_mean     | 1.86e+03 |
|    ep_rew_mean     | 717      |
| time/              |          |
|    episodes        | 688      |
|    fps             | 159      |
|    time_elapsed    | 5405     |
|    total_timesteps | 859672   |
| train/             |          |
|    actor_loss      | 64.7     |
|    critic_loss     | 17.2     |
|    ent_coef        | 0.0266   |
|    ent_coef_loss   | -1.01    |
|    learning_rate   | 0.0003   |
|    n_updates       | 858671   |
---------------------------------
---------------------------------
| rollout/           |          |
|    ep_len_mean     | 1.87e+03 |
|    ep_rew_mean     | 720      |
| time/              |          |
|    episodes        | 692      |
|    fps             | 158      |
|    time_elapsed    | 5456     |
|    total_timesteps | 867221   |
| train/             |          |
|    actor_loss      | 67.5     |
|    critic_loss     | 35.6     |
|    ent_coef        | 0.0262   |
|    ent_coef_loss   | 3.46     |
|    learning_rate   | 0.0003   |
|    n_updates       | 866220   |
---------------------------------
---------------------------------
| rollout/           |          |
|    ep_len_mean     | 1.87e+03 |
|    ep_rew_mean     | 718      |
| time/              |          |
|    episodes        | 696      |
|    fps             | 158      |
|    time_elapsed    | 5503     |
|    total_timesteps | 874222   |
| train/             |          |
|    actor_loss      | 76.6     |
|    critic_loss     | 1.08e+03 |
|    ent_coef        | 0.0255   |
|    ent_coef_loss   | -1.37    |
|    learning_rate   | 0.0003   |
|    n_updates       | 873221   |
---------------------------------
---------------------------------
| rollout/           |          |
|    ep_len_mean     | 1.88e+03 |
|    ep_rew_mean     | 735      |
| time/              |          |
|    episodes        | 700      |
|    fps             | 158      |
|    time_elapsed    | 5554     |
|    total_timesteps | 881734   |
| train/             |          |
|    actor_loss      | 87.4     |
|    critic_loss     | 20.2     |
|    ent_coef        | 0.0253   |
|    ent_coef_loss   | 2.44     |
|    learning_rate   | 0.0003   |
|    n_updates       | 880733   |
---------------------------------
---------------------------------
| rollout/           |          |
|    ep_len_mean     | 1.88e+03 |
|    ep_rew_mean     | 734      |
| time/              |          |
|    episodes        | 704      |
|    fps             | 158      |
|    time_elapsed    | 5608     |
|    total_timesteps | 889734   |
| train/             |          |
|    actor_loss      | 65.4     |
|    critic_loss     | 9        |
|    ent_coef        | 0.0256   |
|    ent_coef_loss   | 0.931    |
|    learning_rate   | 0.0003   |
|    n_updates       | 888733   |
---------------------------------
---------------------------------
| rollout/           |          |
|    ep_len_mean     | 1.87e+03 |
|    ep_rew_mean     | 719      |
| time/              |          |
|    episodes        | 708      |
|    fps             | 158      |
|    time_elapsed    | 5655     |
|    total_timesteps | 896780   |
| train/             |          |
|    actor_loss      | 50       |
|    critic_loss     | 11.2     |
|    ent_coef        | 0.0253   |
|    ent_coef_loss   | 1.86     |
|    learning_rate   | 0.0003   |
|    n_updates       | 895779   |
---------------------------------
---------------------------------
| rollout/           |          |
|    ep_len_mean     | 1.86e+03 |
|    ep_rew_mean     | 721      |
| time/              |          |
|    episodes        | 712      |
|    fps             | 158      |
|    time_elapsed    | 5700     |
|    total_timesteps | 903538   |
| train/             |          |
|    actor_loss      | 84.2     |
|    critic_loss     | 21       |
|    ent_coef        | 0.0251   |
|    ent_coef_loss   | -1.97    |
|    learning_rate   | 0.0003   |
|    n_updates       | 902537   |
---------------------------------
---------------------------------
| rollout/           |          |
|    ep_len_mean     | 1.87e+03 |
|    ep_rew_mean     | 727      |
| time/              |          |
|    episodes        | 716      |
|    fps             | 158      |
|    time_elapsed    | 5754     |
|    total_timesteps | 911538   |
| train/             |          |
|    actor_loss      | 123      |
|    critic_loss     | 1.32e+03 |
|    ent_coef        | 0.0258   |
|    ent_coef_loss   | 1.53     |
|    learning_rate   | 0.0003   |
|    n_updates       | 910537   |
---------------------------------
---------------------------------
| rollout/           |          |
|    ep_len_mean     | 1.88e+03 |
|    ep_rew_mean     | 726      |
| time/              |          |
|    episodes        | 720      |
|    fps             | 158      |
|    time_elapsed    | 5808     |
|    total_timesteps | 919538   |
| train/             |          |
|    actor_loss      | 93.1     |
|    critic_loss     | 31.7     |
|    ent_coef        | 0.0252   |
|    ent_coef_loss   | -0.0839  |
|    learning_rate   | 0.0003   |
|    n_updates       | 918537   |
---------------------------------
---------------------------------
| rollout/           |          |
|    ep_len_mean     | 1.9e+03  |
|    ep_rew_mean     | 740      |
| time/              |          |
|    episodes        | 724      |
|    fps             | 158      |
|    time_elapsed    | 5859     |
|    total_timesteps | 927129   |
| train/             |          |
|    actor_loss      | 92.7     |
|    critic_loss     | 13.3     |
|    ent_coef        | 0.0261   |
|    ent_coef_loss   | -0.497   |
|    learning_rate   | 0.0003   |
|    n_updates       | 926128   |
---------------------------------
---------------------------------
| rollout/           |          |
|    ep_len_mean     | 1.89e+03 |
|    ep_rew_mean     | 742      |
| time/              |          |
|    episodes        | 728      |
|    fps             | 158      |
|    time_elapsed    | 5912     |
|    total_timesteps | 934901   |
| train/             |          |
|    actor_loss      | 77.1     |
|    critic_loss     | 25.8     |
|    ent_coef        | 0.0269   |
|    ent_coef_loss   | -1.88    |
|    learning_rate   | 0.0003   |
|    n_updates       | 933900   |
---------------------------------
---------------------------------
| rollout/           |          |
|    ep_len_mean     | 1.9e+03  |
|    ep_rew_mean     | 745      |
| time/              |          |
|    episodes        | 732      |
|    fps             | 158      |
|    time_elapsed    | 5965     |
|    total_timesteps | 942901   |
| train/             |          |
|    actor_loss      | 62.2     |
|    critic_loss     | 31.4     |
|    ent_coef        | 0.027    |
|    ent_coef_loss   | -1.48    |
|    learning_rate   | 0.0003   |
|    n_updates       | 941900   |
---------------------------------
---------------------------------
| rollout/           |          |
|    ep_len_mean     | 1.9e+03  |
|    ep_rew_mean     | 757      |
| time/              |          |
|    episodes        | 736      |
|    fps             | 157      |
|    time_elapsed    | 6012     |
|    total_timesteps | 949843   |
| train/             |          |
|    actor_loss      | 88.4     |
|    critic_loss     | 21       |
|    ent_coef        | 0.0248   |
|    ent_coef_loss   | 1.71     |
|    learning_rate   | 0.0003   |
|    n_updates       | 948842   |
---------------------------------
---------------------------------
| rollout/           |          |
|    ep_len_mean     | 1.9e+03  |
|    ep_rew_mean     | 759      |
| time/              |          |
|    episodes        | 740      |
|    fps             | 157      |
|    time_elapsed    | 6063     |
|    total_timesteps | 957452   |
| train/             |          |
|    actor_loss      | 85.2     |
|    critic_loss     | 36.1     |
|    ent_coef        | 0.0267   |
|    ent_coef_loss   | -0.89    |
|    learning_rate   | 0.0003   |
|    n_updates       | 956451   |
---------------------------------
---------------------------------
| rollout/           |          |
|    ep_len_mean     | 1.9e+03  |
|    ep_rew_mean     | 760      |
| time/              |          |
|    episodes        | 744      |
|    fps             | 157      |
|    time_elapsed    | 6115     |
|    total_timesteps | 965130   |
| train/             |          |
|    actor_loss      | 82.8     |
|    critic_loss     | 19.8     |
|    ent_coef        | 0.0257   |
|    ent_coef_loss   | -1.86    |
|    learning_rate   | 0.0003   |
|    n_updates       | 964129   |
---------------------------------
---------------------------------
| rollout/           |          |
|    ep_len_mean     | 1.91e+03 |
|    ep_rew_mean     | 772      |
| time/              |          |
|    episodes        | 748      |
|    fps             | 157      |
|    time_elapsed    | 6169     |
|    total_timesteps | 973130   |
| train/             |          |
|    actor_loss      | 76.3     |
|    critic_loss     | 22.7     |
|    ent_coef        | 0.0256   |
|    ent_coef_loss   | 0.257    |
|    learning_rate   | 0.0003   |
|    n_updates       | 972129   |
---------------------------------
---------------------------------
| rollout/           |          |
|    ep_len_mean     | 1.91e+03 |
|    ep_rew_mean     | 760      |
| time/              |          |
|    episodes        | 752      |
|    fps             | 157      |
|    time_elapsed    | 6216     |
|    total_timesteps | 980366   |
| train/             |          |
|    actor_loss      | 79.8     |
|    critic_loss     | 25.1     |
|    ent_coef        | 0.0259   |
|    ent_coef_loss   | -3.17    |
|    learning_rate   | 0.0003   |
|    n_updates       | 979365   |
---------------------------------
---------------------------------
| rollout/           |          |
|    ep_len_mean     | 1.9e+03  |
|    ep_rew_mean     | 763      |
| time/              |          |
|    episodes        | 756      |
|    fps             | 157      |
|    time_elapsed    | 6253     |
|    total_timesteps | 986435   |
| train/             |          |
|    actor_loss      | 83.3     |
|    critic_loss     | 15.2     |
|    ent_coef        | 0.025    |
|    ent_coef_loss   | -1.23    |
|    learning_rate   | 0.0003   |
|    n_updates       | 985434   |
---------------------------------
---------------------------------
| rollout/           |          |
|    ep_len_mean     | 1.88e+03 |
|    ep_rew_mean     | 746      |
| time/              |          |
|    episodes        | 760      |
|    fps             | 157      |
|    time_elapsed    | 6288     |
|    total_timesteps | 992310   |
| train/             |          |
|    actor_loss      | 81.9     |
|    critic_loss     | 22.3     |
|    ent_coef        | 0.0252   |
|    ent_coef_loss   | 0.478    |
|    learning_rate   | 0.0003   |
|    n_updates       | 991309   |
---------------------------------
---------------------------------
| rollout/           |          |
|    ep_len_mean     | 1.86e+03 |
|    ep_rew_mean     | 742      |
| time/              |          |
|    episodes        | 764      |
|    fps             | 157      |
|    time_elapsed    | 6327     |
|    total_timesteps | 998830   |
| train/             |          |
|    actor_loss      | 82.1     |
|    critic_loss     | 13       |
|    ent_coef        | 0.0248   |
|    ent_coef_loss   | 0.641    |
|    learning_rate   | 0.0003   |
|    n_updates       | 997829   |
---------------------------------
---------------------------------
| rollout/           |          |
|    ep_len_mean     | 1.84e+03 |
|    ep_rew_mean     | 726      |
| time/              |          |
|    episodes        | 768      |
|    fps             | 157      |
|    time_elapsed    | 6368     |
|    total_timesteps | 1005174  |
| train/             |          |
|    actor_loss      | 65.4     |
|    critic_loss     | 26.3     |
|    ent_coef        | 0.0255   |
|    ent_coef_loss   | 1.08     |
|    learning_rate   | 0.0003   |
|    n_updates       | 1004173  |
---------------------------------
---------------------------------
| rollout/           |          |
|    ep_len_mean     | 1.83e+03 |
|    ep_rew_mean     | 731      |
| time/              |          |
|    episodes        | 772      |
|    fps             | 157      |
|    time_elapsed    | 6409     |
|    total_timesteps | 1011989  |
| train/             |          |
|    actor_loss      | 87.6     |
|    critic_loss     | 41.7     |
|    ent_coef        | 0.0249   |
|    ent_coef_loss   | 0.0505   |
|    learning_rate   | 0.0003   |
|    n_updates       | 1010988  |
---------------------------------
---------------------------------
| rollout/           |          |
|    ep_len_mean     | 1.83e+03 |
|    ep_rew_mean     | 703      |
| time/              |          |
|    episodes        | 776      |
|    fps             | 157      |
|    time_elapsed    | 6454     |
|    total_timesteps | 1019523  |
| train/             |          |
|    actor_loss      | 80.9     |
|    critic_loss     | 25.7     |
|    ent_coef        | 0.0263   |
|    ent_coef_loss   | -0.893   |
|    learning_rate   | 0.0003   |
|    n_updates       | 1018522  |
---------------------------------
---------------------------------
| rollout/           |          |
|    ep_len_mean     | 1.82e+03 |
|    ep_rew_mean     | 702      |
| time/              |          |
|    episodes        | 780      |
|    fps             | 158      |
|    time_elapsed    | 6495     |
|    total_timesteps | 1026345  |
| train/             |          |
|    actor_loss      | 106      |
|    critic_loss     | 19.4     |
|    ent_coef        | 0.0264   |
|    ent_coef_loss   | 0.478    |
|    learning_rate   | 0.0003   |
|    n_updates       | 1025344  |
---------------------------------
---------------------------------
| rollout/           |          |
|    ep_len_mean     | 1.81e+03 |
|    ep_rew_mean     | 691      |
| time/              |          |
|    episodes        | 784      |
|    fps             | 158      |
|    time_elapsed    | 6533     |
|    total_timesteps | 1032675  |
| train/             |          |
|    actor_loss      | 99.4     |
|    critic_loss     | 21.4     |
|    ent_coef        | 0.0256   |
|    ent_coef_loss   | 0.523    |
|    learning_rate   | 0.0003   |
|    n_updates       | 1031674  |
---------------------------------
---------------------------------
| rollout/           |          |
|    ep_len_mean     | 1.79e+03 |
|    ep_rew_mean     | 678      |
| time/              |          |
|    episodes        | 788      |
|    fps             | 158      |
|    time_elapsed    | 6571     |
|    total_timesteps | 1038998  |
| train/             |          |
|    actor_loss      | 89.9     |
|    critic_loss     | 29.9     |
|    ent_coef        | 0.0245   |
|    ent_coef_loss   | -0.761   |
|    learning_rate   | 0.0003   |
|    n_updates       | 1037997  |
---------------------------------
---------------------------------
| rollout/           |          |
|    ep_len_mean     | 1.78e+03 |
|    ep_rew_mean     | 665      |
| time/              |          |
|    episodes        | 792      |
|    fps             | 158      |
|    time_elapsed    | 6610     |
|    total_timesteps | 1045569  |
| train/             |          |
|    actor_loss      | 98.8     |
|    critic_loss     | 26.9     |
|    ent_coef        | 0.0252   |
|    ent_coef_loss   | 1.85     |
|    learning_rate   | 0.0003   |
|    n_updates       | 1044568  |
---------------------------------
---------------------------------
| rollout/           |          |
|    ep_len_mean     | 1.79e+03 |
|    ep_rew_mean     | 680      |
| time/              |          |
|    episodes        | 796      |
|    fps             | 158      |
|    time_elapsed    | 6658     |
|    total_timesteps | 1053569  |
| train/             |          |
|    actor_loss      | 98.6     |
|    critic_loss     | 16.1     |
|    ent_coef        | 0.0248   |
|    ent_coef_loss   | -1.12    |
|    learning_rate   | 0.0003   |
|    n_updates       | 1052568  |
---------------------------------
---------------------------------
| rollout/           |          |
|    ep_len_mean     | 1.79e+03 |
|    ep_rew_mean     | 654      |
| time/              |          |
|    episodes        | 800      |
|    fps             | 158      |
|    time_elapsed    | 6703     |
|    total_timesteps | 1061047  |
| train/             |          |
|    actor_loss      | 84.4     |
|    critic_loss     | 28.8     |
|    ent_coef        | 0.0244   |
|    ent_coef_loss   | 0.62     |
|    learning_rate   | 0.0003   |
|    n_updates       | 1060046  |
---------------------------------
---------------------------------
| rollout/           |          |
|    ep_len_mean     | 1.78e+03 |
|    ep_rew_mean     | 650      |
| time/              |          |
|    episodes        | 804      |
|    fps             | 158      |
|    time_elapsed    | 6744     |
|    total_timesteps | 1067955  |
| train/             |          |
|    actor_loss      | 96.6     |
|    critic_loss     | 21       |
|    ent_coef        | 0.0255   |
|    ent_coef_loss   | 1.29     |
|    learning_rate   | 0.0003   |
|    n_updates       | 1066954  |
---------------------------------
---------------------------------
| rollout/           |          |
|    ep_len_mean     | 1.78e+03 |
|    ep_rew_mean     | 658      |
| time/              |          |
|    episodes        | 808      |
|    fps             | 158      |
|    time_elapsed    | 6786     |
|    total_timesteps | 1075008  |
| train/             |          |
|    actor_loss      | 82.8     |
|    critic_loss     | 52.4     |
|    ent_coef        | 0.0254   |
|    ent_coef_loss   | -0.408   |
|    learning_rate   | 0.0003   |
|    n_updates       | 1074007  |
---------------------------------
---------------------------------
| rollout/           |          |
|    ep_len_mean     | 1.79e+03 |
|    ep_rew_mean     | 668      |
| time/              |          |
|    episodes        | 812      |
|    fps             | 158      |
|    time_elapsed    | 6831     |
|    total_timesteps | 1082568  |
| train/             |          |
|    actor_loss      | 90.3     |
|    critic_loss     | 992      |
|    ent_coef        | 0.0248   |
|    ent_coef_loss   | 0.514    |
|    learning_rate   | 0.0003   |
|    n_updates       | 1081567  |
---------------------------------
---------------------------------
| rollout/           |          |
|    ep_len_mean     | 1.79e+03 |
|    ep_rew_mean     | 661      |
| time/              |          |
|    episodes        | 816      |
|    fps             | 158      |
|    time_elapsed    | 6879     |
|    total_timesteps | 1090568  |
| train/             |          |
|    actor_loss      | 87.3     |
|    critic_loss     | 13.5     |
|    ent_coef        | 0.026    |
|    ent_coef_loss   | 0.199    |
|    learning_rate   | 0.0003   |
|    n_updates       | 1089567  |
---------------------------------
---------------------------------
| rollout/           |          |
|    ep_len_mean     | 1.78e+03 |
|    ep_rew_mean     | 667      |
| time/              |          |
|    episodes        | 820      |
|    fps             | 158      |
|    time_elapsed    | 6922     |
|    total_timesteps | 1097724  |
| train/             |          |
|    actor_loss      | 84.5     |
|    critic_loss     | 70.8     |
|    ent_coef        | 0.0248   |
|    ent_coef_loss   | 2.27     |
|    learning_rate   | 0.0003   |
|    n_updates       | 1096723  |
---------------------------------
---------------------------------
| rollout/           |          |
|    ep_len_mean     | 1.79e+03 |
|    ep_rew_mean     | 668      |
| time/              |          |
|    episodes        | 824      |
|    fps             | 158      |
|    time_elapsed    | 6970     |
|    total_timesteps | 1105724  |
| train/             |          |
|    actor_loss      | 79.8     |
|    critic_loss     | 14.5     |
|    ent_coef        | 0.0236   |
|    ent_coef_loss   | 0.725    |
|    learning_rate   | 0.0003   |
|    n_updates       | 1104723  |
---------------------------------
---------------------------------
| rollout/           |          |
|    ep_len_mean     | 1.78e+03 |
|    ep_rew_mean     | 661      |
| time/              |          |
|    episodes        | 828      |
|    fps             | 158      |
|    time_elapsed    | 7015     |
|    total_timesteps | 1113193  |
| train/             |          |
|    actor_loss      | 74.6     |
|    critic_loss     | 50.1     |
|    ent_coef        | 0.0245   |
|    ent_coef_loss   | 0.0314   |
|    learning_rate   | 0.0003   |
|    n_updates       | 1112192  |
---------------------------------
---------------------------------
| rollout/           |          |
|    ep_len_mean     | 1.78e+03 |
|    ep_rew_mean     | 661      |
| time/              |          |
|    episodes        | 832      |
|    fps             | 158      |
|    time_elapsed    | 7063     |
|    total_timesteps | 1121193  |
| train/             |          |
|    actor_loss      | 71.9     |
|    critic_loss     | 24.9     |
|    ent_coef        | 0.0242   |
|    ent_coef_loss   | -0.83    |
|    learning_rate   | 0.0003   |
|    n_updates       | 1120192  |
---------------------------------
---------------------------------
| rollout/           |          |
|    ep_len_mean     | 1.79e+03 |
|    ep_rew_mean     | 651      |
| time/              |          |
|    episodes        | 836      |
|    fps             | 158      |
|    time_elapsed    | 7111     |
|    total_timesteps | 1129193  |
| train/             |          |
|    actor_loss      | 82.2     |
|    critic_loss     | 22.8     |
|    ent_coef        | 0.024    |
|    ent_coef_loss   | 0.583    |
|    learning_rate   | 0.0003   |
|    n_updates       | 1128192  |
---------------------------------
---------------------------------
| rollout/           |          |
|    ep_len_mean     | 1.8e+03  |
|    ep_rew_mean     | 657      |
| time/              |          |
|    episodes        | 840      |
|    fps             | 158      |
|    time_elapsed    | 7159     |
|    total_timesteps | 1137193  |
| train/             |          |
|    actor_loss      | 86.5     |
|    critic_loss     | 19.4     |
|    ent_coef        | 0.024    |
|    ent_coef_loss   | 0.823    |
|    learning_rate   | 0.0003   |
|    n_updates       | 1136192  |
---------------------------------
---------------------------------
| rollout/           |          |
|    ep_len_mean     | 1.8e+03  |
|    ep_rew_mean     | 674      |
| time/              |          |
|    episodes        | 844      |
|    fps             | 158      |
|    time_elapsed    | 7207     |
|    total_timesteps | 1145193  |
| train/             |          |
|    actor_loss      | 80.5     |
|    critic_loss     | 23       |
|    ent_coef        | 0.0236   |
|    ent_coef_loss   | 0.572    |
|    learning_rate   | 0.0003   |
|    n_updates       | 1144192  |
---------------------------------
---------------------------------
| rollout/           |          |
|    ep_len_mean     | 1.8e+03  |
|    ep_rew_mean     | 677      |
| time/              |          |
|    episodes        | 848      |
|    fps             | 158      |
|    time_elapsed    | 7255     |
|    total_timesteps | 1153193  |
| train/             |          |
|    actor_loss      | 72.9     |
|    critic_loss     | 1.88e+03 |
|    ent_coef        | 0.0233   |
|    ent_coef_loss   | -1.28    |
|    learning_rate   | 0.0003   |
|    n_updates       | 1152192  |
---------------------------------
---------------------------------
| rollout/           |          |
|    ep_len_mean     | 1.79e+03 |
|    ep_rew_mean     | 674      |
| time/              |          |
|    episodes        | 852      |
|    fps             | 158      |
|    time_elapsed    | 7291     |
|    total_timesteps | 1159233  |
| train/             |          |
|    actor_loss      | 65.9     |
|    critic_loss     | 25.8     |
|    ent_coef        | 0.0221   |
|    ent_coef_loss   | 0.324    |
|    learning_rate   | 0.0003   |
|    n_updates       | 1158232  |
---------------------------------
---------------------------------
| rollout/           |          |
|    ep_len_mean     | 1.79e+03 |
|    ep_rew_mean     | 670      |
| time/              |          |
|    episodes        | 856      |
|    fps             | 159      |
|    time_elapsed    | 7327     |
|    total_timesteps | 1165330  |
| train/             |          |
|    actor_loss      | 55.8     |
|    critic_loss     | 21.8     |
|    ent_coef        | 0.0219   |
|    ent_coef_loss   | -0.373   |
|    learning_rate   | 0.0003   |
|    n_updates       | 1164329  |
---------------------------------
---------------------------------
| rollout/           |          |
|    ep_len_mean     | 1.81e+03 |
|    ep_rew_mean     | 677      |
| time/              |          |
|    episodes        | 860      |
|    fps             | 159      |
|    time_elapsed    | 7374     |
|    total_timesteps | 1173221  |
| train/             |          |
|    actor_loss      | 55       |
|    critic_loss     | 19.8     |
|    ent_coef        | 0.022    |
|    ent_coef_loss   | -0.262   |
|    learning_rate   | 0.0003   |
|    n_updates       | 1172220  |
---------------------------------
---------------------------------
| rollout/           |          |
|    ep_len_mean     | 1.81e+03 |
|    ep_rew_mean     | 681      |
| time/              |          |
|    episodes        | 864      |
|    fps             | 159      |
|    time_elapsed    | 7417     |
|    total_timesteps | 1180263  |
| train/             |          |
|    actor_loss      | 60.6     |
|    critic_loss     | 9.37     |
|    ent_coef        | 0.0211   |
|    ent_coef_loss   | -0.121   |
|    learning_rate   | 0.0003   |
|    n_updates       | 1179262  |
---------------------------------
---------------------------------
| rollout/           |          |
|    ep_len_mean     | 1.83e+03 |
|    ep_rew_mean     | 667      |
| time/              |          |
|    episodes        | 868      |
|    fps             | 159      |
|    time_elapsed    | 7463     |
|    total_timesteps | 1188100  |
| train/             |          |
|    actor_loss      | 49       |
|    critic_loss     | 31       |
|    ent_coef        | 0.02     |
|    ent_coef_loss   | 2.03     |
|    learning_rate   | 0.0003   |
|    n_updates       | 1187099  |
---------------------------------
---------------------------------
| rollout/           |          |
|    ep_len_mean     | 1.84e+03 |
|    ep_rew_mean     | 682      |
| time/              |          |
|    episodes        | 872      |
|    fps             | 159      |
|    time_elapsed    | 7511     |
|    total_timesteps | 1196100  |
| train/             |          |
|    actor_loss      | 72.7     |
|    critic_loss     | 38.8     |
|    ent_coef        | 0.0204   |
|    ent_coef_loss   | 1.91     |
|    learning_rate   | 0.0003   |
|    n_updates       | 1195099  |
---------------------------------
---------------------------------
| rollout/           |          |
|    ep_len_mean     | 1.83e+03 |
|    ep_rew_mean     | 688      |
| time/              |          |
|    episodes        | 876      |
|    fps             | 159      |
|    time_elapsed    | 7549     |
|    total_timesteps | 1202388  |
| train/             |          |
|    actor_loss      | 50.9     |
|    critic_loss     | 19.2     |
|    ent_coef        | 0.0211   |
|    ent_coef_loss   | -2.34    |
|    learning_rate   | 0.0003   |
|    n_updates       | 1201387  |
---------------------------------
---------------------------------
| rollout/           |          |
|    ep_len_mean     | 1.82e+03 |
|    ep_rew_mean     | 681      |
| time/              |          |
|    episodes        | 880      |
|    fps             | 159      |
|    time_elapsed    | 7585     |
|    total_timesteps | 1208385  |
| train/             |          |
|    actor_loss      | 48.2     |
|    critic_loss     | 23.7     |
|    ent_coef        | 0.021    |
|    ent_coef_loss   | -0.857   |
|    learning_rate   | 0.0003   |
|    n_updates       | 1207384  |
---------------------------------
---------------------------------
| rollout/           |          |
|    ep_len_mean     | 1.84e+03 |
|    ep_rew_mean     | 700      |
| time/              |          |
|    episodes        | 884      |
|    fps             | 159      |
|    time_elapsed    | 7633     |
|    total_timesteps | 1216385  |
| train/             |          |
|    actor_loss      | 52.7     |
|    critic_loss     | 107      |
|    ent_coef        | 0.0199   |
|    ent_coef_loss   | -1.39    |
|    learning_rate   | 0.0003   |
|    n_updates       | 1215384  |
---------------------------------
---------------------------------
| rollout/           |          |
|    ep_len_mean     | 1.85e+03 |
|    ep_rew_mean     | 709      |
| time/              |          |
|    episodes        | 888      |
|    fps             | 159      |
|    time_elapsed    | 7676     |
|    total_timesteps | 1223566  |
| train/             |          |
|    actor_loss      | 78.5     |
|    critic_loss     | 17.4     |
|    ent_coef        | 0.021    |
|    ent_coef_loss   | 0.253    |
|    learning_rate   | 0.0003   |
|    n_updates       | 1222565  |
---------------------------------
---------------------------------
| rollout/           |          |
|    ep_len_mean     | 1.85e+03 |
|    ep_rew_mean     | 699      |
| time/              |          |
|    episodes        | 892      |
|    fps             | 159      |
|    time_elapsed    | 7720     |
|    total_timesteps | 1230953  |
| train/             |          |
|    actor_loss      | 24.8     |
|    critic_loss     | 19.6     |
|    ent_coef        | 0.0213   |
|    ent_coef_loss   | -1.25    |
|    learning_rate   | 0.0003   |
|    n_updates       | 1229952  |
---------------------------------
---------------------------------
| rollout/           |          |
|    ep_len_mean     | 1.85e+03 |
|    ep_rew_mean     | 686      |
| time/              |          |
|    episodes        | 896      |
|    fps             | 159      |
|    time_elapsed    | 7768     |
|    total_timesteps | 1238953  |
| train/             |          |
|    actor_loss      | 51.5     |
|    critic_loss     | 19.2     |
|    ent_coef        | 0.0205   |
|    ent_coef_loss   | -2.48    |
|    learning_rate   | 0.0003   |
|    n_updates       | 1237952  |
---------------------------------
---------------------------------
| rollout/           |          |
|    ep_len_mean     | 1.86e+03 |
|    ep_rew_mean     | 706      |
| time/              |          |
|    episodes        | 900      |
|    fps             | 159      |
|    time_elapsed    | 7816     |
|    total_timesteps | 1246953  |
| train/             |          |
|    actor_loss      | 58.7     |
|    critic_loss     | 19.9     |
|    ent_coef        | 0.0204   |
|    ent_coef_loss   | 0.873    |
|    learning_rate   | 0.0003   |
|    n_updates       | 1245952  |
---------------------------------
---------------------------------
| rollout/           |          |
|    ep_len_mean     | 1.87e+03 |
|    ep_rew_mean     | 701      |
| time/              |          |
|    episodes        | 904      |
|    fps             | 159      |
|    time_elapsed    | 7872     |
|    total_timesteps | 1254516  |
| train/             |          |
|    actor_loss      | 95       |
|    critic_loss     | 22       |
|    ent_coef        | 0.0205   |
|    ent_coef_loss   | 1.52     |
|    learning_rate   | 0.0003   |
|    n_updates       | 1253515  |
---------------------------------
---------------------------------
| rollout/           |          |
|    ep_len_mean     | 1.88e+03 |
|    ep_rew_mean     | 704      |
| time/              |          |
|    episodes        | 908      |
|    fps             | 159      |
|    time_elapsed    | 7920     |
|    total_timesteps | 1262516  |
| train/             |          |
|    actor_loss      | 59.3     |
|    critic_loss     | 1.37e+03 |
|    ent_coef        | 0.02     |
|    ent_coef_loss   | 0.306    |
|    learning_rate   | 0.0003   |
|    n_updates       | 1261515  |
---------------------------------
---------------------------------
| rollout/           |          |
|    ep_len_mean     | 1.88e+03 |
|    ep_rew_mean     | 693      |
| time/              |          |
|    episodes        | 912      |
|    fps             | 159      |
|    time_elapsed    | 7968     |
|    total_timesteps | 1270516  |
| train/             |          |
|    actor_loss      | 30       |
|    critic_loss     | 8.48     |
|    ent_coef        | 0.021    |
|    ent_coef_loss   | 0.024    |
|    learning_rate   | 0.0003   |
|    n_updates       | 1269515  |
---------------------------------
---------------------------------
| rollout/           |          |
|    ep_len_mean     | 1.88e+03 |
|    ep_rew_mean     | 693      |
| time/              |          |
|    episodes        | 916      |
|    fps             | 159      |
|    time_elapsed    | 8016     |
|    total_timesteps | 1278516  |
| train/             |          |
|    actor_loss      | 63       |
|    critic_loss     | 501      |
|    ent_coef        | 0.0196   |
|    ent_coef_loss   | -0.0189  |
|    learning_rate   | 0.0003   |
|    n_updates       | 1277515  |
---------------------------------
---------------------------------
| rollout/           |          |
|    ep_len_mean     | 1.89e+03 |
|    ep_rew_mean     | 699      |
| time/              |          |
|    episodes        | 920      |
|    fps             | 159      |
|    time_elapsed    | 8064     |
|    total_timesteps | 1286485  |
| train/             |          |
|    actor_loss      | 64.3     |
|    critic_loss     | 1.35e+03 |
|    ent_coef        | 0.0197   |
|    ent_coef_loss   | 1.37     |
|    learning_rate   | 0.0003   |
|    n_updates       | 1285484  |
---------------------------------
---------------------------------
| rollout/           |          |
|    ep_len_mean     | 1.89e+03 |
|    ep_rew_mean     | 678      |
| time/              |          |
|    episodes        | 924      |
|    fps             | 159      |
|    time_elapsed    | 8113     |
|    total_timesteps | 1294485  |
| train/             |          |
|    actor_loss      | 65.1     |
|    critic_loss     | 46.8     |
|    ent_coef        | 0.0189   |
|    ent_coef_loss   | -0.285   |
|    learning_rate   | 0.0003   |
|    n_updates       | 1293484  |
---------------------------------
---------------------------------
| rollout/           |          |
|    ep_len_mean     | 1.89e+03 |
|    ep_rew_mean     | 688      |
| time/              |          |
|    episodes        | 928      |
|    fps             | 159      |
|    time_elapsed    | 8159     |
|    total_timesteps | 1302222  |
| train/             |          |
|    actor_loss      | 39.5     |
|    critic_loss     | 21.9     |
|    ent_coef        | 0.0196   |
|    ent_coef_loss   | 0.199    |
|    learning_rate   | 0.0003   |
|    n_updates       | 1301221  |
---------------------------------
---------------------------------
| rollout/           |          |
|    ep_len_mean     | 1.89e+03 |
|    ep_rew_mean     | 679      |
| time/              |          |
|    episodes        | 932      |
|    fps             | 159      |
|    time_elapsed    | 8206     |
|    total_timesteps | 1310022  |
| train/             |          |
|    actor_loss      | 51.3     |
|    critic_loss     | 19.2     |
|    ent_coef        | 0.0192   |
|    ent_coef_loss   | 1.85     |
|    learning_rate   | 0.0003   |
|    n_updates       | 1309021  |
---------------------------------
---------------------------------
| rollout/           |          |
|    ep_len_mean     | 1.89e+03 |
|    ep_rew_mean     | 678      |
| time/              |          |
|    episodes        | 936      |
|    fps             | 159      |
|    time_elapsed    | 8252     |
|    total_timesteps | 1317737  |
| train/             |          |
|    actor_loss      | 58.1     |
|    critic_loss     | 1.99e+03 |
|    ent_coef        | 0.0188   |
|    ent_coef_loss   | -0.482   |
|    learning_rate   | 0.0003   |
|    n_updates       | 1316736  |
---------------------------------
---------------------------------
| rollout/           |          |
|    ep_len_mean     | 1.88e+03 |
|    ep_rew_mean     | 659      |
| time/              |          |
|    episodes        | 940      |
|    fps             | 159      |
|    time_elapsed    | 8294     |
|    total_timesteps | 1324848  |
| train/             |          |
|    actor_loss      | 42.4     |
|    critic_loss     | 11.6     |
|    ent_coef        | 0.0187   |
|    ent_coef_loss   | -0.203   |
|    learning_rate   | 0.0003   |
|    n_updates       | 1323847  |
---------------------------------
---------------------------------
| rollout/           |          |
|    ep_len_mean     | 1.88e+03 |
|    ep_rew_mean     | 651      |
| time/              |          |
|    episodes        | 944      |
|    fps             | 159      |
|    time_elapsed    | 8342     |
|    total_timesteps | 1332823  |
| train/             |          |
|    actor_loss      | 46.8     |
|    critic_loss     | 12       |
|    ent_coef        | 0.0184   |
|    ent_coef_loss   | -0.902   |
|    learning_rate   | 0.0003   |
|    n_updates       | 1331822  |
---------------------------------
---------------------------------
| rollout/           |          |
|    ep_len_mean     | 1.87e+03 |
|    ep_rew_mean     | 647      |
| time/              |          |
|    episodes        | 948      |
|    fps             | 159      |
|    time_elapsed    | 8389     |
|    total_timesteps | 1340606  |
| train/             |          |
|    actor_loss      | 57.4     |
|    critic_loss     | 93.6     |
|    ent_coef        | 0.0186   |
|    ent_coef_loss   | 0.0121   |
|    learning_rate   | 0.0003   |
|    n_updates       | 1339605  |
---------------------------------
---------------------------------
| rollout/           |          |
|    ep_len_mean     | 1.88e+03 |
|    ep_rew_mean     | 637      |
| time/              |          |
|    episodes        | 952      |
|    fps             | 159      |
|    time_elapsed    | 8428     |
|    total_timesteps | 1347084  |
| train/             |          |
|    actor_loss      | 43.7     |
|    critic_loss     | 66.6     |
|    ent_coef        | 0.0188   |
|    ent_coef_loss   | -0.431   |
|    learning_rate   | 0.0003   |
|    n_updates       | 1346083  |
---------------------------------
---------------------------------
| rollout/           |          |
|    ep_len_mean     | 1.9e+03  |
|    ep_rew_mean     | 639      |
| time/              |          |
|    episodes        | 956      |
|    fps             | 159      |
|    time_elapsed    | 8475     |
|    total_timesteps | 1355084  |
| train/             |          |
|    actor_loss      | 36.9     |
|    critic_loss     | 376      |
|    ent_coef        | 0.0182   |
|    ent_coef_loss   | 0.686    |
|    learning_rate   | 0.0003   |
|    n_updates       | 1354083  |
---------------------------------
---------------------------------
| rollout/           |          |
|    ep_len_mean     | 1.9e+03  |
|    ep_rew_mean     | 647      |
| time/              |          |
|    episodes        | 960      |
|    fps             | 159      |
|    time_elapsed    | 8523     |
|    total_timesteps | 1363084  |
| train/             |          |
|    actor_loss      | 60.9     |
|    critic_loss     | 9.05     |
|    ent_coef        | 0.0189   |
|    ent_coef_loss   | 0.156    |
|    learning_rate   | 0.0003   |
|    n_updates       | 1362083  |
---------------------------------
---------------------------------
| rollout/           |          |
|    ep_len_mean     | 1.91e+03 |
|    ep_rew_mean     | 645      |
| time/              |          |
|    episodes        | 964      |
|    fps             | 159      |
|    time_elapsed    | 8570     |
|    total_timesteps | 1370846  |
| train/             |          |
|    actor_loss      | 37.1     |
|    critic_loss     | 64.5     |
|    ent_coef        | 0.0178   |
|    ent_coef_loss   | -0.0265  |
|    learning_rate   | 0.0003   |
|    n_updates       | 1369845  |
---------------------------------
---------------------------------
| rollout/           |          |
|    ep_len_mean     | 1.9e+03  |
|    ep_rew_mean     | 668      |
| time/              |          |
|    episodes        | 968      |
|    fps             | 159      |
|    time_elapsed    | 8611     |
|    total_timesteps | 1377819  |
| train/             |          |
|    actor_loss      | 35.6     |
|    critic_loss     | 19.3     |
|    ent_coef        | 0.0187   |
|    ent_coef_loss   | -1.89    |
|    learning_rate   | 0.0003   |
|    n_updates       | 1376818  |
---------------------------------
---------------------------------
| rollout/           |          |
|    ep_len_mean     | 1.89e+03 |
|    ep_rew_mean     | 644      |
| time/              |          |
|    episodes        | 972      |
|    fps             | 160      |
|    time_elapsed    | 8653     |
|    total_timesteps | 1384730  |
| train/             |          |
|    actor_loss      | 42       |
|    critic_loss     | 95.1     |
|    ent_coef        | 0.0185   |
|    ent_coef_loss   | 1.84     |
|    learning_rate   | 0.0003   |
|    n_updates       | 1383729  |
---------------------------------
---------------------------------
| rollout/           |          |
|    ep_len_mean     | 1.9e+03  |
|    ep_rew_mean     | 650      |
| time/              |          |
|    episodes        | 976      |
|    fps             | 160      |
|    time_elapsed    | 8696     |
|    total_timesteps | 1391961  |
| train/             |          |
|    actor_loss      | 33.3     |
|    critic_loss     | 7.68     |
|    ent_coef        | 0.0187   |
|    ent_coef_loss   | -1.21    |
|    learning_rate   | 0.0003   |
|    n_updates       | 1390960  |
---------------------------------
---------------------------------
| rollout/           |          |
|    ep_len_mean     | 1.91e+03 |
|    ep_rew_mean     | 661      |
| time/              |          |
|    episodes        | 980      |
|    fps             | 160      |
|    time_elapsed    | 8741     |
|    total_timesteps | 1399463  |
| train/             |          |
|    actor_loss      | 37.1     |
|    critic_loss     | 76.1     |
|    ent_coef        | 0.0189   |
|    ent_coef_loss   | 0.145    |
|    learning_rate   | 0.0003   |
|    n_updates       | 1398462  |
---------------------------------
---------------------------------
| rollout/           |          |
|    ep_len_mean     | 1.9e+03  |
|    ep_rew_mean     | 649      |
| time/              |          |
|    episodes        | 984      |
|    fps             | 160      |
|    time_elapsed    | 8782     |
|    total_timesteps | 1406421  |
| train/             |          |
|    actor_loss      | 37.1     |
|    critic_loss     | 21.2     |
|    ent_coef        | 0.0186   |
|    ent_coef_loss   | 0.463    |
|    learning_rate   | 0.0003   |
|    n_updates       | 1405420  |
---------------------------------
---------------------------------
| rollout/           |          |
|    ep_len_mean     | 1.9e+03  |
|    ep_rew_mean     | 645      |
| time/              |          |
|    episodes        | 988      |
|    fps             | 160      |
|    time_elapsed    | 8823     |
|    total_timesteps | 1413282  |
| train/             |          |
|    actor_loss      | 51.9     |
|    critic_loss     | 17.4     |
|    ent_coef        | 0.0189   |
|    ent_coef_loss   | 0.498    |
|    learning_rate   | 0.0003   |
|    n_updates       | 1412281  |
---------------------------------
---------------------------------
| rollout/           |          |
|    ep_len_mean     | 1.9e+03  |
|    ep_rew_mean     | 662      |
| time/              |          |
|    episodes        | 992      |
|    fps             | 160      |
|    time_elapsed    | 8870     |
|    total_timesteps | 1421152  |
| train/             |          |
|    actor_loss      | 30.1     |
|    critic_loss     | 122      |
|    ent_coef        | 0.0188   |
|    ent_coef_loss   | 0.0338   |
|    learning_rate   | 0.0003   |
|    n_updates       | 1420151  |
---------------------------------
---------------------------------
| rollout/           |          |
|    ep_len_mean     | 1.9e+03  |
|    ep_rew_mean     | 667      |
| time/              |          |
|    episodes        | 996      |
|    fps             | 160      |
|    time_elapsed    | 8915     |
|    total_timesteps | 1428570  |
| train/             |          |
|    actor_loss      | 43.3     |
|    critic_loss     | 8.85     |
|    ent_coef        | 0.0181   |
|    ent_coef_loss   | -0.752   |
|    learning_rate   | 0.0003   |
|    n_updates       | 1427569  |
---------------------------------
---------------------------------
| rollout/           |          |
|    ep_len_mean     | 1.87e+03 |
|    ep_rew_mean     | 661      |
| time/              |          |
|    episodes        | 1000     |
|    fps             | 160      |
|    time_elapsed    | 8949     |
|    total_timesteps | 1434319  |
| train/             |          |
|    actor_loss      | 29.7     |
|    critic_loss     | 23       |
|    ent_coef        | 0.0192   |
|    ent_coef_loss   | 0.546    |
|    learning_rate   | 0.0003   |
|    n_updates       | 1433318  |
---------------------------------
---------------------------------
| rollout/           |          |
|    ep_len_mean     | 1.87e+03 |
|    ep_rew_mean     | 652      |
| time/              |          |
|    episodes        | 1004     |
|    fps             | 160      |
|    time_elapsed    | 8993     |
|    total_timesteps | 1441725  |
| train/             |          |
|    actor_loss      | 47.5     |
|    critic_loss     | 17.5     |
|    ent_coef        | 0.019    |
|    ent_coef_loss   | -1.01    |
|    learning_rate   | 0.0003   |
|    n_updates       | 1440724  |
---------------------------------
---------------------------------
| rollout/           |          |
|    ep_len_mean     | 1.87e+03 |
|    ep_rew_mean     | 645      |
| time/              |          |
|    episodes        | 1008     |
|    fps             | 160      |
|    time_elapsed    | 9039     |
|    total_timesteps | 1449392  |
| train/             |          |
|    actor_loss      | 28.5     |
|    critic_loss     | 28.1     |
|    ent_coef        | 0.0183   |
|    ent_coef_loss   | 0.698    |
|    learning_rate   | 0.0003   |
|    n_updates       | 1448391  |
---------------------------------
---------------------------------
| rollout/           |          |
|    ep_len_mean     | 1.87e+03 |
|    ep_rew_mean     | 651      |
| time/              |          |
|    episodes        | 1012     |
|    fps             | 160      |
|    time_elapsed    | 9086     |
|    total_timesteps | 1457169  |
| train/             |          |
|    actor_loss      | 25       |
|    critic_loss     | 8.1      |
|    ent_coef        | 0.0195   |
|    ent_coef_loss   | -0.648   |
|    learning_rate   | 0.0003   |
|    n_updates       | 1456168  |
---------------------------------
---------------------------------
| rollout/           |          |
|    ep_len_mean     | 1.87e+03 |
|    ep_rew_mean     | 655      |
| time/              |          |
|    episodes        | 1016     |
|    fps             | 160      |
|    time_elapsed    | 9133     |
|    total_timesteps | 1465044  |
| train/             |          |
|    actor_loss      | 31.5     |
|    critic_loss     | 19.4     |
|    ent_coef        | 0.0194   |
|    ent_coef_loss   | 1.22     |
|    learning_rate   | 0.0003   |
|    n_updates       | 1464043  |
---------------------------------
---------------------------------
| rollout/           |          |
|    ep_len_mean     | 1.85e+03 |
|    ep_rew_mean     | 643      |
| time/              |          |
|    episodes        | 1020     |
|    fps             | 160      |
|    time_elapsed    | 9172     |
|    total_timesteps | 1471610  |
| train/             |          |
|    actor_loss      | 38       |
|    critic_loss     | 17.7     |
|    ent_coef        | 0.0184   |
|    ent_coef_loss   | 1.2      |
|    learning_rate   | 0.0003   |
|    n_updates       | 1470609  |
---------------------------------
---------------------------------
| rollout/           |          |
|    ep_len_mean     | 1.85e+03 |
|    ep_rew_mean     | 634      |
| time/              |          |
|    episodes        | 1024     |
|    fps             | 160      |
|    time_elapsed    | 9217     |
|    total_timesteps | 1479262  |
| train/             |          |
|    actor_loss      | 17       |
|    critic_loss     | 38.5     |
|    ent_coef        | 0.0183   |
|    ent_coef_loss   | -1.74    |
|    learning_rate   | 0.0003   |
|    n_updates       | 1478261  |
---------------------------------
---------------------------------
| rollout/           |          |
|    ep_len_mean     | 1.84e+03 |
|    ep_rew_mean     | 616      |
| time/              |          |
|    episodes        | 1028     |
|    fps             | 160      |
|    time_elapsed    | 9259     |
|    total_timesteps | 1486169  |
| train/             |          |
|    actor_loss      | 30.2     |
|    critic_loss     | 11.4     |
|    ent_coef        | 0.0192   |
|    ent_coef_loss   | -2.31    |
|    learning_rate   | 0.0003   |
|    n_updates       | 1485168  |
---------------------------------
---------------------------------
| rollout/           |          |
|    ep_len_mean     | 1.83e+03 |
|    ep_rew_mean     | 615      |
| time/              |          |
|    episodes        | 1032     |
|    fps             | 160      |
|    time_elapsed    | 9297     |
|    total_timesteps | 1492595  |
| train/             |          |
|    actor_loss      | 38.1     |
|    critic_loss     | 19.1     |
|    ent_coef        | 0.0192   |
|    ent_coef_loss   | 0.31     |
|    learning_rate   | 0.0003   |
|    n_updates       | 1491594  |
---------------------------------
---------------------------------
| rollout/           |          |
|    ep_len_mean     | 1.8e+03  |
|    ep_rew_mean     | 601      |
| time/              |          |
|    episodes        | 1036     |
|    fps             | 160      |
|    time_elapsed    | 9326     |
|    total_timesteps | 1497400  |
| train/             |          |
|    actor_loss      | 24.5     |
|    critic_loss     | 31       |
|    ent_coef        | 0.0184   |
|    ent_coef_loss   | -0.864   |
|    learning_rate   | 0.0003   |
|    n_updates       | 1496399  |
---------------------------------
---------------------------------
| rollout/           |          |
|    ep_len_mean     | 1.77e+03 |
|    ep_rew_mean     | 595      |
| time/              |          |
|    episodes        | 1040     |
|    fps             | 160      |
|    time_elapsed    | 9355     |
|    total_timesteps | 1502132  |
| train/             |          |
|    actor_loss      | 45.1     |
|    critic_loss     | 24.3     |
|    ent_coef        | 0.0187   |
|    ent_coef_loss   | 0.193    |
|    learning_rate   | 0.0003   |
|    n_updates       | 1501131  |
---------------------------------
---------------------------------
| rollout/           |          |
|    ep_len_mean     | 1.73e+03 |
|    ep_rew_mean     | 564      |
| time/              |          |
|    episodes        | 1044     |
|    fps             | 160      |
|    time_elapsed    | 9376     |
|    total_timesteps | 1505640  |
| train/             |          |
|    actor_loss      | 45.1     |
|    critic_loss     | 22.7     |
|    ent_coef        | 0.0192   |
|    ent_coef_loss   | -0.331   |
|    learning_rate   | 0.0003   |
|    n_updates       | 1504639  |
---------------------------------
---------------------------------
| rollout/           |          |
|    ep_len_mean     | 1.7e+03  |
|    ep_rew_mean     | 556      |
| time/              |          |
|    episodes        | 1048     |
|    fps             | 160      |
|    time_elapsed    | 9405     |
|    total_timesteps | 1510609  |
| train/             |          |
|    actor_loss      | 49.3     |
|    critic_loss     | 20.1     |
|    ent_coef        | 0.0206   |
|    ent_coef_loss   | 0.368    |
|    learning_rate   | 0.0003   |
|    n_updates       | 1509608  |
---------------------------------
---------------------------------
| rollout/           |          |
|    ep_len_mean     | 1.68e+03 |
|    ep_rew_mean     | 543      |
| time/              |          |
|    episodes        | 1052     |
|    fps             | 160      |
|    time_elapsed    | 9432     |
|    total_timesteps | 1515135  |
| train/             |          |
|    actor_loss      | 50.5     |
|    critic_loss     | 375      |
|    ent_coef        | 0.0201   |
|    ent_coef_loss   | 0.213    |
|    learning_rate   | 0.0003   |
|    n_updates       | 1514134  |
---------------------------------
---------------------------------
| rollout/           |          |
|    ep_len_mean     | 1.66e+03 |
|    ep_rew_mean     | 555      |
| time/              |          |
|    episodes        | 1056     |
|    fps             | 160      |
|    time_elapsed    | 9468     |
|    total_timesteps | 1521028  |
| train/             |          |
|    actor_loss      | 44.9     |
|    critic_loss     | 16.7     |
|    ent_coef        | 0.0194   |
|    ent_coef_loss   | -1.66    |
|    learning_rate   | 0.0003   |
|    n_updates       | 1520027  |
---------------------------------
---------------------------------
| rollout/           |          |
|    ep_len_mean     | 1.63e+03 |
|    ep_rew_mean     | 519      |
| time/              |          |
|    episodes        | 1060     |
|    fps             | 160      |
|    time_elapsed    | 9495     |
|    total_timesteps | 1525637  |
| train/             |          |
|    actor_loss      | 35.7     |
|    critic_loss     | 3.2e+03  |
|    ent_coef        | 0.0201   |
|    ent_coef_loss   | -0.8     |
|    learning_rate   | 0.0003   |
|    n_updates       | 1524636  |
---------------------------------
---------------------------------
| rollout/           |          |
|    ep_len_mean     | 1.62e+03 |
|    ep_rew_mean     | 511      |
| time/              |          |
|    episodes        | 1064     |
|    fps             | 160      |
|    time_elapsed    | 9539     |
|    total_timesteps | 1532943  |
| train/             |          |
|    actor_loss      | 40       |
|    critic_loss     | 39.7     |
|    ent_coef        | 0.0197   |
|    ent_coef_loss   | -1.24    |
|    learning_rate   | 0.0003   |
|    n_updates       | 1531942  |
---------------------------------
---------------------------------
| rollout/           |          |
|    ep_len_mean     | 1.62e+03 |
|    ep_rew_mean     | 503      |
| time/              |          |
|    episodes        | 1068     |
|    fps             | 160      |
|    time_elapsed    | 9580     |
|    total_timesteps | 1539729  |
| train/             |          |
|    actor_loss      | 35.8     |
|    critic_loss     | 14       |
|    ent_coef        | 0.0193   |
|    ent_coef_loss   | -0.0377  |
|    learning_rate   | 0.0003   |
|    n_updates       | 1538728  |
---------------------------------
---------------------------------
| rollout/           |          |
|    ep_len_mean     | 1.62e+03 |
|    ep_rew_mean     | 513      |
| time/              |          |
|    episodes        | 1072     |
|    fps             | 160      |
|    time_elapsed    | 9623     |
|    total_timesteps | 1546970  |
| train/             |          |
|    actor_loss      | 34.1     |
|    critic_loss     | 23       |
|    ent_coef        | 0.0205   |
|    ent_coef_loss   | -0.145   |
|    learning_rate   | 0.0003   |
|    n_updates       | 1545969  |
---------------------------------
---------------------------------
| rollout/           |          |
|    ep_len_mean     | 1.62e+03 |
|    ep_rew_mean     | 508      |
| time/              |          |
|    episodes        | 1076     |
|    fps             | 160      |
|    time_elapsed    | 9663     |
|    total_timesteps | 1553638  |
| train/             |          |
|    actor_loss      | 56.5     |
|    critic_loss     | 76.8     |
|    ent_coef        | 0.0199   |
|    ent_coef_loss   | -0.554   |
|    learning_rate   | 0.0003   |
|    n_updates       | 1552637  |
---------------------------------
---------------------------------
| rollout/           |          |
|    ep_len_mean     | 1.61e+03 |
|    ep_rew_mean     | 480      |
| time/              |          |
|    episodes        | 1080     |
|    fps             | 160      |
|    time_elapsed    | 9705     |
|    total_timesteps | 1560737  |
| train/             |          |
|    actor_loss      | 37.1     |
|    critic_loss     | 12.3     |
|    ent_coef        | 0.0198   |
|    ent_coef_loss   | -0.31    |
|    learning_rate   | 0.0003   |
|    n_updates       | 1559736  |
---------------------------------
---------------------------------
| rollout/           |          |
|    ep_len_mean     | 1.61e+03 |
|    ep_rew_mean     | 447      |
| time/              |          |
|    episodes        | 1084     |
|    fps             | 160      |
|    time_elapsed    | 9743     |
|    total_timesteps | 1566959  |
| train/             |          |
|    actor_loss      | 52.3     |
|    critic_loss     | 220      |
|    ent_coef        | 0.0202   |
|    ent_coef_loss   | 1.87     |
|    learning_rate   | 0.0003   |
|    n_updates       | 1565958  |
---------------------------------
---------------------------------
| rollout/           |          |
|    ep_len_mean     | 1.6e+03  |
|    ep_rew_mean     | 453      |
| time/              |          |
|    episodes        | 1088     |
|    fps             | 160      |
|    time_elapsed    | 9780     |
|    total_timesteps | 1573145  |
| train/             |          |
|    actor_loss      | 24.7     |
|    critic_loss     | 12.8     |
|    ent_coef        | 0.0195   |
|    ent_coef_loss   | -1.37    |
|    learning_rate   | 0.0003   |
|    n_updates       | 1572144  |
---------------------------------
---------------------------------
| rollout/           |          |
|    ep_len_mean     | 1.59e+03 |
|    ep_rew_mean     | 450      |
| time/              |          |
|    episodes        | 1092     |
|    fps             | 160      |
|    time_elapsed    | 9822     |
|    total_timesteps | 1580227  |
| train/             |          |
|    actor_loss      | 61.9     |
|    critic_loss     | 30.2     |
|    ent_coef        | 0.0201   |
|    ent_coef_loss   | -2.04    |
|    learning_rate   | 0.0003   |
|    n_updates       | 1579226  |
---------------------------------
---------------------------------
| rollout/           |          |
|    ep_len_mean     | 1.58e+03 |
|    ep_rew_mean     | 441      |
| time/              |          |
|    episodes        | 1096     |
|    fps             | 160      |
|    time_elapsed    | 9858     |
|    total_timesteps | 1586201  |
| train/             |          |
|    actor_loss      | 36.6     |
|    critic_loss     | 24.1     |
|    ent_coef        | 0.0209   |
|    ent_coef_loss   | 1.45     |
|    learning_rate   | 0.0003   |
|    n_updates       | 1585200  |
---------------------------------
---------------------------------
| rollout/           |          |
|    ep_len_mean     | 1.58e+03 |
|    ep_rew_mean     | 447      |
| time/              |          |
|    episodes        | 1100     |
|    fps             | 160      |
|    time_elapsed    | 9893     |
|    total_timesteps | 1592138  |
| train/             |          |
|    actor_loss      | 39.7     |
|    critic_loss     | 14.1     |
|    ent_coef        | 0.0201   |
|    ent_coef_loss   | -1.4     |
|    learning_rate   | 0.0003   |
|    n_updates       | 1591137  |
---------------------------------
---------------------------------
| rollout/           |          |
|    ep_len_mean     | 1.57e+03 |
|    ep_rew_mean     | 458      |
| time/              |          |
|    episodes        | 1104     |
|    fps             | 160      |
|    time_elapsed    | 9932     |
|    total_timesteps | 1598537  |
| train/             |          |
|    actor_loss      | 71       |
|    critic_loss     | 25.2     |
|    ent_coef        | 0.0206   |
|    ent_coef_loss   | 0.777    |
|    learning_rate   | 0.0003   |
|    n_updates       | 1597536  |
---------------------------------
---------------------------------
| rollout/           |          |
|    ep_len_mean     | 1.55e+03 |
|    ep_rew_mean     | 451      |
| time/              |          |
|    episodes        | 1108     |
|    fps             | 160      |
|    time_elapsed    | 9967     |
|    total_timesteps | 1604365  |
| train/             |          |
|    actor_loss      | 40.1     |
|    critic_loss     | 13.2     |
|    ent_coef        | 0.0214   |
|    ent_coef_loss   | -2.64    |
|    learning_rate   | 0.0003   |
|    n_updates       | 1603364  |
---------------------------------
---------------------------------
| rollout/           |          |
|    ep_len_mean     | 1.54e+03 |
|    ep_rew_mean     | 448      |
| time/              |          |
|    episodes        | 1112     |
|    fps             | 160      |
|    time_elapsed    | 10009    |
|    total_timesteps | 1611536  |
| train/             |          |
|    actor_loss      | 35.1     |
|    critic_loss     | 20       |
|    ent_coef        | 0.0207   |
|    ent_coef_loss   | -0.111   |
|    learning_rate   | 0.0003   |
|    n_updates       | 1610535  |
---------------------------------
---------------------------------
| rollout/           |          |
|    ep_len_mean     | 1.54e+03 |
|    ep_rew_mean     | 434      |
| time/              |          |
|    episodes        | 1116     |
|    fps             | 161      |
|    time_elapsed    | 10056    |
|    total_timesteps | 1619379  |
| train/             |          |
|    actor_loss      | 62.6     |
|    critic_loss     | 23.9     |
|    ent_coef        | 0.0208   |
|    ent_coef_loss   | 1.93     |
|    learning_rate   | 0.0003   |
|    n_updates       | 1618378  |
---------------------------------
---------------------------------
| rollout/           |          |
|    ep_len_mean     | 1.54e+03 |
|    ep_rew_mean     | 423      |
| time/              |          |
|    episodes        | 1120     |
|    fps             | 161      |
|    time_elapsed    | 10095    |
|    total_timesteps | 1625912  |
| train/             |          |
|    actor_loss      | 41.4     |
|    critic_loss     | 24       |
|    ent_coef        | 0.0204   |
|    ent_coef_loss   | -2.11    |
|    learning_rate   | 0.0003   |
|    n_updates       | 1624911  |
---------------------------------
---------------------------------
| rollout/           |          |
|    ep_len_mean     | 1.52e+03 |
|    ep_rew_mean     | 422      |
| time/              |          |
|    episodes        | 1124     |
|    fps             | 161      |
|    time_elapsed    | 10129    |
|    total_timesteps | 1631513  |
| train/             |          |
|    actor_loss      | 30.5     |
|    critic_loss     | 17.5     |
|    ent_coef        | 0.0213   |
|    ent_coef_loss   | -2.28    |
|    learning_rate   | 0.0003   |
|    n_updates       | 1630512  |
---------------------------------
---------------------------------
| rollout/           |          |
|    ep_len_mean     | 1.48e+03 |
|    ep_rew_mean     | 411      |
| time/              |          |
|    episodes        | 1128     |
|    fps             | 161      |
|    time_elapsed    | 10145    |
|    total_timesteps | 1634232  |
| train/             |          |
|    actor_loss      | 52.1     |
|    critic_loss     | 28.5     |
|    ent_coef        | 0.0213   |
|    ent_coef_loss   | -0.549   |
|    learning_rate   | 0.0003   |
|    n_updates       | 1633231  |
---------------------------------
---------------------------------
| rollout/           |          |
|    ep_len_mean     | 1.49e+03 |
|    ep_rew_mean     | 422      |
| time/              |          |
|    episodes        | 1132     |
|    fps             | 161      |
|    time_elapsed    | 10189    |
|    total_timesteps | 1641493  |
| train/             |          |
|    actor_loss      | 54.7     |
|    critic_loss     | 20.7     |
|    ent_coef        | 0.0218   |
|    ent_coef_loss   | -0.148   |
|    learning_rate   | 0.0003   |
|    n_updates       | 1640492  |
---------------------------------
---------------------------------
| rollout/           |          |
|    ep_len_mean     | 1.49e+03 |
|    ep_rew_mean     | 424      |
| time/              |          |
|    episodes        | 1136     |
|    fps             | 161      |
|    time_elapsed    | 10221    |
|    total_timesteps | 1646828  |
| train/             |          |
|    actor_loss      | 44.3     |
|    critic_loss     | 40.7     |
|    ent_coef        | 0.0215   |
|    ent_coef_loss   | -0.0667  |
|    learning_rate   | 0.0003   |
|    n_updates       | 1645827  |
---------------------------------
---------------------------------
| rollout/           |          |
|    ep_len_mean     | 1.49e+03 |
|    ep_rew_mean     | 415      |
| time/              |          |
|    episodes        | 1140     |
|    fps             | 161      |
|    time_elapsed    | 10249    |
|    total_timesteps | 1651490  |
| train/             |          |
|    actor_loss      | 57.3     |
|    critic_loss     | 30.2     |
|    ent_coef        | 0.0228   |
|    ent_coef_loss   | -2.71    |
|    learning_rate   | 0.0003   |
|    n_updates       | 1650489  |
---------------------------------
---------------------------------
| rollout/           |          |
|    ep_len_mean     | 1.53e+03 |
|    ep_rew_mean     | 433      |
| time/              |          |
|    episodes        | 1144     |
|    fps             | 161      |
|    time_elapsed    | 10290    |
|    total_timesteps | 1658396  |
| train/             |          |
|    actor_loss      | 52       |
|    critic_loss     | 41.1     |
|    ent_coef        | 0.0238   |
|    ent_coef_loss   | 1.86     |
|    learning_rate   | 0.0003   |
|    n_updates       | 1657395  |
---------------------------------
---------------------------------
| rollout/           |          |
|    ep_len_mean     | 1.54e+03 |
|    ep_rew_mean     | 435      |
| time/              |          |
|    episodes        | 1148     |
|    fps             | 161      |
|    time_elapsed    | 10329    |
|    total_timesteps | 1664926  |
| train/             |          |
|    actor_loss      | 63.9     |
|    critic_loss     | 18.1     |
|    ent_coef        | 0.0241   |
|    ent_coef_loss   | -0.717   |
|    learning_rate   | 0.0003   |
|    n_updates       | 1663925  |
---------------------------------
---------------------------------
| rollout/           |          |
|    ep_len_mean     | 1.56e+03 |
|    ep_rew_mean     | 460      |
| time/              |          |
|    episodes        | 1152     |
|    fps             | 161      |
|    time_elapsed    | 10366    |
|    total_timesteps | 1671069  |
| train/             |          |
|    actor_loss      | 35.9     |
|    critic_loss     | 18.1     |
|    ent_coef        | 0.0234   |
|    ent_coef_loss   | 0.143    |
|    learning_rate   | 0.0003   |
|    n_updates       | 1670068  |
---------------------------------
---------------------------------
| rollout/           |          |
|    ep_len_mean     | 1.54e+03 |
|    ep_rew_mean     | 441      |
| time/              |          |
|    episodes        | 1156     |
|    fps             | 161      |
|    time_elapsed    | 10392    |
|    total_timesteps | 1675335  |
| train/             |          |
|    actor_loss      | 58.2     |
|    critic_loss     | 11       |
|    ent_coef        | 0.0237   |
|    ent_coef_loss   | 0.568    |
|    learning_rate   | 0.0003   |
|    n_updates       | 1674334  |
---------------------------------
---------------------------------
| rollout/           |          |
|    ep_len_mean     | 1.57e+03 |
|    ep_rew_mean     | 469      |
| time/              |          |
|    episodes        | 1160     |
|    fps             | 161      |
|    time_elapsed    | 10437    |
|    total_timesteps | 1682869  |
| train/             |          |
|    actor_loss      | 48.1     |
|    critic_loss     | 13.5     |
|    ent_coef        | 0.023    |
|    ent_coef_loss   | 0.7      |
|    learning_rate   | 0.0003   |
|    n_updates       | 1681868  |
---------------------------------
---------------------------------
| rollout/           |          |
|    ep_len_mean     | 1.58e+03 |
|    ep_rew_mean     | 479      |
| time/              |          |
|    episodes        | 1164     |
|    fps             | 161      |
|    time_elapsed    | 10485    |
|    total_timesteps | 1690869  |
| train/             |          |
|    actor_loss      | 48.8     |
|    critic_loss     | 41.2     |
|    ent_coef        | 0.0234   |
|    ent_coef_loss   | -2.12    |
|    learning_rate   | 0.0003   |
|    n_updates       | 1689868  |
---------------------------------
---------------------------------
| rollout/           |          |
|    ep_len_mean     | 1.59e+03 |
|    ep_rew_mean     | 482      |
| time/              |          |
|    episodes        | 1168     |
|    fps             | 161      |
|    time_elapsed    | 10529    |
|    total_timesteps | 1698322  |
| train/             |          |
|    actor_loss      | 57.1     |
|    critic_loss     | 40.6     |
|    ent_coef        | 0.0227   |
|    ent_coef_loss   | 1.58     |
|    learning_rate   | 0.0003   |
|    n_updates       | 1697321  |
---------------------------------
---------------------------------
| rollout/           |          |
|    ep_len_mean     | 1.58e+03 |
|    ep_rew_mean     | 484      |
| time/              |          |
|    episodes        | 1172     |
|    fps             | 161      |
|    time_elapsed    | 10570    |
|    total_timesteps | 1705087  |
| train/             |          |
|    actor_loss      | 53.2     |
|    critic_loss     | 28.7     |
|    ent_coef        | 0.023    |
|    ent_coef_loss   | -1.54    |
|    learning_rate   | 0.0003   |
|    n_updates       | 1704086  |
---------------------------------
---------------------------------
| rollout/           |          |
|    ep_len_mean     | 1.59e+03 |
|    ep_rew_mean     | 495      |
| time/              |          |
|    episodes        | 1176     |
|    fps             | 161      |
|    time_elapsed    | 10617    |
|    total_timesteps | 1713060  |
| train/             |          |
|    actor_loss      | 44.6     |
|    critic_loss     | 15.4     |
|    ent_coef        | 0.023    |
|    ent_coef_loss   | -2.39    |
|    learning_rate   | 0.0003   |
|    n_updates       | 1712059  |
---------------------------------
---------------------------------
| rollout/           |          |
|    ep_len_mean     | 1.59e+03 |
|    ep_rew_mean     | 505      |
| time/              |          |
|    episodes        | 1180     |
|    fps             | 161      |
|    time_elapsed    | 10655    |
|    total_timesteps | 1719371  |
| train/             |          |
|    actor_loss      | 39.9     |
|    critic_loss     | 30.8     |
|    ent_coef        | 0.0228   |
|    ent_coef_loss   | -0.95    |
|    learning_rate   | 0.0003   |
|    n_updates       | 1718370  |
---------------------------------
---------------------------------
| rollout/           |          |
|    ep_len_mean     | 1.58e+03 |
|    ep_rew_mean     | 528      |
| time/              |          |
|    episodes        | 1184     |
|    fps             | 161      |
|    time_elapsed    | 10689    |
|    total_timesteps | 1725023  |
| train/             |          |
|    actor_loss      | 49.1     |
|    critic_loss     | 15.7     |
|    ent_coef        | 0.0215   |
|    ent_coef_loss   | 0.698    |
|    learning_rate   | 0.0003   |
|    n_updates       | 1724022  |
---------------------------------
---------------------------------
| rollout/           |          |
|    ep_len_mean     | 1.59e+03 |
|    ep_rew_mean     | 527      |
| time/              |          |
|    episodes        | 1188     |
|    fps             | 161      |
|    time_elapsed    | 10731    |
|    total_timesteps | 1731995  |
| train/             |          |
|    actor_loss      | 83.7     |
|    critic_loss     | 39.4     |
|    ent_coef        | 0.0228   |
|    ent_coef_loss   | 1.97     |
|    learning_rate   | 0.0003   |
|    n_updates       | 1730994  |
---------------------------------
---------------------------------
| rollout/           |          |
|    ep_len_mean     | 1.57e+03 |
|    ep_rew_mean     | 505      |
| time/              |          |
|    episodes        | 1192     |
|    fps             | 161      |
|    time_elapsed    | 10760    |
|    total_timesteps | 1736885  |
| train/             |          |
|    actor_loss      | 41.7     |
|    critic_loss     | 15.6     |
|    ent_coef        | 0.0229   |
|    ent_coef_loss   | -1.24    |
|    learning_rate   | 0.0003   |
|    n_updates       | 1735884  |
---------------------------------
---------------------------------
| rollout/           |          |
|    ep_len_mean     | 1.58e+03 |
|    ep_rew_mean     | 498      |
| time/              |          |
|    episodes        | 1196     |
|    fps             | 161      |
|    time_elapsed    | 10805    |
|    total_timesteps | 1744486  |
| train/             |          |
|    actor_loss      | 35.8     |
|    critic_loss     | 62.7     |
|    ent_coef        | 0.023    |
|    ent_coef_loss   | -2.09    |
|    learning_rate   | 0.0003   |
|    n_updates       | 1743485  |
---------------------------------
---------------------------------
| rollout/           |          |
|    ep_len_mean     | 1.59e+03 |
|    ep_rew_mean     | 511      |
| time/              |          |
|    episodes        | 1200     |
|    fps             | 161      |
|    time_elapsed    | 10845    |
|    total_timesteps | 1751174  |
| train/             |          |
|    actor_loss      | 73       |
|    critic_loss     | 70.1     |
|    ent_coef        | 0.0228   |
|    ent_coef_loss   | -0.77    |
|    learning_rate   | 0.0003   |
|    n_updates       | 1750173  |
---------------------------------
---------------------------------
| rollout/           |          |
|    ep_len_mean     | 1.6e+03  |
|    ep_rew_mean     | 507      |
| time/              |          |
|    episodes        | 1204     |
|    fps             | 161      |
|    time_elapsed    | 10892    |
|    total_timesteps | 1758918  |
| train/             |          |
|    actor_loss      | 74.8     |
|    critic_loss     | 19.9     |
|    ent_coef        | 0.0223   |
|    ent_coef_loss   | 1.99     |
|    learning_rate   | 0.0003   |
|    n_updates       | 1757917  |
---------------------------------
---------------------------------
| rollout/           |          |
|    ep_len_mean     | 1.62e+03 |
|    ep_rew_mean     | 530      |
| time/              |          |
|    episodes        | 1208     |
|    fps             | 161      |
|    time_elapsed    | 10938    |
|    total_timesteps | 1766591  |
| train/             |          |
|    actor_loss      | 68       |
|    critic_loss     | 509      |
|    ent_coef        | 0.0226   |
|    ent_coef_loss   | 0.142    |
|    learning_rate   | 0.0003   |
|    n_updates       | 1765590  |
---------------------------------
---------------------------------
| rollout/           |          |
|    ep_len_mean     | 1.62e+03 |
|    ep_rew_mean     | 525      |
| time/              |          |
|    episodes        | 1212     |
|    fps             | 161      |
|    time_elapsed    | 10978    |
|    total_timesteps | 1773262  |
| train/             |          |
|    actor_loss      | 90.8     |
|    critic_loss     | 24.8     |
|    ent_coef        | 0.0223   |
|    ent_coef_loss   | 1.98     |
|    learning_rate   | 0.0003   |
|    n_updates       | 1772261  |
---------------------------------
---------------------------------
| rollout/           |          |
|    ep_len_mean     | 1.62e+03 |
|    ep_rew_mean     | 538      |
| time/              |          |
|    episodes        | 1216     |
|    fps             | 161      |
|    time_elapsed    | 11025    |
|    total_timesteps | 1781187  |
| train/             |          |
|    actor_loss      | 37.5     |
|    critic_loss     | 10.2     |
|    ent_coef        | 0.0219   |
|    ent_coef_loss   | -1.53    |
|    learning_rate   | 0.0003   |
|    n_updates       | 1780186  |
---------------------------------
---------------------------------
| rollout/           |          |
|    ep_len_mean     | 1.63e+03 |
|    ep_rew_mean     | 552      |
| time/              |          |
|    episodes        | 1220     |
|    fps             | 161      |
|    time_elapsed    | 11073    |
|    total_timesteps | 1789187  |
| train/             |          |
|    actor_loss      | 62.7     |
|    critic_loss     | 14       |
|    ent_coef        | 0.0226   |
|    ent_coef_loss   | -1.44    |
|    learning_rate   | 0.0003   |
|    n_updates       | 1788186  |
---------------------------------
---------------------------------
| rollout/           |          |
|    ep_len_mean     | 1.65e+03 |
|    ep_rew_mean     | 587      |
| time/              |          |
|    episodes        | 1224     |
|    fps             | 161      |
|    time_elapsed    | 11117    |
|    total_timesteps | 1796504  |
| train/             |          |
|    actor_loss      | 70.6     |
|    critic_loss     | 20.8     |
|    ent_coef        | 0.022    |
|    ent_coef_loss   | 0.531    |
|    learning_rate   | 0.0003   |
|    n_updates       | 1795503  |
---------------------------------
---------------------------------
| rollout/           |          |
|    ep_len_mean     | 1.69e+03 |
|    ep_rew_mean     | 596      |
| time/              |          |
|    episodes        | 1228     |
|    fps             | 161      |
|    time_elapsed    | 11160    |
|    total_timesteps | 1803685  |
| train/             |          |
|    actor_loss      | 51.2     |
|    critic_loss     | 13       |
|    ent_coef        | 0.0221   |
|    ent_coef_loss   | -1.58    |
|    learning_rate   | 0.0003   |
|    n_updates       | 1802684  |
---------------------------------
---------------------------------
| rollout/           |          |
|    ep_len_mean     | 1.69e+03 |
|    ep_rew_mean     | 589      |
| time/              |          |
|    episodes        | 1232     |
|    fps             | 161      |
|    time_elapsed    | 11201    |
|    total_timesteps | 1810407  |
| train/             |          |
|    actor_loss      | 50.7     |
|    critic_loss     | 57.4     |
|    ent_coef        | 0.023    |
|    ent_coef_loss   | 0.096    |
|    learning_rate   | 0.0003   |
|    n_updates       | 1809406  |
---------------------------------
---------------------------------
| rollout/           |          |
|    ep_len_mean     | 1.72e+03 |
|    ep_rew_mean     | 608      |
| time/              |          |
|    episodes        | 1236     |
|    fps             | 161      |
|    time_elapsed    | 11249    |
|    total_timesteps | 1818402  |
| train/             |          |
|    actor_loss      | 47.8     |
|    critic_loss     | 25.2     |
|    ent_coef        | 0.0234   |
|    ent_coef_loss   | 1.36     |
|    learning_rate   | 0.0003   |
|    n_updates       | 1817401  |
---------------------------------
---------------------------------
| rollout/           |          |
|    ep_len_mean     | 1.75e+03 |
|    ep_rew_mean     | 637      |
| time/              |          |
|    episodes        | 1240     |
|    fps             | 161      |
|    time_elapsed    | 11297    |
|    total_timesteps | 1826402  |
| train/             |          |
|    actor_loss      | 69.2     |
|    critic_loss     | 799      |
|    ent_coef        | 0.0221   |
|    ent_coef_loss   | 2.79     |
|    learning_rate   | 0.0003   |
|    n_updates       | 1825401  |
---------------------------------
---------------------------------
| rollout/           |          |
|    ep_len_mean     | 1.76e+03 |
|    ep_rew_mean     | 607      |
| time/              |          |
|    episodes        | 1244     |
|    fps             | 161      |
|    time_elapsed    | 11343    |
|    total_timesteps | 1834103  |
| train/             |          |
|    actor_loss      | 68.7     |
|    critic_loss     | 103      |
|    ent_coef        | 0.0221   |
|    ent_coef_loss   | -0.564   |
|    learning_rate   | 0.0003   |
|    n_updates       | 1833102  |
---------------------------------
---------------------------------
| rollout/           |          |
|    ep_len_mean     | 1.77e+03 |
|    ep_rew_mean     | 602      |
| time/              |          |
|    episodes        | 1248     |
|    fps             | 161      |
|    time_elapsed    | 11389    |
|    total_timesteps | 1841923  |
| train/             |          |
|    actor_loss      | 61.8     |
|    critic_loss     | 23.9     |
|    ent_coef        | 0.0239   |
|    ent_coef_loss   | -1.47    |
|    learning_rate   | 0.0003   |
|    n_updates       | 1840922  |
---------------------------------
---------------------------------
| rollout/           |          |
|    ep_len_mean     | 1.71e+03 |
|    ep_rew_mean     | 596      |
| time/              |          |
|    episodes        | 1252     |
|    fps             | 161      |
|    time_elapsed    | 11393    |
|    total_timesteps | 1842517  |
| train/             |          |
|    actor_loss      | 67.5     |
|    critic_loss     | 17.1     |
|    ent_coef        | 0.024    |
|    ent_coef_loss   | 0.00334  |
|    learning_rate   | 0.0003   |
|    n_updates       | 1841516  |
---------------------------------
---------------------------------
| rollout/           |          |
|    ep_len_mean     | 1.68e+03 |
|    ep_rew_mean     | 576      |
| time/              |          |
|    episodes        | 1256     |
|    fps             | 161      |
|    time_elapsed    | 11397    |
|    total_timesteps | 1843203  |
| train/             |          |
|    actor_loss      | 70.1     |
|    critic_loss     | 14.3     |
|    ent_coef        | 0.0242   |
|    ent_coef_loss   | 0.159    |
|    learning_rate   | 0.0003   |
|    n_updates       | 1842202  |
---------------------------------
---------------------------------
| rollout/           |          |
|    ep_len_mean     | 1.61e+03 |
|    ep_rew_mean     | 549      |
| time/              |          |
|    episodes        | 1260     |
|    fps             | 161      |
|    time_elapsed    | 11400    |
|    total_timesteps | 1843717  |
| train/             |          |
|    actor_loss      | 51.8     |
|    critic_loss     | 21.3     |
|    ent_coef        | 0.0241   |
|    ent_coef_loss   | 0.748    |
|    learning_rate   | 0.0003   |
|    n_updates       | 1842716  |
---------------------------------
---------------------------------
| rollout/           |          |
|    ep_len_mean     | 1.57e+03 |
|    ep_rew_mean     | 542      |
| time/              |          |
|    episodes        | 1264     |
|    fps             | 161      |
|    time_elapsed    | 11424    |
|    total_timesteps | 1847671  |
| train/             |          |
|    actor_loss      | 85       |
|    critic_loss     | 26.5     |
|    ent_coef        | 0.0247   |
|    ent_coef_loss   | 0.324    |
|    learning_rate   | 0.0003   |
|    n_updates       | 1846670  |
---------------------------------
---------------------------------
| rollout/           |          |
|    ep_len_mean     | 1.54e+03 |
|    ep_rew_mean     | 525      |
| time/              |          |
|    episodes        | 1268     |
|    fps             | 161      |
|    time_elapsed    | 11451    |
|    total_timesteps | 1852252  |
| train/             |          |
|    actor_loss      | 58       |
|    critic_loss     | 25.2     |
|    ent_coef        | 0.0248   |
|    ent_coef_loss   | 0.932    |
|    learning_rate   | 0.0003   |
|    n_updates       | 1851251  |
---------------------------------
---------------------------------
| rollout/           |          |
|    ep_len_mean     | 1.54e+03 |
|    ep_rew_mean     | 517      |
| time/              |          |
|    episodes        | 1272     |
|    fps             | 161      |
|    time_elapsed    | 11491    |
|    total_timesteps | 1858887  |
| train/             |          |
|    actor_loss      | 51.4     |
|    critic_loss     | 17.7     |
|    ent_coef        | 0.0244   |
|    ent_coef_loss   | 0.957    |
|    learning_rate   | 0.0003   |
|    n_updates       | 1857886  |
---------------------------------
---------------------------------
| rollout/           |          |
|    ep_len_mean     | 1.51e+03 |
|    ep_rew_mean     | 501      |
| time/              |          |
|    episodes        | 1276     |
|    fps             | 161      |
|    time_elapsed    | 11521    |
|    total_timesteps | 1863966  |
| train/             |          |
|    actor_loss      | 80.1     |
|    critic_loss     | 2.72e+03 |
|    ent_coef        | 0.0248   |
|    ent_coef_loss   | -0.385   |
|    learning_rate   | 0.0003   |
|    n_updates       | 1862965  |
---------------------------------
---------------------------------
| rollout/           |          |
|    ep_len_mean     | 1.49e+03 |
|    ep_rew_mean     | 497      |
| time/              |          |
|    episodes        | 1280     |
|    fps             | 161      |
|    time_elapsed    | 11548    |
|    total_timesteps | 1868350  |
| train/             |          |
|    actor_loss      | 66.7     |
|    critic_loss     | 61.1     |
|    ent_coef        | 0.0257   |
|    ent_coef_loss   | -0.679   |
|    learning_rate   | 0.0003   |
|    n_updates       | 1867349  |
---------------------------------
---------------------------------
| rollout/           |          |
|    ep_len_mean     | 1.5e+03  |
|    ep_rew_mean     | 506      |
| time/              |          |
|    episodes        | 1284     |
|    fps             | 161      |
|    time_elapsed    | 11589    |
|    total_timesteps | 1875246  |
| train/             |          |
|    actor_loss      | 79.2     |
|    critic_loss     | 29.1     |
|    ent_coef        | 0.0254   |
|    ent_coef_loss   | 1.02     |
|    learning_rate   | 0.0003   |
|    n_updates       | 1874245  |
---------------------------------
---------------------------------
| rollout/           |          |
|    ep_len_mean     | 1.49e+03 |
|    ep_rew_mean     | 487      |
| time/              |          |
|    episodes        | 1288     |
|    fps             | 161      |
|    time_elapsed    | 11624    |
|    total_timesteps | 1881179  |
| train/             |          |
|    actor_loss      | 68.9     |
|    critic_loss     | 37.5     |
|    ent_coef        | 0.0244   |
|    ent_coef_loss   | -2.01    |
|    learning_rate   | 0.0003   |
|    n_updates       | 1880178  |
---------------------------------
---------------------------------
| rollout/           |          |
|    ep_len_mean     | 1.52e+03 |
|    ep_rew_mean     | 510      |
| time/              |          |
|    episodes        | 1292     |
|    fps             | 161      |
|    time_elapsed    | 11669    |
|    total_timesteps | 1888690  |
| train/             |          |
|    actor_loss      | 67.8     |
|    critic_loss     | 24.4     |
|    ent_coef        | 0.0247   |
|    ent_coef_loss   | -1.32    |
|    learning_rate   | 0.0003   |
|    n_updates       | 1887689  |
---------------------------------
---------------------------------
| rollout/           |          |
|    ep_len_mean     | 1.51e+03 |
|    ep_rew_mean     | 519      |
| time/              |          |
|    episodes        | 1296     |
|    fps             | 161      |
|    time_elapsed    | 11712    |
|    total_timesteps | 1895528  |
| train/             |          |
|    actor_loss      | 85.5     |
|    critic_loss     | 19.3     |
|    ent_coef        | 0.0243   |
|    ent_coef_loss   | 0.495    |
|    learning_rate   | 0.0003   |
|    n_updates       | 1894527  |
---------------------------------
---------------------------------
| rollout/           |          |
|    ep_len_mean     | 1.52e+03 |
|    ep_rew_mean     | 506      |
| time/              |          |
|    episodes        | 1300     |
|    fps             | 161      |
|    time_elapsed    | 11776    |
|    total_timesteps | 1903009  |
| train/             |          |
|    actor_loss      | 70.5     |
|    critic_loss     | 17.8     |
|    ent_coef        | 0.0237   |
|    ent_coef_loss   | 1.42     |
|    learning_rate   | 0.0003   |
|    n_updates       | 1902008  |
---------------------------------
---------------------------------
| rollout/           |          |
|    ep_len_mean     | 1.51e+03 |
|    ep_rew_mean     | 498      |
| time/              |          |
|    episodes        | 1304     |
|    fps             | 161      |
|    time_elapsed    | 11824    |
|    total_timesteps | 1910154  |
| train/             |          |
|    actor_loss      | 66.4     |
|    critic_loss     | 13.4     |
|    ent_coef        | 0.0252   |
|    ent_coef_loss   | 1.29     |
|    learning_rate   | 0.0003   |
|    n_updates       | 1909153  |
---------------------------------
---------------------------------
| rollout/           |          |
|    ep_len_mean     | 1.49e+03 |
|    ep_rew_mean     | 469      |
| time/              |          |
|    episodes        | 1308     |
|    fps             | 161      |
|    time_elapsed    | 11861    |
|    total_timesteps | 1915704  |
| train/             |          |
|    actor_loss      | 64.4     |
|    critic_loss     | 21       |
|    ent_coef        | 0.0249   |
|    ent_coef_loss   | -0.588   |
|    learning_rate   | 0.0003   |
|    n_updates       | 1914703  |
---------------------------------
---------------------------------
| rollout/           |          |
|    ep_len_mean     | 1.46e+03 |
|    ep_rew_mean     | 460      |
| time/              |          |
|    episodes        | 1312     |
|    fps             | 161      |
|    time_elapsed    | 11887    |
|    total_timesteps | 1919559  |
| train/             |          |
|    actor_loss      | 62       |
|    critic_loss     | 31.6     |
|    ent_coef        | 0.0251   |
|    ent_coef_loss   | -0.65    |
|    learning_rate   | 0.0003   |
|    n_updates       | 1918558  |
---------------------------------
---------------------------------
| rollout/           |          |
|    ep_len_mean     | 1.45e+03 |
|    ep_rew_mean     | 453      |
| time/              |          |
|    episodes        | 1316     |
|    fps             | 161      |
|    time_elapsed    | 11931    |
|    total_timesteps | 1926168  |
| train/             |          |
|    actor_loss      | 105      |
|    critic_loss     | 34.6     |
|    ent_coef        | 0.0248   |
|    ent_coef_loss   | 0.119    |
|    learning_rate   | 0.0003   |
|    n_updates       | 1925167  |
---------------------------------
---------------------------------
| rollout/           |          |
|    ep_len_mean     | 1.41e+03 |
|    ep_rew_mean     | 434      |
| time/              |          |
|    episodes        | 1320     |
|    fps             | 161      |
|    time_elapsed    | 11960    |
|    total_timesteps | 1930362  |
| train/             |          |
|    actor_loss      | 91.6     |
|    critic_loss     | 19.9     |
|    ent_coef        | 0.0265   |
|    ent_coef_loss   | 0.59     |
|    learning_rate   | 0.0003   |
|    n_updates       | 1929361  |
---------------------------------
---------------------------------
| rollout/           |          |
|    ep_len_mean     | 1.39e+03 |
|    ep_rew_mean     | 411      |
| time/              |          |
|    episodes        | 1324     |
|    fps             | 161      |
|    time_elapsed    | 11994    |
|    total_timesteps | 1935519  |
| train/             |          |
|    actor_loss      | 80.4     |
|    critic_loss     | 681      |
|    ent_coef        | 0.026    |
|    ent_coef_loss   | 0.503    |
|    learning_rate   | 0.0003   |
|    n_updates       | 1934518  |
---------------------------------
---------------------------------
| rollout/           |          |
|    ep_len_mean     | 1.38e+03 |
|    ep_rew_mean     | 415      |
| time/              |          |
|    episodes        | 1328     |
|    fps             | 161      |
|    time_elapsed    | 12037    |
|    total_timesteps | 1941806  |
| train/             |          |
|    actor_loss      | 52       |
|    critic_loss     | 12.3     |
|    ent_coef        | 0.0265   |
|    ent_coef_loss   | -0.522   |
|    learning_rate   | 0.0003   |
|    n_updates       | 1940805  |
---------------------------------
---------------------------------
| rollout/           |          |
|    ep_len_mean     | 1.38e+03 |
|    ep_rew_mean     | 366      |
| time/              |          |
|    episodes        | 1332     |
|    fps             | 161      |
|    time_elapsed    | 12081    |
|    total_timesteps | 1948411  |
| train/             |          |
|    actor_loss      | 77.7     |
|    critic_loss     | 31.4     |
|    ent_coef        | 0.0261   |
|    ent_coef_loss   | -2.71    |
|    learning_rate   | 0.0003   |
|    n_updates       | 1947410  |
---------------------------------
---------------------------------
| rollout/           |          |
|    ep_len_mean     | 1.38e+03 |
|    ep_rew_mean     | 319      |
| time/              |          |
|    episodes        | 1336     |
|    fps             | 161      |
|    time_elapsed    | 12133    |
|    total_timesteps | 1956051  |
| train/             |          |
|    actor_loss      | 103      |
|    critic_loss     | 26.5     |
|    ent_coef        | 0.0292   |
|    ent_coef_loss   | 0.884    |
|    learning_rate   | 0.0003   |
|    n_updates       | 1955050  |
---------------------------------
---------------------------------
| rollout/           |          |
|    ep_len_mean     | 1.33e+03 |
|    ep_rew_mean     | 298      |
| time/              |          |
|    episodes        | 1340     |
|    fps             | 161      |
|    time_elapsed    | 12153    |
|    total_timesteps | 1959103  |
| train/             |          |
|    actor_loss      | 85.5     |
|    critic_loss     | 1.8e+03  |
|    ent_coef        | 0.029    |
|    ent_coef_loss   | 0.257    |
|    learning_rate   | 0.0003   |
|    n_updates       | 1958102  |
---------------------------------
---------------------------------
| rollout/           |          |
|    ep_len_mean     | 1.31e+03 |
|    ep_rew_mean     | 326      |
| time/              |          |
|    episodes        | 1344     |
|    fps             | 161      |
|    time_elapsed    | 12195    |
|    total_timesteps | 1965268  |
| train/             |          |
|    actor_loss      | 82.4     |
|    critic_loss     | 47.7     |
|    ent_coef        | 0.029    |
|    ent_coef_loss   | -1.26    |
|    learning_rate   | 0.0003   |
|    n_updates       | 1964267  |
---------------------------------
---------------------------------
| rollout/           |          |
|    ep_len_mean     | 1.31e+03 |
|    ep_rew_mean     | 303      |
| time/              |          |
|    episodes        | 1348     |
|    fps             | 161      |
|    time_elapsed    | 12248    |
|    total_timesteps | 1973169  |
| train/             |          |
|    actor_loss      | 86.2     |
|    critic_loss     | 21.5     |
|    ent_coef        | 0.028    |
|    ent_coef_loss   | -1.77    |
|    learning_rate   | 0.0003   |
|    n_updates       | 1972168  |
---------------------------------
---------------------------------
| rollout/           |          |
|    ep_len_mean     | 1.38e+03 |
|    ep_rew_mean     | 326      |
| time/              |          |
|    episodes        | 1352     |
|    fps             | 161      |
|    time_elapsed    | 12297    |
|    total_timesteps | 1980527  |
| train/             |          |
|    actor_loss      | 85.3     |
|    critic_loss     | 35.4     |
|    ent_coef        | 0.0272   |
|    ent_coef_loss   | -0.532   |
|    learning_rate   | 0.0003   |
|    n_updates       | 1979526  |
---------------------------------
---------------------------------
| rollout/           |          |
|    ep_len_mean     | 1.45e+03 |
|    ep_rew_mean     | 321      |
| time/              |          |
|    episodes        | 1356     |
|    fps             | 160      |
|    time_elapsed    | 12351    |
|    total_timesteps | 1988527  |
| train/             |          |
|    actor_loss      | 97.5     |
|    critic_loss     | 27.9     |
|    ent_coef        | 0.0284   |
|    ent_coef_loss   | 0.802    |
|    learning_rate   | 0.0003   |
|    n_updates       | 1987526  |
---------------------------------
---------------------------------
| rollout/           |          |
|    ep_len_mean     | 1.53e+03 |
|    ep_rew_mean     | 326      |
| time/              |          |
|    episodes        | 1360     |
|    fps             | 160      |
|    time_elapsed    | 12404    |
|    total_timesteps | 1996527  |
| train/             |          |
|    actor_loss      | 114      |
|    critic_loss     | 15.3     |
|    ent_coef        | 0.0264   |
|    ent_coef_loss   | 1.58     |
|    learning_rate   | 0.0003   |
|    n_updates       | 1995526  |
---------------------------------
---------------------------------
| rollout/           |          |
|    ep_len_mean     | 1.56e+03 |
|    ep_rew_mean     | 318      |
| time/              |          |
|    episodes        | 1364     |
|    fps             | 160      |
|    time_elapsed    | 12456    |
|    total_timesteps | 2004053  |
| train/             |          |
|    actor_loss      | 98.9     |
|    critic_loss     | 16.5     |
|    ent_coef        | 0.0273   |
|    ent_coef_loss   | -0.181   |
|    learning_rate   | 0.0003   |
|    n_updates       | 2003052  |
---------------------------------
---------------------------------
| rollout/           |          |
|    ep_len_mean     | 1.6e+03  |
|    ep_rew_mean     | 331      |
| time/              |          |
|    episodes        | 1368     |
|    fps             | 160      |
|    time_elapsed    | 12510    |
|    total_timesteps | 2012053  |
| train/             |          |
|    actor_loss      | 80.5     |
|    critic_loss     | 2.7e+03  |
|    ent_coef        | 0.0269   |
|    ent_coef_loss   | -1.36    |
|    learning_rate   | 0.0003   |
|    n_updates       | 2011052  |
---------------------------------
---------------------------------
| rollout/           |          |
|    ep_len_mean     | 1.61e+03 |
|    ep_rew_mean     | 323      |
| time/              |          |
|    episodes        | 1372     |
|    fps             | 160      |
|    time_elapsed    | 12561    |
|    total_timesteps | 2019663  |
| train/             |          |
|    actor_loss      | 92.7     |
|    critic_loss     | 19.1     |
|    ent_coef        | 0.0263   |
|    ent_coef_loss   | 0.03     |
|    learning_rate   | 0.0003   |
|    n_updates       | 2018662  |
---------------------------------
---------------------------------
| rollout/           |          |
|    ep_len_mean     | 1.64e+03 |
|    ep_rew_mean     | 350      |
| time/              |          |
|    episodes        | 1376     |
|    fps             | 160      |
|    time_elapsed    | 12614    |
|    total_timesteps | 2027579  |
| train/             |          |
|    actor_loss      | 84.6     |
|    critic_loss     | 26.7     |
|    ent_coef        | 0.026    |
|    ent_coef_loss   | 0.259    |
|    learning_rate   | 0.0003   |
|    n_updates       | 2026578  |
---------------------------------
---------------------------------
| rollout/           |          |
|    ep_len_mean     | 1.66e+03 |
|    ep_rew_mean     | 358      |
| time/              |          |
|    episodes        | 1380     |
|    fps             | 160      |
|    time_elapsed    | 12661    |
|    total_timesteps | 2034574  |
| train/             |          |
|    actor_loss      | 75.2     |
|    critic_loss     | 27.3     |
|    ent_coef        | 0.0262   |
|    ent_coef_loss   | 1.47     |
|    learning_rate   | 0.0003   |
|    n_updates       | 2033573  |
---------------------------------
---------------------------------
| rollout/           |          |
|    ep_len_mean     | 1.67e+03 |
|    ep_rew_mean     | 337      |
| time/              |          |
|    episodes        | 1384     |
|    fps             | 160      |
|    time_elapsed    | 12714    |
|    total_timesteps | 2042544  |
| train/             |          |
|    actor_loss      | 89.7     |
|    critic_loss     | 52.6     |
|    ent_coef        | 0.0248   |
|    ent_coef_loss   | 0.491    |
|    learning_rate   | 0.0003   |
|    n_updates       | 2041543  |
---------------------------------
---------------------------------
| rollout/           |          |
|    ep_len_mean     | 1.69e+03 |
|    ep_rew_mean     | 355      |
| time/              |          |
|    episodes        | 1388     |
|    fps             | 160      |
|    time_elapsed    | 12759    |
|    total_timesteps | 2050115  |
| train/             |          |
|    actor_loss      | 92.3     |
|    critic_loss     | 48.4     |
|    ent_coef        | 0.0254   |
|    ent_coef_loss   | 2.77     |
|    learning_rate   | 0.0003   |
|    n_updates       | 2049114  |
---------------------------------
---------------------------------
| rollout/           |          |
|    ep_len_mean     | 1.69e+03 |
|    ep_rew_mean     | 326      |
| time/              |          |
|    episodes        | 1392     |
|    fps             | 160      |
|    time_elapsed    | 12807    |
|    total_timesteps | 2058115  |
| train/             |          |
|    actor_loss      | 65.8     |
|    critic_loss     | 26.7     |
|    ent_coef        | 0.0254   |
|    ent_coef_loss   | 0.0352   |
|    learning_rate   | 0.0003   |
|    n_updates       | 2057114  |
---------------------------------
---------------------------------
| rollout/           |          |
|    ep_len_mean     | 1.71e+03 |
|    ep_rew_mean     | 330      |
| time/              |          |
|    episodes        | 1396     |
|    fps             | 160      |
|    time_elapsed    | 12854    |
|    total_timesteps | 2066115  |
| train/             |          |
|    actor_loss      | 93.1     |
|    critic_loss     | 15.8     |
|    ent_coef        | 0.0259   |
|    ent_coef_loss   | -0.329   |
|    learning_rate   | 0.0003   |
|    n_updates       | 2065114  |
---------------------------------
---------------------------------
| rollout/           |          |
|    ep_len_mean     | 1.71e+03 |
|    ep_rew_mean     | 341      |
| time/              |          |
|    episodes        | 1400     |
|    fps             | 160      |
|    time_elapsed    | 12901    |
|    total_timesteps | 2073895  |
| train/             |          |
|    actor_loss      | 84.9     |
|    critic_loss     | 35       |
|    ent_coef        | 0.0262   |
|    ent_coef_loss   | 1.89     |
|    learning_rate   | 0.0003   |
|    n_updates       | 2072894  |
---------------------------------
---------------------------------
| rollout/           |          |
|    ep_len_mean     | 1.72e+03 |
|    ep_rew_mean     | 332      |
| time/              |          |
|    episodes        | 1404     |
|    fps             | 160      |
|    time_elapsed    | 12947    |
|    total_timesteps | 2081682  |
| train/             |          |
|    actor_loss      | 92.6     |
|    critic_loss     | 14.2     |
|    ent_coef        | 0.0251   |
|    ent_coef_loss   | 0.147    |
|    learning_rate   | 0.0003   |
|    n_updates       | 2080681  |
---------------------------------
---------------------------------
| rollout/           |          |
|    ep_len_mean     | 1.74e+03 |
|    ep_rew_mean     | 361      |
| time/              |          |
|    episodes        | 1408     |
|    fps             | 160      |
|    time_elapsed    | 12993    |
|    total_timesteps | 2089266  |
| train/             |          |
|    actor_loss      | 68.7     |
|    critic_loss     | 72.3     |
|    ent_coef        | 0.026    |
|    ent_coef_loss   | 1.74     |
|    learning_rate   | 0.0003   |
|    n_updates       | 2088265  |
---------------------------------
---------------------------------
| rollout/           |          |
|    ep_len_mean     | 1.77e+03 |
|    ep_rew_mean     | 376      |
| time/              |          |
|    episodes        | 1412     |
|    fps             | 160      |
|    time_elapsed    | 13038    |
|    total_timesteps | 2096788  |
| train/             |          |
|    actor_loss      | 81.8     |
|    critic_loss     | 23.6     |
|    ent_coef        | 0.0252   |
|    ent_coef_loss   | 0.0859   |
|    learning_rate   | 0.0003   |
|    n_updates       | 2095787  |
---------------------------------
---------------------------------
| rollout/           |          |
|    ep_len_mean     | 1.78e+03 |
|    ep_rew_mean     | 376      |
| time/              |          |
|    episodes        | 1416     |
|    fps             | 160      |
|    time_elapsed    | 13081    |
|    total_timesteps | 2104129  |
| train/             |          |
|    actor_loss      | 59.8     |
|    critic_loss     | 385      |
|    ent_coef        | 0.0253   |
|    ent_coef_loss   | -0.517   |
|    learning_rate   | 0.0003   |
|    n_updates       | 2103128  |
---------------------------------
---------------------------------
| rollout/           |          |
|    ep_len_mean     | 1.82e+03 |
|    ep_rew_mean     | 393      |
| time/              |          |
|    episodes        | 1420     |
|    fps             | 160      |
|    time_elapsed    | 13129    |
|    total_timesteps | 2112062  |
| train/             |          |
|    actor_loss      | 71.4     |
|    critic_loss     | 12.7     |
|    ent_coef        | 0.0251   |
|    ent_coef_loss   | -1.22    |
|    learning_rate   | 0.0003   |
|    n_updates       | 2111061  |
---------------------------------
---------------------------------
| rollout/           |          |
|    ep_len_mean     | 1.84e+03 |
|    ep_rew_mean     | 396      |
| time/              |          |
|    episodes        | 1424     |
|    fps             | 160      |
|    time_elapsed    | 13176    |
|    total_timesteps | 2119943  |
| train/             |          |
|    actor_loss      | 71.9     |
|    critic_loss     | 29.1     |
|    ent_coef        | 0.0253   |
|    ent_coef_loss   | 0.117    |
|    learning_rate   | 0.0003   |
|    n_updates       | 2118942  |
---------------------------------
---------------------------------
| rollout/           |          |
|    ep_len_mean     | 1.86e+03 |
|    ep_rew_mean     | 394      |
| time/              |          |
|    episodes        | 1428     |
|    fps             | 160      |
|    time_elapsed    | 13224    |
|    total_timesteps | 2127943  |
| train/             |          |
|    actor_loss      | 68.2     |
|    critic_loss     | 149      |
|    ent_coef        | 0.0256   |
|    ent_coef_loss   | 1.3      |
|    learning_rate   | 0.0003   |
|    n_updates       | 2126942  |
---------------------------------
---------------------------------
| rollout/           |          |
|    ep_len_mean     | 1.87e+03 |
|    ep_rew_mean     | 454      |
| time/              |          |
|    episodes        | 1432     |
|    fps             | 160      |
|    time_elapsed    | 13271    |
|    total_timesteps | 2135676  |
| train/             |          |
|    actor_loss      | 84.1     |
|    critic_loss     | 968      |
|    ent_coef        | 0.0249   |
|    ent_coef_loss   | 0.371    |
|    learning_rate   | 0.0003   |
|    n_updates       | 2134675  |
---------------------------------
---------------------------------
| rollout/           |          |
|    ep_len_mean     | 1.87e+03 |
|    ep_rew_mean     | 484      |
| time/              |          |
|    episodes        | 1436     |
|    fps             | 160      |
|    time_elapsed    | 13315    |
|    total_timesteps | 2143109  |
| train/             |          |
|    actor_loss      | 69.9     |
|    critic_loss     | 19.1     |
|    ent_coef        | 0.0245   |
|    ent_coef_loss   | 0.0468   |
|    learning_rate   | 0.0003   |
|    n_updates       | 2142108  |
---------------------------------
---------------------------------
| rollout/           |          |
|    ep_len_mean     | 1.92e+03 |
|    ep_rew_mean     | 483      |
| time/              |          |
|    episodes        | 1440     |
|    fps             | 160      |
|    time_elapsed    | 13363    |
|    total_timesteps | 2151046  |
| train/             |          |
|    actor_loss      | 58.5     |
|    critic_loss     | 9.88     |
|    ent_coef        | 0.0245   |
|    ent_coef_loss   | -0.743   |
|    learning_rate   | 0.0003   |
|    n_updates       | 2150045  |
---------------------------------
---------------------------------
| rollout/           |          |
|    ep_len_mean     | 1.94e+03 |
|    ep_rew_mean     | 499      |
| time/              |          |
|    episodes        | 1444     |
|    fps             | 160      |
|    time_elapsed    | 13410    |
|    total_timesteps | 2159046  |
| train/             |          |
|    actor_loss      | 80.6     |
|    critic_loss     | 18.6     |
|    ent_coef        | 0.0242   |
|    ent_coef_loss   | -1.26    |
|    learning_rate   | 0.0003   |
|    n_updates       | 2158045  |
---------------------------------
---------------------------------
| rollout/           |          |
|    ep_len_mean     | 1.92e+03 |
|    ep_rew_mean     | 513      |
| time/              |          |
|    episodes        | 1448     |
|    fps             | 161      |
|    time_elapsed    | 13447    |
|    total_timesteps | 2165217  |
| train/             |          |
|    actor_loss      | 85.1     |
|    critic_loss     | 18.2     |
|    ent_coef        | 0.0239   |
|    ent_coef_loss   | 0.983    |
|    learning_rate   | 0.0003   |
|    n_updates       | 2164216  |
---------------------------------
---------------------------------
| rollout/           |          |
|    ep_len_mean     | 1.93e+03 |
|    ep_rew_mean     | 499      |
| time/              |          |
|    episodes        | 1452     |
|    fps             | 161      |
|    time_elapsed    | 13495    |
|    total_timesteps | 2173146  |
| train/             |          |
|    actor_loss      | 69.1     |
|    critic_loss     | 16.5     |
|    ent_coef        | 0.0241   |
|    ent_coef_loss   | -0.765   |
|    learning_rate   | 0.0003   |
|    n_updates       | 2172145  |
---------------------------------
---------------------------------
| rollout/           |          |
|    ep_len_mean     | 1.92e+03 |
|    ep_rew_mean     | 527      |
| time/              |          |
|    episodes        | 1456     |
|    fps             | 161      |
|    time_elapsed    | 13540    |
|    total_timesteps | 2180669  |
| train/             |          |
|    actor_loss      | 80.5     |
|    critic_loss     | 10.2     |
|    ent_coef        | 0.0234   |
|    ent_coef_loss   | 0.458    |
|    learning_rate   | 0.0003   |
|    n_updates       | 2179668  |
---------------------------------
---------------------------------
| rollout/           |          |
|    ep_len_mean     | 1.92e+03 |
|    ep_rew_mean     | 542      |
| time/              |          |
|    episodes        | 1460     |
|    fps             | 161      |
|    time_elapsed    | 13588    |
|    total_timesteps | 2188649  |
| train/             |          |
|    actor_loss      | 71.7     |
|    critic_loss     | 32.8     |
|    ent_coef        | 0.0238   |
|    ent_coef_loss   | 0.422    |
|    learning_rate   | 0.0003   |
|    n_updates       | 2187648  |
---------------------------------
---------------------------------
| rollout/           |          |
|    ep_len_mean     | 1.91e+03 |
|    ep_rew_mean     | 555      |
| time/              |          |
|    episodes        | 1464     |
|    fps             | 161      |
|    time_elapsed    | 13627    |
|    total_timesteps | 2195236  |
| train/             |          |
|    actor_loss      | 79.6     |
|    critic_loss     | 13.7     |
|    ent_coef        | 0.0235   |
|    ent_coef_loss   | 0.565    |
|    learning_rate   | 0.0003   |
|    n_updates       | 2194235  |
---------------------------------
---------------------------------
| rollout/           |          |
|    ep_len_mean     | 1.89e+03 |
|    ep_rew_mean     | 556      |
| time/              |          |
|    episodes        | 1468     |
|    fps             | 161      |
|    time_elapsed    | 13661    |
|    total_timesteps | 2200841  |
| train/             |          |
|    actor_loss      | 70.7     |
|    critic_loss     | 13.1     |
|    ent_coef        | 0.0237   |
|    ent_coef_loss   | 0.724    |
|    learning_rate   | 0.0003   |
|    n_updates       | 2199840  |
---------------------------------
---------------------------------
| rollout/           |          |
|    ep_len_mean     | 1.89e+03 |
|    ep_rew_mean     | 569      |
| time/              |          |
|    episodes        | 1472     |
|    fps             | 161      |
|    time_elapsed    | 13708    |
|    total_timesteps | 2208758  |
| train/             |          |
|    actor_loss      | 49.7     |
|    critic_loss     | 112      |
|    ent_coef        | 0.0233   |
|    ent_coef_loss   | -0.521   |
|    learning_rate   | 0.0003   |
|    n_updates       | 2207757  |
---------------------------------
---------------------------------
| rollout/           |          |
|    ep_len_mean     | 1.89e+03 |
|    ep_rew_mean     | 557      |
| time/              |          |
|    episodes        | 1476     |
|    fps             | 161      |
|    time_elapsed    | 13754    |
|    total_timesteps | 2216514  |
| train/             |          |
|    actor_loss      | 69.6     |
|    critic_loss     | 170      |
|    ent_coef        | 0.0227   |
|    ent_coef_loss   | -1.36    |
|    learning_rate   | 0.0003   |
|    n_updates       | 2215513  |
---------------------------------
---------------------------------
| rollout/           |          |
|    ep_len_mean     | 1.9e+03  |
|    ep_rew_mean     | 563      |
| time/              |          |
|    episodes        | 1480     |
|    fps             | 161      |
|    time_elapsed    | 13800    |
|    total_timesteps | 2224083  |
| train/             |          |
|    actor_loss      | 50.7     |
|    critic_loss     | 18.3     |
|    ent_coef        | 0.0222   |
|    ent_coef_loss   | -2.04    |
|    learning_rate   | 0.0003   |
|    n_updates       | 2223082  |
---------------------------------
---------------------------------
| rollout/           |          |
|    ep_len_mean     | 1.89e+03 |
|    ep_rew_mean     | 588      |
| time/              |          |
|    episodes        | 1484     |
|    fps             | 161      |
|    time_elapsed    | 13846    |
|    total_timesteps | 2231908  |
| train/             |          |
|    actor_loss      | 54.2     |
|    critic_loss     | 22       |
|    ent_coef        | 0.0221   |
|    ent_coef_loss   | 1.4      |
|    learning_rate   | 0.0003   |
|    n_updates       | 2230907  |
---------------------------------
---------------------------------
| rollout/           |          |
|    ep_len_mean     | 1.89e+03 |
|    ep_rew_mean     | 592      |
| time/              |          |
|    episodes        | 1488     |
|    fps             | 161      |
|    time_elapsed    | 13892    |
|    total_timesteps | 2239520  |
| train/             |          |
|    actor_loss      | 65.4     |
|    critic_loss     | 11.3     |
|    ent_coef        | 0.0229   |
|    ent_coef_loss   | -0.0859  |
|    learning_rate   | 0.0003   |
|    n_updates       | 2238519  |
---------------------------------
---------------------------------
| rollout/           |          |
|    ep_len_mean     | 1.88e+03 |
|    ep_rew_mean     | 619      |
| time/              |          |
|    episodes        | 1492     |
|    fps             | 161      |
|    time_elapsed    | 13933    |
|    total_timesteps | 2246442  |
| train/             |          |
|    actor_loss      | 65.1     |
|    critic_loss     | 15.6     |
|    ent_coef        | 0.0231   |
|    ent_coef_loss   | 1.27     |
|    learning_rate   | 0.0003   |
|    n_updates       | 2245441  |
---------------------------------
---------------------------------
| rollout/           |          |
|    ep_len_mean     | 1.88e+03 |
|    ep_rew_mean     | 617      |
| time/              |          |
|    episodes        | 1496     |
|    fps             | 161      |
|    time_elapsed    | 13979    |
|    total_timesteps | 2254037  |
| train/             |          |
|    actor_loss      | 59.4     |
|    critic_loss     | 15.2     |
|    ent_coef        | 0.0223   |
|    ent_coef_loss   | 0.76     |
|    learning_rate   | 0.0003   |
|    n_updates       | 2253036  |
---------------------------------
---------------------------------
| rollout/           |          |
|    ep_len_mean     | 1.88e+03 |
|    ep_rew_mean     | 604      |
| time/              |          |
|    episodes        | 1500     |
|    fps             | 161      |
|    time_elapsed    | 14024    |
|    total_timesteps | 2261515  |
| train/             |          |
|    actor_loss      | 47.7     |
|    critic_loss     | 24.5     |
|    ent_coef        | 0.023    |
|    ent_coef_loss   | 1.05     |
|    learning_rate   | 0.0003   |
|    n_updates       | 2260514  |
---------------------------------
---------------------------------
| rollout/           |          |
|    ep_len_mean     | 1.88e+03 |
|    ep_rew_mean     | 616      |
| time/              |          |
|    episodes        | 1504     |
|    fps             | 161      |
|    time_elapsed    | 14071    |
|    total_timesteps | 2269507  |
| train/             |          |
|    actor_loss      | 60.6     |
|    critic_loss     | 11.7     |
|    ent_coef        | 0.0227   |
|    ent_coef_loss   | 0.655    |
|    learning_rate   | 0.0003   |
|    n_updates       | 2268506  |
---------------------------------
---------------------------------
| rollout/           |          |
|    ep_len_mean     | 1.86e+03 |
|    ep_rew_mean     | 588      |
| time/              |          |
|    episodes        | 1508     |
|    fps             | 161      |
|    time_elapsed    | 14105    |
|    total_timesteps | 2275101  |
| train/             |          |
|    actor_loss      | 65.6     |
|    critic_loss     | 32.7     |
|    ent_coef        | 0.0227   |
|    ent_coef_loss   | 0.337    |
|    learning_rate   | 0.0003   |
|    n_updates       | 2274100  |
---------------------------------
---------------------------------
| rollout/           |          |
|    ep_len_mean     | 1.86e+03 |
|    ep_rew_mean     | 588      |
| time/              |          |
|    episodes        | 1512     |
|    fps             | 161      |
|    time_elapsed    | 14149    |
|    total_timesteps | 2282490  |
| train/             |          |
|    actor_loss      | 48.9     |
|    critic_loss     | 12       |
|    ent_coef        | 0.0225   |
|    ent_coef_loss   | -1.4     |
|    learning_rate   | 0.0003   |
|    n_updates       | 2281489  |
---------------------------------
---------------------------------
| rollout/           |          |
|    ep_len_mean     | 1.86e+03 |
|    ep_rew_mean     | 590      |
| time/              |          |
|    episodes        | 1516     |
|    fps             | 161      |
|    time_elapsed    | 14194    |
|    total_timesteps | 2290057  |
| train/             |          |
|    actor_loss      | 55.6     |
|    critic_loss     | 40.5     |
|    ent_coef        | 0.0226   |
|    ent_coef_loss   | -0.401   |
|    learning_rate   | 0.0003   |
|    n_updates       | 2289056  |
---------------------------------
---------------------------------
| rollout/           |          |
|    ep_len_mean     | 1.86e+03 |
|    ep_rew_mean     | 582      |
| time/              |          |
|    episodes        | 1520     |
|    fps             | 161      |
|    time_elapsed    | 14241    |
|    total_timesteps | 2297844  |
| train/             |          |
|    actor_loss      | 64.1     |
|    critic_loss     | 153      |
|    ent_coef        | 0.0221   |
|    ent_coef_loss   | 0.621    |
|    learning_rate   | 0.0003   |
|    n_updates       | 2296843  |
---------------------------------
---------------------------------
| rollout/           |          |
|    ep_len_mean     | 1.86e+03 |
|    ep_rew_mean     | 594      |
| time/              |          |
|    episodes        | 1524     |
|    fps             | 161      |
|    time_elapsed    | 14288    |
|    total_timesteps | 2305700  |
| train/             |          |
|    actor_loss      | 43.5     |
|    critic_loss     | 8.88     |
|    ent_coef        | 0.0218   |
|    ent_coef_loss   | -2.37    |
|    learning_rate   | 0.0003   |
|    n_updates       | 2304699  |
---------------------------------
---------------------------------
| rollout/           |          |
|    ep_len_mean     | 1.82e+03 |
|    ep_rew_mean     | 583      |
| time/              |          |
|    episodes        | 1528     |
|    fps             | 161      |
|    time_elapsed    | 14315    |
|    total_timesteps | 2310210  |
| train/             |          |
|    actor_loss      | 59.9     |
|    critic_loss     | 19.4     |
|    ent_coef        | 0.0222   |
|    ent_coef_loss   | -0.858   |
|    learning_rate   | 0.0003   |
|    n_updates       | 2309209  |
---------------------------------
---------------------------------
| rollout/           |          |
|    ep_len_mean     | 1.81e+03 |
|    ep_rew_mean     | 572      |
| time/              |          |
|    episodes        | 1532     |
|    fps             | 161      |
|    time_elapsed    | 14356    |
|    total_timesteps | 2317117  |
| train/             |          |
|    actor_loss      | 31.5     |
|    critic_loss     | 19.4     |
|    ent_coef        | 0.0226   |
|    ent_coef_loss   | -2.54    |
|    learning_rate   | 0.0003   |
|    n_updates       | 2316116  |
---------------------------------
---------------------------------
| rollout/           |          |
|    ep_len_mean     | 1.81e+03 |
|    ep_rew_mean     | 575      |
| time/              |          |
|    episodes        | 1536     |
|    fps             | 161      |
|    time_elapsed    | 14397    |
|    total_timesteps | 2324029  |
| train/             |          |
|    actor_loss      | 47.7     |
|    critic_loss     | 26.6     |
|    ent_coef        | 0.0221   |
|    ent_coef_loss   | -1.41    |
|    learning_rate   | 0.0003   |
|    n_updates       | 2323028  |
---------------------------------
---------------------------------
| rollout/           |          |
|    ep_len_mean     | 1.8e+03  |
|    ep_rew_mean     | 588      |
| time/              |          |
|    episodes        | 1540     |
|    fps             | 161      |
|    time_elapsed    | 14441    |
|    total_timesteps | 2331299  |
| train/             |          |
|    actor_loss      | 47.9     |
|    critic_loss     | 1.97e+03 |
|    ent_coef        | 0.0224   |
|    ent_coef_loss   | 0.316    |
|    learning_rate   | 0.0003   |
|    n_updates       | 2330298  |
---------------------------------
---------------------------------
| rollout/           |          |
|    ep_len_mean     | 1.78e+03 |
|    ep_rew_mean     | 564      |
| time/              |          |
|    episodes        | 1544     |
|    fps             | 161      |
|    time_elapsed    | 14474    |
|    total_timesteps | 2336972  |
| train/             |          |
|    actor_loss      | 68.3     |
|    critic_loss     | 490      |
|    ent_coef        | 0.0226   |
|    ent_coef_loss   | 0.932    |
|    learning_rate   | 0.0003   |
|    n_updates       | 2335971  |
---------------------------------
---------------------------------
| rollout/           |          |
|    ep_len_mean     | 1.78e+03 |
|    ep_rew_mean     | 584      |
| time/              |          |
|    episodes        | 1548     |
|    fps             | 161      |
|    time_elapsed    | 14514    |
|    total_timesteps | 2343656  |
| train/             |          |
|    actor_loss      | 35.7     |
|    critic_loss     | 20       |
|    ent_coef        | 0.0229   |
|    ent_coef_loss   | -1.04    |
|    learning_rate   | 0.0003   |
|    n_updates       | 2342655  |
---------------------------------
---------------------------------
| rollout/           |          |
|    ep_len_mean     | 1.77e+03 |
|    ep_rew_mean     | 587      |
| time/              |          |
|    episodes        | 1552     |
|    fps             | 161      |
|    time_elapsed    | 14555    |
|    total_timesteps | 2350577  |
| train/             |          |
|    actor_loss      | 55.7     |
|    critic_loss     | 36.1     |
|    ent_coef        | 0.0231   |
|    ent_coef_loss   | -0.946   |
|    learning_rate   | 0.0003   |
|    n_updates       | 2349576  |
---------------------------------
---------------------------------
| rollout/           |          |
|    ep_len_mean     | 1.75e+03 |
|    ep_rew_mean     | 582      |
| time/              |          |
|    episodes        | 1556     |
|    fps             | 161      |
|    time_elapsed    | 14588    |
|    total_timesteps | 2356102  |
| train/             |          |
|    actor_loss      | 60.2     |
|    critic_loss     | 13.8     |
|    ent_coef        | 0.0225   |
|    ent_coef_loss   | 1.42     |
|    learning_rate   | 0.0003   |
|    n_updates       | 2355101  |
---------------------------------
---------------------------------
| rollout/           |          |
|    ep_len_mean     | 1.75e+03 |
|    ep_rew_mean     | 586      |
| time/              |          |
|    episodes        | 1560     |
|    fps             | 161      |
|    time_elapsed    | 14631    |
|    total_timesteps | 2363370  |
| train/             |          |
|    actor_loss      | 41.9     |
|    critic_loss     | 18.7     |
|    ent_coef        | 0.0224   |
|    ent_coef_loss   | 0.552    |
|    learning_rate   | 0.0003   |
|    n_updates       | 2362369  |
---------------------------------
---------------------------------
| rollout/           |          |
|    ep_len_mean     | 1.76e+03 |
|    ep_rew_mean     | 575      |
| time/              |          |
|    episodes        | 1564     |
|    fps             | 161      |
|    time_elapsed    | 14675    |
|    total_timesteps | 2370826  |
| train/             |          |
|    actor_loss      | 46.4     |
|    critic_loss     | 24.2     |
|    ent_coef        | 0.0229   |
|    ent_coef_loss   | 1.94     |
|    learning_rate   | 0.0003   |
|    n_updates       | 2369825  |
---------------------------------
---------------------------------
| rollout/           |          |
|    ep_len_mean     | 1.77e+03 |
|    ep_rew_mean     | 580      |
| time/              |          |
|    episodes        | 1568     |
|    fps             | 161      |
|    time_elapsed    | 14716    |
|    total_timesteps | 2377838  |
| train/             |          |
|    actor_loss      | 58.6     |
|    critic_loss     | 21.5     |
|    ent_coef        | 0.0224   |
|    ent_coef_loss   | -0.862   |
|    learning_rate   | 0.0003   |
|    n_updates       | 2376837  |
---------------------------------
---------------------------------
| rollout/           |          |
|    ep_len_mean     | 1.77e+03 |
|    ep_rew_mean     | 579      |
| time/              |          |
|    episodes        | 1572     |
|    fps             | 161      |
|    time_elapsed    | 14761    |
|    total_timesteps | 2385524  |
| train/             |          |
|    actor_loss      | 56.8     |
|    critic_loss     | 74.5     |
|    ent_coef        | 0.0224   |
|    ent_coef_loss   | 1.13     |
|    learning_rate   | 0.0003   |
|    n_updates       | 2384523  |
---------------------------------
---------------------------------
| rollout/           |          |
|    ep_len_mean     | 1.77e+03 |
|    ep_rew_mean     | 573      |
| time/              |          |
|    episodes        | 1576     |
|    fps             | 161      |
|    time_elapsed    | 14808    |
|    total_timesteps | 2393475  |
| train/             |          |
|    actor_loss      | 71.2     |
|    critic_loss     | 35.6     |
|    ent_coef        | 0.0229   |
|    ent_coef_loss   | 0.76     |
|    learning_rate   | 0.0003   |
|    n_updates       | 2392474  |
---------------------------------
---------------------------------
| rollout/           |          |
|    ep_len_mean     | 1.77e+03 |
|    ep_rew_mean     | 584      |
| time/              |          |
|    episodes        | 1580     |
|    fps             | 161      |
|    time_elapsed    | 14855    |
|    total_timesteps | 2401467  |
| train/             |          |
|    actor_loss      | 47       |
|    critic_loss     | 8.74     |
|    ent_coef        | 0.0228   |
|    ent_coef_loss   | 1.16     |
|    learning_rate   | 0.0003   |
|    n_updates       | 2400466  |
---------------------------------
---------------------------------
| rollout/           |          |
|    ep_len_mean     | 1.77e+03 |
|    ep_rew_mean     | 581      |
| time/              |          |
|    episodes        | 1584     |
|    fps             | 161      |
|    time_elapsed    | 14897    |
|    total_timesteps | 2408488  |
| train/             |          |
|    actor_loss      | 37.6     |
|    critic_loss     | 12.5     |
|    ent_coef        | 0.0222   |
|    ent_coef_loss   | -1.79    |
|    learning_rate   | 0.0003   |
|    n_updates       | 2407487  |
---------------------------------
---------------------------------
| rollout/           |          |
|    ep_len_mean     | 1.76e+03 |
|    ep_rew_mean     | 573      |
| time/              |          |
|    episodes        | 1588     |
|    fps             | 161      |
|    time_elapsed    | 14938    |
|    total_timesteps | 2415441  |
| train/             |          |
|    actor_loss      | 53       |
|    critic_loss     | 29.7     |
|    ent_coef        | 0.0225   |
|    ent_coef_loss   | 0.383    |
|    learning_rate   | 0.0003   |
|    n_updates       | 2414440  |
---------------------------------
---------------------------------
| rollout/           |          |
|    ep_len_mean     | 1.76e+03 |
|    ep_rew_mean     | 573      |
| time/              |          |
|    episodes        | 1592     |
|    fps             | 161      |
|    time_elapsed    | 14977    |
|    total_timesteps | 2421994  |
| train/             |          |
|    actor_loss      | 40.5     |
|    critic_loss     | 15.7     |
|    ent_coef        | 0.0225   |
|    ent_coef_loss   | 0.0735   |
|    learning_rate   | 0.0003   |
|    n_updates       | 2420993  |
---------------------------------
---------------------------------
| rollout/           |          |
|    ep_len_mean     | 1.76e+03 |
|    ep_rew_mean     | 585      |
| time/              |          |
|    episodes        | 1596     |
|    fps             | 161      |
|    time_elapsed    | 15022    |
|    total_timesteps | 2429765  |
| train/             |          |
|    actor_loss      | 48.4     |
|    critic_loss     | 25.2     |
|    ent_coef        | 0.0228   |
|    ent_coef_loss   | -0.388   |
|    learning_rate   | 0.0003   |
|    n_updates       | 2428764  |
---------------------------------
---------------------------------
| rollout/           |          |
|    ep_len_mean     | 1.76e+03 |
|    ep_rew_mean     | 594      |
| time/              |          |
|    episodes        | 1600     |
|    fps             | 161      |
|    time_elapsed    | 15070    |
|    total_timesteps | 2437541  |
| train/             |          |
|    actor_loss      | 46.9     |
|    critic_loss     | 11.9     |
|    ent_coef        | 0.0225   |
|    ent_coef_loss   | -0.703   |
|    learning_rate   | 0.0003   |
|    n_updates       | 2436540  |
---------------------------------
---------------------------------
| rollout/           |          |
|    ep_len_mean     | 1.76e+03 |
|    ep_rew_mean     | 610      |
| time/              |          |
|    episodes        | 1604     |
|    fps             | 161      |
|    time_elapsed    | 15117    |
|    total_timesteps | 2445474  |
| train/             |          |
|    actor_loss      | 51.6     |
|    critic_loss     | 8.43     |
|    ent_coef        | 0.0214   |
|    ent_coef_loss   | -1.57    |
|    learning_rate   | 0.0003   |
|    n_updates       | 2444473  |
---------------------------------
---------------------------------
| rollout/           |          |
|    ep_len_mean     | 1.77e+03 |
|    ep_rew_mean     | 610      |
| time/              |          |
|    episodes        | 1608     |
|    fps             | 161      |
|    time_elapsed    | 15158    |
|    total_timesteps | 2452450  |
| train/             |          |
|    actor_loss      | 61       |
|    critic_loss     | 246      |
|    ent_coef        | 0.0218   |
|    ent_coef_loss   | 1.05     |
|    learning_rate   | 0.0003   |
|    n_updates       | 2451449  |
---------------------------------
---------------------------------
| rollout/           |          |
|    ep_len_mean     | 1.78e+03 |
|    ep_rew_mean     | 612      |
| time/              |          |
|    episodes        | 1612     |
|    fps             | 161      |
|    time_elapsed    | 15203    |
|    total_timesteps | 2460192  |
| train/             |          |
|    actor_loss      | 61       |
|    critic_loss     | 518      |
|    ent_coef        | 0.0214   |
|    ent_coef_loss   | 1.08     |
|    learning_rate   | 0.0003   |
|    n_updates       | 2459191  |
---------------------------------
---------------------------------
| rollout/           |          |
|    ep_len_mean     | 1.78e+03 |
|    ep_rew_mean     | 627      |
| time/              |          |
|    episodes        | 1616     |
|    fps             | 161      |
|    time_elapsed    | 15251    |
|    total_timesteps | 2468192  |
| train/             |          |
|    actor_loss      | 44.9     |
|    critic_loss     | 162      |
|    ent_coef        | 0.0212   |
|    ent_coef_loss   | -0.836   |
|    learning_rate   | 0.0003   |
|    n_updates       | 2467191  |
---------------------------------
---------------------------------
| rollout/           |          |
|    ep_len_mean     | 1.78e+03 |
|    ep_rew_mean     | 635      |
| time/              |          |
|    episodes        | 1620     |
|    fps             | 161      |
|    time_elapsed    | 15298    |
|    total_timesteps | 2476163  |
| train/             |          |
|    actor_loss      | 60.1     |
|    critic_loss     | 9.35     |
|    ent_coef        | 0.0216   |
|    ent_coef_loss   | 0.0164   |
|    learning_rate   | 0.0003   |
|    n_updates       | 2475162  |
---------------------------------
---------------------------------
| rollout/           |          |
|    ep_len_mean     | 1.78e+03 |
|    ep_rew_mean     | 637      |
| time/              |          |
|    episodes        | 1624     |
|    fps             | 161      |
|    time_elapsed    | 15343    |
|    total_timesteps | 2483887  |
| train/             |          |
|    actor_loss      | 58.4     |
|    critic_loss     | 38.9     |
|    ent_coef        | 0.0214   |
|    ent_coef_loss   | 2.62     |
|    learning_rate   | 0.0003   |
|    n_updates       | 2482886  |
---------------------------------
---------------------------------
| rollout/           |          |
|    ep_len_mean     | 1.81e+03 |
|    ep_rew_mean     | 656      |
| time/              |          |
|    episodes        | 1628     |
|    fps             | 161      |
|    time_elapsed    | 15385    |
|    total_timesteps | 2491014  |
| train/             |          |
|    actor_loss      | 64.8     |
|    critic_loss     | 17.2     |
|    ent_coef        | 0.0209   |
|    ent_coef_loss   | 0.525    |
|    learning_rate   | 0.0003   |
|    n_updates       | 2490013  |
---------------------------------
---------------------------------
| rollout/           |          |
|    ep_len_mean     | 1.82e+03 |
|    ep_rew_mean     | 657      |
| time/              |          |
|    episodes        | 1632     |
|    fps             | 161      |
|    time_elapsed    | 15431    |
|    total_timesteps | 2498768  |
| train/             |          |
|    actor_loss      | 42.2     |
|    critic_loss     | 13.1     |
|    ent_coef        | 0.021    |
|    ent_coef_loss   | -0.367   |
|    learning_rate   | 0.0003   |
|    n_updates       | 2497767  |
---------------------------------
---------------------------------
| rollout/           |          |
|    ep_len_mean     | 1.83e+03 |
|    ep_rew_mean     | 675      |
| time/              |          |
|    episodes        | 1636     |
|    fps             | 161      |
|    time_elapsed    | 15478    |
|    total_timesteps | 2506768  |
| train/             |          |
|    actor_loss      | 44.4     |
|    critic_loss     | 16.1     |
|    ent_coef        | 0.0211   |
|    ent_coef_loss   | 0.307    |
|    learning_rate   | 0.0003   |
|    n_updates       | 2505767  |
---------------------------------
---------------------------------
| rollout/           |          |
|    ep_len_mean     | 1.83e+03 |
|    ep_rew_mean     | 677      |
| time/              |          |
|    episodes        | 1640     |
|    fps             | 161      |
|    time_elapsed    | 15520    |
|    total_timesteps | 2513814  |
| train/             |          |
|    actor_loss      | 39.5     |
|    critic_loss     | 16.7     |
|    ent_coef        | 0.0199   |
|    ent_coef_loss   | -1.62    |
|    learning_rate   | 0.0003   |
|    n_updates       | 2512813  |
---------------------------------
---------------------------------
| rollout/           |          |
|    ep_len_mean     | 1.85e+03 |
|    ep_rew_mean     | 693      |
| time/              |          |
|    episodes        | 1644     |
|    fps             | 161      |
|    time_elapsed    | 15566    |
|    total_timesteps | 2521619  |
| train/             |          |
|    actor_loss      | 42.5     |
|    critic_loss     | 15.3     |
|    ent_coef        | 0.0196   |
|    ent_coef_loss   | 0.277    |
|    learning_rate   | 0.0003   |
|    n_updates       | 2520618  |
---------------------------------
---------------------------------
| rollout/           |          |
|    ep_len_mean     | 1.85e+03 |
|    ep_rew_mean     | 692      |
| time/              |          |
|    episodes        | 1648     |
|    fps             | 162      |
|    time_elapsed    | 15608    |
|    total_timesteps | 2528653  |
| train/             |          |
|    actor_loss      | 51       |
|    critic_loss     | 109      |
|    ent_coef        | 0.0203   |
|    ent_coef_loss   | 1.84     |
|    learning_rate   | 0.0003   |
|    n_updates       | 2527652  |
---------------------------------
---------------------------------
| rollout/           |          |
|    ep_len_mean     | 1.86e+03 |
|    ep_rew_mean     | 697      |
| time/              |          |
|    episodes        | 1652     |
|    fps             | 162      |
|    time_elapsed    | 15653    |
|    total_timesteps | 2536408  |
| train/             |          |
|    actor_loss      | 48.3     |
|    critic_loss     | 590      |
|    ent_coef        | 0.0202   |
|    ent_coef_loss   | 0.0135   |
|    learning_rate   | 0.0003   |
|    n_updates       | 2535407  |
---------------------------------
---------------------------------
| rollout/           |          |
|    ep_len_mean     | 1.88e+03 |
|    ep_rew_mean     | 706      |
| time/              |          |
|    episodes        | 1656     |
|    fps             | 161      |
|    time_elapsed    | 15714    |
|    total_timesteps | 2543783  |
| train/             |          |
|    actor_loss      | 56.7     |
|    critic_loss     | 11.9     |
|    ent_coef        | 0.0191   |
|    ent_coef_loss   | -1.09    |
|    learning_rate   | 0.0003   |
|    n_updates       | 2542782  |
---------------------------------
---------------------------------
| rollout/           |          |
|    ep_len_mean     | 1.88e+03 |
|    ep_rew_mean     | 714      |
| time/              |          |
|    episodes        | 1660     |
|    fps             | 161      |
|    time_elapsed    | 15761    |
|    total_timesteps | 2551620  |
| train/             |          |
|    actor_loss      | 31.9     |
|    critic_loss     | 12.7     |
|    ent_coef        | 0.0201   |
|    ent_coef_loss   | -0.411   |
|    learning_rate   | 0.0003   |
|    n_updates       | 2550619  |
---------------------------------
---------------------------------
| rollout/           |          |
|    ep_len_mean     | 1.88e+03 |
|    ep_rew_mean     | 715      |
| time/              |          |
|    episodes        | 1664     |
|    fps             | 161      |
|    time_elapsed    | 15804    |
|    total_timesteps | 2558847  |
| train/             |          |
|    actor_loss      | 49       |
|    critic_loss     | 11.9     |
|    ent_coef        | 0.0204   |
|    ent_coef_loss   | -1.22    |
|    learning_rate   | 0.0003   |
|    n_updates       | 2557846  |
---------------------------------
---------------------------------
| rollout/           |          |
|    ep_len_mean     | 1.89e+03 |
|    ep_rew_mean     | 729      |
| time/              |          |
|    episodes        | 1668     |
|    fps             | 161      |
|    time_elapsed    | 15851    |
|    total_timesteps | 2566837  |
| train/             |          |
|    actor_loss      | 50.8     |
|    critic_loss     | 20.2     |
|    ent_coef        | 0.0208   |
|    ent_coef_loss   | 0.0504   |
|    learning_rate   | 0.0003   |
|    n_updates       | 2565836  |
---------------------------------
---------------------------------
| rollout/           |          |
|    ep_len_mean     | 1.89e+03 |
|    ep_rew_mean     | 725      |
| time/              |          |
|    episodes        | 1672     |
|    fps             | 161      |
|    time_elapsed    | 15897    |
|    total_timesteps | 2574681  |
| train/             |          |
|    actor_loss      | 48.8     |
|    critic_loss     | 15.1     |
|    ent_coef        | 0.0199   |
|    ent_coef_loss   | -0.314   |
|    learning_rate   | 0.0003   |
|    n_updates       | 2573680  |
---------------------------------
---------------------------------
| rollout/           |          |
|    ep_len_mean     | 1.89e+03 |
|    ep_rew_mean     | 732      |
| time/              |          |
|    episodes        | 1676     |
|    fps             | 161      |
|    time_elapsed    | 15941    |
|    total_timesteps | 2582212  |
| train/             |          |
|    actor_loss      | 44.3     |
|    critic_loss     | 17       |
|    ent_coef        | 0.0199   |
|    ent_coef_loss   | -0.394   |
|    learning_rate   | 0.0003   |
|    n_updates       | 2581211  |
---------------------------------
---------------------------------
| rollout/           |          |
|    ep_len_mean     | 1.89e+03 |
|    ep_rew_mean     | 720      |
| time/              |          |
|    episodes        | 1680     |
|    fps             | 161      |
|    time_elapsed    | 15988    |
|    total_timesteps | 2590125  |
| train/             |          |
|    actor_loss      | 45.9     |
|    critic_loss     | 9.18     |
|    ent_coef        | 0.0206   |
|    ent_coef_loss   | -0.705   |
|    learning_rate   | 0.0003   |
|    n_updates       | 2589124  |
---------------------------------
---------------------------------
| rollout/           |          |
|    ep_len_mean     | 1.9e+03  |
|    ep_rew_mean     | 712      |
| time/              |          |
|    episodes        | 1684     |
|    fps             | 162      |
|    time_elapsed    | 16035    |
|    total_timesteps | 2598125  |
| train/             |          |
|    actor_loss      | 66.2     |
|    critic_loss     | 15.6     |
|    ent_coef        | 0.0215   |
|    ent_coef_loss   | 0.852    |
|    learning_rate   | 0.0003   |
|    n_updates       | 2597124  |
---------------------------------
---------------------------------
| rollout/           |          |
|    ep_len_mean     | 1.91e+03 |
|    ep_rew_mean     | 734      |
| time/              |          |
|    episodes        | 1688     |
|    fps             | 162      |
|    time_elapsed    | 16081    |
|    total_timesteps | 2605949  |
| train/             |          |
|    actor_loss      | 70.4     |
|    critic_loss     | 32.4     |
|    ent_coef        | 0.0207   |
|    ent_coef_loss   | 0.593    |
|    learning_rate   | 0.0003   |
|    n_updates       | 2604948  |
---------------------------------
---------------------------------
| rollout/           |          |
|    ep_len_mean     | 1.91e+03 |
|    ep_rew_mean     | 707      |
| time/              |          |
|    episodes        | 1692     |
|    fps             | 162      |
|    time_elapsed    | 16122    |
|    total_timesteps | 2612844  |
| train/             |          |
|    actor_loss      | 25.1     |
|    critic_loss     | 15.1     |
|    ent_coef        | 0.0206   |
|    ent_coef_loss   | -1.12    |
|    learning_rate   | 0.0003   |
|    n_updates       | 2611843  |
---------------------------------
---------------------------------
| rollout/           |          |
|    ep_len_mean     | 1.9e+03  |
|    ep_rew_mean     | 707      |
| time/              |          |
|    episodes        | 1696     |
|    fps             | 162      |
|    time_elapsed    | 16162    |
|    total_timesteps | 2619673  |
| train/             |          |
|    actor_loss      | 34.7     |
|    critic_loss     | 7.61     |
|    ent_coef        | 0.0205   |
|    ent_coef_loss   | 0.411    |
|    learning_rate   | 0.0003   |
|    n_updates       | 2618672  |
---------------------------------
---------------------------------
| rollout/           |          |
|    ep_len_mean     | 1.9e+03  |
|    ep_rew_mean     | 662      |
| time/              |          |
|    episodes        | 1700     |
|    fps             | 162      |
|    time_elapsed    | 16208    |
|    total_timesteps | 2627447  |
| train/             |          |
|    actor_loss      | 37.6     |
|    critic_loss     | 16.9     |
|    ent_coef        | 0.0218   |
|    ent_coef_loss   | 1.09     |
|    learning_rate   | 0.0003   |
|    n_updates       | 2626446  |
---------------------------------
---------------------------------
| rollout/           |          |
|    ep_len_mean     | 1.9e+03  |
|    ep_rew_mean     | 639      |
| time/              |          |
|    episodes        | 1704     |
|    fps             | 162      |
|    time_elapsed    | 16255    |
|    total_timesteps | 2635438  |
| train/             |          |
|    actor_loss      | 46.8     |
|    critic_loss     | 54.6     |
|    ent_coef        | 0.0215   |
|    ent_coef_loss   | 0.199    |
|    learning_rate   | 0.0003   |
|    n_updates       | 2634437  |
---------------------------------
---------------------------------
| rollout/           |          |
|    ep_len_mean     | 1.91e+03 |
|    ep_rew_mean     | 655      |
| time/              |          |
|    episodes        | 1708     |
|    fps             | 162      |
|    time_elapsed    | 16301    |
|    total_timesteps | 2643239  |
| train/             |          |
|    actor_loss      | 43       |
|    critic_loss     | 20.4     |
|    ent_coef        | 0.0221   |
|    ent_coef_loss   | -2.52    |
|    learning_rate   | 0.0003   |
|    n_updates       | 2642238  |
---------------------------------
---------------------------------
| rollout/           |          |
|    ep_len_mean     | 1.91e+03 |
|    ep_rew_mean     | 671      |
| time/              |          |
|    episodes        | 1712     |
|    fps             | 162      |
|    time_elapsed    | 16348    |
|    total_timesteps | 2651123  |
| train/             |          |
|    actor_loss      | 47.2     |
|    critic_loss     | 11.4     |
|    ent_coef        | 0.0213   |
|    ent_coef_loss   | 0.337    |
|    learning_rate   | 0.0003   |
|    n_updates       | 2650122  |
---------------------------------
---------------------------------
| rollout/           |          |
|    ep_len_mean     | 1.9e+03  |
|    ep_rew_mean     | 664      |
| time/              |          |
|    episodes        | 1716     |
|    fps             | 162      |
|    time_elapsed    | 16389    |
|    total_timesteps | 2658267  |
| train/             |          |
|    actor_loss      | 57.1     |
|    critic_loss     | 55.6     |
|    ent_coef        | 0.0205   |
|    ent_coef_loss   | 1.32     |
|    learning_rate   | 0.0003   |
|    n_updates       | 2657266  |
---------------------------------
---------------------------------
| rollout/           |          |
|    ep_len_mean     | 1.9e+03  |
|    ep_rew_mean     | 656      |
| time/              |          |
|    episodes        | 1720     |
|    fps             | 162      |
|    time_elapsed    | 16435    |
|    total_timesteps | 2665964  |
| train/             |          |
|    actor_loss      | 47.8     |
|    critic_loss     | 304      |
|    ent_coef        | 0.0205   |
|    ent_coef_loss   | -0.964   |
|    learning_rate   | 0.0003   |
|    n_updates       | 2664963  |
---------------------------------
---------------------------------
| rollout/           |          |
|    ep_len_mean     | 1.9e+03  |
|    ep_rew_mean     | 637      |
| time/              |          |
|    episodes        | 1724     |
|    fps             | 162      |
|    time_elapsed    | 16482    |
|    total_timesteps | 2673944  |
| train/             |          |
|    actor_loss      | 41.1     |
|    critic_loss     | 10.1     |
|    ent_coef        | 0.0206   |
|    ent_coef_loss   | -0.239   |
|    learning_rate   | 0.0003   |
|    n_updates       | 2672943  |
---------------------------------
---------------------------------
| rollout/           |          |
|    ep_len_mean     | 1.9e+03  |
|    ep_rew_mean     | 646      |
| time/              |          |
|    episodes        | 1728     |
|    fps             | 162      |
|    time_elapsed    | 16525    |
|    total_timesteps | 2681360  |
| train/             |          |
|    actor_loss      | 57.5     |
|    critic_loss     | 14.1     |
|    ent_coef        | 0.0204   |
|    ent_coef_loss   | -2.11    |
|    learning_rate   | 0.0003   |
|    n_updates       | 2680359  |
---------------------------------
---------------------------------
| rollout/           |          |
|    ep_len_mean     | 1.91e+03 |
|    ep_rew_mean     | 619      |
| time/              |          |
|    episodes        | 1732     |
|    fps             | 162      |
|    time_elapsed    | 16572    |
|    total_timesteps | 2689360  |
| train/             |          |
|    actor_loss      | 37.8     |
|    critic_loss     | 8.61     |
|    ent_coef        | 0.0202   |
|    ent_coef_loss   | -1.65    |
|    learning_rate   | 0.0003   |
|    n_updates       | 2688359  |
---------------------------------
---------------------------------
| rollout/           |          |
|    ep_len_mean     | 1.91e+03 |
|    ep_rew_mean     | 602      |
| time/              |          |
|    episodes        | 1736     |
|    fps             | 162      |
|    time_elapsed    | 16619    |
|    total_timesteps | 2697360  |
| train/             |          |
|    actor_loss      | 48.1     |
|    critic_loss     | 282      |
|    ent_coef        | 0.0197   |
|    ent_coef_loss   | 0.153    |
|    learning_rate   | 0.0003   |
|    n_updates       | 2696359  |
---------------------------------
---------------------------------
| rollout/           |          |
|    ep_len_mean     | 1.89e+03 |
|    ep_rew_mean     | 604      |
| time/              |          |
|    episodes        | 1740     |
|    fps             | 162      |
|    time_elapsed    | 16653    |
|    total_timesteps | 2703153  |
| train/             |          |
|    actor_loss      | 51.1     |
|    critic_loss     | 25.6     |
|    ent_coef        | 0.0196   |
|    ent_coef_loss   | 1.73     |
|    learning_rate   | 0.0003   |
|    n_updates       | 2702152  |
---------------------------------
---------------------------------
| rollout/           |          |
|    ep_len_mean     | 1.89e+03 |
|    ep_rew_mean     | 603      |
| time/              |          |
|    episodes        | 1744     |
|    fps             | 162      |
|    time_elapsed    | 16699    |
|    total_timesteps | 2711026  |
| train/             |          |
|    actor_loss      | 27.2     |
|    critic_loss     | 12       |
|    ent_coef        | 0.0196   |
|    ent_coef_loss   | -0.518   |
|    learning_rate   | 0.0003   |
|    n_updates       | 2710025  |
---------------------------------
---------------------------------
| rollout/           |          |
|    ep_len_mean     | 1.9e+03  |
|    ep_rew_mean     | 597      |
| time/              |          |
|    episodes        | 1748     |
|    fps             | 162      |
|    time_elapsed    | 16744    |
|    total_timesteps | 2718712  |
| train/             |          |
|    actor_loss      | 77.1     |
|    critic_loss     | 210      |
|    ent_coef        | 0.0201   |
|    ent_coef_loss   | 1.99     |
|    learning_rate   | 0.0003   |
|    n_updates       | 2717711  |
---------------------------------
---------------------------------
| rollout/           |          |
|    ep_len_mean     | 1.89e+03 |
|    ep_rew_mean     | 587      |
| time/              |          |
|    episodes        | 1752     |
|    fps             | 162      |
|    time_elapsed    | 16782    |
|    total_timesteps | 2725111  |
| train/             |          |
|    actor_loss      | 51.5     |
|    critic_loss     | 27.5     |
|    ent_coef        | 0.0194   |
|    ent_coef_loss   | 0.841    |
|    learning_rate   | 0.0003   |
|    n_updates       | 2724110  |
---------------------------------
---------------------------------
| rollout/           |          |
|    ep_len_mean     | 1.87e+03 |
|    ep_rew_mean     | 583      |
| time/              |          |
|    episodes        | 1756     |
|    fps             | 162      |
|    time_elapsed    | 16813    |
|    total_timesteps | 2730357  |
| train/             |          |
|    actor_loss      | 31.5     |
|    critic_loss     | 8.03     |
|    ent_coef        | 0.0193   |
|    ent_coef_loss   | -1.54    |
|    learning_rate   | 0.0003   |
|    n_updates       | 2729356  |
---------------------------------
---------------------------------
| rollout/           |          |
|    ep_len_mean     | 1.86e+03 |
|    ep_rew_mean     | 586      |
| time/              |          |
|    episodes        | 1760     |
|    fps             | 162      |
|    time_elapsed    | 16857    |
|    total_timesteps | 2737868  |
| train/             |          |
|    actor_loss      | 56.2     |
|    critic_loss     | 53.8     |
|    ent_coef        | 0.0204   |
|    ent_coef_loss   | 0.13     |
|    learning_rate   | 0.0003   |
|    n_updates       | 2736867  |
---------------------------------
---------------------------------
| rollout/           |          |
|    ep_len_mean     | 1.86e+03 |
|    ep_rew_mean     | 585      |
| time/              |          |
|    episodes        | 1764     |
|    fps             | 162      |
|    time_elapsed    | 16896    |
|    total_timesteps | 2744587  |
| train/             |          |
|    actor_loss      | 54       |
|    critic_loss     | 34.1     |
|    ent_coef        | 0.02     |
|    ent_coef_loss   | -1.2     |
|    learning_rate   | 0.0003   |
|    n_updates       | 2743586  |
---------------------------------
---------------------------------
| rollout/           |          |
|    ep_len_mean     | 1.85e+03 |
|    ep_rew_mean     | 571      |
| time/              |          |
|    episodes        | 1768     |
|    fps             | 162      |
|    time_elapsed    | 16942    |
|    total_timesteps | 2752257  |
| train/             |          |
|    actor_loss      | 55.3     |
|    critic_loss     | 28.6     |
|    ent_coef        | 0.0197   |
|    ent_coef_loss   | 0.572    |
|    learning_rate   | 0.0003   |
|    n_updates       | 2751256  |
---------------------------------
---------------------------------
| rollout/           |          |
|    ep_len_mean     | 1.85e+03 |
|    ep_rew_mean     | 568      |
| time/              |          |
|    episodes        | 1772     |
|    fps             | 162      |
|    time_elapsed    | 16988    |
|    total_timesteps | 2760155  |
| train/             |          |
|    actor_loss      | 45       |
|    critic_loss     | 440      |
|    ent_coef        | 0.0192   |
|    ent_coef_loss   | 1.45     |
|    learning_rate   | 0.0003   |
|    n_updates       | 2759154  |
---------------------------------
---------------------------------
| rollout/           |          |
|    ep_len_mean     | 1.86e+03 |
|    ep_rew_mean     | 578      |
| time/              |          |
|    episodes        | 1776     |
|    fps             | 162      |
|    time_elapsed    | 17034    |
|    total_timesteps | 2767936  |
| train/             |          |
|    actor_loss      | 44.4     |
|    critic_loss     | 8.71     |
|    ent_coef        | 0.0197   |
|    ent_coef_loss   | 0.69     |
|    learning_rate   | 0.0003   |
|    n_updates       | 2766935  |
---------------------------------
---------------------------------
| rollout/           |          |
|    ep_len_mean     | 1.86e+03 |
|    ep_rew_mean     | 583      |
| time/              |          |
|    episodes        | 1780     |
|    fps             | 162      |
|    time_elapsed    | 17080    |
|    total_timesteps | 2775813  |
| train/             |          |
|    actor_loss      | 43.2     |
|    critic_loss     | 219      |
|    ent_coef        | 0.0191   |
|    ent_coef_loss   | -0.52    |
|    learning_rate   | 0.0003   |
|    n_updates       | 2774812  |
---------------------------------
---------------------------------
| rollout/           |          |
|    ep_len_mean     | 1.85e+03 |
|    ep_rew_mean     | 596      |
| time/              |          |
|    episodes        | 1784     |
|    fps             | 162      |
|    time_elapsed    | 17125    |
|    total_timesteps | 2783450  |
| train/             |          |
|    actor_loss      | 55.7     |
|    critic_loss     | 9.55     |
|    ent_coef        | 0.0192   |
|    ent_coef_loss   | 0.737    |
|    learning_rate   | 0.0003   |
|    n_updates       | 2782449  |
---------------------------------
---------------------------------
| rollout/           |          |
|    ep_len_mean     | 1.85e+03 |
|    ep_rew_mean     | 579      |
| time/              |          |
|    episodes        | 1788     |
|    fps             | 162      |
|    time_elapsed    | 17172    |
|    total_timesteps | 2791310  |
| train/             |          |
|    actor_loss      | 32.2     |
|    critic_loss     | 8.21     |
|    ent_coef        | 0.019    |
|    ent_coef_loss   | -0.217   |
|    learning_rate   | 0.0003   |
|    n_updates       | 2790309  |
---------------------------------
---------------------------------
| rollout/           |          |
|    ep_len_mean     | 1.86e+03 |
|    ep_rew_mean     | 610      |
| time/              |          |
|    episodes        | 1792     |
|    fps             | 162      |
|    time_elapsed    | 17214    |
|    total_timesteps | 2798560  |
| train/             |          |
|    actor_loss      | 57.9     |
|    critic_loss     | 16.8     |
|    ent_coef        | 0.0192   |
|    ent_coef_loss   | 0.577    |
|    learning_rate   | 0.0003   |
|    n_updates       | 2797559  |
---------------------------------
---------------------------------
| rollout/           |          |
|    ep_len_mean     | 1.86e+03 |
|    ep_rew_mean     | 605      |
| time/              |          |
|    episodes        | 1796     |
|    fps             | 162      |
|    time_elapsed    | 17259    |
|    total_timesteps | 2806153  |
| train/             |          |
|    actor_loss      | 41.5     |
|    critic_loss     | 14.3     |
|    ent_coef        | 0.0181   |
|    ent_coef_loss   | 1.38     |
|    learning_rate   | 0.0003   |
|    n_updates       | 2805152  |
---------------------------------
---------------------------------
| rollout/           |          |
|    ep_len_mean     | 1.85e+03 |
|    ep_rew_mean     | 639      |
| time/              |          |
|    episodes        | 1800     |
|    fps             | 162      |
|    time_elapsed    | 17295    |
|    total_timesteps | 2812250  |
| train/             |          |
|    actor_loss      | 51.4     |
|    critic_loss     | 8.88     |
|    ent_coef        | 0.0182   |
|    ent_coef_loss   | -0.215   |
|    learning_rate   | 0.0003   |
|    n_updates       | 2811249  |
---------------------------------
---------------------------------
| rollout/           |          |
|    ep_len_mean     | 1.85e+03 |
|    ep_rew_mean     | 648      |
| time/              |          |
|    episodes        | 1804     |
|    fps             | 162      |
|    time_elapsed    | 17341    |
|    total_timesteps | 2820127  |
| train/             |          |
|    actor_loss      | 41.8     |
|    critic_loss     | 13.9     |
|    ent_coef        | 0.0184   |
|    ent_coef_loss   | -0.772   |
|    learning_rate   | 0.0003   |
|    n_updates       | 2819126  |
---------------------------------
---------------------------------
| rollout/           |          |
|    ep_len_mean     | 1.84e+03 |
|    ep_rew_mean     | 641      |
| time/              |          |
|    episodes        | 1808     |
|    fps             | 162      |
|    time_elapsed    | 17382    |
|    total_timesteps | 2827180  |
| train/             |          |
|    actor_loss      | 13       |
|    critic_loss     | 21.7     |
|    ent_coef        | 0.0188   |
|    ent_coef_loss   | 0.173    |
|    learning_rate   | 0.0003   |
|    n_updates       | 2826179  |
---------------------------------
---------------------------------
| rollout/           |          |
|    ep_len_mean     | 1.84e+03 |
|    ep_rew_mean     | 631      |
| time/              |          |
|    episodes        | 1812     |
|    fps             | 162      |
|    time_elapsed    | 17428    |
|    total_timesteps | 2834939  |
| train/             |          |
|    actor_loss      | 14.7     |
|    critic_loss     | 13.9     |
|    ent_coef        | 0.0184   |
|    ent_coef_loss   | -0.713   |
|    learning_rate   | 0.0003   |
|    n_updates       | 2833938  |
---------------------------------
---------------------------------
| rollout/           |          |
|    ep_len_mean     | 1.85e+03 |
|    ep_rew_mean     | 615      |
| time/              |          |
|    episodes        | 1816     |
|    fps             | 162      |
|    time_elapsed    | 17475    |
|    total_timesteps | 2842939  |
| train/             |          |
|    actor_loss      | 32.5     |
|    critic_loss     | 21.5     |
|    ent_coef        | 0.0183   |
|    ent_coef_loss   | -0.969   |
|    learning_rate   | 0.0003   |
|    n_updates       | 2841938  |
---------------------------------
---------------------------------
| rollout/           |          |
|    ep_len_mean     | 1.85e+03 |
|    ep_rew_mean     | 635      |
| time/              |          |
|    episodes        | 1820     |
|    fps             | 162      |
|    time_elapsed    | 17521    |
|    total_timesteps | 2850717  |
| train/             |          |
|    actor_loss      | 35.7     |
|    critic_loss     | 31.5     |
|    ent_coef        | 0.0198   |
|    ent_coef_loss   | -2.05    |
|    learning_rate   | 0.0003   |
|    n_updates       | 2849716  |
---------------------------------
---------------------------------
| rollout/           |          |
|    ep_len_mean     | 1.84e+03 |
|    ep_rew_mean     | 648      |
| time/              |          |
|    episodes        | 1824     |
|    fps             | 162      |
|    time_elapsed    | 17566    |
|    total_timesteps | 2858402  |
| train/             |          |
|    actor_loss      | 37.8     |
|    critic_loss     | 6.95     |
|    ent_coef        | 0.0192   |
|    ent_coef_loss   | -1.12    |
|    learning_rate   | 0.0003   |
|    n_updates       | 2857401  |
---------------------------------
---------------------------------
| rollout/           |          |
|    ep_len_mean     | 1.84e+03 |
|    ep_rew_mean     | 643      |
| time/              |          |
|    episodes        | 1828     |
|    fps             | 162      |
|    time_elapsed    | 17605    |
|    total_timesteps | 2865004  |
| train/             |          |
|    actor_loss      | 30.7     |
|    critic_loss     | 19.4     |
|    ent_coef        | 0.0189   |
|    ent_coef_loss   | 0.407    |
|    learning_rate   | 0.0003   |
|    n_updates       | 2864003  |
---------------------------------
---------------------------------
| rollout/           |          |
|    ep_len_mean     | 1.83e+03 |
|    ep_rew_mean     | 668      |
| time/              |          |
|    episodes        | 1832     |
|    fps             | 162      |
|    time_elapsed    | 17651    |
|    total_timesteps | 2872848  |
| train/             |          |
|    actor_loss      | 36.1     |
|    critic_loss     | 8.85     |
|    ent_coef        | 0.0189   |
|    ent_coef_loss   | 0.196    |
|    learning_rate   | 0.0003   |
|    n_updates       | 2871847  |
---------------------------------
---------------------------------
| rollout/           |          |
|    ep_len_mean     | 1.83e+03 |
|    ep_rew_mean     | 673      |
| time/              |          |
|    episodes        | 1836     |
|    fps             | 162      |
|    time_elapsed    | 17693    |
|    total_timesteps | 2880083  |
| train/             |          |
|    actor_loss      | 33.1     |
|    critic_loss     | 17.5     |
|    ent_coef        | 0.0185   |
|    ent_coef_loss   | -2.37    |
|    learning_rate   | 0.0003   |
|    n_updates       | 2879082  |
---------------------------------
---------------------------------
| rollout/           |          |
|    ep_len_mean     | 1.84e+03 |
|    ep_rew_mean     | 667      |
| time/              |          |
|    episodes        | 1840     |
|    fps             | 162      |
|    time_elapsed    | 17735    |
|    total_timesteps | 2887281  |
| train/             |          |
|    actor_loss      | 21.8     |
|    critic_loss     | 17.7     |
|    ent_coef        | 0.0176   |
|    ent_coef_loss   | -0.0423  |
|    learning_rate   | 0.0003   |
|    n_updates       | 2886280  |
---------------------------------
---------------------------------
| rollout/           |          |
|    ep_len_mean     | 1.83e+03 |
|    ep_rew_mean     | 670      |
| time/              |          |
|    episodes        | 1844     |
|    fps             | 162      |
|    time_elapsed    | 17777    |
|    total_timesteps | 2894382  |
| train/             |          |
|    actor_loss      | 30.4     |
|    critic_loss     | 429      |
|    ent_coef        | 0.0177   |
|    ent_coef_loss   | -0.291   |
|    learning_rate   | 0.0003   |
|    n_updates       | 2893381  |
---------------------------------
---------------------------------
| rollout/           |          |
|    ep_len_mean     | 1.83e+03 |
|    ep_rew_mean     | 665      |
| time/              |          |
|    episodes        | 1848     |
|    fps             | 162      |
|    time_elapsed    | 17819    |
|    total_timesteps | 2901576  |
| train/             |          |
|    actor_loss      | 21.6     |
|    critic_loss     | 4.43     |
|    ent_coef        | 0.018    |
|    ent_coef_loss   | -0.978   |
|    learning_rate   | 0.0003   |
|    n_updates       | 2900575  |
---------------------------------
---------------------------------
| rollout/           |          |
|    ep_len_mean     | 1.83e+03 |
|    ep_rew_mean     | 663      |
| time/              |          |
|    episodes        | 1852     |
|    fps             | 162      |
|    time_elapsed    | 17857    |
|    total_timesteps | 2908007  |
| train/             |          |
|    actor_loss      | 38.9     |
|    critic_loss     | 9.76     |
|    ent_coef        | 0.0186   |
|    ent_coef_loss   | 0.258    |
|    learning_rate   | 0.0003   |
|    n_updates       | 2907006  |
---------------------------------
---------------------------------
| rollout/           |          |
|    ep_len_mean     | 1.85e+03 |
|    ep_rew_mean     | 663      |
| time/              |          |
|    episodes        | 1856     |
|    fps             | 162      |
|    time_elapsed    | 17901    |
|    total_timesteps | 2915500  |
| train/             |          |
|    actor_loss      | 40.4     |
|    critic_loss     | 25.3     |
|    ent_coef        | 0.018    |
|    ent_coef_loss   | -0.471   |
|    learning_rate   | 0.0003   |
|    n_updates       | 2914499  |
---------------------------------
---------------------------------
| rollout/           |          |
|    ep_len_mean     | 1.83e+03 |
|    ep_rew_mean     | 645      |
| time/              |          |
|    episodes        | 1860     |
|    fps             | 162      |
|    time_elapsed    | 17933    |
|    total_timesteps | 2921048  |
| train/             |          |
|    actor_loss      | 24       |
|    critic_loss     | 21.9     |
|    ent_coef        | 0.0191   |
|    ent_coef_loss   | 0.43     |
|    learning_rate   | 0.0003   |
|    n_updates       | 2920047  |
---------------------------------
---------------------------------
| rollout/           |          |
|    ep_len_mean     | 1.77e+03 |
|    ep_rew_mean     | 623      |
| time/              |          |
|    episodes        | 1864     |
|    fps             | 162      |
|    time_elapsed    | 17939    |
|    total_timesteps | 2921980  |
| train/             |          |
|    actor_loss      | 31.7     |
|    critic_loss     | 9.95     |
|    ent_coef        | 0.0187   |
|    ent_coef_loss   | -0.0741  |
|    learning_rate   | 0.0003   |
|    n_updates       | 2920979  |
---------------------------------
---------------------------------
| rollout/           |          |
|    ep_len_mean     | 1.75e+03 |
|    ep_rew_mean     | 610      |
| time/              |          |
|    episodes        | 1868     |
|    fps             | 162      |
|    time_elapsed    | 17970    |
|    total_timesteps | 2927190  |
| train/             |          |
|    actor_loss      | 19.4     |
|    critic_loss     | 12       |
|    ent_coef        | 0.0184   |
|    ent_coef_loss   | 1.25     |
|    learning_rate   | 0.0003   |
|    n_updates       | 2926189  |
---------------------------------
---------------------------------
| rollout/           |          |
|    ep_len_mean     | 1.71e+03 |
|    ep_rew_mean     | 607      |
| time/              |          |
|    episodes        | 1872     |
|    fps             | 162      |
|    time_elapsed    | 17992    |
|    total_timesteps | 2930969  |
| train/             |          |
|    actor_loss      | 30.7     |
|    critic_loss     | 11.4     |
|    ent_coef        | 0.0185   |
|    ent_coef_loss   | 1.12     |
|    learning_rate   | 0.0003   |
|    n_updates       | 2929968  |
---------------------------------
---------------------------------
| rollout/           |          |
|    ep_len_mean     | 1.7e+03  |
|    ep_rew_mean     | 588      |
| time/              |          |
|    episodes        | 1876     |
|    fps             | 162      |
|    time_elapsed    | 18030    |
|    total_timesteps | 2937560  |
| train/             |          |
|    actor_loss      | 29.2     |
|    critic_loss     | 10.8     |
|    ent_coef        | 0.0183   |
|    ent_coef_loss   | 1.49     |
|    learning_rate   | 0.0003   |
|    n_updates       | 2936559  |
---------------------------------
---------------------------------
| rollout/           |          |
|    ep_len_mean     | 1.69e+03 |
|    ep_rew_mean     | 584      |
| time/              |          |
|    episodes        | 1880     |
|    fps             | 162      |
|    time_elapsed    | 18071    |
|    total_timesteps | 2944532  |
| train/             |          |
|    actor_loss      | 34.7     |
|    critic_loss     | 11.4     |
|    ent_coef        | 0.0171   |
|    ent_coef_loss   | -1.41    |
|    learning_rate   | 0.0003   |
|    n_updates       | 2943531  |
---------------------------------
---------------------------------
| rollout/           |          |
|    ep_len_mean     | 1.68e+03 |
|    ep_rew_mean     | 574      |
| time/              |          |
|    episodes        | 1884     |
|    fps             | 162      |
|    time_elapsed    | 18111    |
|    total_timesteps | 2951268  |
| train/             |          |
|    actor_loss      | 21.3     |
|    critic_loss     | 15.4     |
|    ent_coef        | 0.0168   |
|    ent_coef_loss   | 0.223    |
|    learning_rate   | 0.0003   |
|    n_updates       | 2950267  |
---------------------------------
---------------------------------
| rollout/           |          |
|    ep_len_mean     | 1.67e+03 |
|    ep_rew_mean     | 567      |
| time/              |          |
|    episodes        | 1888     |
|    fps             | 162      |
|    time_elapsed    | 18152    |
|    total_timesteps | 2958171  |
| train/             |          |
|    actor_loss      | 8.11     |
|    critic_loss     | 5.29     |
|    ent_coef        | 0.0165   |
|    ent_coef_loss   | -1.8     |
|    learning_rate   | 0.0003   |
|    n_updates       | 2957170  |
---------------------------------
---------------------------------
| rollout/           |          |
|    ep_len_mean     | 1.67e+03 |
|    ep_rew_mean     | 566      |
| time/              |          |
|    episodes        | 1892     |
|    fps             | 162      |
|    time_elapsed    | 18195    |
|    total_timesteps | 2965459  |
| train/             |          |
|    actor_loss      | 40.2     |
|    critic_loss     | 8.39     |
|    ent_coef        | 0.0163   |
|    ent_coef_loss   | 0.32     |
|    learning_rate   | 0.0003   |
|    n_updates       | 2964458  |
---------------------------------
---------------------------------
| rollout/           |          |
|    ep_len_mean     | 1.67e+03 |
|    ep_rew_mean     | 558      |
| time/              |          |
|    episodes        | 1896     |
|    fps             | 162      |
|    time_elapsed    | 18238    |
|    total_timesteps | 2972857  |
| train/             |          |
|    actor_loss      | 14.2     |
|    critic_loss     | 2.06e+03 |
|    ent_coef        | 0.0161   |
|    ent_coef_loss   | 0.16     |
|    learning_rate   | 0.0003   |
|    n_updates       | 2971856  |
---------------------------------
---------------------------------
| rollout/           |          |
|    ep_len_mean     | 1.68e+03 |
|    ep_rew_mean     | 566      |
| time/              |          |
|    episodes        | 1900     |
|    fps             | 163      |
|    time_elapsed    | 18281    |
|    total_timesteps | 2980176  |
| train/             |          |
|    actor_loss      | 22.2     |
|    critic_loss     | 8.56     |
|    ent_coef        | 0.0159   |
|    ent_coef_loss   | 3        |
|    learning_rate   | 0.0003   |
|    n_updates       | 2979175  |
---------------------------------
---------------------------------
| rollout/           |          |
|    ep_len_mean     | 1.67e+03 |
|    ep_rew_mean     | 568      |
| time/              |          |
|    episodes        | 1904     |
|    fps             | 163      |
|    time_elapsed    | 18323    |
|    total_timesteps | 2987340  |
| train/             |          |
|    actor_loss      | 13.4     |
|    critic_loss     | 7.85     |
|    ent_coef        | 0.0152   |
|    ent_coef_loss   | -0.881   |
|    learning_rate   | 0.0003   |
|    n_updates       | 2986339  |
---------------------------------
---------------------------------
| rollout/           |          |
|    ep_len_mean     | 1.68e+03 |
|    ep_rew_mean     | 569      |
| time/              |          |
|    episodes        | 1908     |
|    fps             | 163      |
|    time_elapsed    | 18367    |
|    total_timesteps | 2994729  |
| train/             |          |
|    actor_loss      | 21.3     |
|    critic_loss     | 24.3     |
|    ent_coef        | 0.0155   |
|    ent_coef_loss   | 0.369    |
|    learning_rate   | 0.0003   |
|    n_updates       | 2993728  |
---------------------------------
---------------------------------
| rollout/           |          |
|    ep_len_mean     | 1.68e+03 |
|    ep_rew_mean     | 566      |
| time/              |          |
|    episodes        | 1912     |
|    fps             | 163      |
|    time_elapsed    | 18412    |
|    total_timesteps | 3002461  |
| train/             |          |
|    actor_loss      | 25.2     |
|    critic_loss     | 1.37e+03 |
|    ent_coef        | 0.0163   |
|    ent_coef_loss   | -0.365   |
|    learning_rate   | 0.0003   |
|    n_updates       | 3001460  |
---------------------------------
---------------------------------
| rollout/           |          |
|    ep_len_mean     | 1.67e+03 |
|    ep_rew_mean     | 578      |
| time/              |          |
|    episodes        | 1916     |
|    fps             | 163      |
|    time_elapsed    | 18457    |
|    total_timesteps | 3010086  |
| train/             |          |
|    actor_loss      | 6.66     |
|    critic_loss     | 8.05     |
|    ent_coef        | 0.0163   |
|    ent_coef_loss   | -0.982   |
|    learning_rate   | 0.0003   |
|    n_updates       | 3009085  |
---------------------------------
---------------------------------
| rollout/           |          |
|    ep_len_mean     | 1.67e+03 |
|    ep_rew_mean     | 560      |
| time/              |          |
|    episodes        | 1920     |
|    fps             | 163      |
|    time_elapsed    | 18500    |
|    total_timesteps | 3017351  |
| train/             |          |
|    actor_loss      | 38.6     |
|    critic_loss     | 13.6     |
|    ent_coef        | 0.0159   |
|    ent_coef_loss   | 1.72     |
|    learning_rate   | 0.0003   |
|    n_updates       | 3016350  |
---------------------------------
---------------------------------
| rollout/           |          |
|    ep_len_mean     | 1.66e+03 |
|    ep_rew_mean     | 557      |
| time/              |          |
|    episodes        | 1924     |
|    fps             | 163      |
|    time_elapsed    | 18542    |
|    total_timesteps | 3024589  |
| train/             |          |
|    actor_loss      | 15.2     |
|    critic_loss     | 13.8     |
|    ent_coef        | 0.0151   |
|    ent_coef_loss   | 0.345    |
|    learning_rate   | 0.0003   |
|    n_updates       | 3023588  |
---------------------------------
---------------------------------
| rollout/           |          |
|    ep_len_mean     | 1.67e+03 |
|    ep_rew_mean     | 548      |
| time/              |          |
|    episodes        | 1928     |
|    fps             | 163      |
|    time_elapsed    | 18583    |
|    total_timesteps | 3031543  |
| train/             |          |
|    actor_loss      | 28.5     |
|    critic_loss     | 1.18e+03 |
|    ent_coef        | 0.0148   |
|    ent_coef_loss   | 1.5      |
|    learning_rate   | 0.0003   |
|    n_updates       | 3030542  |
---------------------------------
---------------------------------
| rollout/           |          |
|    ep_len_mean     | 1.66e+03 |
|    ep_rew_mean     | 541      |
| time/              |          |
|    episodes        | 1932     |
|    fps             | 163      |
|    time_elapsed    | 18623    |
|    total_timesteps | 3038420  |
| train/             |          |
|    actor_loss      | 13.5     |
|    critic_loss     | 14.7     |
|    ent_coef        | 0.0146   |
|    ent_coef_loss   | 1.01     |
|    learning_rate   | 0.0003   |
|    n_updates       | 3037419  |
---------------------------------
---------------------------------
| rollout/           |          |
|    ep_len_mean     | 1.66e+03 |
|    ep_rew_mean     | 538      |
| time/              |          |
|    episodes        | 1936     |
|    fps             | 163      |
|    time_elapsed    | 18666    |
|    total_timesteps | 3045663  |
| train/             |          |
|    actor_loss      | 5.7      |
|    critic_loss     | 5.8      |
|    ent_coef        | 0.0147   |
|    ent_coef_loss   | -0.0468  |
|    learning_rate   | 0.0003   |
|    n_updates       | 3044662  |
---------------------------------
---------------------------------
| rollout/           |          |
|    ep_len_mean     | 1.65e+03 |
|    ep_rew_mean     | 537      |
| time/              |          |
|    episodes        | 1940     |
|    fps             | 163      |
|    time_elapsed    | 18705    |
|    total_timesteps | 3052311  |
| train/             |          |
|    actor_loss      | 16.2     |
|    critic_loss     | 20.8     |
|    ent_coef        | 0.0151   |
|    ent_coef_loss   | -0.966   |
|    learning_rate   | 0.0003   |
|    n_updates       | 3051310  |
---------------------------------
---------------------------------
| rollout/           |          |
|    ep_len_mean     | 1.65e+03 |
|    ep_rew_mean     | 531      |
| time/              |          |
|    episodes        | 1944     |
|    fps             | 163      |
|    time_elapsed    | 18747    |
|    total_timesteps | 3059488  |
| train/             |          |
|    actor_loss      | 12.3     |
|    critic_loss     | 16.3     |
|    ent_coef        | 0.0141   |
|    ent_coef_loss   | -0.682   |
|    learning_rate   | 0.0003   |
|    n_updates       | 3058487  |
---------------------------------
---------------------------------
| rollout/           |          |
|    ep_len_mean     | 1.64e+03 |
|    ep_rew_mean     | 530      |
| time/              |          |
|    episodes        | 1948     |
|    fps             | 163      |
|    time_elapsed    | 18785    |
|    total_timesteps | 3065970  |
| train/             |          |
|    actor_loss      | 22.7     |
|    critic_loss     | 7.26     |
|    ent_coef        | 0.0142   |
|    ent_coef_loss   | 1.84     |
|    learning_rate   | 0.0003   |
|    n_updates       | 3064969  |
---------------------------------
---------------------------------
| rollout/           |          |
|    ep_len_mean     | 1.65e+03 |
|    ep_rew_mean     | 529      |
| time/              |          |
|    episodes        | 1952     |
|    fps             | 163      |
|    time_elapsed    | 18824    |
|    total_timesteps | 3072663  |
| train/             |          |
|    actor_loss      | 10.7     |
|    critic_loss     | 17.5     |
|    ent_coef        | 0.0146   |
|    ent_coef_loss   | -0.434   |
|    learning_rate   | 0.0003   |
|    n_updates       | 3071662  |
---------------------------------
---------------------------------
| rollout/           |          |
|    ep_len_mean     | 1.64e+03 |
|    ep_rew_mean     | 533      |
| time/              |          |
|    episodes        | 1956     |
|    fps             | 163      |
|    time_elapsed    | 18867    |
|    total_timesteps | 3079945  |
| train/             |          |
|    actor_loss      | 4.27     |
|    critic_loss     | 5.66     |
|    ent_coef        | 0.0141   |
|    ent_coef_loss   | -2.16    |
|    learning_rate   | 0.0003   |
|    n_updates       | 3078944  |
---------------------------------
---------------------------------
| rollout/           |          |
|    ep_len_mean     | 1.66e+03 |
|    ep_rew_mean     | 546      |
| time/              |          |
|    episodes        | 1960     |
|    fps             | 163      |
|    time_elapsed    | 18908    |
|    total_timesteps | 3086873  |
| train/             |          |
|    actor_loss      | 7.35     |
|    critic_loss     | 9.61     |
|    ent_coef        | 0.0148   |
|    ent_coef_loss   | -0.0368  |
|    learning_rate   | 0.0003   |
|    n_updates       | 3085872  |
---------------------------------
---------------------------------
| rollout/           |          |
|    ep_len_mean     | 1.72e+03 |
|    ep_rew_mean     | 559      |
| time/              |          |
|    episodes        | 1964     |
|    fps             | 163      |
|    time_elapsed    | 18947    |
|    total_timesteps | 3093513  |
| train/             |          |
|    actor_loss      | 9.2      |
|    critic_loss     | 8.33     |
|    ent_coef        | 0.0157   |
|    ent_coef_loss   | -0.654   |
|    learning_rate   | 0.0003   |
|    n_updates       | 3092512  |
---------------------------------
---------------------------------
| rollout/           |          |
|    ep_len_mean     | 1.72e+03 |
|    ep_rew_mean     | 567      |
| time/              |          |
|    episodes        | 1968     |
|    fps             | 163      |
|    time_elapsed    | 18983    |
|    total_timesteps | 3099658  |
| train/             |          |
|    actor_loss      | 2.46     |
|    critic_loss     | 8.92     |
|    ent_coef        | 0.0155   |
|    ent_coef_loss   | -2.06    |
|    learning_rate   | 0.0003   |
|    n_updates       | 3098657  |
---------------------------------
---------------------------------
| rollout/           |          |
|    ep_len_mean     | 1.75e+03 |
|    ep_rew_mean     | 580      |
| time/              |          |
|    episodes        | 1972     |
|    fps             | 163      |
|    time_elapsed    | 19023    |
|    total_timesteps | 3106448  |
| train/             |          |
|    actor_loss      | 17       |
|    critic_loss     | 31       |
|    ent_coef        | 0.0164   |
|    ent_coef_loss   | 1.44     |
|    learning_rate   | 0.0003   |
|    n_updates       | 3105447  |
---------------------------------
---------------------------------
| rollout/           |          |
|    ep_len_mean     | 1.76e+03 |
|    ep_rew_mean     | 592      |
| time/              |          |
|    episodes        | 1976     |
|    fps             | 163      |
|    time_elapsed    | 19066    |
|    total_timesteps | 3113752  |
| train/             |          |
|    actor_loss      | 17.7     |
|    critic_loss     | 6.11     |
|    ent_coef        | 0.0159   |
|    ent_coef_loss   | 1.26     |
|    learning_rate   | 0.0003   |
|    n_updates       | 3112751  |
---------------------------------
---------------------------------
| rollout/           |          |
|    ep_len_mean     | 1.77e+03 |
|    ep_rew_mean     | 603      |
| time/              |          |
|    episodes        | 1980     |
|    fps             | 163      |
|    time_elapsed    | 19113    |
|    total_timesteps | 3121752  |
| train/             |          |
|    actor_loss      | 30.1     |
|    critic_loss     | 13.3     |
|    ent_coef        | 0.016    |
|    ent_coef_loss   | 4.22     |
|    learning_rate   | 0.0003   |
|    n_updates       | 3120751  |
---------------------------------
---------------------------------
| rollout/           |          |
|    ep_len_mean     | 1.78e+03 |
|    ep_rew_mean     | 609      |
| time/              |          |
|    episodes        | 1984     |
|    fps             | 163      |
|    time_elapsed    | 19154    |
|    total_timesteps | 3128813  |
| train/             |          |
|    actor_loss      | 8.26     |
|    critic_loss     | 11.3     |
|    ent_coef        | 0.0158   |
|    ent_coef_loss   | -0.0628  |
|    learning_rate   | 0.0003   |
|    n_updates       | 3127812  |
---------------------------------
---------------------------------
| rollout/           |          |
|    ep_len_mean     | 1.76e+03 |
|    ep_rew_mean     | 612      |
| time/              |          |
|    episodes        | 1988     |
|    fps             | 163      |
|    time_elapsed    | 19187    |
|    total_timesteps | 3134428  |
| train/             |          |
|    actor_loss      | 11.1     |
|    critic_loss     | 12.8     |
|    ent_coef        | 0.0164   |
|    ent_coef_loss   | -1.86    |
|    learning_rate   | 0.0003   |
|    n_updates       | 3133427  |
---------------------------------
---------------------------------
| rollout/           |          |
|    ep_len_mean     | 1.77e+03 |
|    ep_rew_mean     | 616      |
| time/              |          |
|    episodes        | 1992     |
|    fps             | 163      |
|    time_elapsed    | 19232    |
|    total_timesteps | 3141963  |
| train/             |          |
|    actor_loss      | 0.597    |
|    critic_loss     | 24.8     |
|    ent_coef        | 0.0162   |
|    ent_coef_loss   | -1.09    |
|    learning_rate   | 0.0003   |
|    n_updates       | 3140962  |
---------------------------------
---------------------------------
| rollout/           |          |
|    ep_len_mean     | 1.77e+03 |
|    ep_rew_mean     | 612      |
| time/              |          |
|    episodes        | 1996     |
|    fps             | 163      |
|    time_elapsed    | 19277    |
|    total_timesteps | 3149715  |
| train/             |          |
|    actor_loss      | 19       |
|    critic_loss     | 9.94     |
|    ent_coef        | 0.0165   |
|    ent_coef_loss   | -0.164   |
|    learning_rate   | 0.0003   |
|    n_updates       | 3148714  |
---------------------------------
---------------------------------
| rollout/           |          |
|    ep_len_mean     | 1.77e+03 |
|    ep_rew_mean     | 616      |
| time/              |          |
|    episodes        | 2000     |
|    fps             | 163      |
|    time_elapsed    | 19319    |
|    total_timesteps | 3156918  |
| train/             |          |
|    actor_loss      | 5.43     |
|    critic_loss     | 7.67     |
|    ent_coef        | 0.0158   |
|    ent_coef_loss   | -0.258   |
|    learning_rate   | 0.0003   |
|    n_updates       | 3155917  |
---------------------------------
---------------------------------
| rollout/           |          |
|    ep_len_mean     | 1.76e+03 |
|    ep_rew_mean     | 619      |
| time/              |          |
|    episodes        | 2004     |
|    fps             | 163      |
|    time_elapsed    | 19358    |
|    total_timesteps | 3163548  |
| train/             |          |
|    actor_loss      | 12.9     |
|    critic_loss     | 19.9     |
|    ent_coef        | 0.0157   |
|    ent_coef_loss   | 0.495    |
|    learning_rate   | 0.0003   |
|    n_updates       | 3162547  |
---------------------------------
---------------------------------
| rollout/           |          |
|    ep_len_mean     | 1.76e+03 |
|    ep_rew_mean     | 624      |
| time/              |          |
|    episodes        | 2008     |
|    fps             | 163      |
|    time_elapsed    | 19403    |
|    total_timesteps | 3171171  |
| train/             |          |
|    actor_loss      | 39.1     |
|    critic_loss     | 17.6     |
|    ent_coef        | 0.0159   |
|    ent_coef_loss   | -0.282   |
|    learning_rate   | 0.0003   |
|    n_updates       | 3170170  |
---------------------------------
---------------------------------
| rollout/           |          |
|    ep_len_mean     | 1.77e+03 |
|    ep_rew_mean     | 626      |
| time/              |          |
|    episodes        | 2012     |
|    fps             | 163      |
|    time_elapsed    | 19449    |
|    total_timesteps | 3179025  |
| train/             |          |
|    actor_loss      | 5.43     |
|    critic_loss     | 14.3     |
|    ent_coef        | 0.0159   |
|    ent_coef_loss   | -0.513   |
|    learning_rate   | 0.0003   |
|    n_updates       | 3178024  |
---------------------------------
---------------------------------
| rollout/           |          |
|    ep_len_mean     | 1.77e+03 |
|    ep_rew_mean     | 635      |
| time/              |          |
|    episodes        | 2016     |
|    fps             | 163      |
|    time_elapsed    | 19495    |
|    total_timesteps | 3186734  |
| train/             |          |
|    actor_loss      | 13.9     |
|    critic_loss     | 23.6     |
|    ent_coef        | 0.0156   |
|    ent_coef_loss   | -1.57    |
|    learning_rate   | 0.0003   |
|    n_updates       | 3185733  |
---------------------------------
---------------------------------
| rollout/           |          |
|    ep_len_mean     | 1.77e+03 |
|    ep_rew_mean     | 635      |
| time/              |          |
|    episodes        | 2020     |
|    fps             | 163      |
|    time_elapsed    | 19538    |
|    total_timesteps | 3194144  |
| train/             |          |
|    actor_loss      | 14.3     |
|    critic_loss     | 6.58     |
|    ent_coef        | 0.0158   |
|    ent_coef_loss   | -1.52    |
|    learning_rate   | 0.0003   |
|    n_updates       | 3193143  |
---------------------------------
---------------------------------
| rollout/           |          |
|    ep_len_mean     | 1.76e+03 |
|    ep_rew_mean     | 638      |
| time/              |          |
|    episodes        | 2024     |
|    fps             | 163      |
|    time_elapsed    | 19578    |
|    total_timesteps | 3200890  |
| train/             |          |
|    actor_loss      | 26.8     |
|    critic_loss     | 5.91     |
|    ent_coef        | 0.0154   |
|    ent_coef_loss   | -0.435   |
|    learning_rate   | 0.0003   |
|    n_updates       | 3199889  |
---------------------------------
---------------------------------
| rollout/           |          |
|    ep_len_mean     | 1.77e+03 |
|    ep_rew_mean     | 652      |
| time/              |          |
|    episodes        | 2028     |
|    fps             | 163      |
|    time_elapsed    | 19634    |
|    total_timesteps | 3208415  |
| train/             |          |
|    actor_loss      | 7.93     |
|    critic_loss     | 12.4     |
|    ent_coef        | 0.015    |
|    ent_coef_loss   | -0.802   |
|    learning_rate   | 0.0003   |
|    n_updates       | 3207414  |
---------------------------------
---------------------------------
| rollout/           |          |
|    ep_len_mean     | 1.78e+03 |
|    ep_rew_mean     | 660      |
| time/              |          |
|    episodes        | 2032     |
|    fps             | 163      |
|    time_elapsed    | 19681    |
|    total_timesteps | 3216328  |
| train/             |          |
|    actor_loss      | 28       |
|    critic_loss     | 14.3     |
|    ent_coef        | 0.0149   |
|    ent_coef_loss   | -0.279   |
|    learning_rate   | 0.0003   |
|    n_updates       | 3215327  |
---------------------------------
---------------------------------
| rollout/           |          |
|    ep_len_mean     | 1.78e+03 |
|    ep_rew_mean     | 656      |
| time/              |          |
|    episodes        | 2036     |
|    fps             | 163      |
|    time_elapsed    | 19723    |
|    total_timesteps | 3223549  |
| train/             |          |
|    actor_loss      | 18.4     |
|    critic_loss     | 12       |
|    ent_coef        | 0.0158   |
|    ent_coef_loss   | 2.55     |
|    learning_rate   | 0.0003   |
|    n_updates       | 3222548  |
---------------------------------
---------------------------------
| rollout/           |          |
|    ep_len_mean     | 1.79e+03 |
|    ep_rew_mean     | 664      |
| time/              |          |
|    episodes        | 2040     |
|    fps             | 163      |
|    time_elapsed    | 19767    |
|    total_timesteps | 3230895  |
| train/             |          |
|    actor_loss      | 24.1     |
|    critic_loss     | 12.8     |
|    ent_coef        | 0.0158   |
|    ent_coef_loss   | 0.271    |
|    learning_rate   | 0.0003   |
|    n_updates       | 3229894  |
---------------------------------
---------------------------------
| rollout/           |          |
|    ep_len_mean     | 1.78e+03 |
|    ep_rew_mean     | 668      |
| time/              |          |
|    episodes        | 2044     |
|    fps             | 163      |
|    time_elapsed    | 19807    |
|    total_timesteps | 3237721  |
| train/             |          |
|    actor_loss      | 34.6     |
|    critic_loss     | 22.3     |
|    ent_coef        | 0.0169   |
|    ent_coef_loss   | 0.187    |
|    learning_rate   | 0.0003   |
|    n_updates       | 3236720  |
---------------------------------
---------------------------------
| rollout/           |          |
|    ep_len_mean     | 1.79e+03 |
|    ep_rew_mean     | 689      |
| time/              |          |
|    episodes        | 2048     |
|    fps             | 163      |
|    time_elapsed    | 19852    |
|    total_timesteps | 3245444  |
| train/             |          |
|    actor_loss      | 17.7     |
|    critic_loss     | 33.3     |
|    ent_coef        | 0.0162   |
|    ent_coef_loss   | 0.409    |
|    learning_rate   | 0.0003   |
|    n_updates       | 3244443  |
---------------------------------
---------------------------------
| rollout/           |          |
|    ep_len_mean     | 1.8e+03  |
|    ep_rew_mean     | 698      |
| time/              |          |
|    episodes        | 2052     |
|    fps             | 163      |
|    time_elapsed    | 19900    |
|    total_timesteps | 3252942  |
| train/             |          |
|    actor_loss      | 27.2     |
|    critic_loss     | 28.8     |
|    ent_coef        | 0.0166   |
|    ent_coef_loss   | 2.66     |
|    learning_rate   | 0.0003   |
|    n_updates       | 3251941  |
---------------------------------
---------------------------------
| rollout/           |          |
|    ep_len_mean     | 1.8e+03  |
|    ep_rew_mean     | 707      |
| time/              |          |
|    episodes        | 2056     |
|    fps             | 163      |
|    time_elapsed    | 19943    |
|    total_timesteps | 3260248  |
| train/             |          |
|    actor_loss      | 9.42     |
|    critic_loss     | 8.29     |
|    ent_coef        | 0.0169   |
|    ent_coef_loss   | 0.497    |
|    learning_rate   | 0.0003   |
|    n_updates       | 3259247  |
---------------------------------
---------------------------------
| rollout/           |          |
|    ep_len_mean     | 1.81e+03 |
|    ep_rew_mean     | 713      |
| time/              |          |
|    episodes        | 2060     |
|    fps             | 163      |
|    time_elapsed    | 19988    |
|    total_timesteps | 3267901  |
| train/             |          |
|    actor_loss      | 28.9     |
|    critic_loss     | 16.8     |
|    ent_coef        | 0.0175   |
|    ent_coef_loss   | -0.145   |
|    learning_rate   | 0.0003   |
|    n_updates       | 3266900  |
---------------------------------
---------------------------------
| rollout/           |          |
|    ep_len_mean     | 1.82e+03 |
|    ep_rew_mean     | 720      |
| time/              |          |
|    episodes        | 2064     |
|    fps             | 163      |
|    time_elapsed    | 20032    |
|    total_timesteps | 3275314  |
| train/             |          |
|    actor_loss      | 26       |
|    critic_loss     | 17.4     |
|    ent_coef        | 0.0167   |
|    ent_coef_loss   | 1.87     |
|    learning_rate   | 0.0003   |
|    n_updates       | 3274313  |
---------------------------------
---------------------------------
| rollout/           |          |
|    ep_len_mean     | 1.83e+03 |
|    ep_rew_mean     | 724      |
| time/              |          |
|    episodes        | 2068     |
|    fps             | 163      |
|    time_elapsed    | 20076    |
|    total_timesteps | 3282788  |
| train/             |          |
|    actor_loss      | 17.3     |
|    critic_loss     | 8.28     |
|    ent_coef        | 0.0175   |
|    ent_coef_loss   | -1.09    |
|    learning_rate   | 0.0003   |
|    n_updates       | 3281787  |
---------------------------------
---------------------------------
| rollout/           |          |
|    ep_len_mean     | 1.84e+03 |
|    ep_rew_mean     | 725      |
| time/              |          |
|    episodes        | 2072     |
|    fps             | 163      |
|    time_elapsed    | 20119    |
|    total_timesteps | 3290139  |
| train/             |          |
|    actor_loss      | 19.3     |
|    critic_loss     | 6.35     |
|    ent_coef        | 0.0174   |
|    ent_coef_loss   | -1.03    |
|    learning_rate   | 0.0003   |
|    n_updates       | 3289138  |
---------------------------------
---------------------------------
| rollout/           |          |
|    ep_len_mean     | 1.84e+03 |
|    ep_rew_mean     | 723      |
| time/              |          |
|    episodes        | 2076     |
|    fps             | 163      |
|    time_elapsed    | 20164    |
|    total_timesteps | 3297661  |
| train/             |          |
|    actor_loss      | 4.11     |
|    critic_loss     | 5.5      |
|    ent_coef        | 0.0175   |
|    ent_coef_loss   | 1.08     |
|    learning_rate   | 0.0003   |
|    n_updates       | 3296660  |
---------------------------------
---------------------------------
| rollout/           |          |
|    ep_len_mean     | 1.83e+03 |
|    ep_rew_mean     | 715      |
| time/              |          |
|    episodes        | 2080     |
|    fps             | 163      |
|    time_elapsed    | 20207    |
|    total_timesteps | 3304975  |
| train/             |          |
|    actor_loss      | 20.8     |
|    critic_loss     | 6.48     |
|    ent_coef        | 0.018    |
|    ent_coef_loss   | 0.309    |
|    learning_rate   | 0.0003   |
|    n_updates       | 3303974  |
---------------------------------
---------------------------------
| rollout/           |          |
|    ep_len_mean     | 1.83e+03 |
|    ep_rew_mean     | 707      |
| time/              |          |
|    episodes        | 2084     |
|    fps             | 163      |
|    time_elapsed    | 20249    |
|    total_timesteps | 3312163  |
| train/             |          |
|    actor_loss      | 2.56     |
|    critic_loss     | 12.2     |
|    ent_coef        | 0.0174   |
|    ent_coef_loss   | 0.66     |
|    learning_rate   | 0.0003   |
|    n_updates       | 3311162  |
---------------------------------
---------------------------------
| rollout/           |          |
|    ep_len_mean     | 1.85e+03 |
|    ep_rew_mean     | 715      |
| time/              |          |
|    episodes        | 2088     |
|    fps             | 163      |
|    time_elapsed    | 20291    |
|    total_timesteps | 3319310  |
| train/             |          |
|    actor_loss      | 11.9     |
|    critic_loss     | 17.8     |
|    ent_coef        | 0.017    |
|    ent_coef_loss   | -0.568   |
|    learning_rate   | 0.0003   |
|    n_updates       | 3318309  |
---------------------------------
---------------------------------
| rollout/           |          |
|    ep_len_mean     | 1.83e+03 |
|    ep_rew_mean     | 703      |
| time/              |          |
|    episodes        | 2092     |
|    fps             | 163      |
|    time_elapsed    | 20323    |
|    total_timesteps | 3324765  |
| train/             |          |
|    actor_loss      | 17.3     |
|    critic_loss     | 7.67     |
|    ent_coef        | 0.0171   |
|    ent_coef_loss   | 0.854    |
|    learning_rate   | 0.0003   |
|    n_updates       | 3323764  |
---------------------------------
---------------------------------
| rollout/           |          |
|    ep_len_mean     | 1.82e+03 |
|    ep_rew_mean     | 710      |
| time/              |          |
|    episodes        | 2096     |
|    fps             | 163      |
|    time_elapsed    | 20363    |
|    total_timesteps | 3331475  |
| train/             |          |
|    actor_loss      | 13.8     |
|    critic_loss     | 15       |
|    ent_coef        | 0.0169   |
|    ent_coef_loss   | 0.217    |
|    learning_rate   | 0.0003   |
|    n_updates       | 3330474  |
---------------------------------
---------------------------------
| rollout/           |          |
|    ep_len_mean     | 1.81e+03 |
|    ep_rew_mean     | 703      |
| time/              |          |
|    episodes        | 2100     |
|    fps             | 163      |
|    time_elapsed    | 20398    |
|    total_timesteps | 3337493  |
| train/             |          |
|    actor_loss      | 27.4     |
|    critic_loss     | 7.92     |
|    ent_coef        | 0.017    |
|    ent_coef_loss   | 0.36     |
|    learning_rate   | 0.0003   |
|    n_updates       | 3336492  |
---------------------------------
---------------------------------
| rollout/           |          |
|    ep_len_mean     | 1.81e+03 |
|    ep_rew_mean     | 699      |
| time/              |          |
|    episodes        | 2104     |
|    fps             | 163      |
|    time_elapsed    | 20440    |
|    total_timesteps | 3344528  |
| train/             |          |
|    actor_loss      | 12.7     |
|    critic_loss     | 6.19     |
|    ent_coef        | 0.0167   |
|    ent_coef_loss   | 0.373    |
|    learning_rate   | 0.0003   |
|    n_updates       | 3343527  |
---------------------------------
---------------------------------
| rollout/           |          |
|    ep_len_mean     | 1.81e+03 |
|    ep_rew_mean     | 703      |
| time/              |          |
|    episodes        | 2108     |
|    fps             | 163      |
|    time_elapsed    | 20482    |
|    total_timesteps | 3351714  |
| train/             |          |
|    actor_loss      | -20.5    |
|    critic_loss     | 12.3     |
|    ent_coef        | 0.017    |
|    ent_coef_loss   | -1.71    |
|    learning_rate   | 0.0003   |
|    n_updates       | 3350713  |
---------------------------------
---------------------------------
| rollout/           |          |
|    ep_len_mean     | 1.8e+03  |
|    ep_rew_mean     | 696      |
| time/              |          |
|    episodes        | 2112     |
|    fps             | 163      |
|    time_elapsed    | 20524    |
|    total_timesteps | 3358916  |
| train/             |          |
|    actor_loss      | 28.4     |
|    critic_loss     | 24.7     |
|    ent_coef        | 0.0168   |
|    ent_coef_loss   | 1.78     |
|    learning_rate   | 0.0003   |
|    n_updates       | 3357915  |
---------------------------------
---------------------------------
| rollout/           |          |
|    ep_len_mean     | 1.79e+03 |
|    ep_rew_mean     | 682      |
| time/              |          |
|    episodes        | 2116     |
|    fps             | 163      |
|    time_elapsed    | 20565    |
|    total_timesteps | 3365895  |
| train/             |          |
|    actor_loss      | 12.1     |
|    critic_loss     | 14.5     |
|    ent_coef        | 0.0179   |
|    ent_coef_loss   | -1.13    |
|    learning_rate   | 0.0003   |
|    n_updates       | 3364894  |
---------------------------------
---------------------------------
| rollout/           |          |
|    ep_len_mean     | 1.79e+03 |
|    ep_rew_mean     | 692      |
| time/              |          |
|    episodes        | 2120     |
|    fps             | 163      |
|    time_elapsed    | 20610    |
|    total_timesteps | 3373452  |
| train/             |          |
|    actor_loss      | 1.38     |
|    critic_loss     | 46.1     |
|    ent_coef        | 0.017    |
|    ent_coef_loss   | 0.000372 |
|    learning_rate   | 0.0003   |
|    n_updates       | 3372451  |
---------------------------------
---------------------------------
| rollout/           |          |
|    ep_len_mean     | 1.8e+03  |
|    ep_rew_mean     | 700      |
| time/              |          |
|    episodes        | 2124     |
|    fps             | 163      |
|    time_elapsed    | 20653    |
|    total_timesteps | 3380860  |
| train/             |          |
|    actor_loss      | -0.764   |
|    critic_loss     | 14.1     |
|    ent_coef        | 0.0173   |
|    ent_coef_loss   | -1.51    |
|    learning_rate   | 0.0003   |
|    n_updates       | 3379859  |
---------------------------------
---------------------------------
| rollout/           |          |
|    ep_len_mean     | 1.8e+03  |
|    ep_rew_mean     | 679      |
| time/              |          |
|    episodes        | 2128     |
|    fps             | 163      |
|    time_elapsed    | 20698    |
|    total_timesteps | 3388354  |
| train/             |          |
|    actor_loss      | 14.4     |
|    critic_loss     | 10.9     |
|    ent_coef        | 0.0161   |
|    ent_coef_loss   | -0.337   |
|    learning_rate   | 0.0003   |
|    n_updates       | 3387353  |
---------------------------------
---------------------------------
| rollout/           |          |
|    ep_len_mean     | 1.77e+03 |
|    ep_rew_mean     | 682      |
| time/              |          |
|    episodes        | 2132     |
|    fps             | 163      |
|    time_elapsed    | 20729    |
|    total_timesteps | 3393759  |
| train/             |          |
|    actor_loss      | 28.7     |
|    critic_loss     | 26.7     |
|    ent_coef        | 0.0165   |
|    ent_coef_loss   | 0.401    |
|    learning_rate   | 0.0003   |
|    n_updates       | 3392758  |
---------------------------------
---------------------------------
| rollout/           |          |
|    ep_len_mean     | 1.78e+03 |
|    ep_rew_mean     | 691      |
| time/              |          |
|    episodes        | 2136     |
|    fps             | 163      |
|    time_elapsed    | 20774    |
|    total_timesteps | 3401298  |
| train/             |          |
|    actor_loss      | 5.17     |
|    critic_loss     | 239      |
|    ent_coef        | 0.0179   |
|    ent_coef_loss   | -1.67    |
|    learning_rate   | 0.0003   |
|    n_updates       | 3400297  |
---------------------------------
---------------------------------
| rollout/           |          |
|    ep_len_mean     | 1.78e+03 |
|    ep_rew_mean     | 685      |
| time/              |          |
|    episodes        | 2140     |
|    fps             | 163      |
|    time_elapsed    | 20818    |
|    total_timesteps | 3408803  |
| train/             |          |
|    actor_loss      | 14.1     |
|    critic_loss     | 7.28     |
|    ent_coef        | 0.0177   |
|    ent_coef_loss   | -0.751   |
|    learning_rate   | 0.0003   |
|    n_updates       | 3407802  |
---------------------------------
---------------------------------
| rollout/           |          |
|    ep_len_mean     | 1.78e+03 |
|    ep_rew_mean     | 693      |
| time/              |          |
|    episodes        | 2144     |
|    fps             | 163      |
|    time_elapsed    | 20859    |
|    total_timesteps | 3415784  |
| train/             |          |
|    actor_loss      | 9.59     |
|    critic_loss     | 7.56     |
|    ent_coef        | 0.0181   |
|    ent_coef_loss   | -0.679   |
|    learning_rate   | 0.0003   |
|    n_updates       | 3414783  |
---------------------------------
---------------------------------
| rollout/           |          |
|    ep_len_mean     | 1.78e+03 |
|    ep_rew_mean     | 693      |
| time/              |          |
|    episodes        | 2148     |
|    fps             | 163      |
|    time_elapsed    | 20905    |
|    total_timesteps | 3423604  |
| train/             |          |
|    actor_loss      | 0.442    |
|    critic_loss     | 14.4     |
|    ent_coef        | 0.0178   |
|    ent_coef_loss   | -1.79    |
|    learning_rate   | 0.0003   |
|    n_updates       | 3422603  |
---------------------------------
---------------------------------
| rollout/           |          |
|    ep_len_mean     | 1.78e+03 |
|    ep_rew_mean     | 688      |
| time/              |          |
|    episodes        | 2152     |
|    fps             | 163      |
|    time_elapsed    | 20945    |
|    total_timesteps | 3430445  |
| train/             |          |
|    actor_loss      | 4.06     |
|    critic_loss     | 19.9     |
|    ent_coef        | 0.0176   |
|    ent_coef_loss   | -2.67    |
|    learning_rate   | 0.0003   |
|    n_updates       | 3429444  |
---------------------------------
---------------------------------
| rollout/           |          |
|    ep_len_mean     | 1.78e+03 |
|    ep_rew_mean     | 686      |
| time/              |          |
|    episodes        | 2156     |
|    fps             | 163      |
|    time_elapsed    | 20991    |
|    total_timesteps | 3438126  |
| train/             |          |
|    actor_loss      | 23.8     |
|    critic_loss     | 3.7e+03  |
|    ent_coef        | 0.0175   |
|    ent_coef_loss   | 0.554    |
|    learning_rate   | 0.0003   |
|    n_updates       | 3437125  |
---------------------------------
---------------------------------
| rollout/           |          |
|    ep_len_mean     | 1.78e+03 |
|    ep_rew_mean     | 675      |
| time/              |          |
|    episodes        | 2160     |
|    fps             | 163      |
|    time_elapsed    | 21035    |
|    total_timesteps | 3445578  |
| train/             |          |
|    actor_loss      | 8.6      |
|    critic_loss     | 7.48     |
|    ent_coef        | 0.0174   |
|    ent_coef_loss   | -0.0941  |
|    learning_rate   | 0.0003   |
|    n_updates       | 3444577  |
---------------------------------
---------------------------------
| rollout/           |          |
|    ep_len_mean     | 1.78e+03 |
|    ep_rew_mean     | 703      |
| time/              |          |
|    episodes        | 2164     |
|    fps             | 163      |
|    time_elapsed    | 21081    |
|    total_timesteps | 3453347  |
| train/             |          |
|    actor_loss      | 6.91     |
|    critic_loss     | 9.56     |
|    ent_coef        | 0.0175   |
|    ent_coef_loss   | 0.0429   |
|    learning_rate   | 0.0003   |
|    n_updates       | 3452346  |
---------------------------------
---------------------------------
| rollout/           |          |
|    ep_len_mean     | 1.78e+03 |
|    ep_rew_mean     | 702      |
| time/              |          |
|    episodes        | 2168     |
|    fps             | 163      |
|    time_elapsed    | 21124    |
|    total_timesteps | 3460691  |
| train/             |          |
|    actor_loss      | 4.24     |
|    critic_loss     | 2.62e+03 |
|    ent_coef        | 0.0173   |
|    ent_coef_loss   | 2.3      |
|    learning_rate   | 0.0003   |
|    n_updates       | 3459690  |
---------------------------------
---------------------------------
| rollout/           |          |
|    ep_len_mean     | 1.78e+03 |
|    ep_rew_mean     | 693      |
| time/              |          |
|    episodes        | 2172     |
|    fps             | 163      |
|    time_elapsed    | 21169    |
|    total_timesteps | 3468354  |
| train/             |          |
|    actor_loss      | 13.7     |
|    critic_loss     | 15.5     |
|    ent_coef        | 0.0177   |
|    ent_coef_loss   | 2.68     |
|    learning_rate   | 0.0003   |
|    n_updates       | 3467353  |
---------------------------------
---------------------------------
| rollout/           |          |
|    ep_len_mean     | 1.78e+03 |
|    ep_rew_mean     | 697      |
| time/              |          |
|    episodes        | 2176     |
|    fps             | 163      |
|    time_elapsed    | 21213    |
|    total_timesteps | 3475837  |
| train/             |          |
|    actor_loss      | 15       |
|    critic_loss     | 8.23     |
|    ent_coef        | 0.0176   |
|    ent_coef_loss   | -0.751   |
|    learning_rate   | 0.0003   |
|    n_updates       | 3474836  |
---------------------------------
---------------------------------
| rollout/           |          |
|    ep_len_mean     | 1.78e+03 |
|    ep_rew_mean     | 702      |
| time/              |          |
|    episodes        | 2180     |
|    fps             | 163      |
|    time_elapsed    | 21256    |
|    total_timesteps | 3483030  |
| train/             |          |
|    actor_loss      | 20       |
|    critic_loss     | 28.7     |
|    ent_coef        | 0.0179   |
|    ent_coef_loss   | -2.28    |
|    learning_rate   | 0.0003   |
|    n_updates       | 3482029  |
---------------------------------
---------------------------------
| rollout/           |          |
|    ep_len_mean     | 1.78e+03 |
|    ep_rew_mean     | 713      |
| time/              |          |
|    episodes        | 2184     |
|    fps             | 163      |
|    time_elapsed    | 21300    |
|    total_timesteps | 3490599  |
| train/             |          |
|    actor_loss      | 9.63     |
|    critic_loss     | 25.7     |
|    ent_coef        | 0.0171   |
|    ent_coef_loss   | -1.69    |
|    learning_rate   | 0.0003   |
|    n_updates       | 3489598  |
---------------------------------
---------------------------------
| rollout/           |          |
|    ep_len_mean     | 1.79e+03 |
|    ep_rew_mean     | 702      |
| time/              |          |
|    episodes        | 2188     |
|    fps             | 163      |
|    time_elapsed    | 21344    |
|    total_timesteps | 3498044  |
| train/             |          |
|    actor_loss      | 31.4     |
|    critic_loss     | 12.6     |
|    ent_coef        | 0.0178   |
|    ent_coef_loss   | 0.665    |
|    learning_rate   | 0.0003   |
|    n_updates       | 3497043  |
---------------------------------
---------------------------------
| rollout/           |          |
|    ep_len_mean     | 1.8e+03  |
|    ep_rew_mean     | 710      |
| time/              |          |
|    episodes        | 2192     |
|    fps             | 163      |
|    time_elapsed    | 21386    |
|    total_timesteps | 3505213  |
| train/             |          |
|    actor_loss      | 7.74     |
|    critic_loss     | 12.3     |
|    ent_coef        | 0.0171   |
|    ent_coef_loss   | -0.00591 |
|    learning_rate   | 0.0003   |
|    n_updates       | 3504212  |
---------------------------------
---------------------------------
| rollout/           |          |
|    ep_len_mean     | 1.82e+03 |
|    ep_rew_mean     | 711      |
| time/              |          |
|    episodes        | 2196     |
|    fps             | 163      |
|    time_elapsed    | 21433    |
|    total_timesteps | 3513078  |
| train/             |          |
|    actor_loss      | 12.6     |
|    critic_loss     | 28.4     |
|    ent_coef        | 0.017    |
|    ent_coef_loss   | 0.244    |
|    learning_rate   | 0.0003   |
|    n_updates       | 3512077  |
---------------------------------
---------------------------------
| rollout/           |          |
|    ep_len_mean     | 1.83e+03 |
|    ep_rew_mean     | 724      |
| time/              |          |
|    episodes        | 2200     |
|    fps             | 163      |
|    time_elapsed    | 21479    |
|    total_timesteps | 3520878  |
| train/             |          |
|    actor_loss      | 16.5     |
|    critic_loss     | 29.4     |
|    ent_coef        | 0.0176   |
|    ent_coef_loss   | -1.95    |
|    learning_rate   | 0.0003   |
|    n_updates       | 3519877  |
---------------------------------
---------------------------------
| rollout/           |          |
|    ep_len_mean     | 1.84e+03 |
|    ep_rew_mean     | 726      |
| time/              |          |
|    episodes        | 2204     |
|    fps             | 163      |
|    time_elapsed    | 21524    |
|    total_timesteps | 3528602  |
| train/             |          |
|    actor_loss      | 36       |
|    critic_loss     | 20.3     |
|    ent_coef        | 0.0174   |
|    ent_coef_loss   | 1.08     |
|    learning_rate   | 0.0003   |
|    n_updates       | 3527601  |
---------------------------------
---------------------------------
| rollout/           |          |
|    ep_len_mean     | 1.85e+03 |
|    ep_rew_mean     | 721      |
| time/              |          |
|    episodes        | 2208     |
|    fps             | 163      |
|    time_elapsed    | 21570    |
|    total_timesteps | 3536429  |
| train/             |          |
|    actor_loss      | 8.95     |
|    critic_loss     | 12.2     |
|    ent_coef        | 0.0172   |
|    ent_coef_loss   | 0.054    |
|    learning_rate   | 0.0003   |
|    n_updates       | 3535428  |
---------------------------------
---------------------------------
| rollout/           |          |
|    ep_len_mean     | 1.85e+03 |
|    ep_rew_mean     | 694      |
| time/              |          |
|    episodes        | 2212     |
|    fps             | 163      |
|    time_elapsed    | 21613    |
|    total_timesteps | 3543683  |
| train/             |          |
|    actor_loss      | 15.8     |
|    critic_loss     | 66.5     |
|    ent_coef        | 0.0183   |
|    ent_coef_loss   | -1.31    |
|    learning_rate   | 0.0003   |
|    n_updates       | 3542682  |
---------------------------------
---------------------------------
| rollout/           |          |
|    ep_len_mean     | 1.86e+03 |
|    ep_rew_mean     | 708      |
| time/              |          |
|    episodes        | 2216     |
|    fps             | 163      |
|    time_elapsed    | 21658    |
|    total_timesteps | 3551402  |
| train/             |          |
|    actor_loss      | 27       |
|    critic_loss     | 18.7     |
|    ent_coef        | 0.0185   |
|    ent_coef_loss   | 0.325    |
|    learning_rate   | 0.0003   |
|    n_updates       | 3550401  |
---------------------------------
---------------------------------
| rollout/           |          |
|    ep_len_mean     | 1.85e+03 |
|    ep_rew_mean     | 706      |
| time/              |          |
|    episodes        | 2220     |
|    fps             | 163      |
|    time_elapsed    | 21701    |
|    total_timesteps | 3558666  |
| train/             |          |
|    actor_loss      | 23.1     |
|    critic_loss     | 27.8     |
|    ent_coef        | 0.0178   |
|    ent_coef_loss   | -0.593   |
|    learning_rate   | 0.0003   |
|    n_updates       | 3557665  |
---------------------------------
---------------------------------
| rollout/           |          |
|    ep_len_mean     | 1.86e+03 |
|    ep_rew_mean     | 695      |
| time/              |          |
|    episodes        | 2224     |
|    fps             | 163      |
|    time_elapsed    | 21748    |
|    total_timesteps | 3566633  |
| train/             |          |
|    actor_loss      | 17.7     |
|    critic_loss     | 11.1     |
|    ent_coef        | 0.0178   |
|    ent_coef_loss   | -0.558   |
|    learning_rate   | 0.0003   |
|    n_updates       | 3565632  |
---------------------------------
---------------------------------
| rollout/           |          |
|    ep_len_mean     | 1.86e+03 |
|    ep_rew_mean     | 711      |
| time/              |          |
|    episodes        | 2228     |
|    fps             | 164      |
|    time_elapsed    | 21794    |
|    total_timesteps | 3574481  |
| train/             |          |
|    actor_loss      | 6.42     |
|    critic_loss     | 22.8     |
|    ent_coef        | 0.0172   |
|    ent_coef_loss   | -0.384   |
|    learning_rate   | 0.0003   |
|    n_updates       | 3573480  |
---------------------------------
---------------------------------
| rollout/           |          |
|    ep_len_mean     | 1.89e+03 |
|    ep_rew_mean     | 715      |
| time/              |          |
|    episodes        | 2232     |
|    fps             | 164      |
|    time_elapsed    | 21840    |
|    total_timesteps | 3582311  |
| train/             |          |
|    actor_loss      | 38.3     |
|    critic_loss     | 21.5     |
|    ent_coef        | 0.0172   |
|    ent_coef_loss   | 1.06     |
|    learning_rate   | 0.0003   |
|    n_updates       | 3581310  |
---------------------------------
---------------------------------
| rollout/           |          |
|    ep_len_mean     | 1.89e+03 |
|    ep_rew_mean     | 713      |
| time/              |          |
|    episodes        | 2236     |
|    fps             | 164      |
|    time_elapsed    | 21886    |
|    total_timesteps | 3590082  |
| train/             |          |
|    actor_loss      | 13.5     |
|    critic_loss     | 16       |
|    ent_coef        | 0.017    |
|    ent_coef_loss   | -0.507   |
|    learning_rate   | 0.0003   |
|    n_updates       | 3589081  |
---------------------------------
---------------------------------
| rollout/           |          |
|    ep_len_mean     | 1.89e+03 |
|    ep_rew_mean     | 712      |
| time/              |          |
|    episodes        | 2240     |
|    fps             | 164      |
|    time_elapsed    | 21929    |
|    total_timesteps | 3597440  |
| train/             |          |
|    actor_loss      | 16.3     |
|    critic_loss     | 6.54     |
|    ent_coef        | 0.0168   |
|    ent_coef_loss   | -0.633   |
|    learning_rate   | 0.0003   |
|    n_updates       | 3596439  |
---------------------------------
---------------------------------
| rollout/           |          |
|    ep_len_mean     | 1.89e+03 |
|    ep_rew_mean     | 708      |
| time/              |          |
|    episodes        | 2244     |
|    fps             | 164      |
|    time_elapsed    | 21970    |
|    total_timesteps | 3604418  |
| train/             |          |
|    actor_loss      | 2.6      |
|    critic_loss     | 13.5     |
|    ent_coef        | 0.0169   |
|    ent_coef_loss   | -1.01    |
|    learning_rate   | 0.0003   |
|    n_updates       | 3603417  |
---------------------------------
---------------------------------
| rollout/           |          |
|    ep_len_mean     | 1.89e+03 |
|    ep_rew_mean     | 696      |
| time/              |          |
|    episodes        | 2248     |
|    fps             | 164      |
|    time_elapsed    | 22016    |
|    total_timesteps | 3612274  |
| train/             |          |
|    actor_loss      | 17.1     |
|    critic_loss     | 5.22     |
|    ent_coef        | 0.0173   |
|    ent_coef_loss   | 0.214    |
|    learning_rate   | 0.0003   |
|    n_updates       | 3611273  |
---------------------------------
---------------------------------
| rollout/           |          |
|    ep_len_mean     | 1.89e+03 |
|    ep_rew_mean     | 689      |
| time/              |          |
|    episodes        | 2252     |
|    fps             | 164      |
|    time_elapsed    | 22058    |
|    total_timesteps | 3619447  |
| train/             |          |
|    actor_loss      | 11.4     |
|    critic_loss     | 59.2     |
|    ent_coef        | 0.0179   |
|    ent_coef_loss   | -0.00951 |
|    learning_rate   | 0.0003   |
|    n_updates       | 3618446  |
---------------------------------
---------------------------------
| rollout/           |          |
|    ep_len_mean     | 1.89e+03 |
|    ep_rew_mean     | 695      |
| time/              |          |
|    episodes        | 2256     |
|    fps             | 164      |
|    time_elapsed    | 22104    |
|    total_timesteps | 3627177  |
| train/             |          |
|    actor_loss      | 7.44     |
|    critic_loss     | 455      |
|    ent_coef        | 0.0181   |
|    ent_coef_loss   | -1.21    |
|    learning_rate   | 0.0003   |
|    n_updates       | 3626176  |
---------------------------------
---------------------------------
| rollout/           |          |
|    ep_len_mean     | 1.89e+03 |
|    ep_rew_mean     | 705      |
| time/              |          |
|    episodes        | 2260     |
|    fps             | 164      |
|    time_elapsed    | 22149    |
|    total_timesteps | 3634819  |
| train/             |          |
|    actor_loss      | 13       |
|    critic_loss     | 9.55     |
|    ent_coef        | 0.0178   |
|    ent_coef_loss   | -1.18    |
|    learning_rate   | 0.0003   |
|    n_updates       | 3633818  |
---------------------------------
---------------------------------
| rollout/           |          |
|    ep_len_mean     | 1.89e+03 |
|    ep_rew_mean     | 677      |
| time/              |          |
|    episodes        | 2264     |
|    fps             | 164      |
|    time_elapsed    | 22194    |
|    total_timesteps | 3642553  |
| train/             |          |
|    actor_loss      | -8.47    |
|    critic_loss     | 13.3     |
|    ent_coef        | 0.0175   |
|    ent_coef_loss   | -2.57    |
|    learning_rate   | 0.0003   |
|    n_updates       | 3641552  |
---------------------------------
---------------------------------
| rollout/           |          |
|    ep_len_mean     | 1.9e+03  |
|    ep_rew_mean     | 682      |
| time/              |          |
|    episodes        | 2268     |
|    fps             | 164      |
|    time_elapsed    | 22241    |
|    total_timesteps | 3650450  |
| train/             |          |
|    actor_loss      | 1.32     |
|    critic_loss     | 8.5      |
|    ent_coef        | 0.018    |
|    ent_coef_loss   | 0.0623   |
|    learning_rate   | 0.0003   |
|    n_updates       | 3649449  |
---------------------------------
---------------------------------
| rollout/           |          |
|    ep_len_mean     | 1.9e+03  |
|    ep_rew_mean     | 693      |
| time/              |          |
|    episodes        | 2272     |
|    fps             | 164      |
|    time_elapsed    | 22285    |
|    total_timesteps | 3657996  |
| train/             |          |
|    actor_loss      | -3.73    |
|    critic_loss     | 4.18     |
|    ent_coef        | 0.0171   |
|    ent_coef_loss   | -0.691   |
|    learning_rate   | 0.0003   |
|    n_updates       | 3656995  |
---------------------------------
---------------------------------
| rollout/           |          |
|    ep_len_mean     | 1.9e+03  |
|    ep_rew_mean     | 673      |
| time/              |          |
|    episodes        | 2276     |
|    fps             | 164      |
|    time_elapsed    | 22330    |
|    total_timesteps | 3665574  |
| train/             |          |
|    actor_loss      | 1.46     |
|    critic_loss     | 12.6     |
|    ent_coef        | 0.0171   |
|    ent_coef_loss   | -1.17    |
|    learning_rate   | 0.0003   |
|    n_updates       | 3664573  |
---------------------------------
---------------------------------
| rollout/           |          |
|    ep_len_mean     | 1.9e+03  |
|    ep_rew_mean     | 675      |
| time/              |          |
|    episodes        | 2280     |
|    fps             | 164      |
|    time_elapsed    | 22373    |
|    total_timesteps | 3673010  |
| train/             |          |
|    actor_loss      | 26.2     |
|    critic_loss     | 9.75     |
|    ent_coef        | 0.0173   |
|    ent_coef_loss   | -1.22    |
|    learning_rate   | 0.0003   |
|    n_updates       | 3672009  |
---------------------------------
---------------------------------
| rollout/           |          |
|    ep_len_mean     | 1.9e+03  |
|    ep_rew_mean     | 676      |
| time/              |          |
|    episodes        | 2284     |
|    fps             | 164      |
|    time_elapsed    | 22419    |
|    total_timesteps | 3680777  |
| train/             |          |
|    actor_loss      | 4.17     |
|    critic_loss     | 10.2     |
|    ent_coef        | 0.0175   |
|    ent_coef_loss   | -1.89    |
|    learning_rate   | 0.0003   |
|    n_updates       | 3679776  |
---------------------------------
---------------------------------
| rollout/           |          |
|    ep_len_mean     | 1.91e+03 |
|    ep_rew_mean     | 675      |
| time/              |          |
|    episodes        | 2288     |
|    fps             | 164      |
|    time_elapsed    | 22465    |
|    total_timesteps | 3688573  |
| train/             |          |
|    actor_loss      | 12.4     |
|    critic_loss     | 825      |
|    ent_coef        | 0.0177   |
|    ent_coef_loss   | -0.531   |
|    learning_rate   | 0.0003   |
|    n_updates       | 3687572  |
---------------------------------
---------------------------------
| rollout/           |          |
|    ep_len_mean     | 1.91e+03 |
|    ep_rew_mean     | 677      |
| time/              |          |
|    episodes        | 2292     |
|    fps             | 164      |
|    time_elapsed    | 22510    |
|    total_timesteps | 3696239  |
| train/             |          |
|    actor_loss      | 16.9     |
|    critic_loss     | 8.68     |
|    ent_coef        | 0.0173   |
|    ent_coef_loss   | 0.347    |
|    learning_rate   | 0.0003   |
|    n_updates       | 3695238  |
---------------------------------
---------------------------------
| rollout/           |          |
|    ep_len_mean     | 1.91e+03 |
|    ep_rew_mean     | 680      |
| time/              |          |
|    episodes        | 2296     |
|    fps             | 164      |
|    time_elapsed    | 22557    |
|    total_timesteps | 3704196  |
| train/             |          |
|    actor_loss      | -7.1     |
|    critic_loss     | 3.46     |
|    ent_coef        | 0.0171   |
|    ent_coef_loss   | -1.21    |
|    learning_rate   | 0.0003   |
|    n_updates       | 3703195  |
---------------------------------
---------------------------------
| rollout/           |          |
|    ep_len_mean     | 1.91e+03 |
|    ep_rew_mean     | 677      |
| time/              |          |
|    episodes        | 2300     |
|    fps             | 164      |
|    time_elapsed    | 22602    |
|    total_timesteps | 3711889  |
| train/             |          |
|    actor_loss      | -6.91    |
|    critic_loss     | 11.2     |
|    ent_coef        | 0.0181   |
|    ent_coef_loss   | -1.73    |
|    learning_rate   | 0.0003   |
|    n_updates       | 3710888  |
---------------------------------
---------------------------------
| rollout/           |          |
|    ep_len_mean     | 1.91e+03 |
|    ep_rew_mean     | 675      |
| time/              |          |
|    episodes        | 2304     |
|    fps             | 164      |
|    time_elapsed    | 22647    |
|    total_timesteps | 3719544  |
| train/             |          |
|    actor_loss      | 0.409    |
|    critic_loss     | 15.1     |
|    ent_coef        | 0.017    |
|    ent_coef_loss   | 0.0286   |
|    learning_rate   | 0.0003   |
|    n_updates       | 3718543  |
---------------------------------
---------------------------------
| rollout/           |          |
|    ep_len_mean     | 1.91e+03 |
|    ep_rew_mean     | 687      |
| time/              |          |
|    episodes        | 2308     |
|    fps             | 164      |
|    time_elapsed    | 22694    |
|    total_timesteps | 3727452  |
| train/             |          |
|    actor_loss      | -3.35    |
|    critic_loss     | 5.83     |
|    ent_coef        | 0.0172   |
|    ent_coef_loss   | -0.481   |
|    learning_rate   | 0.0003   |
|    n_updates       | 3726451  |
---------------------------------
---------------------------------
| rollout/           |          |
|    ep_len_mean     | 1.91e+03 |
|    ep_rew_mean     | 707      |
| time/              |          |
|    episodes        | 2312     |
|    fps             | 164      |
|    time_elapsed    | 22734    |
|    total_timesteps | 3734306  |
| train/             |          |
|    actor_loss      | 9.72     |
|    critic_loss     | 9.67     |
|    ent_coef        | 0.018    |
|    ent_coef_loss   | 0.631    |
|    learning_rate   | 0.0003   |
|    n_updates       | 3733305  |
---------------------------------
---------------------------------
| rollout/           |          |
|    ep_len_mean     | 1.9e+03  |
|    ep_rew_mean     | 693      |
| time/              |          |
|    episodes        | 2316     |
|    fps             | 164      |
|    time_elapsed    | 22778    |
|    total_timesteps | 3741739  |
| train/             |          |
|    actor_loss      | 11.3     |
|    critic_loss     | 10.3     |
|    ent_coef        | 0.0182   |
|    ent_coef_loss   | 0.114    |
|    learning_rate   | 0.0003   |
|    n_updates       | 3740738  |
---------------------------------
---------------------------------
| rollout/           |          |
|    ep_len_mean     | 1.9e+03  |
|    ep_rew_mean     | 691      |
| time/              |          |
|    episodes        | 2320     |
|    fps             | 164      |
|    time_elapsed    | 22821    |
|    total_timesteps | 3748999  |
| train/             |          |
|    actor_loss      | 1.03     |
|    critic_loss     | 8.22     |
|    ent_coef        | 0.0177   |
|    ent_coef_loss   | -0.299   |
|    learning_rate   | 0.0003   |
|    n_updates       | 3747998  |
---------------------------------
---------------------------------
| rollout/           |          |
|    ep_len_mean     | 1.89e+03 |
|    ep_rew_mean     | 676      |
| time/              |          |
|    episodes        | 2324     |
|    fps             | 164      |
|    time_elapsed    | 22861    |
|    total_timesteps | 3755763  |
| train/             |          |
|    actor_loss      | 11.4     |
|    critic_loss     | 21.3     |
|    ent_coef        | 0.0176   |
|    ent_coef_loss   | -0.826   |
|    learning_rate   | 0.0003   |
|    n_updates       | 3754762  |
---------------------------------
---------------------------------
| rollout/           |          |
|    ep_len_mean     | 1.89e+03 |
|    ep_rew_mean     | 675      |
| time/              |          |
|    episodes        | 2328     |
|    fps             | 164      |
|    time_elapsed    | 22907    |
|    total_timesteps | 3763599  |
| train/             |          |
|    actor_loss      | -4.69    |
|    critic_loss     | 7.45     |
|    ent_coef        | 0.0178   |
|    ent_coef_loss   | -0.84    |
|    learning_rate   | 0.0003   |
|    n_updates       | 3762598  |
---------------------------------
---------------------------------
| rollout/           |          |
|    ep_len_mean     | 1.89e+03 |
|    ep_rew_mean     | 677      |
| time/              |          |
|    episodes        | 2332     |
|    fps             | 164      |
|    time_elapsed    | 22953    |
|    total_timesteps | 3771378  |
| train/             |          |
|    actor_loss      | 1.77     |
|    critic_loss     | 6.73     |
|    ent_coef        | 0.0181   |
|    ent_coef_loss   | 2.24     |
|    learning_rate   | 0.0003   |
|    n_updates       | 3770377  |
---------------------------------
---------------------------------
| rollout/           |          |
|    ep_len_mean     | 1.89e+03 |
|    ep_rew_mean     | 680      |
| time/              |          |
|    episodes        | 2336     |
|    fps             | 164      |
|    time_elapsed    | 22998    |
|    total_timesteps | 3779067  |
| train/             |          |
|    actor_loss      | -3.88    |
|    critic_loss     | 13.8     |
|    ent_coef        | 0.0177   |
|    ent_coef_loss   | -0.162   |
|    learning_rate   | 0.0003   |
|    n_updates       | 3778066  |
---------------------------------
---------------------------------
| rollout/           |          |
|    ep_len_mean     | 1.89e+03 |
|    ep_rew_mean     | 688      |
| time/              |          |
|    episodes        | 2340     |
|    fps             | 164      |
|    time_elapsed    | 23044    |
|    total_timesteps | 3786856  |
| train/             |          |
|    actor_loss      | 8.63     |
|    critic_loss     | 14.6     |
|    ent_coef        | 0.0187   |
|    ent_coef_loss   | -1.39    |
|    learning_rate   | 0.0003   |
|    n_updates       | 3785855  |
---------------------------------
---------------------------------
| rollout/           |          |
|    ep_len_mean     | 1.9e+03  |
|    ep_rew_mean     | 679      |
| time/              |          |
|    episodes        | 2344     |
|    fps             | 164      |
|    time_elapsed    | 23089    |
|    total_timesteps | 3794496  |
| train/             |          |
|    actor_loss      | 3.06     |
|    critic_loss     | 18.9     |
|    ent_coef        | 0.018    |
|    ent_coef_loss   | -2.24    |
|    learning_rate   | 0.0003   |
|    n_updates       | 3793495  |
---------------------------------
---------------------------------
| rollout/           |          |
|    ep_len_mean     | 1.9e+03  |
|    ep_rew_mean     | 683      |
| time/              |          |
|    episodes        | 2348     |
|    fps             | 164      |
|    time_elapsed    | 23135    |
|    total_timesteps | 3802327  |
| train/             |          |
|    actor_loss      | 11.7     |
|    critic_loss     | 7.18     |
|    ent_coef        | 0.0179   |
|    ent_coef_loss   | 0.161    |
|    learning_rate   | 0.0003   |
|    n_updates       | 3801326  |
---------------------------------
---------------------------------
| rollout/           |          |
|    ep_len_mean     | 1.91e+03 |
|    ep_rew_mean     | 692      |
| time/              |          |
|    episodes        | 2352     |
|    fps             | 164      |
|    time_elapsed    | 23180    |
|    total_timesteps | 3809950  |
| train/             |          |
|    actor_loss      | 20.5     |
|    critic_loss     | 4.68e+03 |
|    ent_coef        | 0.0172   |
|    ent_coef_loss   | 2.03     |
|    learning_rate   | 0.0003   |
|    n_updates       | 3808949  |
---------------------------------
---------------------------------
| rollout/           |          |
|    ep_len_mean     | 1.9e+03  |
|    ep_rew_mean     | 676      |
| time/              |          |
|    episodes        | 2356     |
|    fps             | 164      |
|    time_elapsed    | 23223    |
|    total_timesteps | 3817386  |
| train/             |          |
|    actor_loss      | 5.79     |
|    critic_loss     | 12.9     |
|    ent_coef        | 0.0176   |
|    ent_coef_loss   | -0.282   |
|    learning_rate   | 0.0003   |
|    n_updates       | 3816385  |
---------------------------------
---------------------------------
| rollout/           |          |
|    ep_len_mean     | 1.9e+03  |
|    ep_rew_mean     | 660      |
| time/              |          |
|    episodes        | 2360     |
|    fps             | 164      |
|    time_elapsed    | 23269    |
|    total_timesteps | 3825181  |
| train/             |          |
|    actor_loss      | 13.1     |
|    critic_loss     | 13.7     |
|    ent_coef        | 0.0172   |
|    ent_coef_loss   | -0.835   |
|    learning_rate   | 0.0003   |
|    n_updates       | 3824180  |
---------------------------------
---------------------------------
| rollout/           |          |
|    ep_len_mean     | 1.9e+03  |
|    ep_rew_mean     | 665      |
| time/              |          |
|    episodes        | 2364     |
|    fps             | 164      |
|    time_elapsed    | 23314    |
|    total_timesteps | 3832826  |
| train/             |          |
|    actor_loss      | 13.9     |
|    critic_loss     | 16.9     |
|    ent_coef        | 0.0177   |
|    ent_coef_loss   | -1.2     |
|    learning_rate   | 0.0003   |
|    n_updates       | 3831825  |
---------------------------------
---------------------------------
| rollout/           |          |
|    ep_len_mean     | 1.89e+03 |
|    ep_rew_mean     | 658      |
| time/              |          |
|    episodes        | 2368     |
|    fps             | 164      |
|    time_elapsed    | 23354    |
|    total_timesteps | 3839661  |
| train/             |          |
|    actor_loss      | 6.61     |
|    critic_loss     | 9.03     |
|    ent_coef        | 0.0179   |
|    ent_coef_loss   | -0.357   |
|    learning_rate   | 0.0003   |
|    n_updates       | 3838660  |
---------------------------------
---------------------------------
| rollout/           |          |
|    ep_len_mean     | 1.89e+03 |
|    ep_rew_mean     | 655      |
| time/              |          |
|    episodes        | 2372     |
|    fps             | 164      |
|    time_elapsed    | 23399    |
|    total_timesteps | 3847320  |
| train/             |          |
|    actor_loss      | 16.2     |
|    critic_loss     | 19.3     |
|    ent_coef        | 0.0178   |
|    ent_coef_loss   | -0.0699  |
|    learning_rate   | 0.0003   |
|    n_updates       | 3846319  |
---------------------------------
---------------------------------
| rollout/           |          |
|    ep_len_mean     | 1.89e+03 |
|    ep_rew_mean     | 666      |
| time/              |          |
|    episodes        | 2376     |
|    fps             | 164      |
|    time_elapsed    | 23444    |
|    total_timesteps | 3854951  |
| train/             |          |
|    actor_loss      | -5.74    |
|    critic_loss     | 6.2      |
|    ent_coef        | 0.0169   |
|    ent_coef_loss   | -1.44    |
|    learning_rate   | 0.0003   |
|    n_updates       | 3853950  |
---------------------------------
---------------------------------
| rollout/           |          |
|    ep_len_mean     | 1.9e+03  |
|    ep_rew_mean     | 652      |
| time/              |          |
|    episodes        | 2380     |
|    fps             | 164      |
|    time_elapsed    | 23489    |
|    total_timesteps | 3862587  |
| train/             |          |
|    actor_loss      | 5.06     |
|    critic_loss     | 10.4     |
|    ent_coef        | 0.0172   |
|    ent_coef_loss   | -0.365   |
|    learning_rate   | 0.0003   |
|    n_updates       | 3861586  |
---------------------------------
---------------------------------
| rollout/           |          |
|    ep_len_mean     | 1.9e+03  |
|    ep_rew_mean     | 643      |
| time/              |          |
|    episodes        | 2384     |
|    fps             | 164      |
|    time_elapsed    | 23544    |
|    total_timesteps | 3870280  |
| train/             |          |
|    actor_loss      | 26.8     |
|    critic_loss     | 9.38     |
|    ent_coef        | 0.0174   |
|    ent_coef_loss   | 1.17     |
|    learning_rate   | 0.0003   |
|    n_updates       | 3869279  |
---------------------------------
---------------------------------
| rollout/           |          |
|    ep_len_mean     | 1.89e+03 |
|    ep_rew_mean     | 653      |
| time/              |          |
|    episodes        | 2388     |
|    fps             | 164      |
|    time_elapsed    | 23590    |
|    total_timesteps | 3877955  |
| train/             |          |
|    actor_loss      | -1.37    |
|    critic_loss     | 12.9     |
|    ent_coef        | 0.0167   |
|    ent_coef_loss   | -1.01    |
|    learning_rate   | 0.0003   |
|    n_updates       | 3876954  |
---------------------------------
---------------------------------
| rollout/           |          |
|    ep_len_mean     | 1.89e+03 |
|    ep_rew_mean     | 651      |
| time/              |          |
|    episodes        | 2392     |
|    fps             | 164      |
|    time_elapsed    | 23635    |
|    total_timesteps | 3885608  |
| train/             |          |
|    actor_loss      | 9.46     |
|    critic_loss     | 7.86     |
|    ent_coef        | 0.0168   |
|    ent_coef_loss   | 0.124    |
|    learning_rate   | 0.0003   |
|    n_updates       | 3884607  |
---------------------------------
---------------------------------
| rollout/           |          |
|    ep_len_mean     | 1.89e+03 |
|    ep_rew_mean     | 643      |
| time/              |          |
|    episodes        | 2396     |
|    fps             | 164      |
|    time_elapsed    | 23680    |
|    total_timesteps | 3893296  |
| train/             |          |
|    actor_loss      | 23       |
|    critic_loss     | 10.4     |
|    ent_coef        | 0.0171   |
|    ent_coef_loss   | 1.22     |
|    learning_rate   | 0.0003   |
|    n_updates       | 3892295  |
---------------------------------
---------------------------------
| rollout/           |          |
|    ep_len_mean     | 1.89e+03 |
|    ep_rew_mean     | 640      |
| time/              |          |
|    episodes        | 2400     |
|    fps             | 164      |
|    time_elapsed    | 23725    |
|    total_timesteps | 3900944  |
| train/             |          |
|    actor_loss      | -15.4    |
|    critic_loss     | 15.3     |
|    ent_coef        | 0.0173   |
|    ent_coef_loss   | -1.59    |
|    learning_rate   | 0.0003   |
|    n_updates       | 3899943  |
---------------------------------
---------------------------------
| rollout/           |          |
|    ep_len_mean     | 1.89e+03 |
|    ep_rew_mean     | 645      |
| time/              |          |
|    episodes        | 2404     |
|    fps             | 164      |
|    time_elapsed    | 23769    |
|    total_timesteps | 3908401  |
| train/             |          |
|    actor_loss      | 2.19     |
|    critic_loss     | 5.71     |
|    ent_coef        | 0.0169   |
|    ent_coef_loss   | 1.54     |
|    learning_rate   | 0.0003   |
|    n_updates       | 3907400  |
---------------------------------
---------------------------------
| rollout/           |          |
|    ep_len_mean     | 1.89e+03 |
|    ep_rew_mean     | 639      |
| time/              |          |
|    episodes        | 2408     |
|    fps             | 164      |
|    time_elapsed    | 23816    |
|    total_timesteps | 3916326  |
| train/             |          |
|    actor_loss      | 23.2     |
|    critic_loss     | 13.3     |
|    ent_coef        | 0.0167   |
|    ent_coef_loss   | 0.927    |
|    learning_rate   | 0.0003   |
|    n_updates       | 3915325  |
---------------------------------
---------------------------------
| rollout/           |          |
|    ep_len_mean     | 1.9e+03  |
|    ep_rew_mean     | 650      |
| time/              |          |
|    episodes        | 2412     |
|    fps             | 164      |
|    time_elapsed    | 23861    |
|    total_timesteps | 3924004  |
| train/             |          |
|    actor_loss      | -4.48    |
|    critic_loss     | 6.45     |
|    ent_coef        | 0.0174   |
|    ent_coef_loss   | -2.29    |
|    learning_rate   | 0.0003   |
|    n_updates       | 3923003  |
---------------------------------
---------------------------------
| rollout/           |          |
|    ep_len_mean     | 1.9e+03  |
|    ep_rew_mean     | 651      |
| time/              |          |
|    episodes        | 2416     |
|    fps             | 164      |
|    time_elapsed    | 23907    |
|    total_timesteps | 3931862  |
| train/             |          |
|    actor_loss      | -3.22    |
|    critic_loss     | 10.9     |
|    ent_coef        | 0.017    |
|    ent_coef_loss   | 1.16     |
|    learning_rate   | 0.0003   |
|    n_updates       | 3930861  |
---------------------------------
---------------------------------
| rollout/           |          |
|    ep_len_mean     | 1.91e+03 |
|    ep_rew_mean     | 649      |
| time/              |          |
|    episodes        | 2420     |
|    fps             | 164      |
|    time_elapsed    | 23954    |
|    total_timesteps | 3939855  |
| train/             |          |
|    actor_loss      | -2.33    |
|    critic_loss     | 22.2     |
|    ent_coef        | 0.0167   |
|    ent_coef_loss   | 0.516    |
|    learning_rate   | 0.0003   |
|    n_updates       | 3938854  |
---------------------------------
---------------------------------
| rollout/           |          |
|    ep_len_mean     | 1.92e+03 |
|    ep_rew_mean     | 671      |
| time/              |          |
|    episodes        | 2424     |
|    fps             | 164      |
|    time_elapsed    | 24000    |
|    total_timesteps | 3947608  |
| train/             |          |
|    actor_loss      | -16.7    |
|    critic_loss     | 8.46     |
|    ent_coef        | 0.0167   |
|    ent_coef_loss   | 0.0983   |
|    learning_rate   | 0.0003   |
|    n_updates       | 3946607  |
---------------------------------
---------------------------------
| rollout/           |          |
|    ep_len_mean     | 1.92e+03 |
|    ep_rew_mean     | 669      |
| time/              |          |
|    episodes        | 2428     |
|    fps             | 164      |
|    time_elapsed    | 24045    |
|    total_timesteps | 3955290  |
| train/             |          |
|    actor_loss      | -10.8    |
|    critic_loss     | 31.6     |
|    ent_coef        | 0.016    |
|    ent_coef_loss   | -0.062   |
|    learning_rate   | 0.0003   |
|    n_updates       | 3954289  |
---------------------------------
---------------------------------
| rollout/           |          |
|    ep_len_mean     | 1.92e+03 |
|    ep_rew_mean     | 666      |
| time/              |          |
|    episodes        | 2432     |
|    fps             | 164      |
|    time_elapsed    | 24112    |
|    total_timesteps | 3963040  |
| train/             |          |
|    actor_loss      | 13.4     |
|    critic_loss     | 4.3      |
|    ent_coef        | 0.0173   |
|    ent_coef_loss   | -0.898   |
|    learning_rate   | 0.0003   |
|    n_updates       | 3962039  |
---------------------------------
---------------------------------
| rollout/           |          |
|    ep_len_mean     | 1.9e+03  |
|    ep_rew_mean     | 661      |
| time/              |          |
|    episodes        | 2436     |
|    fps             | 164      |
|    time_elapsed    | 24149    |
|    total_timesteps | 3969321  |
| train/             |          |
|    actor_loss      | -1.01    |
|    critic_loss     | 8.05     |
|    ent_coef        | 0.017    |
|    ent_coef_loss   | 0.343    |
|    learning_rate   | 0.0003   |
|    n_updates       | 3968320  |
---------------------------------
---------------------------------
| rollout/           |          |
|    ep_len_mean     | 1.9e+03  |
|    ep_rew_mean     | 655      |
| time/              |          |
|    episodes        | 2440     |
|    fps             | 164      |
|    time_elapsed    | 24195    |
|    total_timesteps | 3977120  |
| train/             |          |
|    actor_loss      | -6.55    |
|    critic_loss     | 4.72     |
|    ent_coef        | 0.0164   |
|    ent_coef_loss   | -1.53    |
|    learning_rate   | 0.0003   |
|    n_updates       | 3976119  |
---------------------------------
---------------------------------
| rollout/           |          |
|    ep_len_mean     | 1.9e+03  |
|    ep_rew_mean     | 662      |
| time/              |          |
|    episodes        | 2444     |
|    fps             | 164      |
|    time_elapsed    | 24241    |
|    total_timesteps | 3984876  |
| train/             |          |
|    actor_loss      | 9.23     |
|    critic_loss     | 9.34     |
|    ent_coef        | 0.0165   |
|    ent_coef_loss   | 0.138    |
|    learning_rate   | 0.0003   |
|    n_updates       | 3983875  |
---------------------------------
---------------------------------
| rollout/           |          |
|    ep_len_mean     | 1.89e+03 |
|    ep_rew_mean     | 656      |
| time/              |          |
|    episodes        | 2448     |
|    fps             | 164      |
|    time_elapsed    | 24277    |
|    total_timesteps | 3990977  |
| train/             |          |
|    actor_loss      | -26.4    |
|    critic_loss     | 9.33     |
|    ent_coef        | 0.0168   |
|    ent_coef_loss   | -0.494   |
|    learning_rate   | 0.0003   |
|    n_updates       | 3989976  |
---------------------------------
---------------------------------
| rollout/           |          |
|    ep_len_mean     | 1.89e+03 |
|    ep_rew_mean     | 661      |
| time/              |          |
|    episodes        | 2452     |
|    fps             | 164      |
|    time_elapsed    | 24322    |
|    total_timesteps | 3998711  |
| train/             |          |
|    actor_loss      | 6.82     |
|    critic_loss     | 19.1     |
|    ent_coef        | 0.0165   |
|    ent_coef_loss   | 0.594    |
|    learning_rate   | 0.0003   |
|    n_updates       | 3997710  |
---------------------------------
---------------------------------
| rollout/           |          |
|    ep_len_mean     | 1.89e+03 |
|    ep_rew_mean     | 672      |
| time/              |          |
|    episodes        | 2456     |
|    fps             | 164      |
|    time_elapsed    | 24368    |
|    total_timesteps | 4006332  |
| train/             |          |
|    actor_loss      | 0.523    |
|    critic_loss     | 1.06e+03 |
|    ent_coef        | 0.0164   |
|    ent_coef_loss   | -0.024   |
|    learning_rate   | 0.0003   |
|    n_updates       | 4005331  |
---------------------------------
---------------------------------
| rollout/           |          |
|    ep_len_mean     | 1.89e+03 |
|    ep_rew_mean     | 687      |
| time/              |          |
|    episodes        | 2460     |
|    fps             | 164      |
|    time_elapsed    | 24414    |
|    total_timesteps | 4014051  |
| train/             |          |
|    actor_loss      | 11.8     |
|    critic_loss     | 8.17     |
|    ent_coef        | 0.0166   |
|    ent_coef_loss   | -0.988   |
|    learning_rate   | 0.0003   |
|    n_updates       | 4013050  |
---------------------------------
---------------------------------
| rollout/           |          |
|    ep_len_mean     | 1.89e+03 |
|    ep_rew_mean     | 692      |
| time/              |          |
|    episodes        | 2464     |
|    fps             | 164      |
|    time_elapsed    | 24458    |
|    total_timesteps | 4021623  |
| train/             |          |
|    actor_loss      | -8.35    |
|    critic_loss     | 13.7     |
|    ent_coef        | 0.0158   |
|    ent_coef_loss   | -0.755   |
|    learning_rate   | 0.0003   |
|    n_updates       | 4020622  |
---------------------------------
---------------------------------
| rollout/           |          |
|    ep_len_mean     | 1.87e+03 |
|    ep_rew_mean     | 672      |
| time/              |          |
|    episodes        | 2468     |
|    fps             | 164      |
|    time_elapsed    | 24488    |
|    total_timesteps | 4026727  |
| train/             |          |
|    actor_loss      | -4.35    |
|    critic_loss     | 16.4     |
|    ent_coef        | 0.0158   |
|    ent_coef_loss   | -0.102   |
|    learning_rate   | 0.0003   |
|    n_updates       | 4025726  |
---------------------------------
---------------------------------
| rollout/           |          |
|    ep_len_mean     | 1.87e+03 |
|    ep_rew_mean     | 676      |
| time/              |          |
|    episodes        | 2472     |
|    fps             | 164      |
|    time_elapsed    | 24531    |
|    total_timesteps | 4034021  |
| train/             |          |
|    actor_loss      | 1.26     |
|    critic_loss     | 6.35     |
|    ent_coef        | 0.0161   |
|    ent_coef_loss   | 0.297    |
|    learning_rate   | 0.0003   |
|    n_updates       | 4033020  |
---------------------------------
---------------------------------
| rollout/           |          |
|    ep_len_mean     | 1.87e+03 |
|    ep_rew_mean     | 685      |
| time/              |          |
|    episodes        | 2476     |
|    fps             | 164      |
|    time_elapsed    | 24576    |
|    total_timesteps | 4041684  |
| train/             |          |
|    actor_loss      | 16.7     |
|    critic_loss     | 9.93     |
|    ent_coef        | 0.0157   |
|    ent_coef_loss   | 0.678    |
|    learning_rate   | 0.0003   |
|    n_updates       | 4040683  |
---------------------------------
---------------------------------
| rollout/           |          |
|    ep_len_mean     | 1.87e+03 |
|    ep_rew_mean     | 687      |
| time/              |          |
|    episodes        | 2480     |
|    fps             | 164      |
|    time_elapsed    | 24622    |
|    total_timesteps | 4049341  |
| train/             |          |
|    actor_loss      | 2.48     |
|    critic_loss     | 6.99     |
|    ent_coef        | 0.0166   |
|    ent_coef_loss   | -2.11    |
|    learning_rate   | 0.0003   |
|    n_updates       | 4048340  |
---------------------------------
---------------------------------
| rollout/           |          |
|    ep_len_mean     | 1.87e+03 |
|    ep_rew_mean     | 694      |
| time/              |          |
|    episodes        | 2484     |
|    fps             | 164      |
|    time_elapsed    | 24667    |
|    total_timesteps | 4057127  |
| train/             |          |
|    actor_loss      | 7.05     |
|    critic_loss     | 58.4     |
|    ent_coef        | 0.0163   |
|    ent_coef_loss   | 0.124    |
|    learning_rate   | 0.0003   |
|    n_updates       | 4056126  |
---------------------------------
---------------------------------
| rollout/           |          |
|    ep_len_mean     | 1.87e+03 |
|    ep_rew_mean     | 691      |
| time/              |          |
|    episodes        | 2488     |
|    fps             | 164      |
|    time_elapsed    | 24711    |
|    total_timesteps | 4064550  |
| train/             |          |
|    actor_loss      | -11      |
|    critic_loss     | 116      |
|    ent_coef        | 0.0162   |
|    ent_coef_loss   | 0.051    |
|    learning_rate   | 0.0003   |
|    n_updates       | 4063549  |
---------------------------------
---------------------------------
| rollout/           |          |
|    ep_len_mean     | 1.86e+03 |
|    ep_rew_mean     | 685      |
| time/              |          |
|    episodes        | 2492     |
|    fps             | 164      |
|    time_elapsed    | 24755    |
|    total_timesteps | 4072053  |
| train/             |          |
|    actor_loss      | -3.3     |
|    critic_loss     | 14.1     |
|    ent_coef        | 0.0158   |
|    ent_coef_loss   | -1.17    |
|    learning_rate   | 0.0003   |
|    n_updates       | 4071052  |
---------------------------------
---------------------------------
| rollout/           |          |
|    ep_len_mean     | 1.86e+03 |
|    ep_rew_mean     | 688      |
| time/              |          |
|    episodes        | 2496     |
|    fps             | 164      |
|    time_elapsed    | 24799    |
|    total_timesteps | 4079367  |
| train/             |          |
|    actor_loss      | -18.6    |
|    critic_loss     | 6.37     |
|    ent_coef        | 0.0162   |
|    ent_coef_loss   | -0.0888  |
|    learning_rate   | 0.0003   |
|    n_updates       | 4078366  |
---------------------------------
---------------------------------
| rollout/           |          |
|    ep_len_mean     | 1.85e+03 |
|    ep_rew_mean     | 675      |
| time/              |          |
|    episodes        | 2500     |
|    fps             | 164      |
|    time_elapsed    | 24839    |
|    total_timesteps | 4086223  |
| train/             |          |
|    actor_loss      | 28       |
|    critic_loss     | 13.8     |
|    ent_coef        | 0.0163   |
|    ent_coef_loss   | 1.88     |
|    learning_rate   | 0.0003   |
|    n_updates       | 4085222  |
---------------------------------
---------------------------------
| rollout/           |          |
|    ep_len_mean     | 1.85e+03 |
|    ep_rew_mean     | 675      |
| time/              |          |
|    episodes        | 2504     |
|    fps             | 164      |
|    time_elapsed    | 24881    |
|    total_timesteps | 4093354  |
| train/             |          |
|    actor_loss      | 9.66     |
|    critic_loss     | 17.7     |
|    ent_coef        | 0.0158   |
|    ent_coef_loss   | -0.555   |
|    learning_rate   | 0.0003   |
|    n_updates       | 4092353  |
---------------------------------
---------------------------------
| rollout/           |          |
|    ep_len_mean     | 1.84e+03 |
|    ep_rew_mean     | 657      |
| time/              |          |
|    episodes        | 2508     |
|    fps             | 164      |
|    time_elapsed    | 24922    |
|    total_timesteps | 4100329  |
| train/             |          |
|    actor_loss      | 4.55     |
|    critic_loss     | 13.4     |
|    ent_coef        | 0.0151   |
|    ent_coef_loss   | -0.582   |
|    learning_rate   | 0.0003   |
|    n_updates       | 4099328  |
---------------------------------
---------------------------------
| rollout/           |          |
|    ep_len_mean     | 1.83e+03 |
|    ep_rew_mean     | 642      |
| time/              |          |
|    episodes        | 2512     |
|    fps             | 164      |
|    time_elapsed    | 24963    |
|    total_timesteps | 4107085  |
| train/             |          |
|    actor_loss      | 1.45     |
|    critic_loss     | 7.49     |
|    ent_coef        | 0.0162   |
|    ent_coef_loss   | -0.189   |
|    learning_rate   | 0.0003   |
|    n_updates       | 4106084  |
---------------------------------
---------------------------------
| rollout/           |          |
|    ep_len_mean     | 1.82e+03 |
|    ep_rew_mean     | 641      |
| time/              |          |
|    episodes        | 2516     |
|    fps             | 164      |
|    time_elapsed    | 25004    |
|    total_timesteps | 4114000  |
| train/             |          |
|    actor_loss      | 21.8     |
|    critic_loss     | 15.8     |
|    ent_coef        | 0.0158   |
|    ent_coef_loss   | -0.925   |
|    learning_rate   | 0.0003   |
|    n_updates       | 4112999  |
---------------------------------
---------------------------------
| rollout/           |          |
|    ep_len_mean     | 1.81e+03 |
|    ep_rew_mean     | 633      |
| time/              |          |
|    episodes        | 2520     |
|    fps             | 164      |
|    time_elapsed    | 25047    |
|    total_timesteps | 4121275  |
| train/             |          |
|    actor_loss      | -0.75    |
|    critic_loss     | 45.4     |
|    ent_coef        | 0.0151   |
|    ent_coef_loss   | -0.153   |
|    learning_rate   | 0.0003   |
|    n_updates       | 4120274  |
---------------------------------
---------------------------------
| rollout/           |          |
|    ep_len_mean     | 1.81e+03 |
|    ep_rew_mean     | 632      |
| time/              |          |
|    episodes        | 2524     |
|    fps             | 164      |
|    time_elapsed    | 25091    |
|    total_timesteps | 4128822  |
| train/             |          |
|    actor_loss      | 4.18     |
|    critic_loss     | 5.58     |
|    ent_coef        | 0.0159   |
|    ent_coef_loss   | -2.29    |
|    learning_rate   | 0.0003   |
|    n_updates       | 4127821  |
---------------------------------
---------------------------------
| rollout/           |          |
|    ep_len_mean     | 1.81e+03 |
|    ep_rew_mean     | 626      |
| time/              |          |
|    episodes        | 2528     |
|    fps             | 164      |
|    time_elapsed    | 25135    |
|    total_timesteps | 4136282  |
| train/             |          |
|    actor_loss      | 12.9     |
|    critic_loss     | 21.1     |
|    ent_coef        | 0.0155   |
|    ent_coef_loss   | 1.78     |
|    learning_rate   | 0.0003   |
|    n_updates       | 4135281  |
---------------------------------
---------------------------------
| rollout/           |          |
|    ep_len_mean     | 1.81e+03 |
|    ep_rew_mean     | 622      |
| time/              |          |
|    episodes        | 2532     |
|    fps             | 164      |
|    time_elapsed    | 25181    |
|    total_timesteps | 4143970  |
| train/             |          |
|    actor_loss      | -5.37    |
|    critic_loss     | 5.13     |
|    ent_coef        | 0.0159   |
|    ent_coef_loss   | -0.51    |
|    learning_rate   | 0.0003   |
|    n_updates       | 4142969  |
---------------------------------
---------------------------------
| rollout/           |          |
|    ep_len_mean     | 1.82e+03 |
|    ep_rew_mean     | 616      |
| time/              |          |
|    episodes        | 2536     |
|    fps             | 164      |
|    time_elapsed    | 25224    |
|    total_timesteps | 4151307  |
| train/             |          |
|    actor_loss      | -2.72    |
|    critic_loss     | 36.8     |
|    ent_coef        | 0.0156   |
|    ent_coef_loss   | 0.411    |
|    learning_rate   | 0.0003   |
|    n_updates       | 4150306  |
---------------------------------
---------------------------------
| rollout/           |          |
|    ep_len_mean     | 1.82e+03 |
|    ep_rew_mean     | 616      |
| time/              |          |
|    episodes        | 2540     |
|    fps             | 164      |
|    time_elapsed    | 25269    |
|    total_timesteps | 4158897  |
| train/             |          |
|    actor_loss      | -2.18    |
|    critic_loss     | 4.68     |
|    ent_coef        | 0.0153   |
|    ent_coef_loss   | -0.6     |
|    learning_rate   | 0.0003   |
|    n_updates       | 4157896  |
---------------------------------
---------------------------------
| rollout/           |          |
|    ep_len_mean     | 1.81e+03 |
|    ep_rew_mean     | 605      |
| time/              |          |
|    episodes        | 2544     |
|    fps             | 164      |
|    time_elapsed    | 25310    |
|    total_timesteps | 4165868  |
| train/             |          |
|    actor_loss      | -6.48    |
|    critic_loss     | 38.3     |
|    ent_coef        | 0.0159   |
|    ent_coef_loss   | -1.07    |
|    learning_rate   | 0.0003   |
|    n_updates       | 4164867  |
---------------------------------
---------------------------------
| rollout/           |          |
|    ep_len_mean     | 1.81e+03 |
|    ep_rew_mean     | 600      |
| time/              |          |
|    episodes        | 2548     |
|    fps             | 164      |
|    time_elapsed    | 25349    |
|    total_timesteps | 4172423  |
| train/             |          |
|    actor_loss      | 1.78     |
|    critic_loss     | 22.3     |
|    ent_coef        | 0.0159   |
|    ent_coef_loss   | -0.468   |
|    learning_rate   | 0.0003   |
|    n_updates       | 4171422  |
---------------------------------
---------------------------------
| rollout/           |          |
|    ep_len_mean     | 1.81e+03 |
|    ep_rew_mean     | 587      |
| time/              |          |
|    episodes        | 2552     |
|    fps             | 164      |
|    time_elapsed    | 25389    |
|    total_timesteps | 4179232  |
| train/             |          |
|    actor_loss      | -7.93    |
|    critic_loss     | 4.1      |
|    ent_coef        | 0.0157   |
|    ent_coef_loss   | 0.493    |
|    learning_rate   | 0.0003   |
|    n_updates       | 4178231  |
---------------------------------
---------------------------------
| rollout/           |          |
|    ep_len_mean     | 1.8e+03  |
|    ep_rew_mean     | 573      |
| time/              |          |
|    episodes        | 2556     |
|    fps             | 164      |
|    time_elapsed    | 25429    |
|    total_timesteps | 4185913  |
| train/             |          |
|    actor_loss      | -26.6    |
|    critic_loss     | 5.22     |
|    ent_coef        | 0.0159   |
|    ent_coef_loss   | 0.491    |
|    learning_rate   | 0.0003   |
|    n_updates       | 4184912  |
---------------------------------
---------------------------------
| rollout/           |          |
|    ep_len_mean     | 1.79e+03 |
|    ep_rew_mean     | 567      |
| time/              |          |
|    episodes        | 2560     |
|    fps             | 164      |
|    time_elapsed    | 25470    |
|    total_timesteps | 4192907  |
| train/             |          |
|    actor_loss      | -12.5    |
|    critic_loss     | 13.5     |
|    ent_coef        | 0.0156   |
|    ent_coef_loss   | 0.442    |
|    learning_rate   | 0.0003   |
|    n_updates       | 4191906  |
---------------------------------
---------------------------------
| rollout/           |          |
|    ep_len_mean     | 1.78e+03 |
|    ep_rew_mean     | 564      |
| time/              |          |
|    episodes        | 2564     |
|    fps             | 164      |
|    time_elapsed    | 25512    |
|    total_timesteps | 4200011  |
| train/             |          |
|    actor_loss      | -6.41    |
|    critic_loss     | 7.13     |
|    ent_coef        | 0.0153   |
|    ent_coef_loss   | -0.479   |
|    learning_rate   | 0.0003   |
|    n_updates       | 4199010  |
---------------------------------
---------------------------------
| rollout/           |          |
|    ep_len_mean     | 1.81e+03 |
|    ep_rew_mean     | 587      |
| time/              |          |
|    episodes        | 2568     |
|    fps             | 164      |
|    time_elapsed    | 25556    |
|    total_timesteps | 4207474  |
| train/             |          |
|    actor_loss      | -0.264   |
|    critic_loss     | 6.79     |
|    ent_coef        | 0.0151   |
|    ent_coef_loss   | -1.32    |
|    learning_rate   | 0.0003   |
|    n_updates       | 4206473  |
---------------------------------
---------------------------------
| rollout/           |          |
|    ep_len_mean     | 1.81e+03 |
|    ep_rew_mean     | 580      |
| time/              |          |
|    episodes        | 2572     |
|    fps             | 164      |
|    time_elapsed    | 25601    |
|    total_timesteps | 4215026  |
| train/             |          |
|    actor_loss      | -5.05    |
|    critic_loss     | 11.5     |
|    ent_coef        | 0.0147   |
|    ent_coef_loss   | 0.399    |
|    learning_rate   | 0.0003   |
|    n_updates       | 4214025  |
---------------------------------
---------------------------------
| rollout/           |          |
|    ep_len_mean     | 1.81e+03 |
|    ep_rew_mean     | 572      |
| time/              |          |
|    episodes        | 2576     |
|    fps             | 164      |
|    time_elapsed    | 25644    |
|    total_timesteps | 4222390  |
| train/             |          |
|    actor_loss      | -0.558   |
|    critic_loss     | 4.79     |
|    ent_coef        | 0.015    |
|    ent_coef_loss   | -0.365   |
|    learning_rate   | 0.0003   |
|    n_updates       | 4221389  |
---------------------------------
---------------------------------
| rollout/           |          |
|    ep_len_mean     | 1.8e+03  |
|    ep_rew_mean     | 580      |
| time/              |          |
|    episodes        | 2580     |
|    fps             | 164      |
|    time_elapsed    | 25688    |
|    total_timesteps | 4229835  |
| train/             |          |
|    actor_loss      | -22.2    |
|    critic_loss     | 4.76     |
|    ent_coef        | 0.0139   |
|    ent_coef_loss   | -2.16    |
|    learning_rate   | 0.0003   |
|    n_updates       | 4228834  |
---------------------------------
---------------------------------
| rollout/           |          |
|    ep_len_mean     | 1.8e+03  |
|    ep_rew_mean     | 576      |
| time/              |          |
|    episodes        | 2584     |
|    fps             | 164      |
|    time_elapsed    | 25732    |
|    total_timesteps | 4237289  |
| train/             |          |
|    actor_loss      | -10      |
|    critic_loss     | 38.2     |
|    ent_coef        | 0.014    |
|    ent_coef_loss   | 1.48     |
|    learning_rate   | 0.0003   |
|    n_updates       | 4236288  |
---------------------------------
---------------------------------
| rollout/           |          |
|    ep_len_mean     | 1.8e+03  |
|    ep_rew_mean     | 572      |
| time/              |          |
|    episodes        | 2588     |
|    fps             | 164      |
|    time_elapsed    | 25776    |
|    total_timesteps | 4244744  |
| train/             |          |
|    actor_loss      | -7.43    |
|    critic_loss     | 5.78     |
|    ent_coef        | 0.0146   |
|    ent_coef_loss   | 2.46     |
|    learning_rate   | 0.0003   |
|    n_updates       | 4243743  |
---------------------------------
---------------------------------
| rollout/           |          |
|    ep_len_mean     | 1.8e+03  |
|    ep_rew_mean     | 576      |
| time/              |          |
|    episodes        | 2592     |
|    fps             | 164      |
|    time_elapsed    | 25820    |
|    total_timesteps | 4252134  |
| train/             |          |
|    actor_loss      | -31      |
|    critic_loss     | 14.8     |
|    ent_coef        | 0.015    |
|    ent_coef_loss   | -1.16    |
|    learning_rate   | 0.0003   |
|    n_updates       | 4251133  |
---------------------------------
---------------------------------
| rollout/           |          |
|    ep_len_mean     | 1.8e+03  |
|    ep_rew_mean     | 583      |
| time/              |          |
|    episodes        | 2596     |
|    fps             | 164      |
|    time_elapsed    | 25863    |
|    total_timesteps | 4259351  |
| train/             |          |
|    actor_loss      | -9.89    |
|    critic_loss     | 13.1     |
|    ent_coef        | 0.0139   |
|    ent_coef_loss   | 0.334    |
|    learning_rate   | 0.0003   |
|    n_updates       | 4258350  |
---------------------------------
---------------------------------
| rollout/           |          |
|    ep_len_mean     | 1.8e+03  |
|    ep_rew_mean     | 594      |
| time/              |          |
|    episodes        | 2600     |
|    fps             | 164      |
|    time_elapsed    | 25906    |
|    total_timesteps | 4266683  |
| train/             |          |
|    actor_loss      | -18.2    |
|    critic_loss     | 13.4     |
|    ent_coef        | 0.0146   |
|    ent_coef_loss   | -0.556   |
|    learning_rate   | 0.0003   |
|    n_updates       | 4265682  |
---------------------------------
---------------------------------
| rollout/           |          |
|    ep_len_mean     | 1.81e+03 |
|    ep_rew_mean     | 589      |
| time/              |          |
|    episodes        | 2604     |
|    fps             | 164      |
|    time_elapsed    | 25950    |
|    total_timesteps | 4274169  |
| train/             |          |
|    actor_loss      | -10.2    |
|    critic_loss     | 5.4      |
|    ent_coef        | 0.0148   |
|    ent_coef_loss   | -0.417   |
|    learning_rate   | 0.0003   |
|    n_updates       | 4273168  |
---------------------------------
---------------------------------
| rollout/           |          |
|    ep_len_mean     | 1.81e+03 |
|    ep_rew_mean     | 585      |
| time/              |          |
|    episodes        | 2608     |
|    fps             | 164      |
|    time_elapsed    | 25994    |
|    total_timesteps | 4281516  |
| train/             |          |
|    actor_loss      | -14.6    |
|    critic_loss     | 11.5     |
|    ent_coef        | 0.014    |
|    ent_coef_loss   | 1.76     |
|    learning_rate   | 0.0003   |
|    n_updates       | 4280515  |
---------------------------------
---------------------------------
| rollout/           |          |
|    ep_len_mean     | 1.82e+03 |
|    ep_rew_mean     | 602      |
| time/              |          |
|    episodes        | 2612     |
|    fps             | 164      |
|    time_elapsed    | 26036    |
|    total_timesteps | 4288648  |
| train/             |          |
|    actor_loss      | -11.6    |
|    critic_loss     | 13.9     |
|    ent_coef        | 0.015    |
|    ent_coef_loss   | -1.14    |
|    learning_rate   | 0.0003   |
|    n_updates       | 4287647  |
---------------------------------
---------------------------------
| rollout/           |          |
|    ep_len_mean     | 1.81e+03 |
|    ep_rew_mean     | 592      |
| time/              |          |
|    episodes        | 2616     |
|    fps             | 164      |
|    time_elapsed    | 26076    |
|    total_timesteps | 4295434  |
| train/             |          |
|    actor_loss      | -16.7    |
|    critic_loss     | 3.81     |
|    ent_coef        | 0.0145   |
|    ent_coef_loss   | 0.297    |
|    learning_rate   | 0.0003   |
|    n_updates       | 4294433  |
---------------------------------
---------------------------------
| rollout/           |          |
|    ep_len_mean     | 1.81e+03 |
|    ep_rew_mean     | 593      |
| time/              |          |
|    episodes        | 2620     |
|    fps             | 164      |
|    time_elapsed    | 26118    |
|    total_timesteps | 4302493  |
| train/             |          |
|    actor_loss      | 3.98     |
|    critic_loss     | 25.4     |
|    ent_coef        | 0.0145   |
|    ent_coef_loss   | -0.98    |
|    learning_rate   | 0.0003   |
|    n_updates       | 4301492  |
---------------------------------
---------------------------------
| rollout/           |          |
|    ep_len_mean     | 1.81e+03 |
|    ep_rew_mean     | 583      |
| time/              |          |
|    episodes        | 2624     |
|    fps             | 164      |
|    time_elapsed    | 26161    |
|    total_timesteps | 4309739  |
| train/             |          |
|    actor_loss      | -15.6    |
|    critic_loss     | 10.4     |
|    ent_coef        | 0.0149   |
|    ent_coef_loss   | -1.25    |
|    learning_rate   | 0.0003   |
|    n_updates       | 4308738  |
---------------------------------
---------------------------------
| rollout/           |          |
|    ep_len_mean     | 1.81e+03 |
|    ep_rew_mean     | 587      |
| time/              |          |
|    episodes        | 2628     |
|    fps             | 164      |
|    time_elapsed    | 26204    |
|    total_timesteps | 4316990  |
| train/             |          |
|    actor_loss      | -18.7    |
|    critic_loss     | 15       |
|    ent_coef        | 0.0144   |
|    ent_coef_loss   | -2.03    |
|    learning_rate   | 0.0003   |
|    n_updates       | 4315989  |
---------------------------------
---------------------------------
| rollout/           |          |
|    ep_len_mean     | 1.77e+03 |
|    ep_rew_mean     | 570      |
| time/              |          |
|    episodes        | 2632     |
|    fps             | 164      |
|    time_elapsed    | 26226    |
|    total_timesteps | 4320868  |
| train/             |          |
|    actor_loss      | -25.3    |
|    critic_loss     | 7.47     |
|    ent_coef        | 0.0145   |
|    ent_coef_loss   | -1.37    |
|    learning_rate   | 0.0003   |
|    n_updates       | 4319867  |
---------------------------------
---------------------------------
| rollout/           |          |
|    ep_len_mean     | 1.75e+03 |
|    ep_rew_mean     | 566      |
| time/              |          |
|    episodes        | 2636     |
|    fps             | 164      |
|    time_elapsed    | 26257    |
|    total_timesteps | 4326002  |
| train/             |          |
|    actor_loss      | -8.4     |
|    critic_loss     | 6.83     |
|    ent_coef        | 0.0145   |
|    ent_coef_loss   | 1.83     |
|    learning_rate   | 0.0003   |
|    n_updates       | 4325001  |
---------------------------------
---------------------------------
| rollout/           |          |
|    ep_len_mean     | 1.74e+03 |
|    ep_rew_mean     | 561      |
| time/              |          |
|    episodes        | 2640     |
|    fps             | 164      |
|    time_elapsed    | 26300    |
|    total_timesteps | 4333273  |
| train/             |          |
|    actor_loss      | -21      |
|    critic_loss     | 7.95     |
|    ent_coef        | 0.0142   |
|    ent_coef_loss   | -0.729   |
|    learning_rate   | 0.0003   |
|    n_updates       | 4332272  |
---------------------------------
---------------------------------
| rollout/           |          |
|    ep_len_mean     | 1.75e+03 |
|    ep_rew_mean     | 560      |
| time/              |          |
|    episodes        | 2644     |
|    fps             | 164      |
|    time_elapsed    | 26344    |
|    total_timesteps | 4340665  |
| train/             |          |
|    actor_loss      | 2.24     |
|    critic_loss     | 23.4     |
|    ent_coef        | 0.0144   |
|    ent_coef_loss   | 0.732    |
|    learning_rate   | 0.0003   |
|    n_updates       | 4339664  |
---------------------------------
---------------------------------
| rollout/           |          |
|    ep_len_mean     | 1.74e+03 |
|    ep_rew_mean     | 575      |
| time/              |          |
|    episodes        | 2648     |
|    fps             | 164      |
|    time_elapsed    | 26376    |
|    total_timesteps | 4346088  |
| train/             |          |
|    actor_loss      | -13.3    |
|    critic_loss     | 21.4     |
|    ent_coef        | 0.0142   |
|    ent_coef_loss   | 2.28     |
|    learning_rate   | 0.0003   |
|    n_updates       | 4345087  |
---------------------------------
---------------------------------
| rollout/           |          |
|    ep_len_mean     | 1.74e+03 |
|    ep_rew_mean     | 582      |
| time/              |          |
|    episodes        | 2652     |
|    fps             | 164      |
|    time_elapsed    | 26417    |
|    total_timesteps | 4353074  |
| train/             |          |
|    actor_loss      | -0.0941  |
|    critic_loss     | 12.4     |
|    ent_coef        | 0.0145   |
|    ent_coef_loss   | 2.85     |
|    learning_rate   | 0.0003   |
|    n_updates       | 4352073  |
---------------------------------
---------------------------------
| rollout/           |          |
|    ep_len_mean     | 1.75e+03 |
|    ep_rew_mean     | 594      |
| time/              |          |
|    episodes        | 2656     |
|    fps             | 164      |
|    time_elapsed    | 26462    |
|    total_timesteps | 4360739  |
| train/             |          |
|    actor_loss      | -15.2    |
|    critic_loss     | 13.3     |
|    ent_coef        | 0.0141   |
|    ent_coef_loss   | 0.316    |
|    learning_rate   | 0.0003   |
|    n_updates       | 4359738  |
---------------------------------
---------------------------------
| rollout/           |          |
|    ep_len_mean     | 1.75e+03 |
|    ep_rew_mean     | 605      |
| time/              |          |
|    episodes        | 2660     |
|    fps             | 164      |
|    time_elapsed    | 26507    |
|    total_timesteps | 4368277  |
| train/             |          |
|    actor_loss      | -14.4    |
|    critic_loss     | 10.6     |
|    ent_coef        | 0.0144   |
|    ent_coef_loss   | 0.874    |
|    learning_rate   | 0.0003   |
|    n_updates       | 4367276  |
---------------------------------
---------------------------------
| rollout/           |          |
|    ep_len_mean     | 1.76e+03 |
|    ep_rew_mean     | 603      |
| time/              |          |
|    episodes        | 2664     |
|    fps             | 164      |
|    time_elapsed    | 26553    |
|    total_timesteps | 4376055  |
| train/             |          |
|    actor_loss      | -2.59    |
|    critic_loss     | 13.6     |
|    ent_coef        | 0.0138   |
|    ent_coef_loss   | 0.58     |
|    learning_rate   | 0.0003   |
|    n_updates       | 4375054  |
---------------------------------
---------------------------------
| rollout/           |          |
|    ep_len_mean     | 1.76e+03 |
|    ep_rew_mean     | 603      |
| time/              |          |
|    episodes        | 2668     |
|    fps             | 164      |
|    time_elapsed    | 26599    |
|    total_timesteps | 4383900  |
| train/             |          |
|    actor_loss      | -10.2    |
|    critic_loss     | 9.69     |
|    ent_coef        | 0.0144   |
|    ent_coef_loss   | -2.21    |
|    learning_rate   | 0.0003   |
|    n_updates       | 4382899  |
---------------------------------
---------------------------------
| rollout/           |          |
|    ep_len_mean     | 1.76e+03 |
|    ep_rew_mean     | 614      |
| time/              |          |
|    episodes        | 2672     |
|    fps             | 164      |
|    time_elapsed    | 26641    |
|    total_timesteps | 4390906  |
| train/             |          |
|    actor_loss      | -22.4    |
|    critic_loss     | 7.15     |
|    ent_coef        | 0.0139   |
|    ent_coef_loss   | -2.99    |
|    learning_rate   | 0.0003   |
|    n_updates       | 4389905  |
---------------------------------
---------------------------------
| rollout/           |          |
|    ep_len_mean     | 1.75e+03 |
|    ep_rew_mean     | 598      |
| time/              |          |
|    episodes        | 2676     |
|    fps             | 164      |
|    time_elapsed    | 26676    |
|    total_timesteps | 4396896  |
| train/             |          |
|    actor_loss      | 4.96     |
|    critic_loss     | 8.25     |
|    ent_coef        | 0.0139   |
|    ent_coef_loss   | -0.0599  |
|    learning_rate   | 0.0003   |
|    n_updates       | 4395895  |
---------------------------------
---------------------------------
| rollout/           |          |
|    ep_len_mean     | 1.75e+03 |
|    ep_rew_mean     | 600      |
| time/              |          |
|    episodes        | 2680     |
|    fps             | 164      |
|    time_elapsed    | 26721    |
|    total_timesteps | 4404369  |
| train/             |          |
|    actor_loss      | 0.988    |
|    critic_loss     | 15       |
|    ent_coef        | 0.0143   |
|    ent_coef_loss   | 1.08     |
|    learning_rate   | 0.0003   |
|    n_updates       | 4403368  |
---------------------------------
---------------------------------
| rollout/           |          |
|    ep_len_mean     | 1.73e+03 |
|    ep_rew_mean     | 596      |
| time/              |          |
|    episodes        | 2684     |
|    fps             | 164      |
|    time_elapsed    | 26753    |
|    total_timesteps | 4409855  |
| train/             |          |
|    actor_loss      | 0.714    |
|    critic_loss     | 6.01     |
|    ent_coef        | 0.0138   |
|    ent_coef_loss   | -1.25    |
|    learning_rate   | 0.0003   |
|    n_updates       | 4408854  |
---------------------------------
---------------------------------
| rollout/           |          |
|    ep_len_mean     | 1.72e+03 |
|    ep_rew_mean     | 581      |
| time/              |          |
|    episodes        | 2688     |
|    fps             | 164      |
|    time_elapsed    | 26793    |
|    total_timesteps | 4416604  |
| train/             |          |
|    actor_loss      | -3.29    |
|    critic_loss     | 3.92     |
|    ent_coef        | 0.014    |
|    ent_coef_loss   | 0.19     |
|    learning_rate   | 0.0003   |
|    n_updates       | 4415603  |
---------------------------------
---------------------------------
| rollout/           |          |
|    ep_len_mean     | 1.71e+03 |
|    ep_rew_mean     | 577      |
| time/              |          |
|    episodes        | 2692     |
|    fps             | 164      |
|    time_elapsed    | 26834    |
|    total_timesteps | 4423543  |
| train/             |          |
|    actor_loss      | -13.6    |
|    critic_loss     | 15.2     |
|    ent_coef        | 0.014    |
|    ent_coef_loss   | 0.535    |
|    learning_rate   | 0.0003   |
|    n_updates       | 4422542  |
---------------------------------
---------------------------------
| rollout/           |          |
|    ep_len_mean     | 1.71e+03 |
|    ep_rew_mean     | 565      |
| time/              |          |
|    episodes        | 2696     |
|    fps             | 164      |
|    time_elapsed    | 26872    |
|    total_timesteps | 4430044  |
| train/             |          |
|    actor_loss      | -30      |
|    critic_loss     | 25.3     |
|    ent_coef        | 0.0134   |
|    ent_coef_loss   | -0.24    |
|    learning_rate   | 0.0003   |
|    n_updates       | 4429043  |
---------------------------------
---------------------------------
| rollout/           |          |
|    ep_len_mean     | 1.7e+03  |
|    ep_rew_mean     | 559      |
| time/              |          |
|    episodes        | 2700     |
|    fps             | 164      |
|    time_elapsed    | 26910    |
|    total_timesteps | 4436482  |
| train/             |          |
|    actor_loss      | -6.87    |
|    critic_loss     | 17.2     |
|    ent_coef        | 0.0147   |
|    ent_coef_loss   | 1.28     |
|    learning_rate   | 0.0003   |
|    n_updates       | 4435481  |
---------------------------------
---------------------------------
| rollout/           |          |
|    ep_len_mean     | 1.7e+03  |
|    ep_rew_mean     | 550      |
| time/              |          |
|    episodes        | 2704     |
|    fps             | 164      |
|    time_elapsed    | 26955    |
|    total_timesteps | 4444129  |
| train/             |          |
|    actor_loss      | -12.6    |
|    critic_loss     | 3.57     |
|    ent_coef        | 0.0138   |
|    ent_coef_loss   | 1.31     |
|    learning_rate   | 0.0003   |
|    n_updates       | 4443128  |
---------------------------------
---------------------------------
| rollout/           |          |
|    ep_len_mean     | 1.7e+03  |
|    ep_rew_mean     | 569      |
| time/              |          |
|    episodes        | 2708     |
|    fps             | 164      |
|    time_elapsed    | 27001    |
|    total_timesteps | 4451836  |
| train/             |          |
|    actor_loss      | -16.1    |
|    critic_loss     | 12.3     |
|    ent_coef        | 0.0146   |
|    ent_coef_loss   | 0.672    |
|    learning_rate   | 0.0003   |
|    n_updates       | 4450835  |
---------------------------------
---------------------------------
| rollout/           |          |
|    ep_len_mean     | 1.71e+03 |
|    ep_rew_mean     | 559      |
| time/              |          |
|    episodes        | 2712     |
|    fps             | 164      |
|    time_elapsed    | 27045    |
|    total_timesteps | 4459373  |
| train/             |          |
|    actor_loss      | -9.6     |
|    critic_loss     | 4.99     |
|    ent_coef        | 0.0144   |
|    ent_coef_loss   | -0.405   |
|    learning_rate   | 0.0003   |
|    n_updates       | 4458372  |
---------------------------------
---------------------------------
| rollout/           |          |
|    ep_len_mean     | 1.72e+03 |
|    ep_rew_mean     | 573      |
| time/              |          |
|    episodes        | 2716     |
|    fps             | 164      |
|    time_elapsed    | 27092    |
|    total_timesteps | 4467308  |
| train/             |          |
|    actor_loss      | -33      |
|    critic_loss     | 5.21     |
|    ent_coef        | 0.0144   |
|    ent_coef_loss   | -0.328   |
|    learning_rate   | 0.0003   |
|    n_updates       | 4466307  |
---------------------------------
---------------------------------
| rollout/           |          |
|    ep_len_mean     | 1.72e+03 |
|    ep_rew_mean     | 575      |
| time/              |          |
|    episodes        | 2720     |
|    fps             | 164      |
|    time_elapsed    | 27137    |
|    total_timesteps | 4474928  |
| train/             |          |
|    actor_loss      | -14.1    |
|    critic_loss     | 11.6     |
|    ent_coef        | 0.0148   |
|    ent_coef_loss   | -1.31    |
|    learning_rate   | 0.0003   |
|    n_updates       | 4473927  |
---------------------------------
---------------------------------
| rollout/           |          |
|    ep_len_mean     | 1.73e+03 |
|    ep_rew_mean     | 571      |
| time/              |          |
|    episodes        | 2724     |
|    fps             | 164      |
|    time_elapsed    | 27183    |
|    total_timesteps | 4482721  |
| train/             |          |
|    actor_loss      | -12.7    |
|    critic_loss     | 8.65     |
|    ent_coef        | 0.0142   |
|    ent_coef_loss   | -0.852   |
|    learning_rate   | 0.0003   |
|    n_updates       | 4481720  |
---------------------------------
---------------------------------
| rollout/           |          |
|    ep_len_mean     | 1.74e+03 |
|    ep_rew_mean     | 562      |
| time/              |          |
|    episodes        | 2728     |
|    fps             | 164      |
|    time_elapsed    | 27229    |
|    total_timesteps | 4490509  |
| train/             |          |
|    actor_loss      | -5.48    |
|    critic_loss     | 13.1     |
|    ent_coef        | 0.0149   |
|    ent_coef_loss   | -1.27    |
|    learning_rate   | 0.0003   |
|    n_updates       | 4489508  |
---------------------------------
---------------------------------
| rollout/           |          |
|    ep_len_mean     | 1.73e+03 |
|    ep_rew_mean     | 564      |
| time/              |          |
|    episodes        | 2732     |
|    fps             | 164      |
|    time_elapsed    | 27252    |
|    total_timesteps | 4494304  |
| train/             |          |
|    actor_loss      | -0.534   |
|    critic_loss     | 21.7     |
|    ent_coef        | 0.0147   |
|    ent_coef_loss   | 2.6      |
|    learning_rate   | 0.0003   |
|    n_updates       | 4493303  |
---------------------------------
---------------------------------
| rollout/           |          |
|    ep_len_mean     | 1.76e+03 |
|    ep_rew_mean     | 576      |
| time/              |          |
|    episodes        | 2736     |
|    fps             | 164      |
|    time_elapsed    | 27295    |
|    total_timesteps | 4501590  |
| train/             |          |
|    actor_loss      | -6.94    |
|    critic_loss     | 7.67     |
|    ent_coef        | 0.0144   |
|    ent_coef_loss   | 2.73     |
|    learning_rate   | 0.0003   |
|    n_updates       | 4500589  |
---------------------------------
---------------------------------
| rollout/           |          |
|    ep_len_mean     | 1.75e+03 |
|    ep_rew_mean     | 574      |
| time/              |          |
|    episodes        | 2740     |
|    fps             | 164      |
|    time_elapsed    | 27337    |
|    total_timesteps | 4508714  |
| train/             |          |
|    actor_loss      | -4.5     |
|    critic_loss     | 5.28     |
|    ent_coef        | 0.0141   |
|    ent_coef_loss   | 0.629    |
|    learning_rate   | 0.0003   |
|    n_updates       | 4507713  |
---------------------------------
---------------------------------
| rollout/           |          |
|    ep_len_mean     | 1.75e+03 |
|    ep_rew_mean     | 579      |
| time/              |          |
|    episodes        | 2744     |
|    fps             | 164      |
|    time_elapsed    | 27379    |
|    total_timesteps | 4515809  |
| train/             |          |
|    actor_loss      | -16.8    |
|    critic_loss     | 31.5     |
|    ent_coef        | 0.0151   |
|    ent_coef_loss   | -1.27    |
|    learning_rate   | 0.0003   |
|    n_updates       | 4514808  |
---------------------------------
---------------------------------
| rollout/           |          |
|    ep_len_mean     | 1.75e+03 |
|    ep_rew_mean     | 561      |
| time/              |          |
|    episodes        | 2748     |
|    fps             | 164      |
|    time_elapsed    | 27425    |
|    total_timesteps | 4521413  |
| train/             |          |
|    actor_loss      | -7.04    |
|    critic_loss     | 8.45     |
|    ent_coef        | 0.0152   |
|    ent_coef_loss   | -3.07    |
|    learning_rate   | 0.0003   |
|    n_updates       | 4520412  |
---------------------------------
---------------------------------
| rollout/           |          |
|    ep_len_mean     | 1.74e+03 |
|    ep_rew_mean     | 535      |
| time/              |          |
|    episodes        | 2752     |
|    fps             | 164      |
|    time_elapsed    | 27460    |
|    total_timesteps | 4527271  |
| train/             |          |
|    actor_loss      | -23.1    |
|    critic_loss     | 3.67e+03 |
|    ent_coef        | 0.0156   |
|    ent_coef_loss   | -1.65    |
|    learning_rate   | 0.0003   |
|    n_updates       | 4526270  |
---------------------------------
---------------------------------
| rollout/           |          |
|    ep_len_mean     | 1.74e+03 |
|    ep_rew_mean     | 547      |
| time/              |          |
|    episodes        | 2756     |
|    fps             | 164      |
|    time_elapsed    | 27504    |
|    total_timesteps | 4534816  |
| train/             |          |
|    actor_loss      | 9.21     |
|    critic_loss     | 14.9     |
|    ent_coef        | 0.0148   |
|    ent_coef_loss   | -0.352   |
|    learning_rate   | 0.0003   |
|    n_updates       | 4533815  |
---------------------------------
---------------------------------
| rollout/           |          |
|    ep_len_mean     | 1.72e+03 |
|    ep_rew_mean     | 529      |
| time/              |          |
|    episodes        | 2760     |
|    fps             | 164      |
|    time_elapsed    | 27537    |
|    total_timesteps | 4540359  |
| train/             |          |
|    actor_loss      | -1.04    |
|    critic_loss     | 17.1     |
|    ent_coef        | 0.0157   |
|    ent_coef_loss   | -0.951   |
|    learning_rate   | 0.0003   |
|    n_updates       | 4539358  |
---------------------------------
---------------------------------
| rollout/           |          |
|    ep_len_mean     | 1.72e+03 |
|    ep_rew_mean     | 516      |
| time/              |          |
|    episodes        | 2764     |
|    fps             | 164      |
|    time_elapsed    | 27581    |
|    total_timesteps | 4547830  |
| train/             |          |
|    actor_loss      | -14.4    |
|    critic_loss     | 5.4      |
|    ent_coef        | 0.0152   |
|    ent_coef_loss   | 0.918    |
|    learning_rate   | 0.0003   |
|    n_updates       | 4546829  |
---------------------------------
---------------------------------
| rollout/           |          |
|    ep_len_mean     | 1.71e+03 |
|    ep_rew_mean     | 503      |
| time/              |          |
|    episodes        | 2768     |
|    fps             | 164      |
|    time_elapsed    | 27625    |
|    total_timesteps | 4555215  |
| train/             |          |
|    actor_loss      | -24.5    |
|    critic_loss     | 6.29     |
|    ent_coef        | 0.0147   |
|    ent_coef_loss   | -1.55    |
|    learning_rate   | 0.0003   |
|    n_updates       | 4554214  |
---------------------------------
---------------------------------
| rollout/           |          |
|    ep_len_mean     | 1.71e+03 |
|    ep_rew_mean     | 497      |
| time/              |          |
|    episodes        | 2772     |
|    fps             | 164      |
|    time_elapsed    | 27668    |
|    total_timesteps | 4562391  |
| train/             |          |
|    actor_loss      | 2.77     |
|    critic_loss     | 13.4     |
|    ent_coef        | 0.0149   |
|    ent_coef_loss   | 0.472    |
|    learning_rate   | 0.0003   |
|    n_updates       | 4561390  |
---------------------------------
---------------------------------
| rollout/           |          |
|    ep_len_mean     | 1.73e+03 |
|    ep_rew_mean     | 504      |
| time/              |          |
|    episodes        | 2776     |
|    fps             | 164      |
|    time_elapsed    | 27714    |
|    total_timesteps | 4570132  |
| train/             |          |
|    actor_loss      | -11.2    |
|    critic_loss     | 25.2     |
|    ent_coef        | 0.0146   |
|    ent_coef_loss   | 0.107    |
|    learning_rate   | 0.0003   |
|    n_updates       | 4569131  |
---------------------------------
---------------------------------
| rollout/           |          |
|    ep_len_mean     | 1.73e+03 |
|    ep_rew_mean     | 492      |
| time/              |          |
|    episodes        | 2780     |
|    fps             | 164      |
|    time_elapsed    | 27755    |
|    total_timesteps | 4577157  |
| train/             |          |
|    actor_loss      | -8.54    |
|    critic_loss     | 7.22     |
|    ent_coef        | 0.0137   |
|    ent_coef_loss   | 0.669    |
|    learning_rate   | 0.0003   |
|    n_updates       | 4576156  |
---------------------------------
---------------------------------
| rollout/           |          |
|    ep_len_mean     | 1.74e+03 |
|    ep_rew_mean     | 489      |
| time/              |          |
|    episodes        | 2784     |
|    fps             | 164      |
|    time_elapsed    | 27797    |
|    total_timesteps | 4584214  |
| train/             |          |
|    actor_loss      | -18.3    |
|    critic_loss     | 7.75     |
|    ent_coef        | 0.0146   |
|    ent_coef_loss   | -2.04    |
|    learning_rate   | 0.0003   |
|    n_updates       | 4583213  |
---------------------------------
---------------------------------
| rollout/           |          |
|    ep_len_mean     | 1.74e+03 |
|    ep_rew_mean     | 499      |
| time/              |          |
|    episodes        | 2788     |
|    fps             | 164      |
|    time_elapsed    | 27837    |
|    total_timesteps | 4590916  |
| train/             |          |
|    actor_loss      | -4.15    |
|    critic_loss     | 5.91     |
|    ent_coef        | 0.014    |
|    ent_coef_loss   | 0.586    |
|    learning_rate   | 0.0003   |
|    n_updates       | 4589915  |
---------------------------------
---------------------------------
| rollout/           |          |
|    ep_len_mean     | 1.75e+03 |
|    ep_rew_mean     | 507      |
| time/              |          |
|    episodes        | 2792     |
|    fps             | 164      |
|    time_elapsed    | 27879    |
|    total_timesteps | 4598070  |
| train/             |          |
|    actor_loss      | -18.2    |
|    critic_loss     | 7.88     |
|    ent_coef        | 0.0143   |
|    ent_coef_loss   | 0.435    |
|    learning_rate   | 0.0003   |
|    n_updates       | 4597069  |
---------------------------------
---------------------------------
| rollout/           |          |
|    ep_len_mean     | 1.75e+03 |
|    ep_rew_mean     | 504      |
| time/              |          |
|    episodes        | 2796     |
|    fps             | 164      |
|    time_elapsed    | 27922    |
|    total_timesteps | 4605239  |
| train/             |          |
|    actor_loss      | -5.08    |
|    critic_loss     | 6.04     |
|    ent_coef        | 0.0142   |
|    ent_coef_loss   | -0.0946  |
|    learning_rate   | 0.0003   |
|    n_updates       | 4604238  |
---------------------------------
---------------------------------
| rollout/           |          |
|    ep_len_mean     | 1.76e+03 |
|    ep_rew_mean     | 500      |
| time/              |          |
|    episodes        | 2800     |
|    fps             | 164      |
|    time_elapsed    | 27963    |
|    total_timesteps | 4612087  |
| train/             |          |
|    actor_loss      | 13.1     |
|    critic_loss     | 3.3      |
|    ent_coef        | 0.014    |
|    ent_coef_loss   | 1.86     |
|    learning_rate   | 0.0003   |
|    n_updates       | 4611086  |
---------------------------------
---------------------------------
| rollout/           |          |
|    ep_len_mean     | 1.75e+03 |
|    ep_rew_mean     | 506      |
| time/              |          |
|    episodes        | 2804     |
|    fps             | 164      |
|    time_elapsed    | 28006    |
|    total_timesteps | 4619418  |
| train/             |          |
|    actor_loss      | -0.612   |
|    critic_loss     | 15.2     |
|    ent_coef        | 0.0139   |
|    ent_coef_loss   | 0.291    |
|    learning_rate   | 0.0003   |
|    n_updates       | 4618417  |
---------------------------------
---------------------------------
| rollout/           |          |
|    ep_len_mean     | 1.75e+03 |
|    ep_rew_mean     | 501      |
| time/              |          |
|    episodes        | 2808     |
|    fps             | 164      |
|    time_elapsed    | 28050    |
|    total_timesteps | 4626936  |
| train/             |          |
|    actor_loss      | -22.9    |
|    critic_loss     | 6.17     |
|    ent_coef        | 0.0134   |
|    ent_coef_loss   | -1.45    |
|    learning_rate   | 0.0003   |
|    n_updates       | 4625935  |
---------------------------------
---------------------------------
| rollout/           |          |
|    ep_len_mean     | 1.75e+03 |
|    ep_rew_mean     | 492      |
| time/              |          |
|    episodes        | 2812     |
|    fps             | 164      |
|    time_elapsed    | 28094    |
|    total_timesteps | 4634285  |
| train/             |          |
|    actor_loss      | -24.1    |
|    critic_loss     | 26.9     |
|    ent_coef        | 0.0131   |
|    ent_coef_loss   | 0.16     |
|    learning_rate   | 0.0003   |
|    n_updates       | 4633284  |
---------------------------------
---------------------------------
| rollout/           |          |
|    ep_len_mean     | 1.75e+03 |
|    ep_rew_mean     | 494      |
| time/              |          |
|    episodes        | 2816     |
|    fps             | 164      |
|    time_elapsed    | 28139    |
|    total_timesteps | 4641997  |
| train/             |          |
|    actor_loss      | -3.56    |
|    critic_loss     | 3.84     |
|    ent_coef        | 0.0125   |
|    ent_coef_loss   | -2.21    |
|    learning_rate   | 0.0003   |
|    n_updates       | 4640996  |
---------------------------------
---------------------------------
| rollout/           |          |
|    ep_len_mean     | 1.74e+03 |
|    ep_rew_mean     | 497      |
| time/              |          |
|    episodes        | 2820     |
|    fps             | 164      |
|    time_elapsed    | 28182    |
|    total_timesteps | 4649233  |
| train/             |          |
|    actor_loss      | -8.93    |
|    critic_loss     | 9.23     |
|    ent_coef        | 0.0128   |
|    ent_coef_loss   | -0.19    |
|    learning_rate   | 0.0003   |
|    n_updates       | 4648232  |
---------------------------------
---------------------------------
| rollout/           |          |
|    ep_len_mean     | 1.74e+03 |
|    ep_rew_mean     | 518      |
| time/              |          |
|    episodes        | 2824     |
|    fps             | 164      |
|    time_elapsed    | 28226    |
|    total_timesteps | 4656774  |
| train/             |          |
|    actor_loss      | -16.4    |
|    critic_loss     | 32       |
|    ent_coef        | 0.0132   |
|    ent_coef_loss   | -0.988   |
|    learning_rate   | 0.0003   |
|    n_updates       | 4655773  |
---------------------------------
---------------------------------
| rollout/           |          |
|    ep_len_mean     | 1.74e+03 |
|    ep_rew_mean     | 525      |
| time/              |          |
|    episodes        | 2828     |
|    fps             | 164      |
|    time_elapsed    | 28271    |
|    total_timesteps | 4664377  |
| train/             |          |
|    actor_loss      | -10.8    |
|    critic_loss     | 6.52     |
|    ent_coef        | 0.013    |
|    ent_coef_loss   | 0.625    |
|    learning_rate   | 0.0003   |
|    n_updates       | 4663376  |
---------------------------------
---------------------------------
| rollout/           |          |
|    ep_len_mean     | 1.77e+03 |
|    ep_rew_mean     | 536      |
| time/              |          |
|    episodes        | 2832     |
|    fps             | 164      |
|    time_elapsed    | 28309    |
|    total_timesteps | 4670892  |
| train/             |          |
|    actor_loss      | -27      |
|    critic_loss     | 3.98     |
|    ent_coef        | 0.0129   |
|    ent_coef_loss   | -4.11    |
|    learning_rate   | 0.0003   |
|    n_updates       | 4669891  |
---------------------------------
---------------------------------
| rollout/           |          |
|    ep_len_mean     | 1.77e+03 |
|    ep_rew_mean     | 526      |
| time/              |          |
|    episodes        | 2836     |
|    fps             | 165      |
|    time_elapsed    | 28351    |
|    total_timesteps | 4678098  |
| train/             |          |
|    actor_loss      | -23.2    |
|    critic_loss     | 2.68     |
|    ent_coef        | 0.0133   |
|    ent_coef_loss   | -1.27    |
|    learning_rate   | 0.0003   |
|    n_updates       | 4677097  |
---------------------------------
---------------------------------
| rollout/           |          |
|    ep_len_mean     | 1.76e+03 |
|    ep_rew_mean     | 537      |
| time/              |          |
|    episodes        | 2840     |
|    fps             | 165      |
|    time_elapsed    | 28393    |
|    total_timesteps | 4685142  |
| train/             |          |
|    actor_loss      | -8.94    |
|    critic_loss     | 2.96     |
|    ent_coef        | 0.0141   |
|    ent_coef_loss   | -1.89    |
|    learning_rate   | 0.0003   |
|    n_updates       | 4684141  |
---------------------------------
---------------------------------
| rollout/           |          |
|    ep_len_mean     | 1.77e+03 |
|    ep_rew_mean     | 542      |
| time/              |          |
|    episodes        | 2844     |
|    fps             | 165      |
|    time_elapsed    | 28436    |
|    total_timesteps | 4692487  |
| train/             |          |
|    actor_loss      | -9.73    |
|    critic_loss     | 4.31     |
|    ent_coef        | 0.0133   |
|    ent_coef_loss   | 2.72     |
|    learning_rate   | 0.0003   |
|    n_updates       | 4691486  |
---------------------------------
---------------------------------
| rollout/           |          |
|    ep_len_mean     | 1.79e+03 |
|    ep_rew_mean     | 526      |
| time/              |          |
|    episodes        | 2848     |
|    fps             | 165      |
|    time_elapsed    | 28480    |
|    total_timesteps | 4699951  |
| train/             |          |
|    actor_loss      | -20.6    |
|    critic_loss     | 5        |
|    ent_coef        | 0.0144   |
|    ent_coef_loss   | -1.22    |
|    learning_rate   | 0.0003   |
|    n_updates       | 4698950  |
---------------------------------
---------------------------------
| rollout/           |          |
|    ep_len_mean     | 1.77e+03 |
|    ep_rew_mean     | 558      |
| time/              |          |
|    episodes        | 2852     |
|    fps             | 165      |
|    time_elapsed    | 28506    |
|    total_timesteps | 4704389  |
| train/             |          |
|    actor_loss      | -12.7    |
|    critic_loss     | 4.44     |
|    ent_coef        | 0.0134   |
|    ent_coef_loss   | -0.511   |
|    learning_rate   | 0.0003   |
|    n_updates       | 4703388  |
---------------------------------
---------------------------------
| rollout/           |          |
|    ep_len_mean     | 1.77e+03 |
|    ep_rew_mean     | 542      |
| time/              |          |
|    episodes        | 2856     |
|    fps             | 165      |
|    time_elapsed    | 28549    |
|    total_timesteps | 4711686  |
| train/             |          |
|    actor_loss      | -6.22    |
|    critic_loss     | 10.7     |
|    ent_coef        | 0.0131   |
|    ent_coef_loss   | 0.333    |
|    learning_rate   | 0.0003   |
|    n_updates       | 4710685  |
---------------------------------
---------------------------------
| rollout/           |          |
|    ep_len_mean     | 1.79e+03 |
|    ep_rew_mean     | 549      |
| time/              |          |
|    episodes        | 2860     |
|    fps             | 165      |
|    time_elapsed    | 28593    |
|    total_timesteps | 4719132  |
| train/             |          |
|    actor_loss      | 1.11     |
|    critic_loss     | 4.5      |
|    ent_coef        | 0.0134   |
|    ent_coef_loss   | -2.11    |
|    learning_rate   | 0.0003   |
|    n_updates       | 4718131  |
---------------------------------
---------------------------------
| rollout/           |          |
|    ep_len_mean     | 1.79e+03 |
|    ep_rew_mean     | 573      |
| time/              |          |
|    episodes        | 2864     |
|    fps             | 165      |
|    time_elapsed    | 28637    |
|    total_timesteps | 4726551  |
| train/             |          |
|    actor_loss      | -10.1    |
|    critic_loss     | 5.02     |
|    ent_coef        | 0.0132   |
|    ent_coef_loss   | 0.256    |
|    learning_rate   | 0.0003   |
|    n_updates       | 4725550  |
---------------------------------
---------------------------------
| rollout/           |          |
|    ep_len_mean     | 1.79e+03 |
|    ep_rew_mean     | 578      |
| time/              |          |
|    episodes        | 2868     |
|    fps             | 165      |
|    time_elapsed    | 28680    |
|    total_timesteps | 4733984  |
| train/             |          |
|    actor_loss      | -3.13    |
|    critic_loss     | 4.66     |
|    ent_coef        | 0.013    |
|    ent_coef_loss   | 1.93     |
|    learning_rate   | 0.0003   |
|    n_updates       | 4732983  |
---------------------------------
---------------------------------
| rollout/           |          |
|    ep_len_mean     | 1.79e+03 |
|    ep_rew_mean     | 552      |
| time/              |          |
|    episodes        | 2872     |
|    fps             | 165      |
|    time_elapsed    | 28725    |
|    total_timesteps | 4741552  |
| train/             |          |
|    actor_loss      | 13.1     |
|    critic_loss     | 8.82     |
|    ent_coef        | 0.013    |
|    ent_coef_loss   | 2.13     |
|    learning_rate   | 0.0003   |
|    n_updates       | 4740551  |
---------------------------------
---------------------------------
| rollout/           |          |
|    ep_len_mean     | 1.78e+03 |
|    ep_rew_mean     | 579      |
| time/              |          |
|    episodes        | 2876     |
|    fps             | 165      |
|    time_elapsed    | 28762    |
|    total_timesteps | 4747919  |
| train/             |          |
|    actor_loss      | -5.11    |
|    critic_loss     | 7.2      |
|    ent_coef        | 0.0131   |
|    ent_coef_loss   | 1.62     |
|    learning_rate   | 0.0003   |
|    n_updates       | 4746918  |
---------------------------------
---------------------------------
| rollout/           |          |
|    ep_len_mean     | 1.78e+03 |
|    ep_rew_mean     | 583      |
| time/              |          |
|    episodes        | 2880     |
|    fps             | 165      |
|    time_elapsed    | 28809    |
|    total_timesteps | 4755404  |
| train/             |          |
|    actor_loss      | -7.22    |
|    critic_loss     | 8.34     |
|    ent_coef        | 0.0127   |
|    ent_coef_loss   | 2.05     |
|    learning_rate   | 0.0003   |
|    n_updates       | 4754403  |
---------------------------------
---------------------------------
| rollout/           |          |
|    ep_len_mean     | 1.79e+03 |
|    ep_rew_mean     | 584      |
| time/              |          |
|    episodes        | 2884     |
|    fps             | 165      |
|    time_elapsed    | 28853    |
|    total_timesteps | 4762894  |
| train/             |          |
|    actor_loss      | -5.71    |
|    critic_loss     | 7.13     |
|    ent_coef        | 0.0124   |
|    ent_coef_loss   | -0.284   |
|    learning_rate   | 0.0003   |
|    n_updates       | 4761893  |
---------------------------------
---------------------------------
| rollout/           |          |
|    ep_len_mean     | 1.79e+03 |
|    ep_rew_mean     | 585      |
| time/              |          |
|    episodes        | 2888     |
|    fps             | 165      |
|    time_elapsed    | 28894    |
|    total_timesteps | 4769869  |
| train/             |          |
|    actor_loss      | -21.6    |
|    critic_loss     | 5.71     |
|    ent_coef        | 0.0124   |
|    ent_coef_loss   | -1.95    |
|    learning_rate   | 0.0003   |
|    n_updates       | 4768868  |
---------------------------------
---------------------------------
| rollout/           |          |
|    ep_len_mean     | 1.79e+03 |
|    ep_rew_mean     | 568      |
| time/              |          |
|    episodes        | 2892     |
|    fps             | 165      |
|    time_elapsed    | 28936    |
|    total_timesteps | 4776877  |
| train/             |          |
|    actor_loss      | -19.8    |
|    critic_loss     | 440      |
|    ent_coef        | 0.0124   |
|    ent_coef_loss   | -2.05    |
|    learning_rate   | 0.0003   |
|    n_updates       | 4775876  |
---------------------------------
---------------------------------
| rollout/           |          |
|    ep_len_mean     | 1.79e+03 |
|    ep_rew_mean     | 581      |
| time/              |          |
|    episodes        | 2896     |
|    fps             | 165      |
|    time_elapsed    | 28978    |
|    total_timesteps | 4784003  |
| train/             |          |
|    actor_loss      | -9.13    |
|    critic_loss     | 8.81     |
|    ent_coef        | 0.0119   |
|    ent_coef_loss   | -0.0155  |
|    learning_rate   | 0.0003   |
|    n_updates       | 4783002  |
---------------------------------
---------------------------------
| rollout/           |          |
|    ep_len_mean     | 1.79e+03 |
|    ep_rew_mean     | 569      |
| time/              |          |
|    episodes        | 2900     |
|    fps             | 165      |
|    time_elapsed    | 29021    |
|    total_timesteps | 4791403  |
| train/             |          |
|    actor_loss      | -12.1    |
|    critic_loss     | 4.63     |
|    ent_coef        | 0.0116   |
|    ent_coef_loss   | -0.669   |
|    learning_rate   | 0.0003   |
|    n_updates       | 4790402  |
---------------------------------
---------------------------------
| rollout/           |          |
|    ep_len_mean     | 1.79e+03 |
|    ep_rew_mean     | 568      |
| time/              |          |
|    episodes        | 2904     |
|    fps             | 165      |
|    time_elapsed    | 29064    |
|    total_timesteps | 4798608  |
| train/             |          |
|    actor_loss      | -12.8    |
|    critic_loss     | 8.55     |
|    ent_coef        | 0.012    |
|    ent_coef_loss   | 2.81     |
|    learning_rate   | 0.0003   |
|    n_updates       | 4797607  |
---------------------------------
---------------------------------
| rollout/           |          |
|    ep_len_mean     | 1.79e+03 |
|    ep_rew_mean     | 562      |
| time/              |          |
|    episodes        | 2908     |
|    fps             | 165      |
|    time_elapsed    | 29106    |
|    total_timesteps | 4805802  |
| train/             |          |
|    actor_loss      | 1.34     |
|    critic_loss     | 17.3     |
|    ent_coef        | 0.0121   |
|    ent_coef_loss   | 0.696    |
|    learning_rate   | 0.0003   |
|    n_updates       | 4804801  |
---------------------------------
---------------------------------
| rollout/           |          |
|    ep_len_mean     | 1.8e+03  |
|    ep_rew_mean     | 569      |
| time/              |          |
|    episodes        | 2912     |
|    fps             | 165      |
|    time_elapsed    | 29153    |
|    total_timesteps | 4813802  |
| train/             |          |
|    actor_loss      | -13.3    |
|    critic_loss     | 27.4     |
|    ent_coef        | 0.0124   |
|    ent_coef_loss   | -1.1     |
|    learning_rate   | 0.0003   |
|    n_updates       | 4812801  |
---------------------------------
---------------------------------
| rollout/           |          |
|    ep_len_mean     | 1.79e+03 |
|    ep_rew_mean     | 558      |
| time/              |          |
|    episodes        | 2916     |
|    fps             | 165      |
|    time_elapsed    | 29197    |
|    total_timesteps | 4821285  |
| train/             |          |
|    actor_loss      | -2.58    |
|    critic_loss     | 8.02     |
|    ent_coef        | 0.0121   |
|    ent_coef_loss   | 0.588    |
|    learning_rate   | 0.0003   |
|    n_updates       | 4820284  |
---------------------------------
---------------------------------
| rollout/           |          |
|    ep_len_mean     | 1.8e+03  |
|    ep_rew_mean     | 549      |
| time/              |          |
|    episodes        | 2920     |
|    fps             | 165      |
|    time_elapsed    | 29242    |
|    total_timesteps | 4828890  |
| train/             |          |
|    actor_loss      | -0.262   |
|    critic_loss     | 11.7     |
|    ent_coef        | 0.0123   |
|    ent_coef_loss   | -3.41    |
|    learning_rate   | 0.0003   |
|    n_updates       | 4827889  |
---------------------------------
---------------------------------
| rollout/           |          |
|    ep_len_mean     | 1.78e+03 |
|    ep_rew_mean     | 531      |
| time/              |          |
|    episodes        | 2924     |
|    fps             | 165      |
|    time_elapsed    | 29278    |
|    total_timesteps | 4835116  |
| train/             |          |
|    actor_loss      | -7.32    |
|    critic_loss     | 3.31     |
|    ent_coef        | 0.0118   |
|    ent_coef_loss   | 1.06     |
|    learning_rate   | 0.0003   |
|    n_updates       | 4834115  |
---------------------------------
---------------------------------
| rollout/           |          |
|    ep_len_mean     | 1.78e+03 |
|    ep_rew_mean     | 521      |
| time/              |          |
|    episodes        | 2928     |
|    fps             | 165      |
|    time_elapsed    | 29321    |
|    total_timesteps | 4842323  |
| train/             |          |
|    actor_loss      | -27.1    |
|    critic_loss     | 1.89     |
|    ent_coef        | 0.0112   |
|    ent_coef_loss   | -2.33    |
|    learning_rate   | 0.0003   |
|    n_updates       | 4841322  |
---------------------------------
---------------------------------
| rollout/           |          |
|    ep_len_mean     | 1.77e+03 |
|    ep_rew_mean     | 506      |
| time/              |          |
|    episodes        | 2932     |
|    fps             | 165      |
|    time_elapsed    | 29355    |
|    total_timesteps | 4848109  |
| train/             |          |
|    actor_loss      | -16.7    |
|    critic_loss     | 12.4     |
|    ent_coef        | 0.0117   |
|    ent_coef_loss   | 0.413    |
|    learning_rate   | 0.0003   |
|    n_updates       | 4847108  |
---------------------------------
---------------------------------
| rollout/           |          |
|    ep_len_mean     | 1.76e+03 |
|    ep_rew_mean     | 512      |
| time/              |          |
|    episodes        | 2936     |
|    fps             | 165      |
|    time_elapsed    | 29387    |
|    total_timesteps | 4853640  |
| train/             |          |
|    actor_loss      | -5.2     |
|    critic_loss     | 4.76     |
|    ent_coef        | 0.0121   |
|    ent_coef_loss   | 0.396    |
|    learning_rate   | 0.0003   |
|    n_updates       | 4852639  |
---------------------------------
---------------------------------
| rollout/           |          |
|    ep_len_mean     | 1.75e+03 |
|    ep_rew_mean     | 497      |
| time/              |          |
|    episodes        | 2940     |
|    fps             | 165      |
|    time_elapsed    | 29427    |
|    total_timesteps | 4860372  |
| train/             |          |
|    actor_loss      | -3.74    |
|    critic_loss     | 8.67     |
|    ent_coef        | 0.0119   |
|    ent_coef_loss   | 0.149    |
|    learning_rate   | 0.0003   |
|    n_updates       | 4859371  |
---------------------------------
---------------------------------
| rollout/           |          |
|    ep_len_mean     | 1.75e+03 |
|    ep_rew_mean     | 492      |
| time/              |          |
|    episodes        | 2944     |
|    fps             | 165      |
|    time_elapsed    | 29467    |
|    total_timesteps | 4867267  |
| train/             |          |
|    actor_loss      | -23.7    |
|    critic_loss     | 3.6      |
|    ent_coef        | 0.0117   |
|    ent_coef_loss   | 0.521    |
|    learning_rate   | 0.0003   |
|    n_updates       | 4866266  |
---------------------------------
---------------------------------
| rollout/           |          |
|    ep_len_mean     | 1.74e+03 |
|    ep_rew_mean     | 514      |
| time/              |          |
|    episodes        | 2948     |
|    fps             | 165      |
|    time_elapsed    | 29508    |
|    total_timesteps | 4874185  |
| train/             |          |
|    actor_loss      | 9.43     |
|    critic_loss     | 37.3     |
|    ent_coef        | 0.0117   |
|    ent_coef_loss   | -0.122   |
|    learning_rate   | 0.0003   |
|    n_updates       | 4873184  |
---------------------------------
---------------------------------
| rollout/           |          |
|    ep_len_mean     | 1.73e+03 |
|    ep_rew_mean     | 485      |
| time/              |          |
|    episodes        | 2952     |
|    fps             | 165      |
|    time_elapsed    | 29530    |
|    total_timesteps | 4877850  |
| train/             |          |
|    actor_loss      | -13.9    |
|    critic_loss     | 65.9     |
|    ent_coef        | 0.0118   |
|    ent_coef_loss   | 4.92     |
|    learning_rate   | 0.0003   |
|    n_updates       | 4876849  |
---------------------------------
---------------------------------
| rollout/           |          |
|    ep_len_mean     | 1.73e+03 |
|    ep_rew_mean     | 492      |
| time/              |          |
|    episodes        | 2956     |
|    fps             | 165      |
|    time_elapsed    | 29570    |
|    total_timesteps | 4884793  |
| train/             |          |
|    actor_loss      | -4.3     |
|    critic_loss     | 4.99     |
|    ent_coef        | 0.0121   |
|    ent_coef_loss   | -2.47    |
|    learning_rate   | 0.0003   |
|    n_updates       | 4883792  |
---------------------------------
---------------------------------
| rollout/           |          |
|    ep_len_mean     | 1.73e+03 |
|    ep_rew_mean     | 477      |
| time/              |          |
|    episodes        | 2960     |
|    fps             | 165      |
|    time_elapsed    | 29613    |
|    total_timesteps | 4892012  |
| train/             |          |
|    actor_loss      | -20.2    |
|    critic_loss     | 3.1      |
|    ent_coef        | 0.0119   |
|    ent_coef_loss   | 0.858    |
|    learning_rate   | 0.0003   |
|    n_updates       | 4891011  |
---------------------------------
---------------------------------
| rollout/           |          |
|    ep_len_mean     | 1.72e+03 |
|    ep_rew_mean     | 471      |
| time/              |          |
|    episodes        | 2964     |
|    fps             | 165      |
|    time_elapsed    | 29652    |
|    total_timesteps | 4898662  |
| train/             |          |
|    actor_loss      | -15      |
|    critic_loss     | 3.63     |
|    ent_coef        | 0.0125   |
|    ent_coef_loss   | -0.842   |
|    learning_rate   | 0.0003   |
|    n_updates       | 4897661  |
---------------------------------
---------------------------------
| rollout/           |          |
|    ep_len_mean     | 1.68e+03 |
|    ep_rew_mean     | 448      |
| time/              |          |
|    episodes        | 2968     |
|    fps             | 165      |
|    time_elapsed    | 29671    |
|    total_timesteps | 4901934  |
| train/             |          |
|    actor_loss      | -8.7     |
|    critic_loss     | 10.7     |
|    ent_coef        | 0.0128   |
|    ent_coef_loss   | -0.71    |
|    learning_rate   | 0.0003   |
|    n_updates       | 4900933  |
---------------------------------
---------------------------------
| rollout/           |          |
|    ep_len_mean     | 1.63e+03 |
|    ep_rew_mean     | 454      |
| time/              |          |
|    episodes        | 2972     |
|    fps             | 165      |
|    time_elapsed    | 29687    |
|    total_timesteps | 4904569  |
| train/             |          |
|    actor_loss      | -0.562   |
|    critic_loss     | 21.5     |
|    ent_coef        | 0.0122   |
|    ent_coef_loss   | 0.657    |
|    learning_rate   | 0.0003   |
|    n_updates       | 4903568  |
---------------------------------
---------------------------------
| rollout/           |          |
|    ep_len_mean     | 1.63e+03 |
|    ep_rew_mean     | 435      |
| time/              |          |
|    episodes        | 2976     |
|    fps             | 165      |
|    time_elapsed    | 29724    |
|    total_timesteps | 4910901  |
| train/             |          |
|    actor_loss      | -16.7    |
|    critic_loss     | 11.3     |
|    ent_coef        | 0.0138   |
|    ent_coef_loss   | 1.65     |
|    learning_rate   | 0.0003   |
|    n_updates       | 4909900  |
---------------------------------
---------------------------------
| rollout/           |          |
|    ep_len_mean     | 1.62e+03 |
|    ep_rew_mean     | 439      |
| time/              |          |
|    episodes        | 2980     |
|    fps             | 165      |
|    time_elapsed    | 29761    |
|    total_timesteps | 4917252  |
| train/             |          |
|    actor_loss      | -15.3    |
|    critic_loss     | 11.7     |
|    ent_coef        | 0.0142   |
|    ent_coef_loss   | -0.179   |
|    learning_rate   | 0.0003   |
|    n_updates       | 4916251  |
---------------------------------
---------------------------------
| rollout/           |          |
|    ep_len_mean     | 1.62e+03 |
|    ep_rew_mean     | 430      |
| time/              |          |
|    episodes        | 2984     |
|    fps             | 165      |
|    time_elapsed    | 29804    |
|    total_timesteps | 4924596  |
| train/             |          |
|    actor_loss      | -9.29    |
|    critic_loss     | 6.15     |
|    ent_coef        | 0.0145   |
|    ent_coef_loss   | -0.221   |
|    learning_rate   | 0.0003   |
|    n_updates       | 4923595  |
---------------------------------
---------------------------------
| rollout/           |          |
|    ep_len_mean     | 1.62e+03 |
|    ep_rew_mean     | 437      |
| time/              |          |
|    episodes        | 2988     |
|    fps             | 165      |
|    time_elapsed    | 29847    |
|    total_timesteps | 4931824  |
| train/             |          |
|    actor_loss      | -9.9     |
|    critic_loss     | 6.39     |
|    ent_coef        | 0.0141   |
|    ent_coef_loss   | -0.0418  |
|    learning_rate   | 0.0003   |
|    n_updates       | 4930823  |
---------------------------------
---------------------------------
| rollout/           |          |
|    ep_len_mean     | 1.62e+03 |
|    ep_rew_mean     | 435      |
| time/              |          |
|    episodes        | 2992     |
|    fps             | 165      |
|    time_elapsed    | 29889    |
|    total_timesteps | 4939077  |
| train/             |          |
|    actor_loss      | -3.22    |
|    critic_loss     | 872      |
|    ent_coef        | 0.0141   |
|    ent_coef_loss   | 2.39     |
|    learning_rate   | 0.0003   |
|    n_updates       | 4938076  |
---------------------------------
---------------------------------
| rollout/           |          |
|    ep_len_mean     | 1.62e+03 |
|    ep_rew_mean     | 426      |
| time/              |          |
|    episodes        | 2996     |
|    fps             | 165      |
|    time_elapsed    | 29932    |
|    total_timesteps | 4946299  |
| train/             |          |
|    actor_loss      | -3.47    |
|    critic_loss     | 5.02     |
|    ent_coef        | 0.0137   |
|    ent_coef_loss   | -0.33    |
|    learning_rate   | 0.0003   |
|    n_updates       | 4945298  |
---------------------------------
---------------------------------
| rollout/           |          |
|    ep_len_mean     | 1.62e+03 |
|    ep_rew_mean     | 447      |
| time/              |          |
|    episodes        | 3000     |
|    fps             | 165      |
|    time_elapsed    | 29972    |
|    total_timesteps | 4953070  |
| train/             |          |
|    actor_loss      | -6.26    |
|    critic_loss     | 17.5     |
|    ent_coef        | 0.0138   |
|    ent_coef_loss   | 1.85     |
|    learning_rate   | 0.0003   |
|    n_updates       | 4952069  |
---------------------------------
---------------------------------
| rollout/           |          |
|    ep_len_mean     | 1.57e+03 |
|    ep_rew_mean     | 423      |
| time/              |          |
|    episodes        | 3004     |
|    fps             | 165      |
|    time_elapsed    | 29987    |
|    total_timesteps | 4955761  |
| train/             |          |
|    actor_loss      | -3.34    |
|    critic_loss     | 4.5      |
|    ent_coef        | 0.0141   |
|    ent_coef_loss   | -0.896   |
|    learning_rate   | 0.0003   |
|    n_updates       | 4954760  |
---------------------------------
---------------------------------
| rollout/           |          |
|    ep_len_mean     | 1.58e+03 |
|    ep_rew_mean     | 419      |
| time/              |          |
|    episodes        | 3008     |
|    fps             | 165      |
|    time_elapsed    | 30032    |
|    total_timesteps | 4963339  |
| train/             |          |
|    actor_loss      | 5.27     |
|    critic_loss     | 4.72     |
|    ent_coef        | 0.0142   |
|    ent_coef_loss   | -0.243   |
|    learning_rate   | 0.0003   |
|    n_updates       | 4962338  |
---------------------------------
---------------------------------
| rollout/           |          |
|    ep_len_mean     | 1.55e+03 |
|    ep_rew_mean     | 417      |
| time/              |          |
|    episodes        | 3012     |
|    fps             | 165      |
|    time_elapsed    | 30066    |
|    total_timesteps | 4969142  |
| train/             |          |
|    actor_loss      | -20.9    |
|    critic_loss     | 4.89     |
|    ent_coef        | 0.0145   |
|    ent_coef_loss   | -1.2     |
|    learning_rate   | 0.0003   |
|    n_updates       | 4968141  |
---------------------------------
---------------------------------
| rollout/           |          |
|    ep_len_mean     | 1.55e+03 |
|    ep_rew_mean     | 419      |
| time/              |          |
|    episodes        | 3016     |
|    fps             | 165      |
|    time_elapsed    | 30109    |
|    total_timesteps | 4976430  |
| train/             |          |
|    actor_loss      | -2.59    |
|    critic_loss     | 9.39     |
|    ent_coef        | 0.0152   |
|    ent_coef_loss   | 0.105    |
|    learning_rate   | 0.0003   |
|    n_updates       | 4975429  |
---------------------------------
---------------------------------
| rollout/           |          |
|    ep_len_mean     | 1.55e+03 |
|    ep_rew_mean     | 422      |
| time/              |          |
|    episodes        | 3020     |
|    fps             | 165      |
|    time_elapsed    | 30152    |
|    total_timesteps | 4983788  |
| train/             |          |
|    actor_loss      | -1.5     |
|    critic_loss     | 8.95     |
|    ent_coef        | 0.0149   |
|    ent_coef_loss   | 0.788    |
|    learning_rate   | 0.0003   |
|    n_updates       | 4982787  |
---------------------------------
---------------------------------
| rollout/           |          |
|    ep_len_mean     | 1.56e+03 |
|    ep_rew_mean     | 424      |
| time/              |          |
|    episodes        | 3024     |
|    fps             | 165      |
|    time_elapsed    | 30194    |
|    total_timesteps | 4990903  |
| train/             |          |
|    actor_loss      | 19.8     |
|    critic_loss     | 11       |
|    ent_coef        | 0.0153   |
|    ent_coef_loss   | 1.4      |
|    learning_rate   | 0.0003   |
|    n_updates       | 4989902  |
---------------------------------
---------------------------------
| rollout/           |          |
|    ep_len_mean     | 1.56e+03 |
|    ep_rew_mean     | 428      |
| time/              |          |
|    episodes        | 3028     |
|    fps             | 165      |
|    time_elapsed    | 30237    |
|    total_timesteps | 4998224  |
| train/             |          |
|    actor_loss      | -2.01    |
|    critic_loss     | 4.58     |
|    ent_coef        | 0.015    |
|    ent_coef_loss   | 1.05     |
|    learning_rate   | 0.0003   |
|    n_updates       | 4997223  |
---------------------------------
---------------------------------
| rollout/           |          |
|    ep_len_mean     | 1.57e+03 |
|    ep_rew_mean     | 432      |
| time/              |          |
|    episodes        | 3032     |
|    fps             | 165      |
|    time_elapsed    | 30279    |
|    total_timesteps | 5005266  |
| train/             |          |
|    actor_loss      | -11.7    |
|    critic_loss     | 4.76     |
|    ent_coef        | 0.0149   |
|    ent_coef_loss   | 0.775    |
|    learning_rate   | 0.0003   |
|    n_updates       | 5004265  |
---------------------------------
---------------------------------
| rollout/           |          |
|    ep_len_mean     | 1.59e+03 |
|    ep_rew_mean     | 434      |
| time/              |          |
|    episodes        | 3036     |
|    fps             | 165      |
|    time_elapsed    | 30322    |
|    total_timesteps | 5012561  |
| train/             |          |
|    actor_loss      | -15.6    |
|    critic_loss     | 5.82     |
|    ent_coef        | 0.0145   |
|    ent_coef_loss   | 0.116    |
|    learning_rate   | 0.0003   |
|    n_updates       | 5011560  |
---------------------------------
---------------------------------
| rollout/           |          |
|    ep_len_mean     | 1.59e+03 |
|    ep_rew_mean     | 433      |
| time/              |          |
|    episodes        | 3040     |
|    fps             | 165      |
|    time_elapsed    | 30365    |
|    total_timesteps | 5019834  |
| train/             |          |
|    actor_loss      | -8.74    |
|    critic_loss     | 6.16     |
|    ent_coef        | 0.0147   |
|    ent_coef_loss   | -2.76    |
|    learning_rate   | 0.0003   |
|    n_updates       | 5018833  |
---------------------------------
---------------------------------
| rollout/           |          |
|    ep_len_mean     | 1.6e+03  |
|    ep_rew_mean     | 436      |
| time/              |          |
|    episodes        | 3044     |
|    fps             | 165      |
|    time_elapsed    | 30408    |
|    total_timesteps | 5027302  |
| train/             |          |
|    actor_loss      | -3.66    |
|    critic_loss     | 5.22     |
|    ent_coef        | 0.0151   |
|    ent_coef_loss   | -0.275   |
|    learning_rate   | 0.0003   |
|    n_updates       | 5026301  |
---------------------------------
---------------------------------
| rollout/           |          |
|    ep_len_mean     | 1.6e+03  |
|    ep_rew_mean     | 436      |
| time/              |          |
|    episodes        | 3048     |
|    fps             | 165      |
|    time_elapsed    | 30449    |
|    total_timesteps | 5034140  |
| train/             |          |
|    actor_loss      | -19.3    |
|    critic_loss     | 8.03     |
|    ent_coef        | 0.0148   |
|    ent_coef_loss   | -0.533   |
|    learning_rate   | 0.0003   |
|    n_updates       | 5033139  |
---------------------------------
---------------------------------
| rollout/           |          |
|    ep_len_mean     | 1.64e+03 |
|    ep_rew_mean     | 457      |
| time/              |          |
|    episodes        | 3052     |
|    fps             | 165      |
|    time_elapsed    | 30493    |
|    total_timesteps | 5041670  |
| train/             |          |
|    actor_loss      | 0.744    |
|    critic_loss     | 53.6     |
|    ent_coef        | 0.015    |
|    ent_coef_loss   | 1.57     |
|    learning_rate   | 0.0003   |
|    n_updates       | 5040669  |
---------------------------------
---------------------------------
| rollout/           |          |
|    ep_len_mean     | 1.64e+03 |
|    ep_rew_mean     | 440      |
| time/              |          |
|    episodes        | 3056     |
|    fps             | 165      |
|    time_elapsed    | 30536    |
|    total_timesteps | 5048972  |
| train/             |          |
|    actor_loss      | 11.5     |
|    critic_loss     | 11.7     |
|    ent_coef        | 0.0148   |
|    ent_coef_loss   | 1.94     |
|    learning_rate   | 0.0003   |
|    n_updates       | 5047971  |
---------------------------------
---------------------------------
| rollout/           |          |
|    ep_len_mean     | 1.64e+03 |
|    ep_rew_mean     | 459      |
| time/              |          |
|    episodes        | 3060     |
|    fps             | 165      |
|    time_elapsed    | 30580    |
|    total_timesteps | 5056490  |
| train/             |          |
|    actor_loss      | -3.87    |
|    critic_loss     | 22.4     |
|    ent_coef        | 0.0145   |
|    ent_coef_loss   | -0.374   |
|    learning_rate   | 0.0003   |
|    n_updates       | 5055489  |
---------------------------------
---------------------------------
| rollout/           |          |
|    ep_len_mean     | 1.65e+03 |
|    ep_rew_mean     | 452      |
| time/              |          |
|    episodes        | 3064     |
|    fps             | 165      |
|    time_elapsed    | 30623    |
|    total_timesteps | 5063868  |
| train/             |          |
|    actor_loss      | -10.1    |
|    critic_loss     | 10.8     |
|    ent_coef        | 0.0149   |
|    ent_coef_loss   | -1.21    |
|    learning_rate   | 0.0003   |
|    n_updates       | 5062867  |
---------------------------------
---------------------------------
| rollout/           |          |
|    ep_len_mean     | 1.7e+03  |
|    ep_rew_mean     | 477      |
| time/              |          |
|    episodes        | 3068     |
|    fps             | 165      |
|    time_elapsed    | 30668    |
|    total_timesteps | 5071479  |
| train/             |          |
|    actor_loss      | -13.9    |
|    critic_loss     | 5.49     |
|    ent_coef        | 0.0146   |
|    ent_coef_loss   | 0.718    |
|    learning_rate   | 0.0003   |
|    n_updates       | 5070478  |
---------------------------------
---------------------------------
| rollout/           |          |
|    ep_len_mean     | 1.74e+03 |
|    ep_rew_mean     | 490      |
| time/              |          |
|    episodes        | 3072     |
|    fps             | 165      |
|    time_elapsed    | 30712    |
|    total_timesteps | 5078941  |
| train/             |          |
|    actor_loss      | -20.6    |
|    critic_loss     | 4.29     |
|    ent_coef        | 0.0147   |
|    ent_coef_loss   | -0.971   |
|    learning_rate   | 0.0003   |
|    n_updates       | 5077940  |
---------------------------------
---------------------------------
| rollout/           |          |
|    ep_len_mean     | 1.76e+03 |
|    ep_rew_mean     | 493      |
| time/              |          |
|    episodes        | 3076     |
|    fps             | 165      |
|    time_elapsed    | 30756    |
|    total_timesteps | 5086482  |
| train/             |          |
|    actor_loss      | -19.9    |
|    critic_loss     | 5.19     |
|    ent_coef        | 0.0149   |
|    ent_coef_loss   | -0.923   |
|    learning_rate   | 0.0003   |
|    n_updates       | 5085481  |
---------------------------------
---------------------------------
| rollout/           |          |
|    ep_len_mean     | 1.77e+03 |
|    ep_rew_mean     | 477      |
| time/              |          |
|    episodes        | 3080     |
|    fps             | 165      |
|    time_elapsed    | 30799    |
|    total_timesteps | 5093830  |
| train/             |          |
|    actor_loss      | -18.4    |
|    critic_loss     | 14.5     |
|    ent_coef        | 0.0148   |
|    ent_coef_loss   | -1.09    |
|    learning_rate   | 0.0003   |
|    n_updates       | 5092829  |
---------------------------------
---------------------------------
| rollout/           |          |
|    ep_len_mean     | 1.77e+03 |
|    ep_rew_mean     | 487      |
| time/              |          |
|    episodes        | 3084     |
|    fps             | 165      |
|    time_elapsed    | 30844    |
|    total_timesteps | 5101441  |
| train/             |          |
|    actor_loss      | -17      |
|    critic_loss     | 4.22     |
|    ent_coef        | 0.0143   |
|    ent_coef_loss   | 0.949    |
|    learning_rate   | 0.0003   |
|    n_updates       | 5100440  |
---------------------------------
---------------------------------
| rollout/           |          |
|    ep_len_mean     | 1.77e+03 |
|    ep_rew_mean     | 484      |
| time/              |          |
|    episodes        | 3088     |
|    fps             | 165      |
|    time_elapsed    | 30886    |
|    total_timesteps | 5108652  |
| train/             |          |
|    actor_loss      | -23.7    |
|    critic_loss     | 10.4     |
|    ent_coef        | 0.0144   |
|    ent_coef_loss   | 3.89     |
|    learning_rate   | 0.0003   |
|    n_updates       | 5107651  |
---------------------------------
---------------------------------
| rollout/           |          |
|    ep_len_mean     | 1.77e+03 |
|    ep_rew_mean     | 487      |
| time/              |          |
|    episodes        | 3092     |
|    fps             | 165      |
|    time_elapsed    | 30930    |
|    total_timesteps | 5116041  |
| train/             |          |
|    actor_loss      | 0.178    |
|    critic_loss     | 28.6     |
|    ent_coef        | 0.0146   |
|    ent_coef_loss   | 1.03     |
|    learning_rate   | 0.0003   |
|    n_updates       | 5115040  |
---------------------------------
---------------------------------
| rollout/           |          |
|    ep_len_mean     | 1.77e+03 |
|    ep_rew_mean     | 490      |
| time/              |          |
|    episodes        | 3096     |
|    fps             | 165      |
|    time_elapsed    | 30973    |
|    total_timesteps | 5123426  |
| train/             |          |
|    actor_loss      | -9.82    |
|    critic_loss     | 99.2     |
|    ent_coef        | 0.015    |
|    ent_coef_loss   | 0.34     |
|    learning_rate   | 0.0003   |
|    n_updates       | 5122425  |
---------------------------------
---------------------------------
| rollout/           |          |
|    ep_len_mean     | 1.78e+03 |
|    ep_rew_mean     | 490      |
| time/              |          |
|    episodes        | 3100     |
|    fps             | 165      |
|    time_elapsed    | 31016    |
|    total_timesteps | 5130714  |
| train/             |          |
|    actor_loss      | -20.7    |
|    critic_loss     | 4.21     |
|    ent_coef        | 0.0142   |
|    ent_coef_loss   | 0.888    |
|    learning_rate   | 0.0003   |
|    n_updates       | 5129713  |
---------------------------------
---------------------------------
| rollout/           |          |
|    ep_len_mean     | 1.82e+03 |
|    ep_rew_mean     | 518      |
| time/              |          |
|    episodes        | 3104     |
|    fps             | 165      |
|    time_elapsed    | 31059    |
|    total_timesteps | 5138044  |
| train/             |          |
|    actor_loss      | -20.6    |
|    critic_loss     | 234      |
|    ent_coef        | 0.0146   |
|    ent_coef_loss   | 0.0258   |
|    learning_rate   | 0.0003   |
|    n_updates       | 5137043  |
---------------------------------
---------------------------------
| rollout/           |          |
|    ep_len_mean     | 1.82e+03 |
|    ep_rew_mean     | 521      |
| time/              |          |
|    episodes        | 3108     |
|    fps             | 165      |
|    time_elapsed    | 31104    |
|    total_timesteps | 5145623  |
| train/             |          |
|    actor_loss      | -16.6    |
|    critic_loss     | 21.9     |
|    ent_coef        | 0.0142   |
|    ent_coef_loss   | -0.513   |
|    learning_rate   | 0.0003   |
|    n_updates       | 5144622  |
---------------------------------
---------------------------------
| rollout/           |          |
|    ep_len_mean     | 1.84e+03 |
|    ep_rew_mean     | 515      |
| time/              |          |
|    episodes        | 3112     |
|    fps             | 165      |
|    time_elapsed    | 31147    |
|    total_timesteps | 5153051  |
| train/             |          |
|    actor_loss      | -18.7    |
|    critic_loss     | 14.2     |
|    ent_coef        | 0.0141   |
|    ent_coef_loss   | -0.981   |
|    learning_rate   | 0.0003   |
|    n_updates       | 5152050  |
---------------------------------
---------------------------------
| rollout/           |          |
|    ep_len_mean     | 1.84e+03 |
|    ep_rew_mean     | 519      |
| time/              |          |
|    episodes        | 3116     |
|    fps             | 165      |
|    time_elapsed    | 31192    |
|    total_timesteps | 5160580  |
| train/             |          |
|    actor_loss      | 6.83     |
|    critic_loss     | 6.66     |
|    ent_coef        | 0.0144   |
|    ent_coef_loss   | 1.52     |
|    learning_rate   | 0.0003   |
|    n_updates       | 5159579  |
---------------------------------
---------------------------------
| rollout/           |          |
|    ep_len_mean     | 1.84e+03 |
|    ep_rew_mean     | 517      |
| time/              |          |
|    episodes        | 3120     |
|    fps             | 165      |
|    time_elapsed    | 31232    |
|    total_timesteps | 5167524  |
| train/             |          |
|    actor_loss      | -7.06    |
|    critic_loss     | 10.7     |
|    ent_coef        | 0.0141   |
|    ent_coef_loss   | 2.33     |
|    learning_rate   | 0.0003   |
|    n_updates       | 5166523  |
---------------------------------
---------------------------------
| rollout/           |          |
|    ep_len_mean     | 1.84e+03 |
|    ep_rew_mean     | 516      |
| time/              |          |
|    episodes        | 3124     |
|    fps             | 165      |
|    time_elapsed    | 31273    |
|    total_timesteps | 5174511  |
| train/             |          |
|    actor_loss      | -15.4    |
|    critic_loss     | 5.62     |
|    ent_coef        | 0.0143   |
|    ent_coef_loss   | 1.3      |
|    learning_rate   | 0.0003   |
|    n_updates       | 5173510  |
---------------------------------
---------------------------------
| rollout/           |          |
|    ep_len_mean     | 1.83e+03 |
|    ep_rew_mean     | 524      |
| time/              |          |
|    episodes        | 3128     |
|    fps             | 165      |
|    time_elapsed    | 31329    |
|    total_timesteps | 5181601  |
| train/             |          |
|    actor_loss      | -20.3    |
|    critic_loss     | 3.74     |
|    ent_coef        | 0.0143   |
|    ent_coef_loss   | 3.49     |
|    learning_rate   | 0.0003   |
|    n_updates       | 5180600  |
---------------------------------
---------------------------------
| rollout/           |          |
|    ep_len_mean     | 1.83e+03 |
|    ep_rew_mean     | 522      |
| time/              |          |
|    episodes        | 3132     |
|    fps             | 165      |
|    time_elapsed    | 31371    |
|    total_timesteps | 5188730  |
| train/             |          |
|    actor_loss      | -4.62    |
|    critic_loss     | 4.44     |
|    ent_coef        | 0.0142   |
|    ent_coef_loss   | -0.405   |
|    learning_rate   | 0.0003   |
|    n_updates       | 5187729  |
---------------------------------
---------------------------------
| rollout/           |          |
|    ep_len_mean     | 1.84e+03 |
|    ep_rew_mean     | 513      |
| time/              |          |
|    episodes        | 3136     |
|    fps             | 165      |
|    time_elapsed    | 31414    |
|    total_timesteps | 5196076  |
| train/             |          |
|    actor_loss      | -13.5    |
|    critic_loss     | 8.85     |
|    ent_coef        | 0.0142   |
|    ent_coef_loss   | 0.979    |
|    learning_rate   | 0.0003   |
|    n_updates       | 5195075  |
---------------------------------
---------------------------------
| rollout/           |          |
|    ep_len_mean     | 1.83e+03 |
|    ep_rew_mean     | 522      |
| time/              |          |
|    episodes        | 3140     |
|    fps             | 165      |
|    time_elapsed    | 31456    |
|    total_timesteps | 5203183  |
| train/             |          |
|    actor_loss      | -3.54    |
|    critic_loss     | 15.4     |
|    ent_coef        | 0.0141   |
|    ent_coef_loss   | 0.188    |
|    learning_rate   | 0.0003   |
|    n_updates       | 5202182  |
---------------------------------
---------------------------------
| rollout/           |          |
|    ep_len_mean     | 1.83e+03 |
|    ep_rew_mean     | 515      |
| time/              |          |
|    episodes        | 3144     |
|    fps             | 165      |
|    time_elapsed    | 31498    |
|    total_timesteps | 5210316  |
| train/             |          |
|    actor_loss      | -7.77    |
|    critic_loss     | 14       |
|    ent_coef        | 0.0146   |
|    ent_coef_loss   | 2.39     |
|    learning_rate   | 0.0003   |
|    n_updates       | 5209315  |
---------------------------------
---------------------------------
| rollout/           |          |
|    ep_len_mean     | 1.82e+03 |
|    ep_rew_mean     | 506      |
| time/              |          |
|    episodes        | 3148     |
|    fps             | 165      |
|    time_elapsed    | 31532    |
|    total_timesteps | 5215990  |
| train/             |          |
|    actor_loss      | -16.4    |
|    critic_loss     | 5.38     |
|    ent_coef        | 0.0147   |
|    ent_coef_loss   | -0.236   |
|    learning_rate   | 0.0003   |
|    n_updates       | 5214989  |
---------------------------------
---------------------------------
| rollout/           |          |
|    ep_len_mean     | 1.8e+03  |
|    ep_rew_mean     | 502      |
| time/              |          |
|    episodes        | 3152     |
|    fps             | 165      |
|    time_elapsed    | 31563    |
|    total_timesteps | 5221247  |
| train/             |          |
|    actor_loss      | -12.5    |
|    critic_loss     | 5.55     |
|    ent_coef        | 0.0159   |
|    ent_coef_loss   | -0.111   |
|    learning_rate   | 0.0003   |
|    n_updates       | 5220246  |
---------------------------------
---------------------------------
| rollout/           |          |
|    ep_len_mean     | 1.8e+03  |
|    ep_rew_mean     | 503      |
| time/              |          |
|    episodes        | 3156     |
|    fps             | 165      |
|    time_elapsed    | 31607    |
|    total_timesteps | 5228730  |
| train/             |          |
|    actor_loss      | -16      |
|    critic_loss     | 19.5     |
|    ent_coef        | 0.0156   |
|    ent_coef_loss   | 2.46     |
|    learning_rate   | 0.0003   |
|    n_updates       | 5227729  |
---------------------------------
---------------------------------
| rollout/           |          |
|    ep_len_mean     | 1.8e+03  |
|    ep_rew_mean     | 498      |
| time/              |          |
|    episodes        | 3160     |
|    fps             | 165      |
|    time_elapsed    | 31652    |
|    total_timesteps | 5236303  |
| train/             |          |
|    actor_loss      | -10.1    |
|    critic_loss     | 4.04     |
|    ent_coef        | 0.016    |
|    ent_coef_loss   | 0.276    |
|    learning_rate   | 0.0003   |
|    n_updates       | 5235302  |
---------------------------------
---------------------------------
| rollout/           |          |
|    ep_len_mean     | 1.8e+03  |
|    ep_rew_mean     | 498      |
| time/              |          |
|    episodes        | 3164     |
|    fps             | 165      |
|    time_elapsed    | 31695    |
|    total_timesteps | 5243674  |
| train/             |          |
|    actor_loss      | -9.91    |
|    critic_loss     | 11.4     |
|    ent_coef        | 0.0164   |
|    ent_coef_loss   | 1.87     |
|    learning_rate   | 0.0003   |
|    n_updates       | 5242673  |
---------------------------------
---------------------------------
| rollout/           |          |
|    ep_len_mean     | 1.8e+03  |
|    ep_rew_mean     | 502      |
| time/              |          |
|    episodes        | 3168     |
|    fps             | 165      |
|    time_elapsed    | 31741    |
|    total_timesteps | 5251392  |
| train/             |          |
|    actor_loss      | -0.247   |
|    critic_loss     | 42.9     |
|    ent_coef        | 0.0167   |
|    ent_coef_loss   | 0.344    |
|    learning_rate   | 0.0003   |
|    n_updates       | 5250391  |
---------------------------------
---------------------------------
| rollout/           |          |
|    ep_len_mean     | 1.8e+03  |
|    ep_rew_mean     | 509      |
| time/              |          |
|    episodes        | 3172     |
|    fps             | 165      |
|    time_elapsed    | 31784    |
|    total_timesteps | 5258645  |
| train/             |          |
|    actor_loss      | 2.11     |
|    critic_loss     | 98.5     |
|    ent_coef        | 0.0158   |
|    ent_coef_loss   | 0.66     |
|    learning_rate   | 0.0003   |
|    n_updates       | 5257644  |
---------------------------------
---------------------------------
| rollout/           |          |
|    ep_len_mean     | 1.79e+03 |
|    ep_rew_mean     | 497      |
| time/              |          |
|    episodes        | 3176     |
|    fps             | 165      |
|    time_elapsed    | 31827    |
|    total_timesteps | 5265935  |
| train/             |          |
|    actor_loss      | -16.6    |
|    critic_loss     | 5.22     |
|    ent_coef        | 0.0158   |
|    ent_coef_loss   | -2.18    |
|    learning_rate   | 0.0003   |
|    n_updates       | 5264934  |
---------------------------------
---------------------------------
| rollout/           |          |
|    ep_len_mean     | 1.8e+03  |
|    ep_rew_mean     | 512      |
| time/              |          |
|    episodes        | 3180     |
|    fps             | 165      |
|    time_elapsed    | 31872    |
|    total_timesteps | 5273471  |
| train/             |          |
|    actor_loss      | 6.99     |
|    critic_loss     | 16.1     |
|    ent_coef        | 0.0163   |
|    ent_coef_loss   | 3.07     |
|    learning_rate   | 0.0003   |
|    n_updates       | 5272470  |
---------------------------------
---------------------------------
| rollout/           |          |
|    ep_len_mean     | 1.79e+03 |
|    ep_rew_mean     | 507      |
| time/              |          |
|    episodes        | 3184     |
|    fps             | 165      |
|    time_elapsed    | 31915    |
|    total_timesteps | 5280804  |
| train/             |          |
|    actor_loss      | -7.71    |
|    critic_loss     | 6.98     |
|    ent_coef        | 0.0153   |
|    ent_coef_loss   | -0.191   |
|    learning_rate   | 0.0003   |
|    n_updates       | 5279803  |
---------------------------------
---------------------------------
| rollout/           |          |
|    ep_len_mean     | 1.79e+03 |
|    ep_rew_mean     | 504      |
| time/              |          |
|    episodes        | 3188     |
|    fps             | 165      |
|    time_elapsed    | 31955    |
|    total_timesteps | 5287478  |
| train/             |          |
|    actor_loss      | -0.995   |
|    critic_loss     | 15.5     |
|    ent_coef        | 0.0156   |
|    ent_coef_loss   | 2.67     |
|    learning_rate   | 0.0003   |
|    n_updates       | 5286477  |
---------------------------------
---------------------------------
| rollout/           |          |
|    ep_len_mean     | 1.79e+03 |
|    ep_rew_mean     | 515      |
| time/              |          |
|    episodes        | 3192     |
|    fps             | 165      |
|    time_elapsed    | 31997    |
|    total_timesteps | 5294738  |
| train/             |          |
|    actor_loss      | -5.18    |
|    critic_loss     | 6.96     |
|    ent_coef        | 0.0161   |
|    ent_coef_loss   | -0.67    |
|    learning_rate   | 0.0003   |
|    n_updates       | 5293737  |
---------------------------------
---------------------------------
| rollout/           |          |
|    ep_len_mean     | 1.79e+03 |
|    ep_rew_mean     | 517      |
| time/              |          |
|    episodes        | 3196     |
|    fps             | 165      |
|    time_elapsed    | 32043    |
|    total_timesteps | 5302428  |
| train/             |          |
|    actor_loss      | -9.43    |
|    critic_loss     | 10.8     |
|    ent_coef        | 0.0157   |
|    ent_coef_loss   | -1.3     |
|    learning_rate   | 0.0003   |
|    n_updates       | 5301427  |
---------------------------------
---------------------------------
| rollout/           |          |
|    ep_len_mean     | 1.79e+03 |
|    ep_rew_mean     | 515      |
| time/              |          |
|    episodes        | 3200     |
|    fps             | 165      |
|    time_elapsed    | 32083    |
|    total_timesteps | 5309243  |
| train/             |          |
|    actor_loss      | -7.29    |
|    critic_loss     | 3.65     |
|    ent_coef        | 0.0158   |
|    ent_coef_loss   | -1.68    |
|    learning_rate   | 0.0003   |
|    n_updates       | 5308242  |
---------------------------------
---------------------------------
| rollout/           |          |
|    ep_len_mean     | 1.77e+03 |
|    ep_rew_mean     | 501      |
| time/              |          |
|    episodes        | 3204     |
|    fps             | 165      |
|    time_elapsed    | 32116    |
|    total_timesteps | 5314800  |
| train/             |          |
|    actor_loss      | -4.58    |
|    critic_loss     | 21.3     |
|    ent_coef        | 0.0157   |
|    ent_coef_loss   | 0.196    |
|    learning_rate   | 0.0003   |
|    n_updates       | 5313799  |
---------------------------------
---------------------------------
| rollout/           |          |
|    ep_len_mean     | 1.76e+03 |
|    ep_rew_mean     | 508      |
| time/              |          |
|    episodes        | 3208     |
|    fps             | 165      |
|    time_elapsed    | 32158    |
|    total_timesteps | 5321917  |
| train/             |          |
|    actor_loss      | 10.9     |
|    critic_loss     | 250      |
|    ent_coef        | 0.0148   |
|    ent_coef_loss   | 1.34     |
|    learning_rate   | 0.0003   |
|    n_updates       | 5320916  |
---------------------------------
---------------------------------
| rollout/           |          |
|    ep_len_mean     | 1.76e+03 |
|    ep_rew_mean     | 514      |
| time/              |          |
|    episodes        | 3212     |
|    fps             | 165      |
|    time_elapsed    | 32201    |
|    total_timesteps | 5329259  |
| train/             |          |
|    actor_loss      | 1.1      |
|    critic_loss     | 269      |
|    ent_coef        | 0.0159   |
|    ent_coef_loss   | -0.994   |
|    learning_rate   | 0.0003   |
|    n_updates       | 5328258  |
---------------------------------
---------------------------------
| rollout/           |          |
|    ep_len_mean     | 1.74e+03 |
|    ep_rew_mean     | 493      |
| time/              |          |
|    episodes        | 3216     |
|    fps             | 165      |
|    time_elapsed    | 32233    |
|    total_timesteps | 5334593  |
| train/             |          |
|    actor_loss      | -6.97    |
|    critic_loss     | 11.3     |
|    ent_coef        | 0.0162   |
|    ent_coef_loss   | -2.99    |
|    learning_rate   | 0.0003   |
|    n_updates       | 5333592  |
---------------------------------
---------------------------------
| rollout/           |          |
|    ep_len_mean     | 1.75e+03 |
|    ep_rew_mean     | 502      |
| time/              |          |
|    episodes        | 3220     |
|    fps             | 165      |
|    time_elapsed    | 32278    |
|    total_timesteps | 5342253  |
| train/             |          |
|    actor_loss      | -5.01    |
|    critic_loss     | 13.6     |
|    ent_coef        | 0.0158   |
|    ent_coef_loss   | -0.475   |
|    learning_rate   | 0.0003   |
|    n_updates       | 5341252  |
---------------------------------
---------------------------------
| rollout/           |          |
|    ep_len_mean     | 1.74e+03 |
|    ep_rew_mean     | 499      |
| time/              |          |
|    episodes        | 3224     |
|    fps             | 165      |
|    time_elapsed    | 32313    |
|    total_timesteps | 5348086  |
| train/             |          |
|    actor_loss      | -17.1    |
|    critic_loss     | 5.66     |
|    ent_coef        | 0.016    |
|    ent_coef_loss   | -1.36    |
|    learning_rate   | 0.0003   |
|    n_updates       | 5347085  |
---------------------------------
---------------------------------
| rollout/           |          |
|    ep_len_mean     | 1.73e+03 |
|    ep_rew_mean     | 500      |
| time/              |          |
|    episodes        | 3228     |
|    fps             | 165      |
|    time_elapsed    | 32350    |
|    total_timesteps | 5354409  |
| train/             |          |
|    actor_loss      | 0.894    |
|    critic_loss     | 12.6     |
|    ent_coef        | 0.0154   |
|    ent_coef_loss   | 1.06     |
|    learning_rate   | 0.0003   |
|    n_updates       | 5353408  |
---------------------------------
---------------------------------
| rollout/           |          |
|    ep_len_mean     | 1.73e+03 |
|    ep_rew_mean     | 513      |
| time/              |          |
|    episodes        | 3232     |
|    fps             | 165      |
|    time_elapsed    | 32394    |
|    total_timesteps | 5361783  |
| train/             |          |
|    actor_loss      | 7.41     |
|    critic_loss     | 16.2     |
|    ent_coef        | 0.015    |
|    ent_coef_loss   | 1.86     |
|    learning_rate   | 0.0003   |
|    n_updates       | 5360782  |
---------------------------------
---------------------------------
| rollout/           |          |
|    ep_len_mean     | 1.73e+03 |
|    ep_rew_mean     | 520      |
| time/              |          |
|    episodes        | 3236     |
|    fps             | 165      |
|    time_elapsed    | 32438    |
|    total_timesteps | 5369223  |
| train/             |          |
|    actor_loss      | -11.5    |
|    critic_loss     | 16.9     |
|    ent_coef        | 0.0149   |
|    ent_coef_loss   | -2.88    |
|    learning_rate   | 0.0003   |
|    n_updates       | 5368222  |
---------------------------------
---------------------------------
| rollout/           |          |
|    ep_len_mean     | 1.71e+03 |
|    ep_rew_mean     | 516      |
| time/              |          |
|    episodes        | 3240     |
|    fps             | 165      |
|    time_elapsed    | 32470    |
|    total_timesteps | 5374664  |
| train/             |          |
|    actor_loss      | -21.2    |
|    critic_loss     | 12.7     |
|    ent_coef        | 0.015    |
|    ent_coef_loss   | -1.98    |
|    learning_rate   | 0.0003   |
|    n_updates       | 5373663  |
---------------------------------
---------------------------------
| rollout/           |          |
|    ep_len_mean     | 1.71e+03 |
|    ep_rew_mean     | 520      |
| time/              |          |
|    episodes        | 3244     |
|    fps             | 165      |
|    time_elapsed    | 32510    |
|    total_timesteps | 5381468  |
| train/             |          |
|    actor_loss      | -3.02    |
|    critic_loss     | 8.4      |
|    ent_coef        | 0.0153   |
|    ent_coef_loss   | -1.86    |
|    learning_rate   | 0.0003   |
|    n_updates       | 5380467  |
---------------------------------
---------------------------------
| rollout/           |          |
|    ep_len_mean     | 1.72e+03 |
|    ep_rew_mean     | 522      |
| time/              |          |
|    episodes        | 3248     |
|    fps             | 165      |
|    time_elapsed    | 32548    |
|    total_timesteps | 5387908  |
| train/             |          |
|    actor_loss      | -12      |
|    critic_loss     | 13.1     |
|    ent_coef        | 0.015    |
|    ent_coef_loss   | -0.923   |
|    learning_rate   | 0.0003   |
|    n_updates       | 5386907  |
---------------------------------
---------------------------------
| rollout/           |          |
|    ep_len_mean     | 1.74e+03 |
|    ep_rew_mean     | 523      |
| time/              |          |
|    episodes        | 3252     |
|    fps             | 165      |
|    time_elapsed    | 32593    |
|    total_timesteps | 5395455  |
| train/             |          |
|    actor_loss      | -5.38    |
|    critic_loss     | 20.3     |
|    ent_coef        | 0.0154   |
|    ent_coef_loss   | -1.81    |
|    learning_rate   | 0.0003   |
|    n_updates       | 5394454  |
---------------------------------
---------------------------------
| rollout/           |          |
|    ep_len_mean     | 1.74e+03 |
|    ep_rew_mean     | 529      |
| time/              |          |
|    episodes        | 3256     |
|    fps             | 165      |
|    time_elapsed    | 32636    |
|    total_timesteps | 5402844  |
| train/             |          |
|    actor_loss      | 1.41     |
|    critic_loss     | 5.3      |
|    ent_coef        | 0.0159   |
|    ent_coef_loss   | 3.1      |
|    learning_rate   | 0.0003   |
|    n_updates       | 5401843  |
---------------------------------
---------------------------------
| rollout/           |          |
|    ep_len_mean     | 1.74e+03 |
|    ep_rew_mean     | 533      |
| time/              |          |
|    episodes        | 3260     |
|    fps             | 165      |
|    time_elapsed    | 32679    |
|    total_timesteps | 5410151  |
| train/             |          |
|    actor_loss      | -9.7     |
|    critic_loss     | 18.1     |
|    ent_coef        | 0.0153   |
|    ent_coef_loss   | 0.485    |
|    learning_rate   | 0.0003   |
|    n_updates       | 5409150  |
---------------------------------
---------------------------------
| rollout/           |          |
|    ep_len_mean     | 1.73e+03 |
|    ep_rew_mean     | 522      |
| time/              |          |
|    episodes        | 3264     |
|    fps             | 165      |
|    time_elapsed    | 32715    |
|    total_timesteps | 5416186  |
| train/             |          |
|    actor_loss      | -7.14    |
|    critic_loss     | 12.2     |
|    ent_coef        | 0.0149   |
|    ent_coef_loss   | 0.17     |
|    learning_rate   | 0.0003   |
|    n_updates       | 5415185  |
---------------------------------
---------------------------------
| rollout/           |          |
|    ep_len_mean     | 1.72e+03 |
|    ep_rew_mean     | 528      |
| time/              |          |
|    episodes        | 3268     |
|    fps             | 165      |
|    time_elapsed    | 32759    |
|    total_timesteps | 5423624  |
| train/             |          |
|    actor_loss      | -15.3    |
|    critic_loss     | 13.4     |
|    ent_coef        | 0.0156   |
|    ent_coef_loss   | 1.96     |
|    learning_rate   | 0.0003   |
|    n_updates       | 5422623  |
---------------------------------
---------------------------------
| rollout/           |          |
|    ep_len_mean     | 1.73e+03 |
|    ep_rew_mean     | 520      |
| time/              |          |
|    episodes        | 3272     |
|    fps             | 165      |
|    time_elapsed    | 32804    |
|    total_timesteps | 5431151  |
| train/             |          |
|    actor_loss      | -1.88    |
|    critic_loss     | 9.47     |
|    ent_coef        | 0.0157   |
|    ent_coef_loss   | -0.972   |
|    learning_rate   | 0.0003   |
|    n_updates       | 5430150  |
---------------------------------
---------------------------------
| rollout/           |          |
|    ep_len_mean     | 1.72e+03 |
|    ep_rew_mean     | 517      |
| time/              |          |
|    episodes        | 3276     |
|    fps             | 165      |
|    time_elapsed    | 32845    |
|    total_timesteps | 5438159  |
| train/             |          |
|    actor_loss      | -3.83    |
|    critic_loss     | 41.2     |
|    ent_coef        | 0.0153   |
|    ent_coef_loss   | 0.0229   |
|    learning_rate   | 0.0003   |
|    n_updates       | 5437158  |
---------------------------------
---------------------------------
| rollout/           |          |
|    ep_len_mean     | 1.72e+03 |
|    ep_rew_mean     | 512      |
| time/              |          |
|    episodes        | 3280     |
|    fps             | 165      |
|    time_elapsed    | 32887    |
|    total_timesteps | 5445354  |
| train/             |          |
|    actor_loss      | 5.08     |
|    critic_loss     | 5.12     |
|    ent_coef        | 0.0154   |
|    ent_coef_loss   | 0.0178   |
|    learning_rate   | 0.0003   |
|    n_updates       | 5444353  |
---------------------------------
---------------------------------
| rollout/           |          |
|    ep_len_mean     | 1.72e+03 |
|    ep_rew_mean     | 517      |
| time/              |          |
|    episodes        | 3284     |
|    fps             | 165      |
|    time_elapsed    | 32930    |
|    total_timesteps | 5452591  |
| train/             |          |
|    actor_loss      | -2.24    |
|    critic_loss     | 10.1     |
|    ent_coef        | 0.0152   |
|    ent_coef_loss   | 0.214    |
|    learning_rate   | 0.0003   |
|    n_updates       | 5451590  |
---------------------------------
---------------------------------
| rollout/           |          |
|    ep_len_mean     | 1.73e+03 |
|    ep_rew_mean     | 515      |
| time/              |          |
|    episodes        | 3288     |
|    fps             | 165      |
|    time_elapsed    | 32975    |
|    total_timesteps | 5460154  |
| train/             |          |
|    actor_loss      | -20.2    |
|    critic_loss     | 9.62     |
|    ent_coef        | 0.0153   |
|    ent_coef_loss   | -2.23    |
|    learning_rate   | 0.0003   |
|    n_updates       | 5459153  |
---------------------------------
---------------------------------
| rollout/           |          |
|    ep_len_mean     | 1.73e+03 |
|    ep_rew_mean     | 509      |
| time/              |          |
|    episodes        | 3292     |
|    fps             | 165      |
|    time_elapsed    | 33020    |
|    total_timesteps | 5467756  |
| train/             |          |
|    actor_loss      | -3.26    |
|    critic_loss     | 4.28     |
|    ent_coef        | 0.014    |
|    ent_coef_loss   | 2.71     |
|    learning_rate   | 0.0003   |
|    n_updates       | 5466755  |
---------------------------------
---------------------------------
| rollout/           |          |
|    ep_len_mean     | 1.73e+03 |
|    ep_rew_mean     | 506      |
| time/              |          |
|    episodes        | 3296     |
|    fps             | 165      |
|    time_elapsed    | 33064    |
|    total_timesteps | 5475194  |
| train/             |          |
|    actor_loss      | -10.6    |
|    critic_loss     | 697      |
|    ent_coef        | 0.0146   |
|    ent_coef_loss   | -0.357   |
|    learning_rate   | 0.0003   |
|    n_updates       | 5474193  |
---------------------------------
---------------------------------
| rollout/           |          |
|    ep_len_mean     | 1.74e+03 |
|    ep_rew_mean     | 499      |
| time/              |          |
|    episodes        | 3300     |
|    fps             | 165      |
|    time_elapsed    | 33109    |
|    total_timesteps | 5482910  |
| train/             |          |
|    actor_loss      | -13.6    |
|    critic_loss     | 12.3     |
|    ent_coef        | 0.0144   |
|    ent_coef_loss   | 0.512    |
|    learning_rate   | 0.0003   |
|    n_updates       | 5481909  |
---------------------------------
---------------------------------
| rollout/           |          |
|    ep_len_mean     | 1.75e+03 |
|    ep_rew_mean     | 505      |
| time/              |          |
|    episodes        | 3304     |
|    fps             | 165      |
|    time_elapsed    | 33152    |
|    total_timesteps | 5490220  |
| train/             |          |
|    actor_loss      | -2.29    |
|    critic_loss     | 15       |
|    ent_coef        | 0.0147   |
|    ent_coef_loss   | -1.34    |
|    learning_rate   | 0.0003   |
|    n_updates       | 5489219  |
---------------------------------
---------------------------------
| rollout/           |          |
|    ep_len_mean     | 1.76e+03 |
|    ep_rew_mean     | 493      |
| time/              |          |
|    episodes        | 3308     |
|    fps             | 165      |
|    time_elapsed    | 33195    |
|    total_timesteps | 5497677  |
| train/             |          |
|    actor_loss      | -8.03    |
|    critic_loss     | 12.6     |
|    ent_coef        | 0.0135   |
|    ent_coef_loss   | -1       |
|    learning_rate   | 0.0003   |
|    n_updates       | 5496676  |
---------------------------------
---------------------------------
| rollout/           |          |
|    ep_len_mean     | 1.76e+03 |
|    ep_rew_mean     | 499      |
| time/              |          |
|    episodes        | 3312     |
|    fps             | 165      |
|    time_elapsed    | 33239    |
|    total_timesteps | 5505187  |
| train/             |          |
|    actor_loss      | -9.05    |
|    critic_loss     | 13.5     |
|    ent_coef        | 0.0147   |
|    ent_coef_loss   | -3.03    |
|    learning_rate   | 0.0003   |
|    n_updates       | 5504186  |
---------------------------------
---------------------------------
| rollout/           |          |
|    ep_len_mean     | 1.78e+03 |
|    ep_rew_mean     | 512      |
| time/              |          |
|    episodes        | 3316     |
|    fps             | 165      |
|    time_elapsed    | 33282    |
|    total_timesteps | 5512507  |
| train/             |          |
|    actor_loss      | -29.8    |
|    critic_loss     | 7        |
|    ent_coef        | 0.0141   |
|    ent_coef_loss   | -1.87    |
|    learning_rate   | 0.0003   |
|    n_updates       | 5511506  |
---------------------------------
---------------------------------
| rollout/           |          |
|    ep_len_mean     | 1.78e+03 |
|    ep_rew_mean     | 500      |
| time/              |          |
|    episodes        | 3320     |
|    fps             | 165      |
|    time_elapsed    | 33325    |
|    total_timesteps | 5519784  |
| train/             |          |
|    actor_loss      | -17      |
|    critic_loss     | 30.7     |
|    ent_coef        | 0.0136   |
|    ent_coef_loss   | -2.29    |
|    learning_rate   | 0.0003   |
|    n_updates       | 5518783  |
---------------------------------
---------------------------------
| rollout/           |          |
|    ep_len_mean     | 1.79e+03 |
|    ep_rew_mean     | 510      |
| time/              |          |
|    episodes        | 3324     |
|    fps             | 165      |
|    time_elapsed    | 33371    |
|    total_timesteps | 5527573  |
| train/             |          |
|    actor_loss      | -16.6    |
|    critic_loss     | 5.04     |
|    ent_coef        | 0.0135   |
|    ent_coef_loss   | -2.54    |
|    learning_rate   | 0.0003   |
|    n_updates       | 5526572  |
---------------------------------
---------------------------------
| rollout/           |          |
|    ep_len_mean     | 1.8e+03  |
|    ep_rew_mean     | 503      |
| time/              |          |
|    episodes        | 3328     |
|    fps             | 165      |
|    time_elapsed    | 33412    |
|    total_timesteps | 5534720  |
| train/             |          |
|    actor_loss      | -9.81    |
|    critic_loss     | 12.7     |
|    ent_coef        | 0.0135   |
|    ent_coef_loss   | 0.973    |
|    learning_rate   | 0.0003   |
|    n_updates       | 5533719  |
---------------------------------
---------------------------------
| rollout/           |          |
|    ep_len_mean     | 1.8e+03  |
|    ep_rew_mean     | 501      |
| time/              |          |
|    episodes        | 3332     |
|    fps             | 165      |
|    time_elapsed    | 33453    |
|    total_timesteps | 5541733  |
| train/             |          |
|    actor_loss      | -18.5    |
|    critic_loss     | 5.37     |
|    ent_coef        | 0.0137   |
|    ent_coef_loss   | -0.802   |
|    learning_rate   | 0.0003   |
|    n_updates       | 5540732  |
---------------------------------
---------------------------------
| rollout/           |          |
|    ep_len_mean     | 1.77e+03 |
|    ep_rew_mean     | 479      |
| time/              |          |
|    episodes        | 3336     |
|    fps             | 165      |
|    time_elapsed    | 33479    |
|    total_timesteps | 5546076  |
| train/             |          |
|    actor_loss      | 2.2      |
|    critic_loss     | 14.1     |
|    ent_coef        | 0.014    |
|    ent_coef_loss   | 1.43     |
|    learning_rate   | 0.0003   |
|    n_updates       | 5545075  |
---------------------------------
---------------------------------
| rollout/           |          |
|    ep_len_mean     | 1.78e+03 |
|    ep_rew_mean     | 481      |
| time/              |          |
|    episodes        | 3340     |
|    fps             | 165      |
|    time_elapsed    | 33520    |
|    total_timesteps | 5553077  |
| train/             |          |
|    actor_loss      | 3.75     |
|    critic_loss     | 6.31     |
|    ent_coef        | 0.0141   |
|    ent_coef_loss   | 0.988    |
|    learning_rate   | 0.0003   |
|    n_updates       | 5552076  |
---------------------------------
---------------------------------
| rollout/           |          |
|    ep_len_mean     | 1.76e+03 |
|    ep_rew_mean     | 472      |
| time/              |          |
|    episodes        | 3344     |
|    fps             | 165      |
|    time_elapsed    | 33546    |
|    total_timesteps | 5557515  |
| train/             |          |
|    actor_loss      | -5.32    |
|    critic_loss     | 19.7     |
|    ent_coef        | 0.0133   |
|    ent_coef_loss   | -0.874   |
|    learning_rate   | 0.0003   |
|    n_updates       | 5556514  |
---------------------------------
---------------------------------
| rollout/           |          |
|    ep_len_mean     | 1.77e+03 |
|    ep_rew_mean     | 477      |
| time/              |          |
|    episodes        | 3348     |
|    fps             | 165      |
|    time_elapsed    | 33590    |
|    total_timesteps | 5564976  |
| train/             |          |
|    actor_loss      | -10.2    |
|    critic_loss     | 4.53     |
|    ent_coef        | 0.014    |
|    ent_coef_loss   | 1.14     |
|    learning_rate   | 0.0003   |
|    n_updates       | 5563975  |
---------------------------------
---------------------------------
| rollout/           |          |
|    ep_len_mean     | 1.77e+03 |
|    ep_rew_mean     | 479      |
| time/              |          |
|    episodes        | 3352     |
|    fps             | 165      |
|    time_elapsed    | 33634    |
|    total_timesteps | 5572544  |
| train/             |          |
|    actor_loss      | -13.2    |
|    critic_loss     | 32       |
|    ent_coef        | 0.0145   |
|    ent_coef_loss   | -0.814   |
|    learning_rate   | 0.0003   |
|    n_updates       | 5571543  |
---------------------------------
---------------------------------
| rollout/           |          |
|    ep_len_mean     | 1.77e+03 |
|    ep_rew_mean     | 474      |
| time/              |          |
|    episodes        | 3356     |
|    fps             | 165      |
|    time_elapsed    | 33676    |
|    total_timesteps | 5579701  |
| train/             |          |
|    actor_loss      | -16.9    |
|    critic_loss     | 9.3      |
|    ent_coef        | 0.0143   |
|    ent_coef_loss   | -1.28    |
|    learning_rate   | 0.0003   |
|    n_updates       | 5578700  |
---------------------------------
---------------------------------
| rollout/           |          |
|    ep_len_mean     | 1.77e+03 |
|    ep_rew_mean     | 476      |
| time/              |          |
|    episodes        | 3360     |
|    fps             | 165      |
|    time_elapsed    | 33717    |
|    total_timesteps | 5586712  |
| train/             |          |
|    actor_loss      | -8.61    |
|    critic_loss     | 7.28     |
|    ent_coef        | 0.0145   |
|    ent_coef_loss   | 0.61     |
|    learning_rate   | 0.0003   |
|    n_updates       | 5585711  |
---------------------------------
---------------------------------
| rollout/           |          |
|    ep_len_mean     | 1.78e+03 |
|    ep_rew_mean     | 478      |
| time/              |          |
|    episodes        | 3364     |
|    fps             | 165      |
|    time_elapsed    | 33760    |
|    total_timesteps | 5594008  |
| train/             |          |
|    actor_loss      | 13.2     |
|    critic_loss     | 11.4     |
|    ent_coef        | 0.0143   |
|    ent_coef_loss   | 2.77     |
|    learning_rate   | 0.0003   |
|    n_updates       | 5593007  |
---------------------------------
---------------------------------
| rollout/           |          |
|    ep_len_mean     | 1.77e+03 |
|    ep_rew_mean     | 475      |
| time/              |          |
|    episodes        | 3368     |
|    fps             | 165      |
|    time_elapsed    | 33800    |
|    total_timesteps | 5600932  |
| train/             |          |
|    actor_loss      | -1.28    |
|    critic_loss     | 4.73     |
|    ent_coef        | 0.0147   |
|    ent_coef_loss   | -0.536   |
|    learning_rate   | 0.0003   |
|    n_updates       | 5599931  |
---------------------------------
---------------------------------
| rollout/           |          |
|    ep_len_mean     | 1.77e+03 |
|    ep_rew_mean     | 470      |
| time/              |          |
|    episodes        | 3372     |
|    fps             | 165      |
|    time_elapsed    | 33844    |
|    total_timesteps | 5608346  |
| train/             |          |
|    actor_loss      | -17.4    |
|    critic_loss     | 29.2     |
|    ent_coef        | 0.0141   |
|    ent_coef_loss   | -0.867   |
|    learning_rate   | 0.0003   |
|    n_updates       | 5607345  |
---------------------------------
---------------------------------
| rollout/           |          |
|    ep_len_mean     | 1.78e+03 |
|    ep_rew_mean     | 483      |
| time/              |          |
|    episodes        | 3376     |
|    fps             | 165      |
|    time_elapsed    | 33888    |
|    total_timesteps | 5615957  |
| train/             |          |
|    actor_loss      | 0.101    |
|    critic_loss     | 18.1     |
|    ent_coef        | 0.0151   |
|    ent_coef_loss   | -0.258   |
|    learning_rate   | 0.0003   |
|    n_updates       | 5614956  |
---------------------------------
---------------------------------
| rollout/           |          |
|    ep_len_mean     | 1.78e+03 |
|    ep_rew_mean     | 472      |
| time/              |          |
|    episodes        | 3380     |
|    fps             | 165      |
|    time_elapsed    | 33929    |
|    total_timesteps | 5622934  |
| train/             |          |
|    actor_loss      | -5.67    |
|    critic_loss     | 10.2     |
|    ent_coef        | 0.0144   |
|    ent_coef_loss   | -1.53    |
|    learning_rate   | 0.0003   |
|    n_updates       | 5621933  |
---------------------------------
---------------------------------
| rollout/           |          |
|    ep_len_mean     | 1.78e+03 |
|    ep_rew_mean     | 472      |
| time/              |          |
|    episodes        | 3384     |
|    fps             | 165      |
|    time_elapsed    | 33971    |
|    total_timesteps | 5630138  |
| train/             |          |
|    actor_loss      | -8.51    |
|    critic_loss     | 18.2     |
|    ent_coef        | 0.0149   |
|    ent_coef_loss   | -2.6     |
|    learning_rate   | 0.0003   |
|    n_updates       | 5629137  |
---------------------------------
---------------------------------
| rollout/           |          |
|    ep_len_mean     | 1.78e+03 |
|    ep_rew_mean     | 477      |
| time/              |          |
|    episodes        | 3388     |
|    fps             | 165      |
|    time_elapsed    | 34016    |
|    total_timesteps | 5637746  |
| train/             |          |
|    actor_loss      | 9.81     |
|    critic_loss     | 11.1     |
|    ent_coef        | 0.0151   |
|    ent_coef_loss   | 0.363    |
|    learning_rate   | 0.0003   |
|    n_updates       | 5636745  |
---------------------------------
---------------------------------
| rollout/           |          |
|    ep_len_mean     | 1.77e+03 |
|    ep_rew_mean     | 482      |
| time/              |          |
|    episodes        | 3392     |
|    fps             | 165      |
|    time_elapsed    | 34056    |
|    total_timesteps | 5644727  |
| train/             |          |
|    actor_loss      | 8.7      |
|    critic_loss     | 15.1     |
|    ent_coef        | 0.0146   |
|    ent_coef_loss   | 2.04     |
|    learning_rate   | 0.0003   |
|    n_updates       | 5643726  |
---------------------------------
---------------------------------
| rollout/           |          |
|    ep_len_mean     | 1.77e+03 |
|    ep_rew_mean     | 463      |
| time/              |          |
|    episodes        | 3396     |
|    fps             | 165      |
|    time_elapsed    | 34099    |
|    total_timesteps | 5652019  |
| train/             |          |
|    actor_loss      | -5.65    |
|    critic_loss     | 24.2     |
|    ent_coef        | 0.0149   |
|    ent_coef_loss   | 0.235    |
|    learning_rate   | 0.0003   |
|    n_updates       | 5651018  |
---------------------------------
---------------------------------
| rollout/           |          |
|    ep_len_mean     | 1.76e+03 |
|    ep_rew_mean     | 480      |
| time/              |          |
|    episodes        | 3400     |
|    fps             | 165      |
|    time_elapsed    | 34138    |
|    total_timesteps | 5658624  |
| train/             |          |
|    actor_loss      | 1.58     |
|    critic_loss     | 9.96     |
|    ent_coef        | 0.0152   |
|    ent_coef_loss   | -0.427   |
|    learning_rate   | 0.0003   |
|    n_updates       | 5657623  |
---------------------------------
---------------------------------
| rollout/           |          |
|    ep_len_mean     | 1.76e+03 |
|    ep_rew_mean     | 474      |
| time/              |          |
|    episodes        | 3404     |
|    fps             | 165      |
|    time_elapsed    | 34181    |
|    total_timesteps | 5665956  |
| train/             |          |
|    actor_loss      | 12.2     |
|    critic_loss     | 14.6     |
|    ent_coef        | 0.0156   |
|    ent_coef_loss   | 0.971    |
|    learning_rate   | 0.0003   |
|    n_updates       | 5664955  |
---------------------------------
---------------------------------
| rollout/           |          |
|    ep_len_mean     | 1.76e+03 |
|    ep_rew_mean     | 474      |
| time/              |          |
|    episodes        | 3408     |
|    fps             | 165      |
|    time_elapsed    | 34224    |
|    total_timesteps | 5673254  |
| train/             |          |
|    actor_loss      | -1.87    |
|    critic_loss     | 11.1     |
|    ent_coef        | 0.0153   |
|    ent_coef_loss   | -1.09    |
|    learning_rate   | 0.0003   |
|    n_updates       | 5672253  |
---------------------------------
---------------------------------
| rollout/           |          |
|    ep_len_mean     | 1.75e+03 |
|    ep_rew_mean     | 460      |
| time/              |          |
|    episodes        | 3412     |
|    fps             | 165      |
|    time_elapsed    | 34264    |
|    total_timesteps | 5680203  |
| train/             |          |
|    actor_loss      | 4.66     |
|    critic_loss     | 26       |
|    ent_coef        | 0.0158   |
|    ent_coef_loss   | 2.2      |
|    learning_rate   | 0.0003   |
|    n_updates       | 5679202  |
---------------------------------
---------------------------------
| rollout/           |          |
|    ep_len_mean     | 1.75e+03 |
|    ep_rew_mean     | 460      |
| time/              |          |
|    episodes        | 3416     |
|    fps             | 165      |
|    time_elapsed    | 34305    |
|    total_timesteps | 5687105  |
| train/             |          |
|    actor_loss      | 8.58     |
|    critic_loss     | 13.1     |
|    ent_coef        | 0.0162   |
|    ent_coef_loss   | -1.41    |
|    learning_rate   | 0.0003   |
|    n_updates       | 5686104  |
---------------------------------
---------------------------------
| rollout/           |          |
|    ep_len_mean     | 1.74e+03 |
|    ep_rew_mean     | 460      |
| time/              |          |
|    episodes        | 3420     |
|    fps             | 165      |
|    time_elapsed    | 34344    |
|    total_timesteps | 5693835  |
| train/             |          |
|    actor_loss      | 26       |
|    critic_loss     | 12.2     |
|    ent_coef        | 0.0167   |
|    ent_coef_loss   | -1.66    |
|    learning_rate   | 0.0003   |
|    n_updates       | 5692834  |
---------------------------------
---------------------------------
| rollout/           |          |
|    ep_len_mean     | 1.73e+03 |
|    ep_rew_mean     | 453      |
| time/              |          |
|    episodes        | 3424     |
|    fps             | 165      |
|    time_elapsed    | 34386    |
|    total_timesteps | 5700931  |
| train/             |          |
|    actor_loss      | 12.7     |
|    critic_loss     | 12.1     |
|    ent_coef        | 0.0159   |
|    ent_coef_loss   | 2.56     |
|    learning_rate   | 0.0003   |
|    n_updates       | 5699930  |
---------------------------------
---------------------------------
| rollout/           |          |
|    ep_len_mean     | 1.73e+03 |
|    ep_rew_mean     | 446      |
| time/              |          |
|    episodes        | 3428     |
|    fps             | 165      |
|    time_elapsed    | 34425    |
|    total_timesteps | 5707721  |
| train/             |          |
|    actor_loss      | 15       |
|    critic_loss     | 12.7     |
|    ent_coef        | 0.0157   |
|    ent_coef_loss   | -0.249   |
|    learning_rate   | 0.0003   |
|    n_updates       | 5706720  |
---------------------------------
---------------------------------
| rollout/           |          |
|    ep_len_mean     | 1.73e+03 |
|    ep_rew_mean     | 435      |
| time/              |          |
|    episodes        | 3432     |
|    fps             | 165      |
|    time_elapsed    | 34466    |
|    total_timesteps | 5714627  |
| train/             |          |
|    actor_loss      | 15.5     |
|    critic_loss     | 7.36     |
|    ent_coef        | 0.0164   |
|    ent_coef_loss   | -0.861   |
|    learning_rate   | 0.0003   |
|    n_updates       | 5713626  |
---------------------------------
---------------------------------
| rollout/           |          |
|    ep_len_mean     | 1.74e+03 |
|    ep_rew_mean     | 447      |
| time/              |          |
|    episodes        | 3436     |
|    fps             | 165      |
|    time_elapsed    | 34497    |
|    total_timesteps | 5719875  |
| train/             |          |
|    actor_loss      | 0.54     |
|    critic_loss     | 8.03     |
|    ent_coef        | 0.0159   |
|    ent_coef_loss   | -0.186   |
|    learning_rate   | 0.0003   |
|    n_updates       | 5718874  |
---------------------------------
---------------------------------
| rollout/           |          |
|    ep_len_mean     | 1.74e+03 |
|    ep_rew_mean     | 442      |
| time/              |          |
|    episodes        | 3440     |
|    fps             | 165      |
|    time_elapsed    | 34537    |
|    total_timesteps | 5726725  |
| train/             |          |
|    actor_loss      | 0.463    |
|    critic_loss     | 9.37     |
|    ent_coef        | 0.0155   |
|    ent_coef_loss   | -0.0853  |
|    learning_rate   | 0.0003   |
|    n_updates       | 5725724  |
---------------------------------
---------------------------------
| rollout/           |          |
|    ep_len_mean     | 1.76e+03 |
|    ep_rew_mean     | 443      |
| time/              |          |
|    episodes        | 3444     |
|    fps             | 165      |
|    time_elapsed    | 34577    |
|    total_timesteps | 5733621  |
| train/             |          |
|    actor_loss      | -14.2    |
|    critic_loss     | 4.82     |
|    ent_coef        | 0.0152   |
|    ent_coef_loss   | -1.92    |
|    learning_rate   | 0.0003   |
|    n_updates       | 5732620  |
---------------------------------
---------------------------------
| rollout/           |          |
|    ep_len_mean     | 1.74e+03 |
|    ep_rew_mean     | 437      |
| time/              |          |
|    episodes        | 3448     |
|    fps             | 165      |
|    time_elapsed    | 34609    |
|    total_timesteps | 5739005  |
| train/             |          |
|    actor_loss      | -12      |
|    critic_loss     | 5.94     |
|    ent_coef        | 0.0152   |
|    ent_coef_loss   | -2.36    |
|    learning_rate   | 0.0003   |
|    n_updates       | 5738004  |
---------------------------------
---------------------------------
| rollout/           |          |
|    ep_len_mean     | 1.72e+03 |
|    ep_rew_mean     | 418      |
| time/              |          |
|    episodes        | 3452     |
|    fps             | 165      |
|    time_elapsed    | 34640    |
|    total_timesteps | 5744407  |
| train/             |          |
|    actor_loss      | 16.8     |
|    critic_loss     | 12.6     |
|    ent_coef        | 0.0154   |
|    ent_coef_loss   | -0.135   |
|    learning_rate   | 0.0003   |
|    n_updates       | 5743406  |
---------------------------------
---------------------------------
| rollout/           |          |
|    ep_len_mean     | 1.72e+03 |
|    ep_rew_mean     | 416      |
| time/              |          |
|    episodes        | 3456     |
|    fps             | 165      |
|    time_elapsed    | 34681    |
|    total_timesteps | 5751331  |
| train/             |          |
|    actor_loss      | 7.68     |
|    critic_loss     | 15.2     |
|    ent_coef        | 0.0148   |
|    ent_coef_loss   | -0.574   |
|    learning_rate   | 0.0003   |
|    n_updates       | 5750330  |
---------------------------------
---------------------------------
| rollout/           |          |
|    ep_len_mean     | 1.71e+03 |
|    ep_rew_mean     | 406      |
| time/              |          |
|    episodes        | 3460     |
|    fps             | 165      |
|    time_elapsed    | 34717    |
|    total_timesteps | 5757435  |
| train/             |          |
|    actor_loss      | 6.93     |
|    critic_loss     | 11.5     |
|    ent_coef        | 0.0134   |
|    ent_coef_loss   | 1.31     |
|    learning_rate   | 0.0003   |
|    n_updates       | 5756434  |
---------------------------------
---------------------------------
| rollout/           |          |
|    ep_len_mean     | 1.71e+03 |
|    ep_rew_mean     | 422      |
| time/              |          |
|    episodes        | 3464     |
|    fps             | 165      |
|    time_elapsed    | 34760    |
|    total_timesteps | 5764901  |
| train/             |          |
|    actor_loss      | -8.57    |
|    critic_loss     | 196      |
|    ent_coef        | 0.0142   |
|    ent_coef_loss   | -1.25    |
|    learning_rate   | 0.0003   |
|    n_updates       | 5763900  |
---------------------------------
---------------------------------
| rollout/           |          |
|    ep_len_mean     | 1.71e+03 |
|    ep_rew_mean     | 406      |
| time/              |          |
|    episodes        | 3468     |
|    fps             | 165      |
|    time_elapsed    | 34803    |
|    total_timesteps | 5772124  |
| train/             |          |
|    actor_loss      | -8.95    |
|    critic_loss     | 12.5     |
|    ent_coef        | 0.0147   |
|    ent_coef_loss   | 0.617    |
|    learning_rate   | 0.0003   |
|    n_updates       | 5771123  |
---------------------------------
---------------------------------
| rollout/           |          |
|    ep_len_mean     | 1.71e+03 |
|    ep_rew_mean     | 402      |
| time/              |          |
|    episodes        | 3472     |
|    fps             | 165      |
|    time_elapsed    | 34843    |
|    total_timesteps | 5779010  |
| train/             |          |
|    actor_loss      | -6.27    |
|    critic_loss     | 16.7     |
|    ent_coef        | 0.0153   |
|    ent_coef_loss   | -1.1     |
|    learning_rate   | 0.0003   |
|    n_updates       | 5778009  |
---------------------------------
---------------------------------
| rollout/           |          |
|    ep_len_mean     | 1.7e+03  |
|    ep_rew_mean     | 395      |
| time/              |          |
|    episodes        | 3476     |
|    fps             | 165      |
|    time_elapsed    | 34885    |
|    total_timesteps | 5786235  |
| train/             |          |
|    actor_loss      | -3.02    |
|    critic_loss     | 12.7     |
|    ent_coef        | 0.0144   |
|    ent_coef_loss   | -0.893   |
|    learning_rate   | 0.0003   |
|    n_updates       | 5785234  |
---------------------------------
---------------------------------
| rollout/           |          |
|    ep_len_mean     | 1.7e+03  |
|    ep_rew_mean     | 403      |
| time/              |          |
|    episodes        | 3480     |
|    fps             | 165      |
|    time_elapsed    | 34926    |
|    total_timesteps | 5793214  |
| train/             |          |
|    actor_loss      | 11.6     |
|    critic_loss     | 19.9     |
|    ent_coef        | 0.0142   |
|    ent_coef_loss   | 3.82     |
|    learning_rate   | 0.0003   |
|    n_updates       | 5792213  |
---------------------------------
---------------------------------
| rollout/           |          |
|    ep_len_mean     | 1.7e+03  |
|    ep_rew_mean     | 398      |
| time/              |          |
|    episodes        | 3484     |
|    fps             | 165      |
|    time_elapsed    | 34967    |
|    total_timesteps | 5800159  |
| train/             |          |
|    actor_loss      | -9.3     |
|    critic_loss     | 8.63     |
|    ent_coef        | 0.0139   |
|    ent_coef_loss   | 0.164    |
|    learning_rate   | 0.0003   |
|    n_updates       | 5799158  |
---------------------------------
---------------------------------
| rollout/           |          |
|    ep_len_mean     | 1.69e+03 |
|    ep_rew_mean     | 390      |
| time/              |          |
|    episodes        | 3488     |
|    fps             | 165      |
|    time_elapsed    | 35008    |
|    total_timesteps | 5807159  |
| train/             |          |
|    actor_loss      | -10.8    |
|    critic_loss     | 7.46     |
|    ent_coef        | 0.014    |
|    ent_coef_loss   | -1.61    |
|    learning_rate   | 0.0003   |
|    n_updates       | 5806158  |
---------------------------------
---------------------------------
| rollout/           |          |
|    ep_len_mean     | 1.69e+03 |
|    ep_rew_mean     | 378      |
| time/              |          |
|    episodes        | 3492     |
|    fps             | 165      |
|    time_elapsed    | 35048    |
|    total_timesteps | 5813970  |
| train/             |          |
|    actor_loss      | 12.4     |
|    critic_loss     | 9        |
|    ent_coef        | 0.0133   |
|    ent_coef_loss   | 2.31     |
|    learning_rate   | 0.0003   |
|    n_updates       | 5812969  |
---------------------------------
---------------------------------
| rollout/           |          |
|    ep_len_mean     | 1.69e+03 |
|    ep_rew_mean     | 386      |
| time/              |          |
|    episodes        | 3496     |
|    fps             | 165      |
|    time_elapsed    | 35087    |
|    total_timesteps | 5820644  |
| train/             |          |
|    actor_loss      | -3.97    |
|    critic_loss     | 19.5     |
|    ent_coef        | 0.0136   |
|    ent_coef_loss   | -0.242   |
|    learning_rate   | 0.0003   |
|    n_updates       | 5819643  |
---------------------------------
---------------------------------
| rollout/           |          |
|    ep_len_mean     | 1.69e+03 |
|    ep_rew_mean     | 365      |
| time/              |          |
|    episodes        | 3500     |
|    fps             | 165      |
|    time_elapsed    | 35127    |
|    total_timesteps | 5827426  |
| train/             |          |
|    actor_loss      | -7.16    |
|    critic_loss     | 22.8     |
|    ent_coef        | 0.0145   |
|    ent_coef_loss   | 2.18     |
|    learning_rate   | 0.0003   |
|    n_updates       | 5826425  |
---------------------------------
---------------------------------
| rollout/           |          |
|    ep_len_mean     | 1.68e+03 |
|    ep_rew_mean     | 365      |
| time/              |          |
|    episodes        | 3504     |
|    fps             | 165      |
|    time_elapsed    | 35167    |
|    total_timesteps | 5834211  |
| train/             |          |
|    actor_loss      | 3.66     |
|    critic_loss     | 4.97     |
|    ent_coef        | 0.0137   |
|    ent_coef_loss   | -1.2     |
|    learning_rate   | 0.0003   |
|    n_updates       | 5833210  |
---------------------------------
---------------------------------
| rollout/           |          |
|    ep_len_mean     | 1.66e+03 |
|    ep_rew_mean     | 359      |
| time/              |          |
|    episodes        | 3508     |
|    fps             | 165      |
|    time_elapsed    | 35196    |
|    total_timesteps | 5839302  |
| train/             |          |
|    actor_loss      | -21.9    |
|    critic_loss     | 11.5     |
|    ent_coef        | 0.0135   |
|    ent_coef_loss   | 2.39     |
|    learning_rate   | 0.0003   |
|    n_updates       | 5838301  |
---------------------------------
---------------------------------
| rollout/           |          |
|    ep_len_mean     | 1.66e+03 |
|    ep_rew_mean     | 361      |
| time/              |          |
|    episodes        | 3512     |
|    fps             | 165      |
|    time_elapsed    | 35249    |
|    total_timesteps | 5845986  |
| train/             |          |
|    actor_loss      | 21       |
|    critic_loss     | 6.46     |
|    ent_coef        | 0.0138   |
|    ent_coef_loss   | 1.37     |
|    learning_rate   | 0.0003   |
|    n_updates       | 5844985  |
---------------------------------
---------------------------------
| rollout/           |          |
|    ep_len_mean     | 1.66e+03 |
|    ep_rew_mean     | 354      |
| time/              |          |
|    episodes        | 3516     |
|    fps             | 165      |
|    time_elapsed    | 35292    |
|    total_timesteps | 5853182  |
| train/             |          |
|    actor_loss      | -4.51    |
|    critic_loss     | 8.35     |
|    ent_coef        | 0.0136   |
|    ent_coef_loss   | 0.132    |
|    learning_rate   | 0.0003   |
|    n_updates       | 5852181  |
---------------------------------
---------------------------------
| rollout/           |          |
|    ep_len_mean     | 1.67e+03 |
|    ep_rew_mean     | 365      |
| time/              |          |
|    episodes        | 3520     |
|    fps             | 165      |
|    time_elapsed    | 35334    |
|    total_timesteps | 5860481  |
| train/             |          |
|    actor_loss      | -1.12    |
|    critic_loss     | 20.9     |
|    ent_coef        | 0.0121   |
|    ent_coef_loss   | -0.892   |
|    learning_rate   | 0.0003   |
|    n_updates       | 5859480  |
---------------------------------
---------------------------------
| rollout/           |          |
|    ep_len_mean     | 1.67e+03 |
|    ep_rew_mean     | 366      |
| time/              |          |
|    episodes        | 3524     |
|    fps             | 165      |
|    time_elapsed    | 35376    |
|    total_timesteps | 5867552  |
| train/             |          |
|    actor_loss      | -2.46    |
|    critic_loss     | 11.6     |
|    ent_coef        | 0.0125   |
|    ent_coef_loss   | -3.11    |
|    learning_rate   | 0.0003   |
|    n_updates       | 5866551  |
---------------------------------
---------------------------------
| rollout/           |          |
|    ep_len_mean     | 1.67e+03 |
|    ep_rew_mean     | 371      |
| time/              |          |
|    episodes        | 3528     |
|    fps             | 165      |
|    time_elapsed    | 35417    |
|    total_timesteps | 5874513  |
| train/             |          |
|    actor_loss      | 6.8      |
|    critic_loss     | 7.98     |
|    ent_coef        | 0.0123   |
|    ent_coef_loss   | 1.5      |
|    learning_rate   | 0.0003   |
|    n_updates       | 5873512  |
---------------------------------
---------------------------------
| rollout/           |          |
|    ep_len_mean     | 1.67e+03 |
|    ep_rew_mean     | 386      |
| time/              |          |
|    episodes        | 3532     |
|    fps             | 165      |
|    time_elapsed    | 35460    |
|    total_timesteps | 5881741  |
| train/             |          |
|    actor_loss      | -20.4    |
|    critic_loss     | 4.87     |
|    ent_coef        | 0.012    |
|    ent_coef_loss   | -0.396   |
|    learning_rate   | 0.0003   |
|    n_updates       | 5880740  |
---------------------------------
---------------------------------
| rollout/           |          |
|    ep_len_mean     | 1.69e+03 |
|    ep_rew_mean     | 380      |
| time/              |          |
|    episodes        | 3536     |
|    fps             | 165      |
|    time_elapsed    | 35502    |
|    total_timesteps | 5888906  |
| train/             |          |
|    actor_loss      | -8.24    |
|    critic_loss     | 6.77     |
|    ent_coef        | 0.0117   |
|    ent_coef_loss   | -1.28    |
|    learning_rate   | 0.0003   |
|    n_updates       | 5887905  |
---------------------------------
---------------------------------
| rollout/           |          |
|    ep_len_mean     | 1.7e+03  |
|    ep_rew_mean     | 398      |
| time/              |          |
|    episodes        | 3540     |
|    fps             | 165      |
|    time_elapsed    | 35545    |
|    total_timesteps | 5896349  |
| train/             |          |
|    actor_loss      | 3.16     |
|    critic_loss     | 103      |
|    ent_coef        | 0.0113   |
|    ent_coef_loss   | 3.49     |
|    learning_rate   | 0.0003   |
|    n_updates       | 5895348  |
---------------------------------
---------------------------------
| rollout/           |          |
|    ep_len_mean     | 1.69e+03 |
|    ep_rew_mean     | 388      |
| time/              |          |
|    episodes        | 3544     |
|    fps             | 165      |
|    time_elapsed    | 35580    |
|    total_timesteps | 5902243  |
| train/             |          |
|    actor_loss      | -9.19    |
|    critic_loss     | 3.6      |
|    ent_coef        | 0.0111   |
|    ent_coef_loss   | -1.31    |
|    learning_rate   | 0.0003   |
|    n_updates       | 5901242  |
---------------------------------
---------------------------------
| rollout/           |          |
|    ep_len_mean     | 1.7e+03  |
|    ep_rew_mean     | 411      |
| time/              |          |
|    episodes        | 3548     |
|    fps             | 165      |
|    time_elapsed    | 35618    |
|    total_timesteps | 5908621  |
| train/             |          |
|    actor_loss      | -11      |
|    critic_loss     | 3.67     |
|    ent_coef        | 0.0114   |
|    ent_coef_loss   | 0.245    |
|    learning_rate   | 0.0003   |
|    n_updates       | 5907620  |
---------------------------------
---------------------------------
| rollout/           |          |
|    ep_len_mean     | 1.72e+03 |
|    ep_rew_mean     | 426      |
| time/              |          |
|    episodes        | 3552     |
|    fps             | 165      |
|    time_elapsed    | 35661    |
|    total_timesteps | 5915951  |
| train/             |          |
|    actor_loss      | -17.4    |
|    critic_loss     | 4.44     |
|    ent_coef        | 0.011    |
|    ent_coef_loss   | -2.41    |
|    learning_rate   | 0.0003   |
|    n_updates       | 5914950  |
---------------------------------
---------------------------------
| rollout/           |          |
|    ep_len_mean     | 1.71e+03 |
|    ep_rew_mean     | 429      |
| time/              |          |
|    episodes        | 3556     |
|    fps             | 165      |
|    time_elapsed    | 35700    |
|    total_timesteps | 5922579  |
| train/             |          |
|    actor_loss      | -7.53    |
|    critic_loss     | 8.28     |
|    ent_coef        | 0.0108   |
|    ent_coef_loss   | 1.98     |
|    learning_rate   | 0.0003   |
|    n_updates       | 5921578  |
---------------------------------
---------------------------------
| rollout/           |          |
|    ep_len_mean     | 1.72e+03 |
|    ep_rew_mean     | 431      |
| time/              |          |
|    episodes        | 3560     |
|    fps             | 165      |
|    time_elapsed    | 35743    |
|    total_timesteps | 5929796  |
| train/             |          |
|    actor_loss      | -19.7    |
|    critic_loss     | 6.79     |
|    ent_coef        | 0.011    |
|    ent_coef_loss   | 3.02     |
|    learning_rate   | 0.0003   |
|    n_updates       | 5928795  |
---------------------------------
---------------------------------
| rollout/           |          |
|    ep_len_mean     | 1.71e+03 |
|    ep_rew_mean     | 421      |
| time/              |          |
|    episodes        | 3564     |
|    fps             | 165      |
|    time_elapsed    | 35780    |
|    total_timesteps | 5936202  |
| train/             |          |
|    actor_loss      | 1.05     |
|    critic_loss     | 10.6     |
|    ent_coef        | 0.0111   |
|    ent_coef_loss   | 1.02     |
|    learning_rate   | 0.0003   |
|    n_updates       | 5935201  |
---------------------------------
---------------------------------
| rollout/           |          |
|    ep_len_mean     | 1.72e+03 |
|    ep_rew_mean     | 426      |
| time/              |          |
|    episodes        | 3568     |
|    fps             | 165      |
|    time_elapsed    | 35825    |
|    total_timesteps | 5943692  |
| train/             |          |
|    actor_loss      | 10.1     |
|    critic_loss     | 33.4     |
|    ent_coef        | 0.0111   |
|    ent_coef_loss   | 0.488    |
|    learning_rate   | 0.0003   |
|    n_updates       | 5942691  |
---------------------------------
---------------------------------
| rollout/           |          |
|    ep_len_mean     | 1.72e+03 |
|    ep_rew_mean     | 433      |
| time/              |          |
|    episodes        | 3572     |
|    fps             | 165      |
|    time_elapsed    | 35869    |
|    total_timesteps | 5951203  |
| train/             |          |
|    actor_loss      | -17.1    |
|    critic_loss     | 9.81     |
|    ent_coef        | 0.0118   |
|    ent_coef_loss   | -3.26    |
|    learning_rate   | 0.0003   |
|    n_updates       | 5950202  |
---------------------------------
---------------------------------
| rollout/           |          |
|    ep_len_mean     | 1.7e+03  |
|    ep_rew_mean     | 421      |
| time/              |          |
|    episodes        | 3576     |
|    fps             | 165      |
|    time_elapsed    | 35900    |
|    total_timesteps | 5956497  |
| train/             |          |
|    actor_loss      | -22.2    |
|    critic_loss     | 6.37     |
|    ent_coef        | 0.012    |
|    ent_coef_loss   | -1.5     |
|    learning_rate   | 0.0003   |
|    n_updates       | 5955496  |
---------------------------------
---------------------------------
| rollout/           |          |
|    ep_len_mean     | 1.69e+03 |
|    ep_rew_mean     | 414      |
| time/              |          |
|    episodes        | 3580     |
|    fps             | 165      |
|    time_elapsed    | 35933    |
|    total_timesteps | 5962167  |
| train/             |          |
|    actor_loss      | -22.9    |
|    critic_loss     | 3.08     |
|    ent_coef        | 0.0118   |
|    ent_coef_loss   | -0.146   |
|    learning_rate   | 0.0003   |
|    n_updates       | 5961166  |
---------------------------------
---------------------------------
| rollout/           |          |
|    ep_len_mean     | 1.66e+03 |
|    ep_rew_mean     | 412      |
| time/              |          |
|    episodes        | 3584     |
|    fps             | 165      |
|    time_elapsed    | 35956    |
|    total_timesteps | 5965992  |
| train/             |          |
|    actor_loss      | -3.46    |
|    critic_loss     | 762      |
|    ent_coef        | 0.0121   |
|    ent_coef_loss   | -1.95    |
|    learning_rate   | 0.0003   |
|    n_updates       | 5964991  |
---------------------------------
---------------------------------
| rollout/           |          |
|    ep_len_mean     | 1.65e+03 |
|    ep_rew_mean     | 408      |
| time/              |          |
|    episodes        | 3588     |
|    fps             | 165      |
|    time_elapsed    | 35990    |
|    total_timesteps | 5971834  |
| train/             |          |
|    actor_loss      | 0.498    |
|    critic_loss     | 23.2     |
|    ent_coef        | 0.0122   |
|    ent_coef_loss   | -0.638   |
|    learning_rate   | 0.0003   |
|    n_updates       | 5970833  |
---------------------------------
---------------------------------
| rollout/           |          |
|    ep_len_mean     | 1.65e+03 |
|    ep_rew_mean     | 416      |
| time/              |          |
|    episodes        | 3592     |
|    fps             | 165      |
|    time_elapsed    | 36031    |
|    total_timesteps | 5978668  |
| train/             |          |
|    actor_loss      | 5.7      |
|    critic_loss     | 17.9     |
|    ent_coef        | 0.0132   |
|    ent_coef_loss   | -0.0282  |
|    learning_rate   | 0.0003   |
|    n_updates       | 5977667  |
---------------------------------
---------------------------------
| rollout/           |          |
|    ep_len_mean     | 1.64e+03 |
|    ep_rew_mean     | 421      |
| time/              |          |
|    episodes        | 3596     |
|    fps             | 165      |
|    time_elapsed    | 36063    |
|    total_timesteps | 5984175  |
| train/             |          |
|    actor_loss      | 2.6      |
|    critic_loss     | 7.9      |
|    ent_coef        | 0.0132   |
|    ent_coef_loss   | 2.44     |
|    learning_rate   | 0.0003   |
|    n_updates       | 5983174  |
---------------------------------
---------------------------------
| rollout/           |          |
|    ep_len_mean     | 1.63e+03 |
|    ep_rew_mean     | 426      |
| time/              |          |
|    episodes        | 3600     |
|    fps             | 165      |
|    time_elapsed    | 36101    |
|    total_timesteps | 5990627  |
| train/             |          |
|    actor_loss      | -2.22    |
|    critic_loss     | 5.31     |
|    ent_coef        | 0.0138   |
|    ent_coef_loss   | -2.05    |
|    learning_rate   | 0.0003   |
|    n_updates       | 5989626  |
---------------------------------
---------------------------------
| rollout/           |          |
|    ep_len_mean     | 1.64e+03 |
|    ep_rew_mean     | 438      |
| time/              |          |
|    episodes        | 3604     |
|    fps             | 165      |
|    time_elapsed    | 36147    |
|    total_timesteps | 5998489  |
| train/             |          |
|    actor_loss      | -2.42    |
|    critic_loss     | 5.45     |
|    ent_coef        | 0.0141   |
|    ent_coef_loss   | -0.748   |
|    learning_rate   | 0.0003   |
|    n_updates       | 5997488  |
---------------------------------
---------------------------------
| rollout/           |          |
|    ep_len_mean     | 1.65e+03 |
|    ep_rew_mean     | 448      |
| time/              |          |
|    episodes        | 3608     |
|    fps             | 165      |
|    time_elapsed    | 36182    |
|    total_timesteps | 6004252  |
| train/             |          |
|    actor_loss      | 5.52     |
|    critic_loss     | 4.7      |
|    ent_coef        | 0.0146   |
|    ent_coef_loss   | -0.251   |
|    learning_rate   | 0.0003   |
|    n_updates       | 6003251  |
---------------------------------
---------------------------------
| rollout/           |          |
|    ep_len_mean     | 1.66e+03 |
|    ep_rew_mean     | 457      |
| time/              |          |
|    episodes        | 3612     |
|    fps             | 165      |
|    time_elapsed    | 36228    |
|    total_timesteps | 6011968  |
| train/             |          |
|    actor_loss      | 7.34     |
|    critic_loss     | 17.6     |
|    ent_coef        | 0.0149   |
|    ent_coef_loss   | -1.2     |
|    learning_rate   | 0.0003   |
|    n_updates       | 6010967  |
---------------------------------
---------------------------------
| rollout/           |          |
|    ep_len_mean     | 1.66e+03 |
|    ep_rew_mean     | 461      |
| time/              |          |
|    episodes        | 3616     |
|    fps             | 165      |
|    time_elapsed    | 36271    |
|    total_timesteps | 6019278  |
| train/             |          |
|    actor_loss      | 5.55     |
|    critic_loss     | 258      |
|    ent_coef        | 0.0135   |
|    ent_coef_loss   | 1.19     |
|    learning_rate   | 0.0003   |
|    n_updates       | 6018277  |
---------------------------------
---------------------------------
| rollout/           |          |
|    ep_len_mean     | 1.66e+03 |
|    ep_rew_mean     | 452      |
| time/              |          |
|    episodes        | 3620     |
|    fps             | 165      |
|    time_elapsed    | 36313    |
|    total_timesteps | 6026487  |
| train/             |          |
|    actor_loss      | 9.61     |
|    critic_loss     | 6.72     |
|    ent_coef        | 0.0135   |
|    ent_coef_loss   | -0.319   |
|    learning_rate   | 0.0003   |
|    n_updates       | 6025486  |
---------------------------------
---------------------------------
| rollout/           |          |
|    ep_len_mean     | 1.66e+03 |
|    ep_rew_mean     | 451      |
| time/              |          |
|    episodes        | 3624     |
|    fps             | 165      |
|    time_elapsed    | 36358    |
|    total_timesteps | 6034035  |
| train/             |          |
|    actor_loss      | 6.53     |
|    critic_loss     | 17.1     |
|    ent_coef        | 0.0132   |
|    ent_coef_loss   | 0.827    |
|    learning_rate   | 0.0003   |
|    n_updates       | 6033034  |
---------------------------------
---------------------------------
| rollout/           |          |
|    ep_len_mean     | 1.67e+03 |
|    ep_rew_mean     | 455      |
| time/              |          |
|    episodes        | 3628     |
|    fps             | 165      |
|    time_elapsed    | 36402    |
|    total_timesteps | 6041602  |
| train/             |          |
|    actor_loss      | -7.84    |
|    critic_loss     | 6.27     |
|    ent_coef        | 0.014    |
|    ent_coef_loss   | -3.15    |
|    learning_rate   | 0.0003   |
|    n_updates       | 6040601  |
---------------------------------
---------------------------------
| rollout/           |          |
|    ep_len_mean     | 1.68e+03 |
|    ep_rew_mean     | 452      |
| time/              |          |
|    episodes        | 3632     |
|    fps             | 165      |
|    time_elapsed    | 36448    |
|    total_timesteps | 6049440  |
| train/             |          |
|    actor_loss      | 25.3     |
|    critic_loss     | 18.6     |
|    ent_coef        | 0.0146   |
|    ent_coef_loss   | -0.967   |
|    learning_rate   | 0.0003   |
|    n_updates       | 6048439  |
---------------------------------
---------------------------------
| rollout/           |          |
|    ep_len_mean     | 1.68e+03 |
|    ep_rew_mean     | 467      |
| time/              |          |
|    episodes        | 3636     |
|    fps             | 165      |
|    time_elapsed    | 36492    |
|    total_timesteps | 6056836  |
| train/             |          |
|    actor_loss      | 0.496    |
|    critic_loss     | 3.41     |
|    ent_coef        | 0.0134   |
|    ent_coef_loss   | -0.45    |
|    learning_rate   | 0.0003   |
|    n_updates       | 6055835  |
---------------------------------
---------------------------------
| rollout/           |          |
|    ep_len_mean     | 1.68e+03 |
|    ep_rew_mean     | 455      |
| time/              |          |
|    episodes        | 3640     |
|    fps             | 165      |
|    time_elapsed    | 36534    |
|    total_timesteps | 6063973  |
| train/             |          |
|    actor_loss      | 4        |
|    critic_loss     | 5.51     |
|    ent_coef        | 0.0144   |
|    ent_coef_loss   | -2.25    |
|    learning_rate   | 0.0003   |
|    n_updates       | 6062972  |
---------------------------------
---------------------------------
| rollout/           |          |
|    ep_len_mean     | 1.69e+03 |
|    ep_rew_mean     | 471      |
| time/              |          |
|    episodes        | 3644     |
|    fps             | 165      |
|    time_elapsed    | 36575    |
|    total_timesteps | 6071025  |
| train/             |          |
|    actor_loss      | 7.34     |
|    critic_loss     | 5.56     |
|    ent_coef        | 0.0144   |
|    ent_coef_loss   | 0.469    |
|    learning_rate   | 0.0003   |
|    n_updates       | 6070024  |
---------------------------------
---------------------------------
| rollout/           |          |
|    ep_len_mean     | 1.69e+03 |
|    ep_rew_mean     | 455      |
| time/              |          |
|    episodes        | 3648     |
|    fps             | 165      |
|    time_elapsed    | 36615    |
|    total_timesteps | 6077870  |
| train/             |          |
|    actor_loss      | 6.65     |
|    critic_loss     | 9.14     |
|    ent_coef        | 0.0142   |
|    ent_coef_loss   | 1.19     |
|    learning_rate   | 0.0003   |
|    n_updates       | 6076869  |
---------------------------------
---------------------------------
| rollout/           |          |
|    ep_len_mean     | 1.69e+03 |
|    ep_rew_mean     | 450      |
| time/              |          |
|    episodes        | 3652     |
|    fps             | 165      |
|    time_elapsed    | 36657    |
|    total_timesteps | 6084880  |
| train/             |          |
|    actor_loss      | 3.47     |
|    critic_loss     | 23.4     |
|    ent_coef        | 0.0145   |
|    ent_coef_loss   | 0.0524   |
|    learning_rate   | 0.0003   |
|    n_updates       | 6083879  |
---------------------------------
---------------------------------
| rollout/           |          |
|    ep_len_mean     | 1.7e+03  |
|    ep_rew_mean     | 455      |
| time/              |          |
|    episodes        | 3656     |
|    fps             | 165      |
|    time_elapsed    | 36700    |
|    total_timesteps | 6092180  |
| train/             |          |
|    actor_loss      | -4.3     |
|    critic_loss     | 4.35     |
|    ent_coef        | 0.0151   |
|    ent_coef_loss   | -0.959   |
|    learning_rate   | 0.0003   |
|    n_updates       | 6091179  |
---------------------------------
---------------------------------
| rollout/           |          |
|    ep_len_mean     | 1.7e+03  |
|    ep_rew_mean     | 456      |
| time/              |          |
|    episodes        | 3660     |
|    fps             | 166      |
|    time_elapsed    | 36742    |
|    total_timesteps | 6099404  |
| train/             |          |
|    actor_loss      | 2.64     |
|    critic_loss     | 8.34     |
|    ent_coef        | 0.0142   |
|    ent_coef_loss   | -0.915   |
|    learning_rate   | 0.0003   |
|    n_updates       | 6098403  |
---------------------------------
---------------------------------
| rollout/           |          |
|    ep_len_mean     | 1.7e+03  |
|    ep_rew_mean     | 449      |
| time/              |          |
|    episodes        | 3664     |
|    fps             | 166      |
|    time_elapsed    | 36784    |
|    total_timesteps | 6106387  |
| train/             |          |
|    actor_loss      | 8.74     |
|    critic_loss     | 25.1     |
|    ent_coef        | 0.0142   |
|    ent_coef_loss   | -0.922   |
|    learning_rate   | 0.0003   |
|    n_updates       | 6105386  |
---------------------------------
---------------------------------
| rollout/           |          |
|    ep_len_mean     | 1.7e+03  |
|    ep_rew_mean     | 456      |
| time/              |          |
|    episodes        | 3668     |
|    fps             | 166      |
|    time_elapsed    | 36825    |
|    total_timesteps | 6113526  |
| train/             |          |
|    actor_loss      | -14.9    |
|    critic_loss     | 18.1     |
|    ent_coef        | 0.0135   |
|    ent_coef_loss   | 7.38     |
|    learning_rate   | 0.0003   |
|    n_updates       | 6112525  |
---------------------------------
---------------------------------
| rollout/           |          |
|    ep_len_mean     | 1.7e+03  |
|    ep_rew_mean     | 461      |
| time/              |          |
|    episodes        | 3672     |
|    fps             | 166      |
|    time_elapsed    | 36868    |
|    total_timesteps | 6120760  |
| train/             |          |
|    actor_loss      | -4.46    |
|    critic_loss     | 5.35     |
|    ent_coef        | 0.0136   |
|    ent_coef_loss   | -0.394   |
|    learning_rate   | 0.0003   |
|    n_updates       | 6119759  |
---------------------------------
---------------------------------
| rollout/           |          |
|    ep_len_mean     | 1.71e+03 |
|    ep_rew_mean     | 465      |
| time/              |          |
|    episodes        | 3676     |
|    fps             | 166      |
|    time_elapsed    | 36910    |
|    total_timesteps | 6127794  |
| train/             |          |
|    actor_loss      | 5.91     |
|    critic_loss     | 14.3     |
|    ent_coef        | 0.0135   |
|    ent_coef_loss   | 0.385    |
|    learning_rate   | 0.0003   |
|    n_updates       | 6126793  |
---------------------------------
---------------------------------
| rollout/           |          |
|    ep_len_mean     | 1.73e+03 |
|    ep_rew_mean     | 477      |
| time/              |          |
|    episodes        | 3680     |
|    fps             | 166      |
|    time_elapsed    | 36953    |
|    total_timesteps | 6135176  |
| train/             |          |
|    actor_loss      | 3.19     |
|    critic_loss     | 5.75     |
|    ent_coef        | 0.0132   |
|    ent_coef_loss   | 0.961    |
|    learning_rate   | 0.0003   |
|    n_updates       | 6134175  |
---------------------------------
---------------------------------
| rollout/           |          |
|    ep_len_mean     | 1.76e+03 |
|    ep_rew_mean     | 483      |
| time/              |          |
|    episodes        | 3684     |
|    fps             | 166      |
|    time_elapsed    | 36996    |
|    total_timesteps | 6142481  |
| train/             |          |
|    actor_loss      | -10.1    |
|    critic_loss     | 24.7     |
|    ent_coef        | 0.0135   |
|    ent_coef_loss   | 0.755    |
|    learning_rate   | 0.0003   |
|    n_updates       | 6141480  |
---------------------------------
---------------------------------
| rollout/           |          |
|    ep_len_mean     | 1.78e+03 |
|    ep_rew_mean     | 491      |
| time/              |          |
|    episodes        | 3688     |
|    fps             | 166      |
|    time_elapsed    | 37039    |
|    total_timesteps | 6149686  |
| train/             |          |
|    actor_loss      | -4.54    |
|    critic_loss     | 13.6     |
|    ent_coef        | 0.0133   |
|    ent_coef_loss   | -0.616   |
|    learning_rate   | 0.0003   |
|    n_updates       | 6148685  |
---------------------------------
---------------------------------
| rollout/           |          |
|    ep_len_mean     | 1.78e+03 |
|    ep_rew_mean     | 488      |
| time/              |          |
|    episodes        | 3692     |
|    fps             | 166      |
|    time_elapsed    | 37079    |
|    total_timesteps | 6156605  |
| train/             |          |
|    actor_loss      | -2.39    |
|    critic_loss     | 7.63     |
|    ent_coef        | 0.0139   |
|    ent_coef_loss   | -0.968   |
|    learning_rate   | 0.0003   |
|    n_updates       | 6155604  |
---------------------------------
---------------------------------
| rollout/           |          |
|    ep_len_mean     | 1.79e+03 |
|    ep_rew_mean     | 483      |
| time/              |          |
|    episodes        | 3696     |
|    fps             | 166      |
|    time_elapsed    | 37119    |
|    total_timesteps | 6163425  |
| train/             |          |
|    actor_loss      | -6.47    |
|    critic_loss     | 34.7     |
|    ent_coef        | 0.0137   |
|    ent_coef_loss   | 3        |
|    learning_rate   | 0.0003   |
|    n_updates       | 6162424  |
---------------------------------
---------------------------------
| rollout/           |          |
|    ep_len_mean     | 1.8e+03  |
|    ep_rew_mean     | 479      |
| time/              |          |
|    episodes        | 3700     |
|    fps             | 166      |
|    time_elapsed    | 37161    |
|    total_timesteps | 6170530  |
| train/             |          |
|    actor_loss      | 1.98     |
|    critic_loss     | 25       |
|    ent_coef        | 0.0138   |
|    ent_coef_loss   | -1.82    |
|    learning_rate   | 0.0003   |
|    n_updates       | 6169529  |
---------------------------------
---------------------------------
| rollout/           |          |
|    ep_len_mean     | 1.79e+03 |
|    ep_rew_mean     | 478      |
| time/              |          |
|    episodes        | 3704     |
|    fps             | 166      |
|    time_elapsed    | 37200    |
|    total_timesteps | 6177177  |
| train/             |          |
|    actor_loss      | -10.8    |
|    critic_loss     | 8.55     |
|    ent_coef        | 0.0139   |
|    ent_coef_loss   | -1.09    |
|    learning_rate   | 0.0003   |
|    n_updates       | 6176176  |
---------------------------------
---------------------------------
| rollout/           |          |
|    ep_len_mean     | 1.8e+03  |
|    ep_rew_mean     | 471      |
| time/              |          |
|    episodes        | 3708     |
|    fps             | 166      |
|    time_elapsed    | 37242    |
|    total_timesteps | 6184230  |
| train/             |          |
|    actor_loss      | 7.76     |
|    critic_loss     | 7.16     |
|    ent_coef        | 0.0143   |
|    ent_coef_loss   | 0.425    |
|    learning_rate   | 0.0003   |
|    n_updates       | 6183229  |
---------------------------------
---------------------------------
| rollout/           |          |
|    ep_len_mean     | 1.79e+03 |
|    ep_rew_mean     | 464      |
| time/              |          |
|    episodes        | 3712     |
|    fps             | 166      |
|    time_elapsed    | 37281    |
|    total_timesteps | 6190946  |
| train/             |          |
|    actor_loss      | -4.33    |
|    critic_loss     | 5.89     |
|    ent_coef        | 0.0136   |
|    ent_coef_loss   | -2.52    |
|    learning_rate   | 0.0003   |
|    n_updates       | 6189945  |
---------------------------------
---------------------------------
| rollout/           |          |
|    ep_len_mean     | 1.79e+03 |
|    ep_rew_mean     | 471      |
| time/              |          |
|    episodes        | 3716     |
|    fps             | 166      |
|    time_elapsed    | 37322    |
|    total_timesteps | 6197786  |
| train/             |          |
|    actor_loss      | 6.29     |
|    critic_loss     | 15.6     |
|    ent_coef        | 0.0137   |
|    ent_coef_loss   | -1.09    |
|    learning_rate   | 0.0003   |
|    n_updates       | 6196785  |
---------------------------------
---------------------------------
| rollout/           |          |
|    ep_len_mean     | 1.79e+03 |
|    ep_rew_mean     | 471      |
| time/              |          |
|    episodes        | 3720     |
|    fps             | 166      |
|    time_elapsed    | 37364    |
|    total_timesteps | 6205036  |
| train/             |          |
|    actor_loss      | -14.7    |
|    critic_loss     | 6.35     |
|    ent_coef        | 0.0139   |
|    ent_coef_loss   | 0.00898  |
|    learning_rate   | 0.0003   |
|    n_updates       | 6204035  |
---------------------------------
---------------------------------
| rollout/           |          |
|    ep_len_mean     | 1.78e+03 |
|    ep_rew_mean     | 469      |
| time/              |          |
|    episodes        | 3724     |
|    fps             | 166      |
|    time_elapsed    | 37406    |
|    total_timesteps | 6212193  |
| train/             |          |
|    actor_loss      | -22.4    |
|    critic_loss     | 11.5     |
|    ent_coef        | 0.0135   |
|    ent_coef_loss   | -1.85    |
|    learning_rate   | 0.0003   |
|    n_updates       | 6211192  |
---------------------------------
---------------------------------
| rollout/           |          |
|    ep_len_mean     | 1.78e+03 |
|    ep_rew_mean     | 460      |
| time/              |          |
|    episodes        | 3728     |
|    fps             | 166      |
|    time_elapsed    | 37449    |
|    total_timesteps | 6219421  |
| train/             |          |
|    actor_loss      | 4.65     |
|    critic_loss     | 4.77     |
|    ent_coef        | 0.0132   |
|    ent_coef_loss   | 0.716    |
|    learning_rate   | 0.0003   |
|    n_updates       | 6218420  |
---------------------------------
---------------------------------
| rollout/           |          |
|    ep_len_mean     | 1.77e+03 |
|    ep_rew_mean     | 453      |
| time/              |          |
|    episodes        | 3732     |
|    fps             | 166      |
|    time_elapsed    | 37491    |
|    total_timesteps | 6226542  |
| train/             |          |
|    actor_loss      | -18.3    |
|    critic_loss     | 27.1     |
|    ent_coef        | 0.013    |
|    ent_coef_loss   | -1.35    |
|    learning_rate   | 0.0003   |
|    n_updates       | 6225541  |
---------------------------------
---------------------------------
| rollout/           |          |
|    ep_len_mean     | 1.76e+03 |
|    ep_rew_mean     | 456      |
| time/              |          |
|    episodes        | 3736     |
|    fps             | 166      |
|    time_elapsed    | 37530    |
|    total_timesteps | 6233175  |
| train/             |          |
|    actor_loss      | -24.5    |
|    critic_loss     | 247      |
|    ent_coef        | 0.0122   |
|    ent_coef_loss   | -2.04    |
|    learning_rate   | 0.0003   |
|    n_updates       | 6232174  |
---------------------------------
---------------------------------
| rollout/           |          |
|    ep_len_mean     | 1.77e+03 |
|    ep_rew_mean     | 458      |
| time/              |          |
|    episodes        | 3740     |
|    fps             | 166      |
|    time_elapsed    | 37573    |
|    total_timesteps | 6240516  |
| train/             |          |
|    actor_loss      | -6.14    |
|    critic_loss     | 8.81     |
|    ent_coef        | 0.0128   |
|    ent_coef_loss   | -0.144   |
|    learning_rate   | 0.0003   |
|    n_updates       | 6239515  |
---------------------------------
---------------------------------
| rollout/           |          |
|    ep_len_mean     | 1.75e+03 |
|    ep_rew_mean     | 446      |
| time/              |          |
|    episodes        | 3744     |
|    fps             | 166      |
|    time_elapsed    | 37604    |
|    total_timesteps | 6245713  |
| train/             |          |
|    actor_loss      | -7.87    |
|    critic_loss     | 6        |
|    ent_coef        | 0.0129   |
|    ent_coef_loss   | -0.121   |
|    learning_rate   | 0.0003   |
|    n_updates       | 6244712  |
---------------------------------
---------------------------------
| rollout/           |          |
|    ep_len_mean     | 1.75e+03 |
|    ep_rew_mean     | 455      |
| time/              |          |
|    episodes        | 3748     |
|    fps             | 166      |
|    time_elapsed    | 37645    |
|    total_timesteps | 6252549  |
| train/             |          |
|    actor_loss      | -11.6    |
|    critic_loss     | 6.57     |
|    ent_coef        | 0.0126   |
|    ent_coef_loss   | 0.981    |
|    learning_rate   | 0.0003   |
|    n_updates       | 6251548  |
---------------------------------
---------------------------------
| rollout/           |          |
|    ep_len_mean     | 1.75e+03 |
|    ep_rew_mean     | 454      |
| time/              |          |
|    episodes        | 3752     |
|    fps             | 166      |
|    time_elapsed    | 37689    |
|    total_timesteps | 6259993  |
| train/             |          |
|    actor_loss      | -1.81    |
|    critic_loss     | 367      |
|    ent_coef        | 0.013    |
|    ent_coef_loss   | 0.793    |
|    learning_rate   | 0.0003   |
|    n_updates       | 6258992  |
---------------------------------
---------------------------------
| rollout/           |          |
|    ep_len_mean     | 1.75e+03 |
|    ep_rew_mean     | 446      |
| time/              |          |
|    episodes        | 3756     |
|    fps             | 166      |
|    time_elapsed    | 37729    |
|    total_timesteps | 6266933  |
| train/             |          |
|    actor_loss      | -13.7    |
|    critic_loss     | 12.2     |
|    ent_coef        | 0.013    |
|    ent_coef_loss   | 0.42     |
|    learning_rate   | 0.0003   |
|    n_updates       | 6265932  |
---------------------------------
---------------------------------
| rollout/           |          |
|    ep_len_mean     | 1.75e+03 |
|    ep_rew_mean     | 447      |
| time/              |          |
|    episodes        | 3760     |
|    fps             | 166      |
|    time_elapsed    | 37772    |
|    total_timesteps | 6274186  |
| train/             |          |
|    actor_loss      | -6.7     |
|    critic_loss     | 13.2     |
|    ent_coef        | 0.0126   |
|    ent_coef_loss   | 4.26     |
|    learning_rate   | 0.0003   |
|    n_updates       | 6273185  |
---------------------------------
---------------------------------
| rollout/           |          |
|    ep_len_mean     | 1.75e+03 |
|    ep_rew_mean     | 453      |
| time/              |          |
|    episodes        | 3764     |
|    fps             | 166      |
|    time_elapsed    | 37817    |
|    total_timesteps | 6281746  |
| train/             |          |
|    actor_loss      | -16      |
|    critic_loss     | 11.2     |
|    ent_coef        | 0.0128   |
|    ent_coef_loss   | 1.11     |
|    learning_rate   | 0.0003   |
|    n_updates       | 6280745  |
---------------------------------
---------------------------------
| rollout/           |          |
|    ep_len_mean     | 1.75e+03 |
|    ep_rew_mean     | 444      |
| time/              |          |
|    episodes        | 3768     |
|    fps             | 166      |
|    time_elapsed    | 37859    |
|    total_timesteps | 6288810  |
| train/             |          |
|    actor_loss      | -13      |
|    critic_loss     | 16.4     |
|    ent_coef        | 0.0121   |
|    ent_coef_loss   | 0.278    |
|    learning_rate   | 0.0003   |
|    n_updates       | 6287809  |
---------------------------------
---------------------------------
| rollout/           |          |
|    ep_len_mean     | 1.75e+03 |
|    ep_rew_mean     | 437      |
| time/              |          |
|    episodes        | 3772     |
|    fps             | 166      |
|    time_elapsed    | 37902    |
|    total_timesteps | 6296137  |
| train/             |          |
|    actor_loss      | -16.2    |
|    critic_loss     | 11       |
|    ent_coef        | 0.0122   |
|    ent_coef_loss   | -0.919   |
|    learning_rate   | 0.0003   |
|    n_updates       | 6295136  |
---------------------------------
---------------------------------
| rollout/           |          |
|    ep_len_mean     | 1.76e+03 |
|    ep_rew_mean     | 448      |
| time/              |          |
|    episodes        | 3776     |
|    fps             | 166      |
|    time_elapsed    | 37945    |
|    total_timesteps | 6303402  |
| train/             |          |
|    actor_loss      | -7.49    |
|    critic_loss     | 4.07     |
|    ent_coef        | 0.0126   |
|    ent_coef_loss   | 1.14     |
|    learning_rate   | 0.0003   |
|    n_updates       | 6302401  |
---------------------------------
---------------------------------
| rollout/           |          |
|    ep_len_mean     | 1.75e+03 |
|    ep_rew_mean     | 441      |
| time/              |          |
|    episodes        | 3780     |
|    fps             | 166      |
|    time_elapsed    | 37987    |
|    total_timesteps | 6310426  |
| train/             |          |
|    actor_loss      | -15.9    |
|    critic_loss     | 16.7     |
|    ent_coef        | 0.0125   |
|    ent_coef_loss   | -0.682   |
|    learning_rate   | 0.0003   |
|    n_updates       | 6309425  |
---------------------------------
---------------------------------
| rollout/           |          |
|    ep_len_mean     | 1.75e+03 |
|    ep_rew_mean     | 438      |
| time/              |          |
|    episodes        | 3784     |
|    fps             | 166      |
|    time_elapsed    | 38028    |
|    total_timesteps | 6317416  |
| train/             |          |
|    actor_loss      | -7.63    |
|    critic_loss     | 4.03     |
|    ent_coef        | 0.0121   |
|    ent_coef_loss   | 0.109    |
|    learning_rate   | 0.0003   |
|    n_updates       | 6316415  |
---------------------------------
---------------------------------
| rollout/           |          |
|    ep_len_mean     | 1.74e+03 |
|    ep_rew_mean     | 433      |
| time/              |          |
|    episodes        | 3788     |
|    fps             | 166      |
|    time_elapsed    | 38068    |
|    total_timesteps | 6324147  |
| train/             |          |
|    actor_loss      | -25.7    |
|    critic_loss     | 11       |
|    ent_coef        | 0.0126   |
|    ent_coef_loss   | 1.02     |
|    learning_rate   | 0.0003   |
|    n_updates       | 6323146  |
---------------------------------
---------------------------------
| rollout/           |          |
|    ep_len_mean     | 1.75e+03 |
|    ep_rew_mean     | 435      |
| time/              |          |
|    episodes        | 3792     |
|    fps             | 166      |
|    time_elapsed    | 38109    |
|    total_timesteps | 6331256  |
| train/             |          |
|    actor_loss      | -15.5    |
|    critic_loss     | 6.53     |
|    ent_coef        | 0.0127   |
|    ent_coef_loss   | -1.28    |
|    learning_rate   | 0.0003   |
|    n_updates       | 6330255  |
---------------------------------
---------------------------------
| rollout/           |          |
|    ep_len_mean     | 1.75e+03 |
|    ep_rew_mean     | 434      |
| time/              |          |
|    episodes        | 3796     |
|    fps             | 166      |
|    time_elapsed    | 38151    |
|    total_timesteps | 6338232  |
| train/             |          |
|    actor_loss      | -33.8    |
|    critic_loss     | 8.59     |
|    ent_coef        | 0.0124   |
|    ent_coef_loss   | -0.898   |
|    learning_rate   | 0.0003   |
|    n_updates       | 6337231  |
---------------------------------
---------------------------------
| rollout/           |          |
|    ep_len_mean     | 1.73e+03 |
|    ep_rew_mean     | 428      |
| time/              |          |
|    episodes        | 3800     |
|    fps             | 166      |
|    time_elapsed    | 38183    |
|    total_timesteps | 6343656  |
| train/             |          |
|    actor_loss      | -17.4    |
|    critic_loss     | 8.55     |
|    ent_coef        | 0.0122   |
|    ent_coef_loss   | 1.18     |
|    learning_rate   | 0.0003   |
|    n_updates       | 6342655  |
---------------------------------
---------------------------------
| rollout/           |          |
|    ep_len_mean     | 1.74e+03 |
|    ep_rew_mean     | 422      |
| time/              |          |
|    episodes        | 3804     |
|    fps             | 166      |
|    time_elapsed    | 38224    |
|    total_timesteps | 6350734  |
| train/             |          |
|    actor_loss      | -3.19    |
|    critic_loss     | 1.29e+03 |
|    ent_coef        | 0.0124   |
|    ent_coef_loss   | 2.25     |
|    learning_rate   | 0.0003   |
|    n_updates       | 6349733  |
---------------------------------
---------------------------------
| rollout/           |          |
|    ep_len_mean     | 1.72e+03 |
|    ep_rew_mean     | 431      |
| time/              |          |
|    episodes        | 3808     |
|    fps             | 166      |
|    time_elapsed    | 38259    |
|    total_timesteps | 6356518  |
| train/             |          |
|    actor_loss      | -18.8    |
|    critic_loss     | 9.22     |
|    ent_coef        | 0.0127   |
|    ent_coef_loss   | 0.0904   |
|    learning_rate   | 0.0003   |
|    n_updates       | 6355517  |
---------------------------------
---------------------------------
| rollout/           |          |
|    ep_len_mean     | 1.73e+03 |
|    ep_rew_mean     | 445      |
| time/              |          |
|    episodes        | 3812     |
|    fps             | 166      |
|    time_elapsed    | 38304    |
|    total_timesteps | 6364305  |
| train/             |          |
|    actor_loss      | -1.18    |
|    critic_loss     | 12.3     |
|    ent_coef        | 0.0133   |
|    ent_coef_loss   | 1.06     |
|    learning_rate   | 0.0003   |
|    n_updates       | 6363304  |
---------------------------------
---------------------------------
| rollout/           |          |
|    ep_len_mean     | 1.73e+03 |
|    ep_rew_mean     | 438      |
| time/              |          |
|    episodes        | 3816     |
|    fps             | 166      |
|    time_elapsed    | 38344    |
|    total_timesteps | 6371010  |
| train/             |          |
|    actor_loss      | -8.81    |
|    critic_loss     | 7.09     |
|    ent_coef        | 0.0125   |
|    ent_coef_loss   | -1.45    |
|    learning_rate   | 0.0003   |
|    n_updates       | 6370009  |
---------------------------------
---------------------------------
| rollout/           |          |
|    ep_len_mean     | 1.73e+03 |
|    ep_rew_mean     | 444      |
| time/              |          |
|    episodes        | 3820     |
|    fps             | 166      |
|    time_elapsed    | 38388    |
|    total_timesteps | 6378484  |
| train/             |          |
|    actor_loss      | -3.15    |
|    critic_loss     | 14.8     |
|    ent_coef        | 0.013    |
|    ent_coef_loss   | 1.8      |
|    learning_rate   | 0.0003   |
|    n_updates       | 6377483  |
---------------------------------
---------------------------------
| rollout/           |          |
|    ep_len_mean     | 1.73e+03 |
|    ep_rew_mean     | 445      |
| time/              |          |
|    episodes        | 3824     |
|    fps             | 166      |
|    time_elapsed    | 38429    |
|    total_timesteps | 6385458  |
| train/             |          |
|    actor_loss      | -5.38    |
|    critic_loss     | 12.9     |
|    ent_coef        | 0.0133   |
|    ent_coef_loss   | -0.564   |
|    learning_rate   | 0.0003   |
|    n_updates       | 6384457  |
---------------------------------
---------------------------------
| rollout/           |          |
|    ep_len_mean     | 1.73e+03 |
|    ep_rew_mean     | 450      |
| time/              |          |
|    episodes        | 3828     |
|    fps             | 166      |
|    time_elapsed    | 38470    |
|    total_timesteps | 6392366  |
| train/             |          |
|    actor_loss      | -2.64    |
|    critic_loss     | 18.7     |
|    ent_coef        | 0.0126   |
|    ent_coef_loss   | 0.543    |
|    learning_rate   | 0.0003   |
|    n_updates       | 6391365  |
---------------------------------
---------------------------------
| rollout/           |          |
|    ep_len_mean     | 1.73e+03 |
|    ep_rew_mean     | 453      |
| time/              |          |
|    episodes        | 3832     |
|    fps             | 166      |
|    time_elapsed    | 38511    |
|    total_timesteps | 6399300  |
| train/             |          |
|    actor_loss      | -18.8    |
|    critic_loss     | 5.55     |
|    ent_coef        | 0.0125   |
|    ent_coef_loss   | 0.438    |
|    learning_rate   | 0.0003   |
|    n_updates       | 6398299  |
---------------------------------
---------------------------------
| rollout/           |          |
|    ep_len_mean     | 1.73e+03 |
|    ep_rew_mean     | 448      |
| time/              |          |
|    episodes        | 3836     |
|    fps             | 166      |
|    time_elapsed    | 38552    |
|    total_timesteps | 6406332  |
| train/             |          |
|    actor_loss      | -20.9    |
|    critic_loss     | 9.02     |
|    ent_coef        | 0.0127   |
|    ent_coef_loss   | -0.892   |
|    learning_rate   | 0.0003   |
|    n_updates       | 6405331  |
---------------------------------
---------------------------------
| rollout/           |          |
|    ep_len_mean     | 1.73e+03 |
|    ep_rew_mean     | 446      |
| time/              |          |
|    episodes        | 3840     |
|    fps             | 166      |
|    time_elapsed    | 38593    |
|    total_timesteps | 6413249  |
| train/             |          |
|    actor_loss      | -4.95    |
|    critic_loss     | 4.59     |
|    ent_coef        | 0.0128   |
|    ent_coef_loss   | 0.956    |
|    learning_rate   | 0.0003   |
|    n_updates       | 6412248  |
---------------------------------
---------------------------------
| rollout/           |          |
|    ep_len_mean     | 1.75e+03 |
|    ep_rew_mean     | 459      |
| time/              |          |
|    episodes        | 3844     |
|    fps             | 166      |
|    time_elapsed    | 38637    |
|    total_timesteps | 6420657  |
| train/             |          |
|    actor_loss      | -14.3    |
|    critic_loss     | 3.79e+03 |
|    ent_coef        | 0.013    |
|    ent_coef_loss   | -1.23    |
|    learning_rate   | 0.0003   |
|    n_updates       | 6419656  |
---------------------------------
---------------------------------
| rollout/           |          |
|    ep_len_mean     | 1.75e+03 |
|    ep_rew_mean     | 455      |
| time/              |          |
|    episodes        | 3848     |
|    fps             | 166      |
|    time_elapsed    | 38680    |
|    total_timesteps | 6427928  |
| train/             |          |
|    actor_loss      | 8.11     |
|    critic_loss     | 6.37     |
|    ent_coef        | 0.0139   |
|    ent_coef_loss   | -1.93    |
|    learning_rate   | 0.0003   |
|    n_updates       | 6426927  |
---------------------------------
---------------------------------
| rollout/           |          |
|    ep_len_mean     | 1.75e+03 |
|    ep_rew_mean     | 465      |
| time/              |          |
|    episodes        | 3852     |
|    fps             | 166      |
|    time_elapsed    | 38721    |
|    total_timesteps | 6434843  |
| train/             |          |
|    actor_loss      | 6.24     |
|    critic_loss     | 6.8      |
|    ent_coef        | 0.0145   |
|    ent_coef_loss   | 0.33     |
|    learning_rate   | 0.0003   |
|    n_updates       | 6433842  |
---------------------------------
---------------------------------
| rollout/           |          |
|    ep_len_mean     | 1.76e+03 |
|    ep_rew_mean     | 468      |
| time/              |          |
|    episodes        | 3856     |
|    fps             | 166      |
|    time_elapsed    | 38766    |
|    total_timesteps | 6442479  |
| train/             |          |
|    actor_loss      | -5.91    |
|    critic_loss     | 5.82     |
|    ent_coef        | 0.015    |
|    ent_coef_loss   | 0.439    |
|    learning_rate   | 0.0003   |
|    n_updates       | 6441478  |
---------------------------------
---------------------------------
| rollout/           |          |
|    ep_len_mean     | 1.74e+03 |
|    ep_rew_mean     | 460      |
| time/              |          |
|    episodes        | 3860     |
|    fps             | 166      |
|    time_elapsed    | 38798    |
|    total_timesteps | 6447941  |
| train/             |          |
|    actor_loss      | -1.84    |
|    critic_loss     | 8.2      |
|    ent_coef        | 0.0144   |
|    ent_coef_loss   | -0.692   |
|    learning_rate   | 0.0003   |
|    n_updates       | 6446940  |
---------------------------------
---------------------------------
| rollout/           |          |
|    ep_len_mean     | 1.74e+03 |
|    ep_rew_mean     | 462      |
| time/              |          |
|    episodes        | 3864     |
|    fps             | 166      |
|    time_elapsed    | 38842    |
|    total_timesteps | 6455432  |
| train/             |          |
|    actor_loss      | -7.21    |
|    critic_loss     | 5.41     |
|    ent_coef        | 0.0136   |
|    ent_coef_loss   | -1.74    |
|    learning_rate   | 0.0003   |
|    n_updates       | 6454431  |
---------------------------------
---------------------------------
| rollout/           |          |
|    ep_len_mean     | 1.74e+03 |
|    ep_rew_mean     | 468      |
| time/              |          |
|    episodes        | 3868     |
|    fps             | 166      |
|    time_elapsed    | 38885    |
|    total_timesteps | 6462754  |
| train/             |          |
|    actor_loss      | -0.929   |
|    critic_loss     | 15.5     |
|    ent_coef        | 0.0145   |
|    ent_coef_loss   | -3.11    |
|    learning_rate   | 0.0003   |
|    n_updates       | 6461753  |
---------------------------------
---------------------------------
| rollout/           |          |
|    ep_len_mean     | 1.74e+03 |
|    ep_rew_mean     | 471      |
| time/              |          |
|    episodes        | 3872     |
|    fps             | 166      |
|    time_elapsed    | 38928    |
|    total_timesteps | 6469924  |
| train/             |          |
|    actor_loss      | -20.6    |
|    critic_loss     | 7.25     |
|    ent_coef        | 0.0149   |
|    ent_coef_loss   | -0.242   |
|    learning_rate   | 0.0003   |
|    n_updates       | 6468923  |
---------------------------------
---------------------------------
| rollout/           |          |
|    ep_len_mean     | 1.74e+03 |
|    ep_rew_mean     | 464      |
| time/              |          |
|    episodes        | 3876     |
|    fps             | 166      |
|    time_elapsed    | 38972    |
|    total_timesteps | 6477415  |
| train/             |          |
|    actor_loss      | 0.552    |
|    critic_loss     | 5.77     |
|    ent_coef        | 0.0145   |
|    ent_coef_loss   | 0.235    |
|    learning_rate   | 0.0003   |
|    n_updates       | 6476414  |
---------------------------------
---------------------------------
| rollout/           |          |
|    ep_len_mean     | 1.74e+03 |
|    ep_rew_mean     | 468      |
| time/              |          |
|    episodes        | 3880     |
|    fps             | 166      |
|    time_elapsed    | 39014    |
|    total_timesteps | 6484660  |
| train/             |          |
|    actor_loss      | 7.6      |
|    critic_loss     | 2.79e+03 |
|    ent_coef        | 0.0145   |
|    ent_coef_loss   | -1.21    |
|    learning_rate   | 0.0003   |
|    n_updates       | 6483659  |
---------------------------------
---------------------------------
| rollout/           |          |
|    ep_len_mean     | 1.74e+03 |
|    ep_rew_mean     | 477      |
| time/              |          |
|    episodes        | 3884     |
|    fps             | 166      |
|    time_elapsed    | 39057    |
|    total_timesteps | 6491910  |
| train/             |          |
|    actor_loss      | -18.4    |
|    critic_loss     | 2.93     |
|    ent_coef        | 0.0128   |
|    ent_coef_loss   | -2.06    |
|    learning_rate   | 0.0003   |
|    n_updates       | 6490909  |
---------------------------------
---------------------------------
| rollout/           |          |
|    ep_len_mean     | 1.74e+03 |
|    ep_rew_mean     | 480      |
| time/              |          |
|    episodes        | 3888     |
|    fps             | 166      |
|    time_elapsed    | 39097    |
|    total_timesteps | 6498587  |
| train/             |          |
|    actor_loss      | 3.83     |
|    critic_loss     | 10.1     |
|    ent_coef        | 0.0129   |
|    ent_coef_loss   | 0.108    |
|    learning_rate   | 0.0003   |
|    n_updates       | 6497586  |
---------------------------------
---------------------------------
| rollout/           |          |
|    ep_len_mean     | 1.74e+03 |
|    ep_rew_mean     | 479      |
| time/              |          |
|    episodes        | 3892     |
|    fps             | 166      |
|    time_elapsed    | 39134    |
|    total_timesteps | 6504946  |
| train/             |          |
|    actor_loss      | -10.8    |
|    critic_loss     | 9.14     |
|    ent_coef        | 0.0123   |
|    ent_coef_loss   | -2.91    |
|    learning_rate   | 0.0003   |
|    n_updates       | 6503945  |
---------------------------------
---------------------------------
| rollout/           |          |
|    ep_len_mean     | 1.74e+03 |
|    ep_rew_mean     | 477      |
| time/              |          |
|    episodes        | 3896     |
|    fps             | 166      |
|    time_elapsed    | 39183    |
|    total_timesteps | 6511841  |
| train/             |          |
|    actor_loss      | 8.2      |
|    critic_loss     | 18.4     |
|    ent_coef        | 0.0129   |
|    ent_coef_loss   | 2.48     |
|    learning_rate   | 0.0003   |
|    n_updates       | 6510840  |
---------------------------------
---------------------------------
| rollout/           |          |
|    ep_len_mean     | 1.75e+03 |
|    ep_rew_mean     | 488      |
| time/              |          |
|    episodes        | 3900     |
|    fps             | 166      |
|    time_elapsed    | 39223    |
|    total_timesteps | 6518594  |
| train/             |          |
|    actor_loss      | -16.4    |
|    critic_loss     | 4.37     |
|    ent_coef        | 0.0118   |
|    ent_coef_loss   | 1.39     |
|    learning_rate   | 0.0003   |
|    n_updates       | 6517593  |
---------------------------------
---------------------------------
| rollout/           |          |
|    ep_len_mean     | 1.75e+03 |
|    ep_rew_mean     | 484      |
| time/              |          |
|    episodes        | 3904     |
|    fps             | 166      |
|    time_elapsed    | 39265    |
|    total_timesteps | 6525769  |
| train/             |          |
|    actor_loss      | -14.1    |
|    critic_loss     | 7.05     |
|    ent_coef        | 0.0117   |
|    ent_coef_loss   | 0.00579  |
|    learning_rate   | 0.0003   |
|    n_updates       | 6524768  |
---------------------------------
---------------------------------
| rollout/           |          |
|    ep_len_mean     | 1.76e+03 |
|    ep_rew_mean     | 481      |
| time/              |          |
|    episodes        | 3908     |
|    fps             | 166      |
|    time_elapsed    | 39305    |
|    total_timesteps | 6532634  |
| train/             |          |
|    actor_loss      | 6.88     |
|    critic_loss     | 9.48     |
|    ent_coef        | 0.0114   |
|    ent_coef_loss   | -0.288   |
|    learning_rate   | 0.0003   |
|    n_updates       | 6531633  |
---------------------------------
---------------------------------
| rollout/           |          |
|    ep_len_mean     | 1.76e+03 |
|    ep_rew_mean     | 471      |
| time/              |          |
|    episodes        | 3912     |
|    fps             | 166      |
|    time_elapsed    | 39349    |
|    total_timesteps | 6539933  |
| train/             |          |
|    actor_loss      | -12.8    |
|    critic_loss     | 4.2      |
|    ent_coef        | 0.0116   |
|    ent_coef_loss   | -1.44    |
|    learning_rate   | 0.0003   |
|    n_updates       | 6538932  |
---------------------------------
---------------------------------
| rollout/           |          |
|    ep_len_mean     | 1.74e+03 |
|    ep_rew_mean     | 467      |
| time/              |          |
|    episodes        | 3916     |
|    fps             | 166      |
|    time_elapsed    | 39381    |
|    total_timesteps | 6545381  |
| train/             |          |
|    actor_loss      | -6.03    |
|    critic_loss     | 6.65     |
|    ent_coef        | 0.0121   |
|    ent_coef_loss   | 0.775    |
|    learning_rate   | 0.0003   |
|    n_updates       | 6544380  |
---------------------------------
---------------------------------
| rollout/           |          |
|    ep_len_mean     | 1.74e+03 |
|    ep_rew_mean     | 466      |
| time/              |          |
|    episodes        | 3920     |
|    fps             | 166      |
|    time_elapsed    | 39420    |
|    total_timesteps | 6552140  |
| train/             |          |
|    actor_loss      | -10.7    |
|    critic_loss     | 10.1     |
|    ent_coef        | 0.0117   |
|    ent_coef_loss   | -0.508   |
|    learning_rate   | 0.0003   |
|    n_updates       | 6551139  |
---------------------------------
---------------------------------
| rollout/           |          |
|    ep_len_mean     | 1.74e+03 |
|    ep_rew_mean     | 460      |
| time/              |          |
|    episodes        | 3924     |
|    fps             | 166      |
|    time_elapsed    | 39461    |
|    total_timesteps | 6559001  |
| train/             |          |
|    actor_loss      | -21.6    |
|    critic_loss     | 5.81     |
|    ent_coef        | 0.0115   |
|    ent_coef_loss   | -2.67    |
|    learning_rate   | 0.0003   |
|    n_updates       | 6558000  |
---------------------------------
---------------------------------
| rollout/           |          |
|    ep_len_mean     | 1.74e+03 |
|    ep_rew_mean     | 461      |
| time/              |          |
|    episodes        | 3928     |
|    fps             | 166      |
|    time_elapsed    | 39503    |
|    total_timesteps | 6566099  |
| train/             |          |
|    actor_loss      | -18.8    |
|    critic_loss     | 15.3     |
|    ent_coef        | 0.0114   |
|    ent_coef_loss   | 0.489    |
|    learning_rate   | 0.0003   |
|    n_updates       | 6565098  |
---------------------------------
---------------------------------
| rollout/           |          |
|    ep_len_mean     | 1.74e+03 |
|    ep_rew_mean     | 455      |
| time/              |          |
|    episodes        | 3932     |
|    fps             | 166      |
|    time_elapsed    | 39545    |
|    total_timesteps | 6573275  |
| train/             |          |
|    actor_loss      | -4.75    |
|    critic_loss     | 143      |
|    ent_coef        | 0.0114   |
|    ent_coef_loss   | 4.47     |
|    learning_rate   | 0.0003   |
|    n_updates       | 6572274  |
---------------------------------
---------------------------------
| rollout/           |          |
|    ep_len_mean     | 1.74e+03 |
|    ep_rew_mean     | 443      |
| time/              |          |
|    episodes        | 3936     |
|    fps             | 166      |
|    time_elapsed    | 39584    |
|    total_timesteps | 6579952  |
| train/             |          |
|    actor_loss      | -16.1    |
|    critic_loss     | 7.27     |
|    ent_coef        | 0.0117   |
|    ent_coef_loss   | 0.0843   |
|    learning_rate   | 0.0003   |
|    n_updates       | 6578951  |
---------------------------------
---------------------------------
| rollout/           |          |
|    ep_len_mean     | 1.73e+03 |
|    ep_rew_mean     | 444      |
| time/              |          |
|    episodes        | 3940     |
|    fps             | 166      |
|    time_elapsed    | 39624    |
|    total_timesteps | 6586724  |
| train/             |          |
|    actor_loss      | -12.9    |
|    critic_loss     | 8.07     |
|    ent_coef        | 0.0114   |
|    ent_coef_loss   | 1.48     |
|    learning_rate   | 0.0003   |
|    n_updates       | 6585723  |
---------------------------------
---------------------------------
| rollout/           |          |
|    ep_len_mean     | 1.73e+03 |
|    ep_rew_mean     | 440      |
| time/              |          |
|    episodes        | 3944     |
|    fps             | 166      |
|    time_elapsed    | 39666    |
|    total_timesteps | 6593719  |
| train/             |          |
|    actor_loss      | -10.5    |
|    critic_loss     | 14.3     |
|    ent_coef        | 0.0114   |
|    ent_coef_loss   | 1.95     |
|    learning_rate   | 0.0003   |
|    n_updates       | 6592718  |
---------------------------------
---------------------------------
| rollout/           |          |
|    ep_len_mean     | 1.73e+03 |
|    ep_rew_mean     | 423      |
| time/              |          |
|    episodes        | 3948     |
|    fps             | 166      |
|    time_elapsed    | 39709    |
|    total_timesteps | 6601009  |
| train/             |          |
|    actor_loss      | 6.54     |
|    critic_loss     | 17.1     |
|    ent_coef        | 0.0117   |
|    ent_coef_loss   | -0.256   |
|    learning_rate   | 0.0003   |
|    n_updates       | 6600008  |
---------------------------------
---------------------------------
| rollout/           |          |
|    ep_len_mean     | 1.73e+03 |
|    ep_rew_mean     | 419      |
| time/              |          |
|    episodes        | 3952     |
|    fps             | 166      |
|    time_elapsed    | 39747    |
|    total_timesteps | 6607553  |
| train/             |          |
|    actor_loss      | -29.4    |
|    critic_loss     | 3.92     |
|    ent_coef        | 0.0114   |
|    ent_coef_loss   | -0.853   |
|    learning_rate   | 0.0003   |
|    n_updates       | 6606552  |
---------------------------------
---------------------------------
| rollout/           |          |
|    ep_len_mean     | 1.72e+03 |
|    ep_rew_mean     | 415      |
| time/              |          |
|    episodes        | 3956     |
|    fps             | 166      |
|    time_elapsed    | 39788    |
|    total_timesteps | 6614459  |
| train/             |          |
|    actor_loss      | -11.1    |
|    critic_loss     | 11.9     |
|    ent_coef        | 0.0119   |
|    ent_coef_loss   | 0.183    |
|    learning_rate   | 0.0003   |
|    n_updates       | 6613458  |
---------------------------------
---------------------------------
| rollout/           |          |
|    ep_len_mean     | 1.73e+03 |
|    ep_rew_mean     | 426      |
| time/              |          |
|    episodes        | 3960     |
|    fps             | 166      |
|    time_elapsed    | 39827    |
|    total_timesteps | 6621122  |
| train/             |          |
|    actor_loss      | -1.83    |
|    critic_loss     | 17.6     |
|    ent_coef        | 0.0124   |
|    ent_coef_loss   | -0.61    |
|    learning_rate   | 0.0003   |
|    n_updates       | 6620121  |
---------------------------------
---------------------------------
| rollout/           |          |
|    ep_len_mean     | 1.73e+03 |
|    ep_rew_mean     | 421      |
| time/              |          |
|    episodes        | 3964     |
|    fps             | 166      |
|    time_elapsed    | 39869    |
|    total_timesteps | 6628256  |
| train/             |          |
|    actor_loss      | -4.56    |
|    critic_loss     | 5.39     |
|    ent_coef        | 0.0128   |
|    ent_coef_loss   | -0.828   |
|    learning_rate   | 0.0003   |
|    n_updates       | 6627255  |
---------------------------------
---------------------------------
| rollout/           |          |
|    ep_len_mean     | 1.73e+03 |
|    ep_rew_mean     | 419      |
| time/              |          |
|    episodes        | 3968     |
|    fps             | 166      |
|    time_elapsed    | 39911    |
|    total_timesteps | 6635339  |
| train/             |          |
|    actor_loss      | -2.67    |
|    critic_loss     | 5.41     |
|    ent_coef        | 0.0124   |
|    ent_coef_loss   | 0.578    |
|    learning_rate   | 0.0003   |
|    n_updates       | 6634338  |
---------------------------------
---------------------------------
| rollout/           |          |
|    ep_len_mean     | 1.73e+03 |
|    ep_rew_mean     | 412      |
| time/              |          |
|    episodes        | 3972     |
|    fps             | 166      |
|    time_elapsed    | 39954    |
|    total_timesteps | 6642591  |
| train/             |          |
|    actor_loss      | -8.94    |
|    critic_loss     | 7.3      |
|    ent_coef        | 0.0119   |
|    ent_coef_loss   | 1.62     |
|    learning_rate   | 0.0003   |
|    n_updates       | 6641590  |
---------------------------------
---------------------------------
| rollout/           |          |
|    ep_len_mean     | 1.72e+03 |
|    ep_rew_mean     | 415      |
| time/              |          |
|    episodes        | 3976     |
|    fps             | 166      |
|    time_elapsed    | 39997    |
|    total_timesteps | 6649870  |
| train/             |          |
|    actor_loss      | -17.8    |
|    critic_loss     | 13       |
|    ent_coef        | 0.0125   |
|    ent_coef_loss   | 0.78     |
|    learning_rate   | 0.0003   |
|    n_updates       | 6648869  |
---------------------------------
---------------------------------
| rollout/           |          |
|    ep_len_mean     | 1.72e+03 |
|    ep_rew_mean     | 410      |
| time/              |          |
|    episodes        | 3980     |
|    fps             | 166      |
|    time_elapsed    | 40038    |
|    total_timesteps | 6656913  |
| train/             |          |
|    actor_loss      | -15.5    |
|    critic_loss     | 5.15     |
|    ent_coef        | 0.0119   |
|    ent_coef_loss   | -3.09    |
|    learning_rate   | 0.0003   |
|    n_updates       | 6655912  |
---------------------------------
---------------------------------
| rollout/           |          |
|    ep_len_mean     | 1.72e+03 |
|    ep_rew_mean     | 402      |
| time/              |          |
|    episodes        | 3984     |
|    fps             | 166      |
|    time_elapsed    | 40080    |
|    total_timesteps | 6664059  |
| train/             |          |
|    actor_loss      | -15.1    |
|    critic_loss     | 6.26     |
|    ent_coef        | 0.0117   |
|    ent_coef_loss   | 2.04     |
|    learning_rate   | 0.0003   |
|    n_updates       | 6663058  |
---------------------------------
---------------------------------
| rollout/           |          |
|    ep_len_mean     | 1.72e+03 |
|    ep_rew_mean     | 396      |
| time/              |          |
|    episodes        | 3988     |
|    fps             | 166      |
|    time_elapsed    | 40121    |
|    total_timesteps | 6670858  |
| train/             |          |
|    actor_loss      | -12.3    |
|    critic_loss     | 13.6     |
|    ent_coef        | 0.012    |
|    ent_coef_loss   | 2.22     |
|    learning_rate   | 0.0003   |
|    n_updates       | 6669857  |
---------------------------------
---------------------------------
| rollout/           |          |
|    ep_len_mean     | 1.73e+03 |
|    ep_rew_mean     | 396      |
| time/              |          |
|    episodes        | 3992     |
|    fps             | 166      |
|    time_elapsed    | 40162    |
|    total_timesteps | 6677901  |
| train/             |          |
|    actor_loss      | -0.666   |
|    critic_loss     | 4.52     |
|    ent_coef        | 0.0127   |
|    ent_coef_loss   | -0.95    |
|    learning_rate   | 0.0003   |
|    n_updates       | 6676900  |
---------------------------------
---------------------------------
| rollout/           |          |
|    ep_len_mean     | 1.73e+03 |
|    ep_rew_mean     | 400      |
| time/              |          |
|    episodes        | 3996     |
|    fps             | 166      |
|    time_elapsed    | 40203    |
|    total_timesteps | 6684831  |
| train/             |          |
|    actor_loss      | -16.3    |
|    critic_loss     | 14.1     |
|    ent_coef        | 0.0117   |
|    ent_coef_loss   | 0.516    |
|    learning_rate   | 0.0003   |
|    n_updates       | 6683830  |
---------------------------------
---------------------------------
| rollout/           |          |
|    ep_len_mean     | 1.74e+03 |
|    ep_rew_mean     | 396      |
| time/              |          |
|    episodes        | 4000     |
|    fps             | 166      |
|    time_elapsed    | 40246    |
|    total_timesteps | 6692117  |
| train/             |          |
|    actor_loss      | -7.27    |
|    critic_loss     | 5.4      |
|    ent_coef        | 0.0114   |
|    ent_coef_loss   | -0.311   |
|    learning_rate   | 0.0003   |
|    n_updates       | 6691116  |
---------------------------------
---------------------------------
| rollout/           |          |
|    ep_len_mean     | 1.73e+03 |
|    ep_rew_mean     | 392      |
| time/              |          |
|    episodes        | 4004     |
|    fps             | 166      |
|    time_elapsed    | 40284    |
|    total_timesteps | 6698562  |
| train/             |          |
|    actor_loss      | -15.2    |
|    critic_loss     | 12.9     |
|    ent_coef        | 0.011    |
|    ent_coef_loss   | 1.36     |
|    learning_rate   | 0.0003   |
|    n_updates       | 6697561  |
---------------------------------
---------------------------------
| rollout/           |          |
|    ep_len_mean     | 1.72e+03 |
|    ep_rew_mean     | 383      |
| time/              |          |
|    episodes        | 4008     |
|    fps             | 166      |
|    time_elapsed    | 40322    |
|    total_timesteps | 6704975  |
| train/             |          |
|    actor_loss      | -6.09    |
|    critic_loss     | 6.01     |
|    ent_coef        | 0.0109   |
|    ent_coef_loss   | -0.345   |
|    learning_rate   | 0.0003   |
|    n_updates       | 6703974  |
---------------------------------
---------------------------------
| rollout/           |          |
|    ep_len_mean     | 1.71e+03 |
|    ep_rew_mean     | 376      |
| time/              |          |
|    episodes        | 4012     |
|    fps             | 166      |
|    time_elapsed    | 40359    |
|    total_timesteps | 6711319  |
| train/             |          |
|    actor_loss      | -10.2    |
|    critic_loss     | 8.92     |
|    ent_coef        | 0.0106   |
|    ent_coef_loss   | -2.1     |
|    learning_rate   | 0.0003   |
|    n_updates       | 6710318  |
---------------------------------
---------------------------------
| rollout/           |          |
|    ep_len_mean     | 1.72e+03 |
|    ep_rew_mean     | 377      |
| time/              |          |
|    episodes        | 4016     |
|    fps             | 166      |
|    time_elapsed    | 40397    |
|    total_timesteps | 6717755  |
| train/             |          |
|    actor_loss      | -8.21    |
|    critic_loss     | 4.35     |
|    ent_coef        | 0.0109   |
|    ent_coef_loss   | 3.27     |
|    learning_rate   | 0.0003   |
|    n_updates       | 6716754  |
---------------------------------
---------------------------------
| rollout/           |          |
|    ep_len_mean     | 1.73e+03 |
|    ep_rew_mean     | 374      |
| time/              |          |
|    episodes        | 4020     |
|    fps             | 166      |
|    time_elapsed    | 40437    |
|    total_timesteps | 6724658  |
| train/             |          |
|    actor_loss      | -16.1    |
|    critic_loss     | 43       |
|    ent_coef        | 0.0104   |
|    ent_coef_loss   | -0.0368  |
|    learning_rate   | 0.0003   |
|    n_updates       | 6723657  |
---------------------------------
---------------------------------
| rollout/           |          |
|    ep_len_mean     | 1.73e+03 |
|    ep_rew_mean     | 376      |
| time/              |          |
|    episodes        | 4024     |
|    fps             | 166      |
|    time_elapsed    | 40478    |
|    total_timesteps | 6731597  |
| train/             |          |
|    actor_loss      | -12.1    |
|    critic_loss     | 27.2     |
|    ent_coef        | 0.0107   |
|    ent_coef_loss   | 0.545    |
|    learning_rate   | 0.0003   |
|    n_updates       | 6730596  |
---------------------------------
---------------------------------
| rollout/           |          |
|    ep_len_mean     | 1.72e+03 |
|    ep_rew_mean     | 369      |
| time/              |          |
|    episodes        | 4028     |
|    fps             | 166      |
|    time_elapsed    | 40519    |
|    total_timesteps | 6738517  |
| train/             |          |
|    actor_loss      | -17.4    |
|    critic_loss     | 3.95     |
|    ent_coef        | 0.0102   |
|    ent_coef_loss   | 0.661    |
|    learning_rate   | 0.0003   |
|    n_updates       | 6737516  |
---------------------------------
---------------------------------
| rollout/           |          |
|    ep_len_mean     | 1.72e+03 |
|    ep_rew_mean     | 378      |
| time/              |          |
|    episodes        | 4032     |
|    fps             | 166      |
|    time_elapsed    | 40560    |
|    total_timesteps | 6745404  |
| train/             |          |
|    actor_loss      | -21.9    |
|    critic_loss     | 4.09     |
|    ent_coef        | 0.0102   |
|    ent_coef_loss   | 0.162    |
|    learning_rate   | 0.0003   |
|    n_updates       | 6744403  |
---------------------------------
---------------------------------
| rollout/           |          |
|    ep_len_mean     | 1.72e+03 |
|    ep_rew_mean     | 380      |
| time/              |          |
|    episodes        | 4036     |
|    fps             | 166      |
|    time_elapsed    | 40603    |
|    total_timesteps | 6752213  |
| train/             |          |
|    actor_loss      | -22.7    |
|    critic_loss     | 3.07     |
|    ent_coef        | 0.0105   |
|    ent_coef_loss   | -1.37    |
|    learning_rate   | 0.0003   |
|    n_updates       | 6751212  |
---------------------------------
---------------------------------
| rollout/           |          |
|    ep_len_mean     | 1.73e+03 |
|    ep_rew_mean     | 389      |
| time/              |          |
|    episodes        | 4040     |
|    fps             | 166      |
|    time_elapsed    | 40646    |
|    total_timesteps | 6759473  |
| train/             |          |
|    actor_loss      | -26.6    |
|    critic_loss     | 5.84     |
|    ent_coef        | 0.0101   |
|    ent_coef_loss   | 1.76     |
|    learning_rate   | 0.0003   |
|    n_updates       | 6758472  |
---------------------------------
---------------------------------
| rollout/           |          |
|    ep_len_mean     | 1.73e+03 |
|    ep_rew_mean     | 395      |
| time/              |          |
|    episodes        | 4044     |
|    fps             | 166      |
|    time_elapsed    | 40691    |
|    total_timesteps | 6767079  |
| train/             |          |
|    actor_loss      | -14.9    |
|    critic_loss     | 9.6      |
|    ent_coef        | 0.0101   |
|    ent_coef_loss   | -0.326   |
|    learning_rate   | 0.0003   |
|    n_updates       | 6766078  |
---------------------------------
---------------------------------
| rollout/           |          |
|    ep_len_mean     | 1.73e+03 |
|    ep_rew_mean     | 403      |
| time/              |          |
|    episodes        | 4048     |
|    fps             | 166      |
|    time_elapsed    | 40733    |
|    total_timesteps | 6774180  |
| train/             |          |
|    actor_loss      | -21.6    |
|    critic_loss     | 10.9     |
|    ent_coef        | 0.00993  |
|    ent_coef_loss   | 0.15     |
|    learning_rate   | 0.0003   |
|    n_updates       | 6773179  |
---------------------------------
---------------------------------
| rollout/           |          |
|    ep_len_mean     | 1.74e+03 |
|    ep_rew_mean     | 408      |
| time/              |          |
|    episodes        | 4052     |
|    fps             | 166      |
|    time_elapsed    | 40777    |
|    total_timesteps | 6781565  |
| train/             |          |
|    actor_loss      | -24.5    |
|    critic_loss     | 2.31     |
|    ent_coef        | 0.0101   |
|    ent_coef_loss   | 0.731    |
|    learning_rate   | 0.0003   |
|    n_updates       | 6780564  |
---------------------------------
---------------------------------
| rollout/           |          |
|    ep_len_mean     | 1.74e+03 |
|    ep_rew_mean     | 418      |
| time/              |          |
|    episodes        | 4056     |
|    fps             | 166      |
|    time_elapsed    | 40820    |
|    total_timesteps | 6788916  |
| train/             |          |
|    actor_loss      | -12.4    |
|    critic_loss     | 7.01     |
|    ent_coef        | 0.0105   |
|    ent_coef_loss   | 0.202    |
|    learning_rate   | 0.0003   |
|    n_updates       | 6787915  |
---------------------------------
---------------------------------
| rollout/           |          |
|    ep_len_mean     | 1.75e+03 |
|    ep_rew_mean     | 409      |
| time/              |          |
|    episodes        | 4060     |
|    fps             | 166      |
|    time_elapsed    | 40863    |
|    total_timesteps | 6796089  |
| train/             |          |
|    actor_loss      | -17.6    |
|    critic_loss     | 3.34     |
|    ent_coef        | 0.0105   |
|    ent_coef_loss   | 3.93     |
|    learning_rate   | 0.0003   |
|    n_updates       | 6795088  |
---------------------------------
---------------------------------
| rollout/           |          |
|    ep_len_mean     | 1.75e+03 |
|    ep_rew_mean     | 411      |
| time/              |          |
|    episodes        | 4064     |
|    fps             | 166      |
|    time_elapsed    | 40905    |
|    total_timesteps | 6803229  |
| train/             |          |
|    actor_loss      | -23.5    |
|    critic_loss     | 2.55     |
|    ent_coef        | 0.0104   |
|    ent_coef_loss   | -0.92    |
|    learning_rate   | 0.0003   |
|    n_updates       | 6802228  |
---------------------------------
---------------------------------
| rollout/           |          |
|    ep_len_mean     | 1.74e+03 |
|    ep_rew_mean     | 418      |
| time/              |          |
|    episodes        | 4068     |
|    fps             | 166      |
|    time_elapsed    | 40942    |
|    total_timesteps | 6809630  |
| train/             |          |
|    actor_loss      | -20.9    |
|    critic_loss     | 5.18     |
|    ent_coef        | 0.0105   |
|    ent_coef_loss   | -2.11    |
|    learning_rate   | 0.0003   |
|    n_updates       | 6808629  |
---------------------------------
---------------------------------
| rollout/           |          |
|    ep_len_mean     | 1.74e+03 |
|    ep_rew_mean     | 424      |
| time/              |          |
|    episodes        | 4072     |
|    fps             | 166      |
|    time_elapsed    | 40984    |
|    total_timesteps | 6816663  |
| train/             |          |
|    actor_loss      | -27.7    |
|    critic_loss     | 3.23     |
|    ent_coef        | 0.0107   |
|    ent_coef_loss   | -1.16    |
|    learning_rate   | 0.0003   |
|    n_updates       | 6815662  |
---------------------------------
---------------------------------
| rollout/           |          |
|    ep_len_mean     | 1.74e+03 |
|    ep_rew_mean     | 420      |
| time/              |          |
|    episodes        | 4076     |
|    fps             | 166      |
|    time_elapsed    | 41027    |
|    total_timesteps | 6823930  |
| train/             |          |
|    actor_loss      | -17.3    |
|    critic_loss     | 6.12     |
|    ent_coef        | 0.0111   |
|    ent_coef_loss   | 1.2      |
|    learning_rate   | 0.0003   |
|    n_updates       | 6822929  |
---------------------------------
---------------------------------
| rollout/           |          |
|    ep_len_mean     | 1.73e+03 |
|    ep_rew_mean     | 428      |
| time/              |          |
|    episodes        | 4080     |
|    fps             | 166      |
|    time_elapsed    | 41061    |
|    total_timesteps | 6829677  |
| train/             |          |
|    actor_loss      | -20.7    |
|    critic_loss     | 14.8     |
|    ent_coef        | 0.0114   |
|    ent_coef_loss   | 1.47     |
|    learning_rate   | 0.0003   |
|    n_updates       | 6828676  |
---------------------------------
---------------------------------
| rollout/           |          |
|    ep_len_mean     | 1.72e+03 |
|    ep_rew_mean     | 433      |
| time/              |          |
|    episodes        | 4084     |
|    fps             | 166      |
|    time_elapsed    | 41099    |
|    total_timesteps | 6836128  |
| train/             |          |
|    actor_loss      | -10.5    |
|    critic_loss     | 7.29     |
|    ent_coef        | 0.0114   |
|    ent_coef_loss   | -1.2     |
|    learning_rate   | 0.0003   |
|    n_updates       | 6835127  |
---------------------------------
---------------------------------
| rollout/           |          |
|    ep_len_mean     | 1.72e+03 |
|    ep_rew_mean     | 437      |
| time/              |          |
|    episodes        | 4088     |
|    fps             | 166      |
|    time_elapsed    | 41139    |
|    total_timesteps | 6842957  |
| train/             |          |
|    actor_loss      | -2.81    |
|    critic_loss     | 40.4     |
|    ent_coef        | 0.0114   |
|    ent_coef_loss   | 0.0363   |
|    learning_rate   | 0.0003   |
|    n_updates       | 6841956  |
---------------------------------
---------------------------------
| rollout/           |          |
|    ep_len_mean     | 1.71e+03 |
|    ep_rew_mean     | 434      |
| time/              |          |
|    episodes        | 4092     |
|    fps             | 166      |
|    time_elapsed    | 41177    |
|    total_timesteps | 6849306  |
| train/             |          |
|    actor_loss      | 1.71     |
|    critic_loss     | 7.01     |
|    ent_coef        | 0.012    |
|    ent_coef_loss   | 0.0793   |
|    learning_rate   | 0.0003   |
|    n_updates       | 6848305  |
---------------------------------
---------------------------------
| rollout/           |          |
|    ep_len_mean     | 1.71e+03 |
|    ep_rew_mean     | 442      |
| time/              |          |
|    episodes        | 4096     |
|    fps             | 166      |
|    time_elapsed    | 41214    |
|    total_timesteps | 6855698  |
| train/             |          |
|    actor_loss      | -2.39    |
|    critic_loss     | 83.2     |
|    ent_coef        | 0.0122   |
|    ent_coef_loss   | 3.83     |
|    learning_rate   | 0.0003   |
|    n_updates       | 6854697  |
---------------------------------
---------------------------------
| rollout/           |          |
|    ep_len_mean     | 1.7e+03  |
|    ep_rew_mean     | 441      |
| time/              |          |
|    episodes        | 4100     |
|    fps             | 166      |
|    time_elapsed    | 41253    |
|    total_timesteps | 6862252  |
| train/             |          |
|    actor_loss      | 4.4      |
|    critic_loss     | 28.4     |
|    ent_coef        | 0.0121   |
|    ent_coef_loss   | 0.317    |
|    learning_rate   | 0.0003   |
|    n_updates       | 6861251  |
---------------------------------
---------------------------------
| rollout/           |          |
|    ep_len_mean     | 1.71e+03 |
|    ep_rew_mean     | 448      |
| time/              |          |
|    episodes        | 4104     |
|    fps             | 166      |
|    time_elapsed    | 41294    |
|    total_timesteps | 6869198  |
| train/             |          |
|    actor_loss      | 4.62     |
|    critic_loss     | 9.54     |
|    ent_coef        | 0.0127   |
|    ent_coef_loss   | -1.59    |
|    learning_rate   | 0.0003   |
|    n_updates       | 6868197  |
---------------------------------
---------------------------------
| rollout/           |          |
|    ep_len_mean     | 1.71e+03 |
|    ep_rew_mean     | 458      |
| time/              |          |
|    episodes        | 4108     |
|    fps             | 166      |
|    time_elapsed    | 41334    |
|    total_timesteps | 6876045  |
| train/             |          |
|    actor_loss      | -4.12    |
|    critic_loss     | 8.33     |
|    ent_coef        | 0.0131   |
|    ent_coef_loss   | -0.953   |
|    learning_rate   | 0.0003   |
|    n_updates       | 6875044  |
---------------------------------
---------------------------------
| rollout/           |          |
|    ep_len_mean     | 1.71e+03 |
|    ep_rew_mean     | 460      |
| time/              |          |
|    episodes        | 4112     |
|    fps             | 166      |
|    time_elapsed    | 41373    |
|    total_timesteps | 6882553  |
| train/             |          |
|    actor_loss      | 9.17     |
|    critic_loss     | 11.7     |
|    ent_coef        | 0.0135   |
|    ent_coef_loss   | 2.64     |
|    learning_rate   | 0.0003   |
|    n_updates       | 6881552  |
---------------------------------
---------------------------------
| rollout/           |          |
|    ep_len_mean     | 1.71e+03 |
|    ep_rew_mean     | 463      |
| time/              |          |
|    episodes        | 4116     |
|    fps             | 166      |
|    time_elapsed    | 41412    |
|    total_timesteps | 6889171  |
| train/             |          |
|    actor_loss      | -7.55    |
|    critic_loss     | 377      |
|    ent_coef        | 0.0131   |
|    ent_coef_loss   | 2.79     |
|    learning_rate   | 0.0003   |
|    n_updates       | 6888170  |
---------------------------------
---------------------------------
| rollout/           |          |
|    ep_len_mean     | 1.72e+03 |
|    ep_rew_mean     | 461      |
| time/              |          |
|    episodes        | 4120     |
|    fps             | 166      |
|    time_elapsed    | 41453    |
|    total_timesteps | 6896190  |
| train/             |          |
|    actor_loss      | -5.57    |
|    critic_loss     | 5.84     |
|    ent_coef        | 0.0137   |
|    ent_coef_loss   | 2.32     |
|    learning_rate   | 0.0003   |
|    n_updates       | 6895189  |
---------------------------------
---------------------------------
| rollout/           |          |
|    ep_len_mean     | 1.72e+03 |
|    ep_rew_mean     | 469      |
| time/              |          |
|    episodes        | 4124     |
|    fps             | 166      |
|    time_elapsed    | 41495    |
|    total_timesteps | 6903203  |
| train/             |          |
|    actor_loss      | 20.4     |
|    critic_loss     | 24.9     |
|    ent_coef        | 0.0128   |
|    ent_coef_loss   | 1.74     |
|    learning_rate   | 0.0003   |
|    n_updates       | 6902202  |
---------------------------------
---------------------------------
| rollout/           |          |
|    ep_len_mean     | 1.72e+03 |
|    ep_rew_mean     | 474      |
| time/              |          |
|    episodes        | 4128     |
|    fps             | 166      |
|    time_elapsed    | 41536    |
|    total_timesteps | 6910142  |
| train/             |          |
|    actor_loss      | 8.22     |
|    critic_loss     | 10.8     |
|    ent_coef        | 0.0139   |
|    ent_coef_loss   | 0.0167   |
|    learning_rate   | 0.0003   |
|    n_updates       | 6909141  |
---------------------------------
---------------------------------
| rollout/           |          |
|    ep_len_mean     | 1.71e+03 |
|    ep_rew_mean     | 469      |
| time/              |          |
|    episodes        | 4132     |
|    fps             | 166      |
|    time_elapsed    | 41574    |
|    total_timesteps | 6916666  |
| train/             |          |
|    actor_loss      | -23.9    |
|    critic_loss     | 5.25     |
|    ent_coef        | 0.0128   |
|    ent_coef_loss   | 0.499    |
|    learning_rate   | 0.0003   |
|    n_updates       | 6915665  |
---------------------------------
---------------------------------
| rollout/           |          |
|    ep_len_mean     | 1.71e+03 |
|    ep_rew_mean     | 466      |
| time/              |          |
|    episodes        | 4136     |
|    fps             | 166      |
|    time_elapsed    | 41616    |
|    total_timesteps | 6923700  |
| train/             |          |
|    actor_loss      | 6.04     |
|    critic_loss     | 3.02     |
|    ent_coef        | 0.0128   |
|    ent_coef_loss   | -0.22    |
|    learning_rate   | 0.0003   |
|    n_updates       | 6922699  |
---------------------------------
---------------------------------
| rollout/           |          |
|    ep_len_mean     | 1.71e+03 |
|    ep_rew_mean     | 464      |
| time/              |          |
|    episodes        | 4140     |
|    fps             | 166      |
|    time_elapsed    | 41657    |
|    total_timesteps | 6930734  |
| train/             |          |
|    actor_loss      | -13.6    |
|    critic_loss     | 4.78     |
|    ent_coef        | 0.0125   |
|    ent_coef_loss   | -1.53    |
|    learning_rate   | 0.0003   |
|    n_updates       | 6929733  |
---------------------------------
---------------------------------
| rollout/           |          |
|    ep_len_mean     | 1.71e+03 |
|    ep_rew_mean     | 457      |
| time/              |          |
|    episodes        | 4144     |
|    fps             | 166      |
|    time_elapsed    | 41699    |
|    total_timesteps | 6937738  |
| train/             |          |
|    actor_loss      | 14       |
|    critic_loss     | 8.39     |
|    ent_coef        | 0.0116   |
|    ent_coef_loss   | 0.279    |
|    learning_rate   | 0.0003   |
|    n_updates       | 6936737  |
---------------------------------
---------------------------------
| rollout/           |          |
|    ep_len_mean     | 1.7e+03  |
|    ep_rew_mean     | 464      |
| time/              |          |
|    episodes        | 4148     |
|    fps             | 166      |
|    time_elapsed    | 41738    |
|    total_timesteps | 6944425  |
| train/             |          |
|    actor_loss      | -3.36    |
|    critic_loss     | 6.59     |
|    ent_coef        | 0.0119   |
|    ent_coef_loss   | -2.47    |
|    learning_rate   | 0.0003   |
|    n_updates       | 6943424  |
---------------------------------
---------------------------------
| rollout/           |          |
|    ep_len_mean     | 1.7e+03  |
|    ep_rew_mean     | 455      |
| time/              |          |
|    episodes        | 4152     |
|    fps             | 166      |
|    time_elapsed    | 41778    |
|    total_timesteps | 6951140  |
| train/             |          |
|    actor_loss      | 5.6      |
|    critic_loss     | 13.8     |
|    ent_coef        | 0.0121   |
|    ent_coef_loss   | 3.26     |
|    learning_rate   | 0.0003   |
|    n_updates       | 6950139  |
---------------------------------
---------------------------------
| rollout/           |          |
|    ep_len_mean     | 1.7e+03  |
|    ep_rew_mean     | 455      |
| time/              |          |
|    episodes        | 4156     |
|    fps             | 166      |
|    time_elapsed    | 41824    |
|    total_timesteps | 6958911  |
| train/             |          |
|    actor_loss      | -22.1    |
|    critic_loss     | 88.1     |
|    ent_coef        | 0.0121   |
|    ent_coef_loss   | -0.759   |
|    learning_rate   | 0.0003   |
|    n_updates       | 6957910  |
---------------------------------
---------------------------------
| rollout/           |          |
|    ep_len_mean     | 1.7e+03  |
|    ep_rew_mean     | 459      |
| time/              |          |
|    episodes        | 4160     |
|    fps             | 166      |
|    time_elapsed    | 41865    |
|    total_timesteps | 6965793  |
| train/             |          |
|    actor_loss      | 6.73     |
|    critic_loss     | 18.2     |
|    ent_coef        | 0.0123   |
|    ent_coef_loss   | 0.382    |
|    learning_rate   | 0.0003   |
|    n_updates       | 6964792  |
---------------------------------
---------------------------------
| rollout/           |          |
|    ep_len_mean     | 1.7e+03  |
|    ep_rew_mean     | 456      |
| time/              |          |
|    episodes        | 4164     |
|    fps             | 166      |
|    time_elapsed    | 41910    |
|    total_timesteps | 6973401  |
| train/             |          |
|    actor_loss      | 4.26     |
|    critic_loss     | 7.18     |
|    ent_coef        | 0.0133   |
|    ent_coef_loss   | 2.74     |
|    learning_rate   | 0.0003   |
|    n_updates       | 6972400  |
---------------------------------
---------------------------------
| rollout/           |          |
|    ep_len_mean     | 1.7e+03  |
|    ep_rew_mean     | 452      |
| time/              |          |
|    episodes        | 4168     |
|    fps             | 166      |
|    time_elapsed    | 41945    |
|    total_timesteps | 6979414  |
| train/             |          |
|    actor_loss      | -14.8    |
|    critic_loss     | 28.1     |
|    ent_coef        | 0.0135   |
|    ent_coef_loss   | 1.56     |
|    learning_rate   | 0.0003   |
|    n_updates       | 6978413  |
---------------------------------
---------------------------------
| rollout/           |          |
|    ep_len_mean     | 1.7e+03  |
|    ep_rew_mean     | 447      |
| time/              |          |
|    episodes        | 4172     |
|    fps             | 166      |
|    time_elapsed    | 41987    |
|    total_timesteps | 6986514  |
| train/             |          |
|    actor_loss      | -5.06    |
|    critic_loss     | 23       |
|    ent_coef        | 0.0133   |
|    ent_coef_loss   | 3.43     |
|    learning_rate   | 0.0003   |
|    n_updates       | 6985513  |
---------------------------------
---------------------------------
| rollout/           |          |
|    ep_len_mean     | 1.7e+03  |
|    ep_rew_mean     | 447      |
| time/              |          |
|    episodes        | 4176     |
|    fps             | 166      |
|    time_elapsed    | 42033    |
|    total_timesteps | 6994208  |
| train/             |          |
|    actor_loss      | -3.29    |
|    critic_loss     | 10.4     |
|    ent_coef        | 0.0131   |
|    ent_coef_loss   | 1.21     |
|    learning_rate   | 0.0003   |
|    n_updates       | 6993207  |
---------------------------------
---------------------------------
| rollout/           |          |
|    ep_len_mean     | 1.72e+03 |
|    ep_rew_mean     | 449      |
| time/              |          |
|    episodes        | 4180     |
|    fps             | 166      |
|    time_elapsed    | 42077    |
|    total_timesteps | 7001637  |
| train/             |          |
|    actor_loss      | -11.3    |
|    critic_loss     | 19.5     |
|    ent_coef        | 0.0133   |
|    ent_coef_loss   | -1.93    |
|    learning_rate   | 0.0003   |
|    n_updates       | 7000636  |
---------------------------------
---------------------------------
| rollout/           |          |
|    ep_len_mean     | 1.73e+03 |
|    ep_rew_mean     | 446      |
| time/              |          |
|    episodes        | 4184     |
|    fps             | 166      |
|    time_elapsed    | 42122    |
|    total_timesteps | 7009212  |
| train/             |          |
|    actor_loss      | 7.22     |
|    critic_loss     | 4.94     |
|    ent_coef        | 0.013    |
|    ent_coef_loss   | -0.548   |
|    learning_rate   | 0.0003   |
|    n_updates       | 7008211  |
---------------------------------
---------------------------------
| rollout/           |          |
|    ep_len_mean     | 1.74e+03 |
|    ep_rew_mean     | 450      |
| time/              |          |
|    episodes        | 4188     |
|    fps             | 166      |
|    time_elapsed    | 42166    |
|    total_timesteps | 7016691  |
| train/             |          |
|    actor_loss      | 7.88     |
|    critic_loss     | 12.2     |
|    ent_coef        | 0.0128   |
|    ent_coef_loss   | -1.86    |
|    learning_rate   | 0.0003   |
|    n_updates       | 7015690  |
---------------------------------
---------------------------------
| rollout/           |          |
|    ep_len_mean     | 1.74e+03 |
|    ep_rew_mean     | 446      |
| time/              |          |
|    episodes        | 4192     |
|    fps             | 166      |
|    time_elapsed    | 42202    |
|    total_timesteps | 7022843  |
| train/             |          |
|    actor_loss      | -4.1     |
|    critic_loss     | 13       |
|    ent_coef        | 0.0125   |
|    ent_coef_loss   | 1.38     |
|    learning_rate   | 0.0003   |
|    n_updates       | 7021842  |
---------------------------------
---------------------------------
| rollout/           |          |
|    ep_len_mean     | 1.75e+03 |
|    ep_rew_mean     | 444      |
| time/              |          |
|    episodes        | 4196     |
|    fps             | 166      |
|    time_elapsed    | 42246    |
|    total_timesteps | 7030333  |
| train/             |          |
|    actor_loss      | 8.62     |
|    critic_loss     | 13.8     |
|    ent_coef        | 0.0128   |
|    ent_coef_loss   | 5.21     |
|    learning_rate   | 0.0003   |
|    n_updates       | 7029332  |
---------------------------------
---------------------------------
| rollout/           |          |
|    ep_len_mean     | 1.76e+03 |
|    ep_rew_mean     | 457      |
| time/              |          |
|    episodes        | 4200     |
|    fps             | 166      |
|    time_elapsed    | 42292    |
|    total_timesteps | 7038004  |
| train/             |          |
|    actor_loss      | 0.0166   |
|    critic_loss     | 10.2     |
|    ent_coef        | 0.013    |
|    ent_coef_loss   | 0.118    |
|    learning_rate   | 0.0003   |
|    n_updates       | 7037003  |
---------------------------------
---------------------------------
| rollout/           |          |
|    ep_len_mean     | 1.76e+03 |
|    ep_rew_mean     | 457      |
| time/              |          |
|    episodes        | 4204     |
|    fps             | 166      |
|    time_elapsed    | 42334    |
|    total_timesteps | 7045254  |
| train/             |          |
|    actor_loss      | -3.92    |
|    critic_loss     | 5.42     |
|    ent_coef        | 0.0135   |
|    ent_coef_loss   | -2.76    |
|    learning_rate   | 0.0003   |
|    n_updates       | 7044253  |
---------------------------------
---------------------------------
| rollout/           |          |
|    ep_len_mean     | 1.77e+03 |
|    ep_rew_mean     | 457      |
| time/              |          |
|    episodes        | 4208     |
|    fps             | 166      |
|    time_elapsed    | 42381    |
|    total_timesteps | 7053074  |
| train/             |          |
|    actor_loss      | 6.01     |
|    critic_loss     | 9.13     |
|    ent_coef        | 0.0129   |
|    ent_coef_loss   | 1.16     |
|    learning_rate   | 0.0003   |
|    n_updates       | 7052073  |
---------------------------------
---------------------------------
| rollout/           |          |
|    ep_len_mean     | 1.78e+03 |
|    ep_rew_mean     | 474      |
| time/              |          |
|    episodes        | 4212     |
|    fps             | 166      |
|    time_elapsed    | 42424    |
|    total_timesteps | 7060447  |
| train/             |          |
|    actor_loss      | -0.264   |
|    critic_loss     | 8.98     |
|    ent_coef        | 0.0139   |
|    ent_coef_loss   | 2.83     |
|    learning_rate   | 0.0003   |
|    n_updates       | 7059446  |
---------------------------------
---------------------------------
| rollout/           |          |
|    ep_len_mean     | 1.79e+03 |
|    ep_rew_mean     | 477      |
| time/              |          |
|    episodes        | 4216     |
|    fps             | 166      |
|    time_elapsed    | 42470    |
|    total_timesteps | 7068169  |
| train/             |          |
|    actor_loss      | -11.9    |
|    critic_loss     | 4.37     |
|    ent_coef        | 0.0145   |
|    ent_coef_loss   | -2.71    |
|    learning_rate   | 0.0003   |
|    n_updates       | 7067168  |
---------------------------------
---------------------------------
| rollout/           |          |
|    ep_len_mean     | 1.79e+03 |
|    ep_rew_mean     | 482      |
| time/              |          |
|    episodes        | 4220     |
|    fps             | 166      |
|    time_elapsed    | 42513    |
|    total_timesteps | 7075526  |
| train/             |          |
|    actor_loss      | 7.7      |
|    critic_loss     | 5.41     |
|    ent_coef        | 0.0135   |
|    ent_coef_loss   | 1.64     |
|    learning_rate   | 0.0003   |
|    n_updates       | 7074525  |
---------------------------------
---------------------------------
| rollout/           |          |
|    ep_len_mean     | 1.8e+03  |
|    ep_rew_mean     | 476      |
| time/              |          |
|    episodes        | 4224     |
|    fps             | 166      |
|    time_elapsed    | 42557    |
|    total_timesteps | 7082956  |
| train/             |          |
|    actor_loss      | 6.74     |
|    critic_loss     | 5.96     |
|    ent_coef        | 0.0133   |
|    ent_coef_loss   | -0.803   |
|    learning_rate   | 0.0003   |
|    n_updates       | 7081955  |
---------------------------------
---------------------------------
| rollout/           |          |
|    ep_len_mean     | 1.8e+03  |
|    ep_rew_mean     | 477      |
| time/              |          |
|    episodes        | 4228     |
|    fps             | 166      |
|    time_elapsed    | 42599    |
|    total_timesteps | 7090080  |
| train/             |          |
|    actor_loss      | -9.95    |
|    critic_loss     | 11.5     |
|    ent_coef        | 0.013    |
|    ent_coef_loss   | -0.528   |
|    learning_rate   | 0.0003   |
|    n_updates       | 7089079  |
---------------------------------
---------------------------------
| rollout/           |          |
|    ep_len_mean     | 1.8e+03  |
|    ep_rew_mean     | 478      |
| time/              |          |
|    episodes        | 4232     |
|    fps             | 166      |
|    time_elapsed    | 42641    |
|    total_timesteps | 7097128  |
| train/             |          |
|    actor_loss      | -8.86    |
|    critic_loss     | 4.24     |
|    ent_coef        | 0.0127   |
|    ent_coef_loss   | -2.03    |
|    learning_rate   | 0.0003   |
|    n_updates       | 7096127  |
---------------------------------
---------------------------------
| rollout/           |          |
|    ep_len_mean     | 1.81e+03 |
|    ep_rew_mean     | 488      |
| time/              |          |
|    episodes        | 4236     |
|    fps             | 166      |
|    time_elapsed    | 42684    |
|    total_timesteps | 7104358  |
| train/             |          |
|    actor_loss      | 1.33     |
|    critic_loss     | 10.8     |
|    ent_coef        | 0.0134   |
|    ent_coef_loss   | 0.317    |
|    learning_rate   | 0.0003   |
|    n_updates       | 7103357  |
---------------------------------
---------------------------------
| rollout/           |          |
|    ep_len_mean     | 1.81e+03 |
|    ep_rew_mean     | 484      |
| time/              |          |
|    episodes        | 4240     |
|    fps             | 166      |
|    time_elapsed    | 42727    |
|    total_timesteps | 7111715  |
| train/             |          |
|    actor_loss      | -2.64    |
|    critic_loss     | 8.25     |
|    ent_coef        | 0.013    |
|    ent_coef_loss   | -2.74    |
|    learning_rate   | 0.0003   |
|    n_updates       | 7110714  |
---------------------------------
---------------------------------
| rollout/           |          |
|    ep_len_mean     | 1.81e+03 |
|    ep_rew_mean     | 477      |
| time/              |          |
|    episodes        | 4244     |
|    fps             | 166      |
|    time_elapsed    | 42768    |
|    total_timesteps | 7118539  |
| train/             |          |
|    actor_loss      | -6.92    |
|    critic_loss     | 7.62     |
|    ent_coef        | 0.0133   |
|    ent_coef_loss   | -2.15    |
|    learning_rate   | 0.0003   |
|    n_updates       | 7117538  |
---------------------------------
---------------------------------
| rollout/           |          |
|    ep_len_mean     | 1.81e+03 |
|    ep_rew_mean     | 473      |
| time/              |          |
|    episodes        | 4248     |
|    fps             | 166      |
|    time_elapsed    | 42809    |
|    total_timesteps | 7125517  |
| train/             |          |
|    actor_loss      | 3.19     |
|    critic_loss     | 4.93     |
|    ent_coef        | 0.0126   |
|    ent_coef_loss   | -1.67    |
|    learning_rate   | 0.0003   |
|    n_updates       | 7124516  |
---------------------------------
---------------------------------
| rollout/           |          |
|    ep_len_mean     | 1.82e+03 |
|    ep_rew_mean     | 477      |
| time/              |          |
|    episodes        | 4252     |
|    fps             | 166      |
|    time_elapsed    | 42851    |
|    total_timesteps | 7132652  |
| train/             |          |
|    actor_loss      | -3.34    |
|    critic_loss     | 4.63     |
|    ent_coef        | 0.0126   |
|    ent_coef_loss   | 1.7      |
|    learning_rate   | 0.0003   |
|    n_updates       | 7131651  |
---------------------------------
---------------------------------
| rollout/           |          |
|    ep_len_mean     | 1.81e+03 |
|    ep_rew_mean     | 472      |
| time/              |          |
|    episodes        | 4256     |
|    fps             | 166      |
|    time_elapsed    | 42892    |
|    total_timesteps | 7139637  |
| train/             |          |
|    actor_loss      | 4.83     |
|    critic_loss     | 12.6     |
|    ent_coef        | 0.0126   |
|    ent_coef_loss   | 3.1      |
|    learning_rate   | 0.0003   |
|    n_updates       | 7138636  |
---------------------------------
---------------------------------
| rollout/           |          |
|    ep_len_mean     | 1.81e+03 |
|    ep_rew_mean     | 471      |
| time/              |          |
|    episodes        | 4260     |
|    fps             | 166      |
|    time_elapsed    | 42935    |
|    total_timesteps | 7146924  |
| train/             |          |
|    actor_loss      | -23.9    |
|    critic_loss     | 4.68     |
|    ent_coef        | 0.0123   |
|    ent_coef_loss   | 0.15     |
|    learning_rate   | 0.0003   |
|    n_updates       | 7145923  |
---------------------------------
---------------------------------
| rollout/           |          |
|    ep_len_mean     | 1.81e+03 |
|    ep_rew_mean     | 471      |
| time/              |          |
|    episodes        | 4264     |
|    fps             | 166      |
|    time_elapsed    | 42978    |
|    total_timesteps | 7154068  |
| train/             |          |
|    actor_loss      | 2.07     |
|    critic_loss     | 3.04     |
|    ent_coef        | 0.0128   |
|    ent_coef_loss   | -1.44    |
|    learning_rate   | 0.0003   |
|    n_updates       | 7153067  |
---------------------------------
---------------------------------
| rollout/           |          |
|    ep_len_mean     | 1.82e+03 |
|    ep_rew_mean     | 464      |
| time/              |          |
|    episodes        | 4268     |
|    fps             | 166      |
|    time_elapsed    | 43019    |
|    total_timesteps | 7161017  |
| train/             |          |
|    actor_loss      | 11       |
|    critic_loss     | 72.9     |
|    ent_coef        | 0.0119   |
|    ent_coef_loss   | 1.28     |
|    learning_rate   | 0.0003   |
|    n_updates       | 7160016  |
---------------------------------
---------------------------------
| rollout/           |          |
|    ep_len_mean     | 1.8e+03  |
|    ep_rew_mean     | 459      |
| time/              |          |
|    episodes        | 4272     |
|    fps             | 166      |
|    time_elapsed    | 43050    |
|    total_timesteps | 7166232  |
| train/             |          |
|    actor_loss      | -13.7    |
|    critic_loss     | 5.76     |
|    ent_coef        | 0.0123   |
|    ent_coef_loss   | 0.999    |
|    learning_rate   | 0.0003   |
|    n_updates       | 7165231  |
---------------------------------
---------------------------------
| rollout/           |          |
|    ep_len_mean     | 1.79e+03 |
|    ep_rew_mean     | 457      |
| time/              |          |
|    episodes        | 4276     |
|    fps             | 166      |
|    time_elapsed    | 43100    |
|    total_timesteps | 7173123  |
| train/             |          |
|    actor_loss      | -8.1     |
|    critic_loss     | 5.24     |
|    ent_coef        | 0.0117   |
|    ent_coef_loss   | 1.26     |
|    learning_rate   | 0.0003   |
|    n_updates       | 7172122  |
---------------------------------
---------------------------------
| rollout/           |          |
|    ep_len_mean     | 1.78e+03 |
|    ep_rew_mean     | 443      |
| time/              |          |
|    episodes        | 4280     |
|    fps             | 166      |
|    time_elapsed    | 43139    |
|    total_timesteps | 7179815  |
| train/             |          |
|    actor_loss      | -8.27    |
|    critic_loss     | 22.2     |
|    ent_coef        | 0.0116   |
|    ent_coef_loss   | -0.411   |
|    learning_rate   | 0.0003   |
|    n_updates       | 7178814  |
---------------------------------
---------------------------------
| rollout/           |          |
|    ep_len_mean     | 1.78e+03 |
|    ep_rew_mean     | 447      |
| time/              |          |
|    episodes        | 4284     |
|    fps             | 166      |
|    time_elapsed    | 43181    |
|    total_timesteps | 7186996  |
| train/             |          |
|    actor_loss      | -7.5     |
|    critic_loss     | 4.31     |
|    ent_coef        | 0.0117   |
|    ent_coef_loss   | 1.21     |
|    learning_rate   | 0.0003   |
|    n_updates       | 7185995  |
---------------------------------
---------------------------------
| rollout/           |          |
|    ep_len_mean     | 1.77e+03 |
|    ep_rew_mean     | 440      |
| time/              |          |
|    episodes        | 4288     |
|    fps             | 166      |
|    time_elapsed    | 43222    |
|    total_timesteps | 7193808  |
| train/             |          |
|    actor_loss      | -3.82    |
|    critic_loss     | 5.28     |
|    ent_coef        | 0.011    |
|    ent_coef_loss   | -1.59    |
|    learning_rate   | 0.0003   |
|    n_updates       | 7192807  |
---------------------------------
---------------------------------
| rollout/           |          |
|    ep_len_mean     | 1.78e+03 |
|    ep_rew_mean     | 449      |
| time/              |          |
|    episodes        | 4292     |
|    fps             | 166      |
|    time_elapsed    | 43264    |
|    total_timesteps | 7201039  |
| train/             |          |
|    actor_loss      | -4.25    |
|    critic_loss     | 38.3     |
|    ent_coef        | 0.0115   |
|    ent_coef_loss   | 0.412    |
|    learning_rate   | 0.0003   |
|    n_updates       | 7200038  |
---------------------------------
---------------------------------
| rollout/           |          |
|    ep_len_mean     | 1.77e+03 |
|    ep_rew_mean     | 455      |
| time/              |          |
|    episodes        | 4296     |
|    fps             | 166      |
|    time_elapsed    | 43300    |
|    total_timesteps | 7207078  |
| train/             |          |
|    actor_loss      | -8.9     |
|    critic_loss     | 10.7     |
|    ent_coef        | 0.0122   |
|    ent_coef_loss   | 1.22     |
|    learning_rate   | 0.0003   |
|    n_updates       | 7206077  |
---------------------------------
---------------------------------
| rollout/           |          |
|    ep_len_mean     | 1.77e+03 |
|    ep_rew_mean     | 447      |
| time/              |          |
|    episodes        | 4300     |
|    fps             | 166      |
|    time_elapsed    | 43344    |
|    total_timesteps | 7214544  |
| train/             |          |
|    actor_loss      | 5.46     |
|    critic_loss     | 2.98     |
|    ent_coef        | 0.0123   |
|    ent_coef_loss   | -1.62    |
|    learning_rate   | 0.0003   |
|    n_updates       | 7213543  |
---------------------------------
---------------------------------
| rollout/           |          |
|    ep_len_mean     | 1.77e+03 |
|    ep_rew_mean     | 456      |
| time/              |          |
|    episodes        | 4304     |
|    fps             | 166      |
|    time_elapsed    | 43387    |
|    total_timesteps | 7221925  |
| train/             |          |
|    actor_loss      | -4.27    |
|    critic_loss     | 7.48     |
|    ent_coef        | 0.0131   |
|    ent_coef_loss   | 1.97     |
|    learning_rate   | 0.0003   |
|    n_updates       | 7220924  |
---------------------------------
---------------------------------
| rollout/           |          |
|    ep_len_mean     | 1.76e+03 |
|    ep_rew_mean     | 458      |
| time/              |          |
|    episodes        | 4308     |
|    fps             | 166      |
|    time_elapsed    | 43432    |
|    total_timesteps | 7229498  |
| train/             |          |
|    actor_loss      | -16.2    |
|    critic_loss     | 7.56     |
|    ent_coef        | 0.0133   |
|    ent_coef_loss   | -2.82    |
|    learning_rate   | 0.0003   |
|    n_updates       | 7228497  |
---------------------------------
---------------------------------
| rollout/           |          |
|    ep_len_mean     | 1.76e+03 |
|    ep_rew_mean     | 451      |
| time/              |          |
|    episodes        | 4312     |
|    fps             | 166      |
|    time_elapsed    | 43472    |
|    total_timesteps | 7236269  |
| train/             |          |
|    actor_loss      | 0.0802   |
|    critic_loss     | 4.09     |
|    ent_coef        | 0.0126   |
|    ent_coef_loss   | 4.87     |
|    learning_rate   | 0.0003   |
|    n_updates       | 7235268  |
---------------------------------
---------------------------------
| rollout/           |          |
|    ep_len_mean     | 1.76e+03 |
|    ep_rew_mean     | 443      |
| time/              |          |
|    episodes        | 4316     |
|    fps             | 166      |
|    time_elapsed    | 43517    |
|    total_timesteps | 7243867  |
| train/             |          |
|    actor_loss      | -4.9     |
|    critic_loss     | 5.45     |
|    ent_coef        | 0.0125   |
|    ent_coef_loss   | -2.19    |
|    learning_rate   | 0.0003   |
|    n_updates       | 7242866  |
---------------------------------
---------------------------------
| rollout/           |          |
|    ep_len_mean     | 1.76e+03 |
|    ep_rew_mean     | 443      |
| time/              |          |
|    episodes        | 4320     |
|    fps             | 166      |
|    time_elapsed    | 43563    |
|    total_timesteps | 7251488  |
| train/             |          |
|    actor_loss      | -12.4    |
|    critic_loss     | 9.36     |
|    ent_coef        | 0.013    |
|    ent_coef_loss   | 0.177    |
|    learning_rate   | 0.0003   |
|    n_updates       | 7250487  |
---------------------------------
---------------------------------
| rollout/           |          |
|    ep_len_mean     | 1.76e+03 |
|    ep_rew_mean     | 450      |
| time/              |          |
|    episodes        | 4324     |
|    fps             | 166      |
|    time_elapsed    | 43609    |
|    total_timesteps | 7259371  |
| train/             |          |
|    actor_loss      | -12.8    |
|    critic_loss     | 5.54     |
|    ent_coef        | 0.0122   |
|    ent_coef_loss   | -1.08    |
|    learning_rate   | 0.0003   |
|    n_updates       | 7258370  |
---------------------------------
---------------------------------
| rollout/           |          |
|    ep_len_mean     | 1.77e+03 |
|    ep_rew_mean     | 461      |
| time/              |          |
|    episodes        | 4328     |
|    fps             | 166      |
|    time_elapsed    | 43654    |
|    total_timesteps | 7267049  |
| train/             |          |
|    actor_loss      | -2.51    |
|    critic_loss     | 7.61     |
|    ent_coef        | 0.0122   |
|    ent_coef_loss   | -1.98    |
|    learning_rate   | 0.0003   |
|    n_updates       | 7266048  |
---------------------------------
---------------------------------
| rollout/           |          |
|    ep_len_mean     | 1.78e+03 |
|    ep_rew_mean     | 465      |
| time/              |          |
|    episodes        | 4332     |
|    fps             | 166      |
|    time_elapsed    | 43699    |
|    total_timesteps | 7274663  |
| train/             |          |
|    actor_loss      | -12.2    |
|    critic_loss     | 18.1     |
|    ent_coef        | 0.0122   |
|    ent_coef_loss   | 0.859    |
|    learning_rate   | 0.0003   |
|    n_updates       | 7273662  |
---------------------------------
---------------------------------
| rollout/           |          |
|    ep_len_mean     | 1.78e+03 |
|    ep_rew_mean     | 468      |
| time/              |          |
|    episodes        | 4336     |
|    fps             | 166      |
|    time_elapsed    | 43744    |
|    total_timesteps | 7282254  |
| train/             |          |
|    actor_loss      | -7.7     |
|    critic_loss     | 2.7      |
|    ent_coef        | 0.0127   |
|    ent_coef_loss   | -2.02    |
|    learning_rate   | 0.0003   |
|    n_updates       | 7281253  |
---------------------------------
---------------------------------
| rollout/           |          |
|    ep_len_mean     | 1.78e+03 |
|    ep_rew_mean     | 466      |
| time/              |          |
|    episodes        | 4340     |
|    fps             | 166      |
|    time_elapsed    | 43789    |
|    total_timesteps | 7289910  |
| train/             |          |
|    actor_loss      | 3.72     |
|    critic_loss     | 23.2     |
|    ent_coef        | 0.0128   |
|    ent_coef_loss   | -1.8     |
|    learning_rate   | 0.0003   |
|    n_updates       | 7288909  |
---------------------------------
---------------------------------
| rollout/           |          |
|    ep_len_mean     | 1.79e+03 |
|    ep_rew_mean     | 486      |
| time/              |          |
|    episodes        | 4344     |
|    fps             | 166      |
|    time_elapsed    | 43834    |
|    total_timesteps | 7297531  |
| train/             |          |
|    actor_loss      | -2.08    |
|    critic_loss     | 4.2      |
|    ent_coef        | 0.0131   |
|    ent_coef_loss   | -2.31    |
|    learning_rate   | 0.0003   |
|    n_updates       | 7296530  |
---------------------------------
---------------------------------
| rollout/           |          |
|    ep_len_mean     | 1.79e+03 |
|    ep_rew_mean     | 486      |
| time/              |          |
|    episodes        | 4348     |
|    fps             | 166      |
|    time_elapsed    | 43878    |
|    total_timesteps | 7304905  |
| train/             |          |
|    actor_loss      | -9.89    |
|    critic_loss     | 4.47     |
|    ent_coef        | 0.0132   |
|    ent_coef_loss   | -0.169   |
|    learning_rate   | 0.0003   |
|    n_updates       | 7303904  |
---------------------------------
---------------------------------
| rollout/           |          |
|    ep_len_mean     | 1.8e+03  |
|    ep_rew_mean     | 485      |
| time/              |          |
|    episodes        | 4352     |
|    fps             | 166      |
|    time_elapsed    | 43921    |
|    total_timesteps | 7312197  |
| train/             |          |
|    actor_loss      | -1.35    |
|    critic_loss     | 13.9     |
|    ent_coef        | 0.0135   |
|    ent_coef_loss   | 1.88     |
|    learning_rate   | 0.0003   |
|    n_updates       | 7311196  |
---------------------------------
---------------------------------
| rollout/           |          |
|    ep_len_mean     | 1.8e+03  |
|    ep_rew_mean     | 487      |
| time/              |          |
|    episodes        | 4356     |
|    fps             | 166      |
|    time_elapsed    | 43964    |
|    total_timesteps | 7319435  |
| train/             |          |
|    actor_loss      | -15.4    |
|    critic_loss     | 4.53     |
|    ent_coef        | 0.0141   |
|    ent_coef_loss   | -4.04    |
|    learning_rate   | 0.0003   |
|    n_updates       | 7318434  |
---------------------------------
---------------------------------
| rollout/           |          |
|    ep_len_mean     | 1.8e+03  |
|    ep_rew_mean     | 483      |
| time/              |          |
|    episodes        | 4360     |
|    fps             | 166      |
|    time_elapsed    | 44007    |
|    total_timesteps | 7326749  |
| train/             |          |
|    actor_loss      | -20.8    |
|    critic_loss     | 8.04     |
|    ent_coef        | 0.0139   |
|    ent_coef_loss   | 1.09     |
|    learning_rate   | 0.0003   |
|    n_updates       | 7325748  |
---------------------------------
---------------------------------
| rollout/           |          |
|    ep_len_mean     | 1.8e+03  |
|    ep_rew_mean     | 483      |
| time/              |          |
|    episodes        | 4364     |
|    fps             | 166      |
|    time_elapsed    | 44048    |
|    total_timesteps | 7333708  |
| train/             |          |
|    actor_loss      | -8.03    |
|    critic_loss     | 7.12     |
|    ent_coef        | 0.015    |
|    ent_coef_loss   | -1.66    |
|    learning_rate   | 0.0003   |
|    n_updates       | 7332707  |
---------------------------------
---------------------------------
| rollout/           |          |
|    ep_len_mean     | 1.8e+03  |
|    ep_rew_mean     | 493      |
| time/              |          |
|    episodes        | 4368     |
|    fps             | 166      |
|    time_elapsed    | 44092    |
|    total_timesteps | 7341146  |
| train/             |          |
|    actor_loss      | -2.02    |
|    critic_loss     | 207      |
|    ent_coef        | 0.0161   |
|    ent_coef_loss   | 0.41     |
|    learning_rate   | 0.0003   |
|    n_updates       | 7340145  |
---------------------------------
---------------------------------
| rollout/           |          |
|    ep_len_mean     | 1.82e+03 |
|    ep_rew_mean     | 510      |
| time/              |          |
|    episodes        | 4372     |
|    fps             | 166      |
|    time_elapsed    | 44136    |
|    total_timesteps | 7348580  |
| train/             |          |
|    actor_loss      | -2.66    |
|    critic_loss     | 7.51     |
|    ent_coef        | 0.0156   |
|    ent_coef_loss   | -1.67    |
|    learning_rate   | 0.0003   |
|    n_updates       | 7347579  |
---------------------------------
---------------------------------
| rollout/           |          |
|    ep_len_mean     | 1.83e+03 |
|    ep_rew_mean     | 512      |
| time/              |          |
|    episodes        | 4376     |
|    fps             | 166      |
|    time_elapsed    | 44179    |
|    total_timesteps | 7355819  |
| train/             |          |
|    actor_loss      | -13.5    |
|    critic_loss     | 7.15     |
|    ent_coef        | 0.015    |
|    ent_coef_loss   | -0.897   |
|    learning_rate   | 0.0003   |
|    n_updates       | 7354818  |
---------------------------------
---------------------------------
| rollout/           |          |
|    ep_len_mean     | 1.83e+03 |
|    ep_rew_mean     | 530      |
| time/              |          |
|    episodes        | 4380     |
|    fps             | 166      |
|    time_elapsed    | 44221    |
|    total_timesteps | 7363096  |
| train/             |          |
|    actor_loss      | -7.37    |
|    critic_loss     | 13.9     |
|    ent_coef        | 0.0145   |
|    ent_coef_loss   | -0.734   |
|    learning_rate   | 0.0003   |
|    n_updates       | 7362095  |
---------------------------------
---------------------------------
| rollout/           |          |
|    ep_len_mean     | 1.83e+03 |
|    ep_rew_mean     | 513      |
| time/              |          |
|    episodes        | 4384     |
|    fps             | 166      |
|    time_elapsed    | 44263    |
|    total_timesteps | 7370093  |
| train/             |          |
|    actor_loss      | 6.31     |
|    critic_loss     | 17.4     |
|    ent_coef        | 0.0148   |
|    ent_coef_loss   | -1.54    |
|    learning_rate   | 0.0003   |
|    n_updates       | 7369092  |
---------------------------------
---------------------------------
| rollout/           |          |
|    ep_len_mean     | 1.84e+03 |
|    ep_rew_mean     | 522      |
| time/              |          |
|    episodes        | 4388     |
|    fps             | 166      |
|    time_elapsed    | 44305    |
|    total_timesteps | 7377321  |
| train/             |          |
|    actor_loss      | 0.675    |
|    critic_loss     | 7.69     |
|    ent_coef        | 0.014    |
|    ent_coef_loss   | -1.28    |
|    learning_rate   | 0.0003   |
|    n_updates       | 7376320  |
---------------------------------
---------------------------------
| rollout/           |          |
|    ep_len_mean     | 1.84e+03 |
|    ep_rew_mean     | 518      |
| time/              |          |
|    episodes        | 4392     |
|    fps             | 166      |
|    time_elapsed    | 44352    |
|    total_timesteps | 7385236  |
| train/             |          |
|    actor_loss      | -11.2    |
|    critic_loss     | 6.07     |
|    ent_coef        | 0.0152   |
|    ent_coef_loss   | -0.519   |
|    learning_rate   | 0.0003   |
|    n_updates       | 7384235  |
---------------------------------
---------------------------------
| rollout/           |          |
|    ep_len_mean     | 1.86e+03 |
|    ep_rew_mean     | 517      |
| time/              |          |
|    episodes        | 4396     |
|    fps             | 166      |
|    time_elapsed    | 44397    |
|    total_timesteps | 7392842  |
| train/             |          |
|    actor_loss      | 4.49     |
|    critic_loss     | 2.58e+03 |
|    ent_coef        | 0.0148   |
|    ent_coef_loss   | 3.78     |
|    learning_rate   | 0.0003   |
|    n_updates       | 7391841  |
---------------------------------
---------------------------------
| rollout/           |          |
|    ep_len_mean     | 1.85e+03 |
|    ep_rew_mean     | 513      |
| time/              |          |
|    episodes        | 4400     |
|    fps             | 166      |
|    time_elapsed    | 44439    |
|    total_timesteps | 7400017  |
| train/             |          |
|    actor_loss      | 8.12     |
|    critic_loss     | 10.1     |
|    ent_coef        | 0.0152   |
|    ent_coef_loss   | -1.27    |
|    learning_rate   | 0.0003   |
|    n_updates       | 7399016  |
---------------------------------
---------------------------------
| rollout/           |          |
|    ep_len_mean     | 1.85e+03 |
|    ep_rew_mean     | 502      |
| time/              |          |
|    episodes        | 4404     |
|    fps             | 166      |
|    time_elapsed    | 44482    |
|    total_timesteps | 7407121  |
| train/             |          |
|    actor_loss      | -6.26    |
|    critic_loss     | 8.16     |
|    ent_coef        | 0.0148   |
|    ent_coef_loss   | -0.549   |
|    learning_rate   | 0.0003   |
|    n_updates       | 7406120  |
---------------------------------
---------------------------------
| rollout/           |          |
|    ep_len_mean     | 1.85e+03 |
|    ep_rew_mean     | 508      |
| time/              |          |
|    episodes        | 4408     |
|    fps             | 166      |
|    time_elapsed    | 44527    |
|    total_timesteps | 7414792  |
| train/             |          |
|    actor_loss      | 18.2     |
|    critic_loss     | 6.74     |
|    ent_coef        | 0.0146   |
|    ent_coef_loss   | 2.34     |
|    learning_rate   | 0.0003   |
|    n_updates       | 7413791  |
---------------------------------
---------------------------------
| rollout/           |          |
|    ep_len_mean     | 1.86e+03 |
|    ep_rew_mean     | 496      |
| time/              |          |
|    episodes        | 4412     |
|    fps             | 166      |
|    time_elapsed    | 44570    |
|    total_timesteps | 7422053  |
| train/             |          |
|    actor_loss      | 10.3     |
|    critic_loss     | 10.9     |
|    ent_coef        | 0.014    |
|    ent_coef_loss   | -1.5     |
|    learning_rate   | 0.0003   |
|    n_updates       | 7421052  |
---------------------------------
---------------------------------
| rollout/           |          |
|    ep_len_mean     | 1.85e+03 |
|    ep_rew_mean     | 505      |
| time/              |          |
|    episodes        | 4416     |
|    fps             | 166      |
|    time_elapsed    | 44611    |
|    total_timesteps | 7429017  |
| train/             |          |
|    actor_loss      | -3.24    |
|    critic_loss     | 18.4     |
|    ent_coef        | 0.015    |
|    ent_coef_loss   | -2.21    |
|    learning_rate   | 0.0003   |
|    n_updates       | 7428016  |
---------------------------------
---------------------------------
| rollout/           |          |
|    ep_len_mean     | 1.84e+03 |
|    ep_rew_mean     | 496      |
| time/              |          |
|    episodes        | 4420     |
|    fps             | 166      |
|    time_elapsed    | 44651    |
|    total_timesteps | 7435817  |
| train/             |          |
|    actor_loss      | 10.8     |
|    critic_loss     | 5.09     |
|    ent_coef        | 0.0144   |
|    ent_coef_loss   | -0.967   |
|    learning_rate   | 0.0003   |
|    n_updates       | 7434816  |
---------------------------------
---------------------------------
| rollout/           |          |
|    ep_len_mean     | 1.83e+03 |
|    ep_rew_mean     | 484      |
| time/              |          |
|    episodes        | 4424     |
|    fps             | 166      |
|    time_elapsed    | 44691    |
|    total_timesteps | 7442626  |
| train/             |          |
|    actor_loss      | 30       |
|    critic_loss     | 5.77     |
|    ent_coef        | 0.0139   |
|    ent_coef_loss   | 0.693    |
|    learning_rate   | 0.0003   |
|    n_updates       | 7441625  |
---------------------------------
---------------------------------
| rollout/           |          |
|    ep_len_mean     | 1.83e+03 |
|    ep_rew_mean     | 479      |
| time/              |          |
|    episodes        | 4428     |
|    fps             | 166      |
|    time_elapsed    | 44735    |
|    total_timesteps | 7450079  |
| train/             |          |
|    actor_loss      | 38.9     |
|    critic_loss     | 7.69     |
|    ent_coef        | 0.0139   |
|    ent_coef_loss   | 0.335    |
|    learning_rate   | 0.0003   |
|    n_updates       | 7449078  |
---------------------------------
---------------------------------
| rollout/           |          |
|    ep_len_mean     | 1.83e+03 |
|    ep_rew_mean     | 481      |
| time/              |          |
|    episodes        | 4432     |
|    fps             | 166      |
|    time_elapsed    | 44780    |
|    total_timesteps | 7457756  |
| train/             |          |
|    actor_loss      | 7.63     |
|    critic_loss     | 4.33     |
|    ent_coef        | 0.0134   |
|    ent_coef_loss   | -0.962   |
|    learning_rate   | 0.0003   |
|    n_updates       | 7456755  |
---------------------------------
---------------------------------
| rollout/           |          |
|    ep_len_mean     | 1.83e+03 |
|    ep_rew_mean     | 476      |
| time/              |          |
|    episodes        | 4436     |
|    fps             | 166      |
|    time_elapsed    | 44826    |
|    total_timesteps | 7465487  |
| train/             |          |
|    actor_loss      | -5.27    |
|    critic_loss     | 4.37     |
|    ent_coef        | 0.013    |
|    ent_coef_loss   | -1.69    |
|    learning_rate   | 0.0003   |
|    n_updates       | 7464486  |
---------------------------------
---------------------------------
| rollout/           |          |
|    ep_len_mean     | 1.83e+03 |
|    ep_rew_mean     | 473      |
| time/              |          |
|    episodes        | 4440     |
|    fps             | 166      |
|    time_elapsed    | 44869    |
|    total_timesteps | 7472774  |
| train/             |          |
|    actor_loss      | -13.8    |
|    critic_loss     | 14.6     |
|    ent_coef        | 0.012    |
|    ent_coef_loss   | -1.63    |
|    learning_rate   | 0.0003   |
|    n_updates       | 7471773  |
---------------------------------
---------------------------------
| rollout/           |          |
|    ep_len_mean     | 1.81e+03 |
|    ep_rew_mean     | 455      |
| time/              |          |
|    episodes        | 4444     |
|    fps             | 166      |
|    time_elapsed    | 44901    |
|    total_timesteps | 7478312  |
| train/             |          |
|    actor_loss      | 6.92     |
|    critic_loss     | 8.06     |
|    ent_coef        | 0.0116   |
|    ent_coef_loss   | 1.43     |
|    learning_rate   | 0.0003   |
|    n_updates       | 7477311  |
---------------------------------
---------------------------------
| rollout/           |          |
|    ep_len_mean     | 1.81e+03 |
|    ep_rew_mean     | 455      |
| time/              |          |
|    episodes        | 4448     |
|    fps             | 166      |
|    time_elapsed    | 44944    |
|    total_timesteps | 7485585  |
| train/             |          |
|    actor_loss      | 0.715    |
|    critic_loss     | 6.59     |
|    ent_coef        | 0.0114   |
|    ent_coef_loss   | -0.775   |
|    learning_rate   | 0.0003   |
|    n_updates       | 7484584  |
---------------------------------
---------------------------------
| rollout/           |          |
|    ep_len_mean     | 1.81e+03 |
|    ep_rew_mean     | 457      |
| time/              |          |
|    episodes        | 4452     |
|    fps             | 166      |
|    time_elapsed    | 44988    |
|    total_timesteps | 7493054  |
| train/             |          |
|    actor_loss      | 0.877    |
|    critic_loss     | 8.54     |
|    ent_coef        | 0.012    |
|    ent_coef_loss   | -1.45    |
|    learning_rate   | 0.0003   |
|    n_updates       | 7492053  |
---------------------------------
---------------------------------
| rollout/           |          |
|    ep_len_mean     | 1.81e+03 |
|    ep_rew_mean     | 464      |
| time/              |          |
|    episodes        | 4456     |
|    fps             | 166      |
|    time_elapsed    | 45033    |
|    total_timesteps | 7500517  |
| train/             |          |
|    actor_loss      | 19.4     |
|    critic_loss     | 12.1     |
|    ent_coef        | 0.0118   |
|    ent_coef_loss   | 2.97     |
|    learning_rate   | 0.0003   |
|    n_updates       | 7499516  |
---------------------------------
---------------------------------
| rollout/           |          |
|    ep_len_mean     | 1.81e+03 |
|    ep_rew_mean     | 460      |
| time/              |          |
|    episodes        | 4460     |
|    fps             | 166      |
|    time_elapsed    | 45073    |
|    total_timesteps | 7507454  |
| train/             |          |
|    actor_loss      | 4.41     |
|    critic_loss     | 16.2     |
|    ent_coef        | 0.011    |
|    ent_coef_loss   | 1.31     |
|    learning_rate   | 0.0003   |
|    n_updates       | 7506453  |
---------------------------------
---------------------------------
| rollout/           |          |
|    ep_len_mean     | 1.81e+03 |
|    ep_rew_mean     | 461      |
| time/              |          |
|    episodes        | 4464     |
|    fps             | 166      |
|    time_elapsed    | 45116    |
|    total_timesteps | 7514663  |
| train/             |          |
|    actor_loss      | -6.02    |
|    critic_loss     | 11.3     |
|    ent_coef        | 0.0111   |
|    ent_coef_loss   | 0.62     |
|    learning_rate   | 0.0003   |
|    n_updates       | 7513662  |
---------------------------------
---------------------------------
| rollout/           |          |
|    ep_len_mean     | 1.81e+03 |
|    ep_rew_mean     | 461      |
| time/              |          |
|    episodes        | 4468     |
|    fps             | 166      |
|    time_elapsed    | 45159    |
|    total_timesteps | 7521932  |
| train/             |          |
|    actor_loss      | -27.3    |
|    critic_loss     | 4.76     |
|    ent_coef        | 0.0125   |
|    ent_coef_loss   | -3.78    |
|    learning_rate   | 0.0003   |
|    n_updates       | 7520931  |
---------------------------------
---------------------------------
| rollout/           |          |
|    ep_len_mean     | 1.8e+03  |
|    ep_rew_mean     | 450      |
| time/              |          |
|    episodes        | 4472     |
|    fps             | 166      |
|    time_elapsed    | 45199    |
|    total_timesteps | 7528825  |
| train/             |          |
|    actor_loss      | -8.76    |
|    critic_loss     | 9.93     |
|    ent_coef        | 0.0116   |
|    ent_coef_loss   | -1.32    |
|    learning_rate   | 0.0003   |
|    n_updates       | 7527824  |
---------------------------------
---------------------------------
| rollout/           |          |
|    ep_len_mean     | 1.8e+03  |
|    ep_rew_mean     | 460      |
| time/              |          |
|    episodes        | 4476     |
|    fps             | 166      |
|    time_elapsed    | 45240    |
|    total_timesteps | 7535744  |
| train/             |          |
|    actor_loss      | 14.6     |
|    critic_loss     | 4.87     |
|    ent_coef        | 0.0115   |
|    ent_coef_loss   | -0.485   |
|    learning_rate   | 0.0003   |
|    n_updates       | 7534743  |
---------------------------------
---------------------------------
| rollout/           |          |
|    ep_len_mean     | 1.8e+03  |
|    ep_rew_mean     | 439      |
| time/              |          |
|    episodes        | 4480     |
|    fps             | 166      |
|    time_elapsed    | 45282    |
|    total_timesteps | 7542944  |
| train/             |          |
|    actor_loss      | 5.75     |
|    critic_loss     | 3.84     |
|    ent_coef        | 0.011    |
|    ent_coef_loss   | 0.654    |
|    learning_rate   | 0.0003   |
|    n_updates       | 7541943  |
---------------------------------
---------------------------------
| rollout/           |          |
|    ep_len_mean     | 1.8e+03  |
|    ep_rew_mean     | 452      |
| time/              |          |
|    episodes        | 4484     |
|    fps             | 166      |
|    time_elapsed    | 45325    |
|    total_timesteps | 7550073  |
| train/             |          |
|    actor_loss      | 4.82     |
|    critic_loss     | 3.63     |
|    ent_coef        | 0.0116   |
|    ent_coef_loss   | -1.6     |
|    learning_rate   | 0.0003   |
|    n_updates       | 7549072  |
---------------------------------
---------------------------------
| rollout/           |          |
|    ep_len_mean     | 1.8e+03  |
|    ep_rew_mean     | 445      |
| time/              |          |
|    episodes        | 4488     |
|    fps             | 166      |
|    time_elapsed    | 45367    |
|    total_timesteps | 7557354  |
| train/             |          |
|    actor_loss      | -5.56    |
|    critic_loss     | 3.28     |
|    ent_coef        | 0.0111   |
|    ent_coef_loss   | 0.335    |
|    learning_rate   | 0.0003   |
|    n_updates       | 7556353  |
---------------------------------
---------------------------------
| rollout/           |          |
|    ep_len_mean     | 1.79e+03 |
|    ep_rew_mean     | 449      |
| time/              |          |
|    episodes        | 4492     |
|    fps             | 166      |
|    time_elapsed    | 45409    |
|    total_timesteps | 7564419  |
| train/             |          |
|    actor_loss      | -19.9    |
|    critic_loss     | 11.8     |
|    ent_coef        | 0.011    |
|    ent_coef_loss   | 5.97     |
|    learning_rate   | 0.0003   |
|    n_updates       | 7563418  |
---------------------------------
---------------------------------
| rollout/           |          |
|    ep_len_mean     | 1.79e+03 |
|    ep_rew_mean     | 434      |
| time/              |          |
|    episodes        | 4496     |
|    fps             | 166      |
|    time_elapsed    | 45451    |
|    total_timesteps | 7571547  |
| train/             |          |
|    actor_loss      | -21.7    |
|    critic_loss     | 6.95     |
|    ent_coef        | 0.0114   |
|    ent_coef_loss   | -0.857   |
|    learning_rate   | 0.0003   |
|    n_updates       | 7570546  |
---------------------------------
---------------------------------
| rollout/           |          |
|    ep_len_mean     | 1.79e+03 |
|    ep_rew_mean     | 437      |
| time/              |          |
|    episodes        | 4500     |
|    fps             | 166      |
|    time_elapsed    | 45512    |
|    total_timesteps | 7578661  |
| train/             |          |
|    actor_loss      | -7.89    |
|    critic_loss     | 3.75     |
|    ent_coef        | 0.0107   |
|    ent_coef_loss   | -1.18    |
|    learning_rate   | 0.0003   |
|    n_updates       | 7577660  |
---------------------------------
---------------------------------
| rollout/           |          |
|    ep_len_mean     | 1.78e+03 |
|    ep_rew_mean     | 436      |
| time/              |          |
|    episodes        | 4504     |
|    fps             | 166      |
|    time_elapsed    | 45553    |
|    total_timesteps | 7585506  |
| train/             |          |
|    actor_loss      | -26.6    |
|    critic_loss     | 2.48     |
|    ent_coef        | 0.0101   |
|    ent_coef_loss   | 0.805    |
|    learning_rate   | 0.0003   |
|    n_updates       | 7584505  |
---------------------------------
---------------------------------
| rollout/           |          |
|    ep_len_mean     | 1.78e+03 |
|    ep_rew_mean     | 426      |
| time/              |          |
|    episodes        | 4508     |
|    fps             | 166      |
|    time_elapsed    | 45594    |
|    total_timesteps | 7592474  |
| train/             |          |
|    actor_loss      | -8.21    |
|    critic_loss     | 5.45     |
|    ent_coef        | 0.00965  |
|    ent_coef_loss   | 1.46     |
|    learning_rate   | 0.0003   |
|    n_updates       | 7591473  |
---------------------------------
---------------------------------
| rollout/           |          |
|    ep_len_mean     | 1.78e+03 |
|    ep_rew_mean     | 428      |
| time/              |          |
|    episodes        | 4512     |
|    fps             | 166      |
|    time_elapsed    | 45636    |
|    total_timesteps | 7599690  |
| train/             |          |
|    actor_loss      | -18.7    |
|    critic_loss     | 3.5      |
|    ent_coef        | 0.00964  |
|    ent_coef_loss   | -0.75    |
|    learning_rate   | 0.0003   |
|    n_updates       | 7598689  |
---------------------------------
---------------------------------
| rollout/           |          |
|    ep_len_mean     | 1.78e+03 |
|    ep_rew_mean     | 431      |
| time/              |          |
|    episodes        | 4516     |
|    fps             | 166      |
|    time_elapsed    | 45680    |
|    total_timesteps | 7607114  |
| train/             |          |
|    actor_loss      | -23.8    |
|    critic_loss     | 8.98     |
|    ent_coef        | 0.00966  |
|    ent_coef_loss   | -1.02    |
|    learning_rate   | 0.0003   |
|    n_updates       | 7606113  |
---------------------------------
---------------------------------
| rollout/           |          |
|    ep_len_mean     | 1.78e+03 |
|    ep_rew_mean     | 433      |
| time/              |          |
|    episodes        | 4520     |
|    fps             | 166      |
|    time_elapsed    | 45722    |
|    total_timesteps | 7614252  |
| train/             |          |
|    actor_loss      | -5.5     |
|    critic_loss     | 2.21     |
|    ent_coef        | 0.00929  |
|    ent_coef_loss   | 0.288    |
|    learning_rate   | 0.0003   |
|    n_updates       | 7613251  |
---------------------------------
---------------------------------
| rollout/           |          |
|    ep_len_mean     | 1.79e+03 |
|    ep_rew_mean     | 441      |
| time/              |          |
|    episodes        | 4524     |
|    fps             | 166      |
|    time_elapsed    | 45766    |
|    total_timesteps | 7621627  |
| train/             |          |
|    actor_loss      | -11.3    |
|    critic_loss     | 2.09     |
|    ent_coef        | 0.00944  |
|    ent_coef_loss   | -0.71    |
|    learning_rate   | 0.0003   |
|    n_updates       | 7620626  |
---------------------------------
---------------------------------
| rollout/           |          |
|    ep_len_mean     | 1.79e+03 |
|    ep_rew_mean     | 436      |
| time/              |          |
|    episodes        | 4528     |
|    fps             | 166      |
|    time_elapsed    | 45809    |
|    total_timesteps | 7628934  |
| train/             |          |
|    actor_loss      | -26      |
|    critic_loss     | 6.59     |
|    ent_coef        | 0.00919  |
|    ent_coef_loss   | -3.47    |
|    learning_rate   | 0.0003   |
|    n_updates       | 7627933  |
---------------------------------
---------------------------------
| rollout/           |          |
|    ep_len_mean     | 1.79e+03 |
|    ep_rew_mean     | 433      |
| time/              |          |
|    episodes        | 4532     |
|    fps             | 166      |
|    time_elapsed    | 45852    |
|    total_timesteps | 7636270  |
| train/             |          |
|    actor_loss      | -9.87    |
|    critic_loss     | 12.6     |
|    ent_coef        | 0.0098   |
|    ent_coef_loss   | -1.09    |
|    learning_rate   | 0.0003   |
|    n_updates       | 7635269  |
---------------------------------
---------------------------------
| rollout/           |          |
|    ep_len_mean     | 1.78e+03 |
|    ep_rew_mean     | 434      |
| time/              |          |
|    episodes        | 4536     |
|    fps             | 166      |
|    time_elapsed    | 45896    |
|    total_timesteps | 7643683  |
| train/             |          |
|    actor_loss      | -10.1    |
|    critic_loss     | 8.35     |
|    ent_coef        | 0.0095   |
|    ent_coef_loss   | 0.43     |
|    learning_rate   | 0.0003   |
|    n_updates       | 7642682  |
---------------------------------
---------------------------------
| rollout/           |          |
|    ep_len_mean     | 1.78e+03 |
|    ep_rew_mean     | 447      |
| time/              |          |
|    episodes        | 4540     |
|    fps             | 166      |
|    time_elapsed    | 45940    |
|    total_timesteps | 7651223  |
| train/             |          |
|    actor_loss      | -17.2    |
|    critic_loss     | 19.3     |
|    ent_coef        | 0.00917  |
|    ent_coef_loss   | 2.51     |
|    learning_rate   | 0.0003   |
|    n_updates       | 7650222  |
---------------------------------
---------------------------------
| rollout/           |          |
|    ep_len_mean     | 1.8e+03  |
|    ep_rew_mean     | 453      |
| time/              |          |
|    episodes        | 4544     |
|    fps             | 166      |
|    time_elapsed    | 45983    |
|    total_timesteps | 7658485  |
| train/             |          |
|    actor_loss      | -22.1    |
|    critic_loss     | 4.23     |
|    ent_coef        | 0.01     |
|    ent_coef_loss   | -0.992   |
|    learning_rate   | 0.0003   |
|    n_updates       | 7657484  |
---------------------------------
---------------------------------
| rollout/           |          |
|    ep_len_mean     | 1.81e+03 |
|    ep_rew_mean     | 453      |
| time/              |          |
|    episodes        | 4548     |
|    fps             | 166      |
|    time_elapsed    | 46028    |
|    total_timesteps | 7666171  |
| train/             |          |
|    actor_loss      | -15.3    |
|    critic_loss     | 6.23     |
|    ent_coef        | 0.0101   |
|    ent_coef_loss   | 1.57     |
|    learning_rate   | 0.0003   |
|    n_updates       | 7665170  |
---------------------------------
---------------------------------
| rollout/           |          |
|    ep_len_mean     | 1.8e+03  |
|    ep_rew_mean     | 455      |
| time/              |          |
|    episodes        | 4552     |
|    fps             | 166      |
|    time_elapsed    | 46071    |
|    total_timesteps | 7673441  |
| train/             |          |
|    actor_loss      | -24.5    |
|    critic_loss     | 2.97     |
|    ent_coef        | 0.0102   |
|    ent_coef_loss   | -0.0286  |
|    learning_rate   | 0.0003   |
|    n_updates       | 7672440  |
---------------------------------
---------------------------------
| rollout/           |          |
|    ep_len_mean     | 1.8e+03  |
|    ep_rew_mean     | 450      |
| time/              |          |
|    episodes        | 4556     |
|    fps             | 166      |
|    time_elapsed    | 46115    |
|    total_timesteps | 7680895  |
| train/             |          |
|    actor_loss      | -5.86    |
|    critic_loss     | 4.47     |
|    ent_coef        | 0.00986  |
|    ent_coef_loss   | -0.578   |
|    learning_rate   | 0.0003   |
|    n_updates       | 7679894  |
---------------------------------
---------------------------------
| rollout/           |          |
|    ep_len_mean     | 1.81e+03 |
|    ep_rew_mean     | 459      |
| time/              |          |
|    episodes        | 4560     |
|    fps             | 166      |
|    time_elapsed    | 46160    |
|    total_timesteps | 7688473  |
| train/             |          |
|    actor_loss      | -18.4    |
|    critic_loss     | 7.04     |
|    ent_coef        | 0.0102   |
|    ent_coef_loss   | 1.67     |
|    learning_rate   | 0.0003   |
|    n_updates       | 7687472  |
---------------------------------
---------------------------------
| rollout/           |          |
|    ep_len_mean     | 1.81e+03 |
|    ep_rew_mean     | 453      |
| time/              |          |
|    episodes        | 4564     |
|    fps             | 166      |
|    time_elapsed    | 46202    |
|    total_timesteps | 7695627  |
| train/             |          |
|    actor_loss      | -1.68    |
|    critic_loss     | 10.7     |
|    ent_coef        | 0.0101   |
|    ent_coef_loss   | -1.65    |
|    learning_rate   | 0.0003   |
|    n_updates       | 7694626  |
---------------------------------
---------------------------------
| rollout/           |          |
|    ep_len_mean     | 1.81e+03 |
|    ep_rew_mean     | 445      |
| time/              |          |
|    episodes        | 4568     |
|    fps             | 166      |
|    time_elapsed    | 46247    |
|    total_timesteps | 7703204  |
| train/             |          |
|    actor_loss      | -12.6    |
|    critic_loss     | 56.4     |
|    ent_coef        | 0.0102   |
|    ent_coef_loss   | 10       |
|    learning_rate   | 0.0003   |
|    n_updates       | 7702203  |
---------------------------------
---------------------------------
| rollout/           |          |
|    ep_len_mean     | 1.82e+03 |
|    ep_rew_mean     | 447      |
| time/              |          |
|    episodes        | 4572     |
|    fps             | 166      |
|    time_elapsed    | 46290    |
|    total_timesteps | 7710485  |
| train/             |          |
|    actor_loss      | -12.3    |
|    critic_loss     | 9.05     |
|    ent_coef        | 0.0106   |
|    ent_coef_loss   | -0.867   |
|    learning_rate   | 0.0003   |
|    n_updates       | 7709484  |
---------------------------------
---------------------------------
| rollout/           |          |
|    ep_len_mean     | 1.82e+03 |
|    ep_rew_mean     | 454      |
| time/              |          |
|    episodes        | 4576     |
|    fps             | 166      |
|    time_elapsed    | 46334    |
|    total_timesteps | 7717922  |
| train/             |          |
|    actor_loss      | -22.3    |
|    critic_loss     | 5.76     |
|    ent_coef        | 0.0102   |
|    ent_coef_loss   | -2.63    |
|    learning_rate   | 0.0003   |
|    n_updates       | 7716921  |
---------------------------------
---------------------------------
| rollout/           |          |
|    ep_len_mean     | 1.82e+03 |
|    ep_rew_mean     | 464      |
| time/              |          |
|    episodes        | 4580     |
|    fps             | 166      |
|    time_elapsed    | 46377    |
|    total_timesteps | 7725255  |
| train/             |          |
|    actor_loss      | -23.5    |
|    critic_loss     | 2.2      |
|    ent_coef        | 0.00965  |
|    ent_coef_loss   | 1.04     |
|    learning_rate   | 0.0003   |
|    n_updates       | 7724254  |
---------------------------------
---------------------------------
| rollout/           |          |
|    ep_len_mean     | 1.83e+03 |
|    ep_rew_mean     | 460      |
| time/              |          |
|    episodes        | 4584     |
|    fps             | 166      |
|    time_elapsed    | 46421    |
|    total_timesteps | 7732726  |
| train/             |          |
|    actor_loss      | -11.7    |
|    critic_loss     | 2.56     |
|    ent_coef        | 0.0103   |
|    ent_coef_loss   | 2.67     |
|    learning_rate   | 0.0003   |
|    n_updates       | 7731725  |
---------------------------------
---------------------------------
| rollout/           |          |
|    ep_len_mean     | 1.82e+03 |
|    ep_rew_mean     | 460      |
| time/              |          |
|    episodes        | 4588     |
|    fps             | 166      |
|    time_elapsed    | 46462    |
|    total_timesteps | 7739618  |
| train/             |          |
|    actor_loss      | -15.6    |
|    critic_loss     | 2.03     |
|    ent_coef        | 0.0105   |
|    ent_coef_loss   | -2.32    |
|    learning_rate   | 0.0003   |
|    n_updates       | 7738617  |
---------------------------------
---------------------------------
| rollout/           |          |
|    ep_len_mean     | 1.82e+03 |
|    ep_rew_mean     | 459      |
| time/              |          |
|    episodes        | 4592     |
|    fps             | 166      |
|    time_elapsed    | 46505    |
|    total_timesteps | 7746834  |
| train/             |          |
|    actor_loss      | -14.4    |
|    critic_loss     | 9.2      |
|    ent_coef        | 0.0106   |
|    ent_coef_loss   | -0.857   |
|    learning_rate   | 0.0003   |
|    n_updates       | 7745833  |
---------------------------------
---------------------------------
| rollout/           |          |
|    ep_len_mean     | 1.83e+03 |
|    ep_rew_mean     | 465      |
| time/              |          |
|    episodes        | 4596     |
|    fps             | 166      |
|    time_elapsed    | 46549    |
|    total_timesteps | 7754073  |
| train/             |          |
|    actor_loss      | -39.9    |
|    critic_loss     | 2.54     |
|    ent_coef        | 0.0102   |
|    ent_coef_loss   | 0.699    |
|    learning_rate   | 0.0003   |
|    n_updates       | 7753072  |
---------------------------------
---------------------------------
| rollout/           |          |
|    ep_len_mean     | 1.83e+03 |
|    ep_rew_mean     | 457      |
| time/              |          |
|    episodes        | 4600     |
|    fps             | 166      |
|    time_elapsed    | 46591    |
|    total_timesteps | 7761166  |
| train/             |          |
|    actor_loss      | -18.1    |
|    critic_loss     | 18.6     |
|    ent_coef        | 0.00966  |
|    ent_coef_loss   | 0.415    |
|    learning_rate   | 0.0003   |
|    n_updates       | 7760165  |
---------------------------------
---------------------------------
| rollout/           |          |
|    ep_len_mean     | 1.83e+03 |
|    ep_rew_mean     | 463      |
| time/              |          |
|    episodes        | 4604     |
|    fps             | 166      |
|    time_elapsed    | 46636    |
|    total_timesteps | 7768696  |
| train/             |          |
|    actor_loss      | -11.8    |
|    critic_loss     | 3.47     |
|    ent_coef        | 0.0109   |
|    ent_coef_loss   | -3.84    |
|    learning_rate   | 0.0003   |
|    n_updates       | 7767695  |
---------------------------------
---------------------------------
| rollout/           |          |
|    ep_len_mean     | 1.82e+03 |
|    ep_rew_mean     | 452      |
| time/              |          |
|    episodes        | 4608     |
|    fps             | 166      |
|    time_elapsed    | 46667    |
|    total_timesteps | 7774031  |
| train/             |          |
|    actor_loss      | -19.2    |
|    critic_loss     | 6.5      |
|    ent_coef        | 0.011    |
|    ent_coef_loss   | 0.291    |
|    learning_rate   | 0.0003   |
|    n_updates       | 7773030  |
---------------------------------
---------------------------------
| rollout/           |          |
|    ep_len_mean     | 1.82e+03 |
|    ep_rew_mean     | 459      |
| time/              |          |
|    episodes        | 4612     |
|    fps             | 166      |
|    time_elapsed    | 46710    |
|    total_timesteps | 7781246  |
| train/             |          |
|    actor_loss      | -12      |
|    critic_loss     | 7.54     |
|    ent_coef        | 0.0109   |
|    ent_coef_loss   | 0.292    |
|    learning_rate   | 0.0003   |
|    n_updates       | 7780245  |
---------------------------------
---------------------------------
| rollout/           |          |
|    ep_len_mean     | 1.81e+03 |
|    ep_rew_mean     | 454      |
| time/              |          |
|    episodes        | 4616     |
|    fps             | 166      |
|    time_elapsed    | 46752    |
|    total_timesteps | 7788360  |
| train/             |          |
|    actor_loss      | -20.8    |
|    critic_loss     | 7.7      |
|    ent_coef        | 0.0115   |
|    ent_coef_loss   | 2.44     |
|    learning_rate   | 0.0003   |
|    n_updates       | 7787359  |
---------------------------------
---------------------------------
| rollout/           |          |
|    ep_len_mean     | 1.81e+03 |
|    ep_rew_mean     | 460      |
| time/              |          |
|    episodes        | 4620     |
|    fps             | 166      |
|    time_elapsed    | 46795    |
|    total_timesteps | 7795574  |
| train/             |          |
|    actor_loss      | -8.3     |
|    critic_loss     | 8.56     |
|    ent_coef        | 0.0118   |
|    ent_coef_loss   | 0.579    |
|    learning_rate   | 0.0003   |
|    n_updates       | 7794573  |
---------------------------------
---------------------------------
| rollout/           |          |
|    ep_len_mean     | 1.8e+03  |
|    ep_rew_mean     | 453      |
| time/              |          |
|    episodes        | 4624     |
|    fps             | 166      |
|    time_elapsed    | 46828    |
|    total_timesteps | 7801226  |
| train/             |          |
|    actor_loss      | -18.4    |
|    critic_loss     | 3.71     |
|    ent_coef        | 0.012    |
|    ent_coef_loss   | -1.53    |
|    learning_rate   | 0.0003   |
|    n_updates       | 7800225  |
---------------------------------
---------------------------------
| rollout/           |          |
|    ep_len_mean     | 1.73e+03 |
|    ep_rew_mean     | 427      |
| time/              |          |
|    episodes        | 4628     |
|    fps             | 166      |
|    time_elapsed    | 46834    |
|    total_timesteps | 7802124  |
| train/             |          |
|    actor_loss      | -24.3    |
|    critic_loss     | 1.95     |
|    ent_coef        | 0.0117   |
|    ent_coef_loss   | 0.105    |
|    learning_rate   | 0.0003   |
|    n_updates       | 7801123  |
---------------------------------
---------------------------------
| rollout/           |          |
|    ep_len_mean     | 1.67e+03 |
|    ep_rew_mean     | 408      |
| time/              |          |
|    episodes        | 4632     |
|    fps             | 166      |
|    time_elapsed    | 46839    |
|    total_timesteps | 7803019  |
| train/             |          |
|    actor_loss      | -16.6    |
|    critic_loss     | 3.37     |
|    ent_coef        | 0.012    |
|    ent_coef_loss   | -2.21    |
|    learning_rate   | 0.0003   |
|    n_updates       | 7802018  |
---------------------------------
---------------------------------
| rollout/           |          |
|    ep_len_mean     | 1.62e+03 |
|    ep_rew_mean     | 392      |
| time/              |          |
|    episodes        | 4636     |
|    fps             | 166      |
|    time_elapsed    | 46853    |
|    total_timesteps | 7805283  |
| train/             |          |
|    actor_loss      | -33      |
|    critic_loss     | 6.09     |
|    ent_coef        | 0.0124   |
|    ent_coef_loss   | -0.611   |
|    learning_rate   | 0.0003   |
|    n_updates       | 7804282  |
---------------------------------
---------------------------------
| rollout/           |          |
|    ep_len_mean     | 1.6e+03  |
|    ep_rew_mean     | 376      |
| time/              |          |
|    episodes        | 4640     |
|    fps             | 166      |
|    time_elapsed    | 46887    |
|    total_timesteps | 7811069  |
| train/             |          |
|    actor_loss      | -22.4    |
|    critic_loss     | 6.41     |
|    ent_coef        | 0.0128   |
|    ent_coef_loss   | 1.31     |
|    learning_rate   | 0.0003   |
|    n_updates       | 7810068  |
---------------------------------
---------------------------------
| rollout/           |          |
|    ep_len_mean     | 1.58e+03 |
|    ep_rew_mean     | 374      |
| time/              |          |
|    episodes        | 4644     |
|    fps             | 166      |
|    time_elapsed    | 46918    |
|    total_timesteps | 7816329  |
| train/             |          |
|    actor_loss      | -25.1    |
|    critic_loss     | 3.66     |
|    ent_coef        | 0.0119   |
|    ent_coef_loss   | -1.98    |
|    learning_rate   | 0.0003   |
|    n_updates       | 7815328  |
---------------------------------
---------------------------------
| rollout/           |          |
|    ep_len_mean     | 1.52e+03 |
|    ep_rew_mean     | 354      |
| time/              |          |
|    episodes        | 4648     |
|    fps             | 166      |
|    time_elapsed    | 46931    |
|    total_timesteps | 7818655  |
| train/             |          |
|    actor_loss      | -14.2    |
|    critic_loss     | 63.5     |
|    ent_coef        | 0.0121   |
|    ent_coef_loss   | 0.112    |
|    learning_rate   | 0.0003   |
|    n_updates       | 7817654  |
---------------------------------
---------------------------------
| rollout/           |          |
|    ep_len_mean     | 1.49e+03 |
|    ep_rew_mean     | 338      |
| time/              |          |
|    episodes        | 4652     |
|    fps             | 166      |
|    time_elapsed    | 46953    |
|    total_timesteps | 7822248  |
| train/             |          |
|    actor_loss      | -2.57    |
|    critic_loss     | 59.1     |
|    ent_coef        | 0.0121   |
|    ent_coef_loss   | 2.24     |
|    learning_rate   | 0.0003   |
|    n_updates       | 7821247  |
---------------------------------
---------------------------------
| rollout/           |          |
|    ep_len_mean     | 1.44e+03 |
|    ep_rew_mean     | 322      |
| time/              |          |
|    episodes        | 4656     |
|    fps             | 166      |
|    time_elapsed    | 46979    |
|    total_timesteps | 7824656  |
| train/             |          |
|    actor_loss      | -19.7    |
|    critic_loss     | 4.7      |
|    ent_coef        | 0.0113   |
|    ent_coef_loss   | -0.732   |
|    learning_rate   | 0.0003   |
|    n_updates       | 7823655  |
---------------------------------
---------------------------------
| rollout/           |          |
|    ep_len_mean     | 1.41e+03 |
|    ep_rew_mean     | 314      |
| time/              |          |
|    episodes        | 4660     |
|    fps             | 166      |
|    time_elapsed    | 47008    |
|    total_timesteps | 7829616  |
| train/             |          |
|    actor_loss      | -20.6    |
|    critic_loss     | 6.73     |
|    ent_coef        | 0.0106   |
|    ent_coef_loss   | -0.944   |
|    learning_rate   | 0.0003   |
|    n_updates       | 7828615  |
---------------------------------
---------------------------------
| rollout/           |          |
|    ep_len_mean     | 1.4e+03  |
|    ep_rew_mean     | 319      |
| time/              |          |
|    episodes        | 4664     |
|    fps             | 166      |
|    time_elapsed    | 47045    |
|    total_timesteps | 7835835  |
| train/             |          |
|    actor_loss      | -19.7    |
|    critic_loss     | 6.02     |
|    ent_coef        | 0.011    |
|    ent_coef_loss   | -0.654   |
|    learning_rate   | 0.0003   |
|    n_updates       | 7834834  |
---------------------------------
---------------------------------
| rollout/           |          |
|    ep_len_mean     | 1.39e+03 |
|    ep_rew_mean     | 313      |
| time/              |          |
|    episodes        | 4668     |
|    fps             | 166      |
|    time_elapsed    | 47085    |
|    total_timesteps | 7842492  |
| train/             |          |
|    actor_loss      | -0.293   |
|    critic_loss     | 7.3      |
|    ent_coef        | 0.0102   |
|    ent_coef_loss   | 0.488    |
|    learning_rate   | 0.0003   |
|    n_updates       | 7841491  |
---------------------------------
---------------------------------
| rollout/           |          |
|    ep_len_mean     | 1.39e+03 |
|    ep_rew_mean     | 333      |
| time/              |          |
|    episodes        | 4672     |
|    fps             | 166      |
|    time_elapsed    | 47126    |
|    total_timesteps | 7849483  |
| train/             |          |
|    actor_loss      | -3.86    |
|    critic_loss     | 9.87     |
|    ent_coef        | 0.0104   |
|    ent_coef_loss   | 0.394    |
|    learning_rate   | 0.0003   |
|    n_updates       | 7848482  |
---------------------------------
---------------------------------
| rollout/           |          |
|    ep_len_mean     | 1.38e+03 |
|    ep_rew_mean     | 315      |
| time/              |          |
|    episodes        | 4676     |
|    fps             | 166      |
|    time_elapsed    | 47167    |
|    total_timesteps | 7856338  |
| train/             |          |
|    actor_loss      | -9.24    |
|    critic_loss     | 19.7     |
|    ent_coef        | 0.01     |
|    ent_coef_loss   | -1.2     |
|    learning_rate   | 0.0003   |
|    n_updates       | 7855337  |
---------------------------------
---------------------------------
| rollout/           |          |
|    ep_len_mean     | 1.38e+03 |
|    ep_rew_mean     | 313      |
| time/              |          |
|    episodes        | 4680     |
|    fps             | 166      |
|    time_elapsed    | 47209    |
|    total_timesteps | 7863356  |
| train/             |          |
|    actor_loss      | -25.6    |
|    critic_loss     | 7.99     |
|    ent_coef        | 0.0102   |
|    ent_coef_loss   | 0.025    |
|    learning_rate   | 0.0003   |
|    n_updates       | 7862355  |
---------------------------------
---------------------------------
| rollout/           |          |
|    ep_len_mean     | 1.37e+03 |
|    ep_rew_mean     | 311      |
| time/              |          |
|    episodes        | 4684     |
|    fps             | 166      |
|    time_elapsed    | 47249    |
|    total_timesteps | 7870052  |
| train/             |          |
|    actor_loss      | -11.2    |
|    critic_loss     | 9.43     |
|    ent_coef        | 0.0107   |
|    ent_coef_loss   | -0.395   |
|    learning_rate   | 0.0003   |
|    n_updates       | 7869051  |
---------------------------------
---------------------------------
| rollout/           |          |
|    ep_len_mean     | 1.38e+03 |
|    ep_rew_mean     | 314      |
| time/              |          |
|    episodes        | 4688     |
|    fps             | 166      |
|    time_elapsed    | 47291    |
|    total_timesteps | 7877224  |
| train/             |          |
|    actor_loss      | 9.88     |
|    critic_loss     | 11.1     |
|    ent_coef        | 0.0106   |
|    ent_coef_loss   | 1.76     |
|    learning_rate   | 0.0003   |
|    n_updates       | 7876223  |
---------------------------------
---------------------------------
| rollout/           |          |
|    ep_len_mean     | 1.38e+03 |
|    ep_rew_mean     | 305      |
| time/              |          |
|    episodes        | 4692     |
|    fps             | 166      |
|    time_elapsed    | 47334    |
|    total_timesteps | 7884366  |
| train/             |          |
|    actor_loss      | -2.34    |
|    critic_loss     | 4.11     |
|    ent_coef        | 0.0108   |
|    ent_coef_loss   | 1.08     |
|    learning_rate   | 0.0003   |
|    n_updates       | 7883365  |
---------------------------------
---------------------------------
| rollout/           |          |
|    ep_len_mean     | 1.37e+03 |
|    ep_rew_mean     | 307      |
| time/              |          |
|    episodes        | 4696     |
|    fps             | 166      |
|    time_elapsed    | 47374    |
|    total_timesteps | 7891194  |
| train/             |          |
|    actor_loss      | -13.8    |
|    critic_loss     | 5.59     |
|    ent_coef        | 0.0105   |
|    ent_coef_loss   | -2.18    |
|    learning_rate   | 0.0003   |
|    n_updates       | 7890193  |
---------------------------------
---------------------------------
| rollout/           |          |
|    ep_len_mean     | 1.37e+03 |
|    ep_rew_mean     | 313      |
| time/              |          |
|    episodes        | 4700     |
|    fps             | 166      |
|    time_elapsed    | 47416    |
|    total_timesteps | 7898280  |
| train/             |          |
|    actor_loss      | -8.02    |
|    critic_loss     | 6.21     |
|    ent_coef        | 0.0108   |
|    ent_coef_loss   | 1.58     |
|    learning_rate   | 0.0003   |
|    n_updates       | 7897279  |
---------------------------------
---------------------------------
| rollout/           |          |
|    ep_len_mean     | 1.36e+03 |
|    ep_rew_mean     | 309      |
| time/              |          |
|    episodes        | 4704     |
|    fps             | 166      |
|    time_elapsed    | 47455    |
|    total_timesteps | 7904770  |
| train/             |          |
|    actor_loss      | 5.01     |
|    critic_loss     | 6.44     |
|    ent_coef        | 0.0108   |
|    ent_coef_loss   | -1.77    |
|    learning_rate   | 0.0003   |
|    n_updates       | 7903769  |
---------------------------------
---------------------------------
| rollout/           |          |
|    ep_len_mean     | 1.38e+03 |
|    ep_rew_mean     | 319      |
| time/              |          |
|    episodes        | 4708     |
|    fps             | 166      |
|    time_elapsed    | 47496    |
|    total_timesteps | 7911780  |
| train/             |          |
|    actor_loss      | -4.97    |
|    critic_loss     | 7.5      |
|    ent_coef        | 0.0115   |
|    ent_coef_loss   | -1.14    |
|    learning_rate   | 0.0003   |
|    n_updates       | 7910779  |
---------------------------------
---------------------------------
| rollout/           |          |
|    ep_len_mean     | 1.38e+03 |
|    ep_rew_mean     | 313      |
| time/              |          |
|    episodes        | 4712     |
|    fps             | 166      |
|    time_elapsed    | 47539    |
|    total_timesteps | 7918978  |
| train/             |          |
|    actor_loss      | 7.27     |
|    critic_loss     | 6.68     |
|    ent_coef        | 0.0113   |
|    ent_coef_loss   | 0.665    |
|    learning_rate   | 0.0003   |
|    n_updates       | 7917977  |
---------------------------------
---------------------------------
| rollout/           |          |
|    ep_len_mean     | 1.38e+03 |
|    ep_rew_mean     | 322      |
| time/              |          |
|    episodes        | 4716     |
|    fps             | 166      |
|    time_elapsed    | 47584    |
|    total_timesteps | 7926548  |
| train/             |          |
|    actor_loss      | -0.108   |
|    critic_loss     | 4.16     |
|    ent_coef        | 0.0107   |
|    ent_coef_loss   | 0.0761   |
|    learning_rate   | 0.0003   |
|    n_updates       | 7925547  |
---------------------------------
---------------------------------
| rollout/           |          |
|    ep_len_mean     | 1.38e+03 |
|    ep_rew_mean     | 321      |
| time/              |          |
|    episodes        | 4720     |
|    fps             | 166      |
|    time_elapsed    | 47625    |
|    total_timesteps | 7933407  |
| train/             |          |
|    actor_loss      | 3.98     |
|    critic_loss     | 15.3     |
|    ent_coef        | 0.0107   |
|    ent_coef_loss   | 1.18     |
|    learning_rate   | 0.0003   |
|    n_updates       | 7932406  |
---------------------------------
---------------------------------
| rollout/           |          |
|    ep_len_mean     | 1.38e+03 |
|    ep_rew_mean     | 324      |
| time/              |          |
|    episodes        | 4724     |
|    fps             | 166      |
|    time_elapsed    | 47657    |
|    total_timesteps | 7938940  |
| train/             |          |
|    actor_loss      | -16.1    |
|    critic_loss     | 15.6     |
|    ent_coef        | 0.0102   |
|    ent_coef_loss   | 0.212    |
|    learning_rate   | 0.0003   |
|    n_updates       | 7937939  |
---------------------------------
---------------------------------
| rollout/           |          |
|    ep_len_mean     | 1.44e+03 |
|    ep_rew_mean     | 346      |
| time/              |          |
|    episodes        | 4728     |
|    fps             | 166      |
|    time_elapsed    | 47699    |
|    total_timesteps | 7945929  |
| train/             |          |
|    actor_loss      | -12.2    |
|    critic_loss     | 4.8      |
|    ent_coef        | 0.0103   |
|    ent_coef_loss   | -1.78    |
|    learning_rate   | 0.0003   |
|    n_updates       | 7944928  |
---------------------------------
---------------------------------
| rollout/           |          |
|    ep_len_mean     | 1.5e+03  |
|    ep_rew_mean     | 359      |
| time/              |          |
|    episodes        | 4732     |
|    fps             | 166      |
|    time_elapsed    | 47741    |
|    total_timesteps | 7953013  |
| train/             |          |
|    actor_loss      | -4.9     |
|    critic_loss     | 4.29     |
|    ent_coef        | 0.0105   |
|    ent_coef_loss   | 1.25     |
|    learning_rate   | 0.0003   |
|    n_updates       | 7952012  |
---------------------------------
---------------------------------
| rollout/           |          |
|    ep_len_mean     | 1.55e+03 |
|    ep_rew_mean     | 367      |
| time/              |          |
|    episodes        | 4736     |
|    fps             | 166      |
|    time_elapsed    | 47785    |
|    total_timesteps | 7960358  |
| train/             |          |
|    actor_loss      | -2.72    |
|    critic_loss     | 2.95     |
|    ent_coef        | 0.0104   |
|    ent_coef_loss   | 0.319    |
|    learning_rate   | 0.0003   |
|    n_updates       | 7959357  |
---------------------------------
---------------------------------
| rollout/           |          |
|    ep_len_mean     | 1.56e+03 |
|    ep_rew_mean     | 369      |
| time/              |          |
|    episodes        | 4740     |
|    fps             | 166      |
|    time_elapsed    | 47825    |
|    total_timesteps | 7967160  |
| train/             |          |
|    actor_loss      | -11.4    |
|    critic_loss     | 12.7     |
|    ent_coef        | 0.0107   |
|    ent_coef_loss   | 8.31     |
|    learning_rate   | 0.0003   |
|    n_updates       | 7966159  |
---------------------------------
---------------------------------
| rollout/           |          |
|    ep_len_mean     | 1.58e+03 |
|    ep_rew_mean     | 365      |
| time/              |          |
|    episodes        | 4744     |
|    fps             | 166      |
|    time_elapsed    | 47868    |
|    total_timesteps | 7974367  |
| train/             |          |
|    actor_loss      | 11.2     |
|    critic_loss     | 13.1     |
|    ent_coef        | 0.0102   |
|    ent_coef_loss   | 2.34     |
|    learning_rate   | 0.0003   |
|    n_updates       | 7973366  |
---------------------------------
---------------------------------
| rollout/           |          |
|    ep_len_mean     | 1.63e+03 |
|    ep_rew_mean     | 384      |
| time/              |          |
|    episodes        | 4748     |
|    fps             | 166      |
|    time_elapsed    | 47909    |
|    total_timesteps | 7981301  |
| train/             |          |
|    actor_loss      | -15.4    |
|    critic_loss     | 4.87     |
|    ent_coef        | 0.0102   |
|    ent_coef_loss   | -1.64    |
|    learning_rate   | 0.0003   |
|    n_updates       | 7980300  |
---------------------------------
---------------------------------
| rollout/           |          |
|    ep_len_mean     | 1.66e+03 |
|    ep_rew_mean     | 391      |
| time/              |          |
|    episodes        | 4752     |
|    fps             | 166      |
|    time_elapsed    | 47948    |
|    total_timesteps | 7987845  |
| train/             |          |
|    actor_loss      | -2.26    |
|    critic_loss     | 38.4     |
|    ent_coef        | 0.0101   |
|    ent_coef_loss   | 4.59     |
|    learning_rate   | 0.0003   |
|    n_updates       | 7986844  |
---------------------------------
---------------------------------
| rollout/           |          |
|    ep_len_mean     | 1.7e+03  |
|    ep_rew_mean     | 399      |
| time/              |          |
|    episodes        | 4756     |
|    fps             | 166      |
|    time_elapsed    | 47991    |
|    total_timesteps | 7994556  |
| train/             |          |
|    actor_loss      | -32.5    |
|    critic_loss     | 9.42     |
|    ent_coef        | 0.01     |
|    ent_coef_loss   | 0.332    |
|    learning_rate   | 0.0003   |
|    n_updates       | 7993555  |
---------------------------------
---------------------------------
| rollout/           |          |
|    ep_len_mean     | 1.72e+03 |
|    ep_rew_mean     | 399      |
| time/              |          |
|    episodes        | 4760     |
|    fps             | 166      |
|    time_elapsed    | 48036    |
|    total_timesteps | 8001117  |
| train/             |          |
|    actor_loss      | -15.7    |
|    critic_loss     | 20.8     |
|    ent_coef        | 0.00987  |
|    ent_coef_loss   | -0.63    |
|    learning_rate   | 0.0003   |
|    n_updates       | 8000116  |
---------------------------------
---------------------------------
| rollout/           |          |
|    ep_len_mean     | 1.72e+03 |
|    ep_rew_mean     | 394      |
| time/              |          |
|    episodes        | 4764     |
|    fps             | 166      |
|    time_elapsed    | 48079    |
|    total_timesteps | 8007567  |
| train/             |          |
|    actor_loss      | -2.46    |
|    critic_loss     | 8.71     |
|    ent_coef        | 0.00986  |
|    ent_coef_loss   | 2.35     |
|    learning_rate   | 0.0003   |
|    n_updates       | 8006566  |
---------------------------------
---------------------------------
| rollout/           |          |
|    ep_len_mean     | 1.72e+03 |
|    ep_rew_mean     | 399      |
| time/              |          |
|    episodes        | 4768     |
|    fps             | 166      |
|    time_elapsed    | 48123    |
|    total_timesteps | 8014145  |
| train/             |          |
|    actor_loss      | -18.3    |
|    critic_loss     | 3.51     |
|    ent_coef        | 0.00995  |
|    ent_coef_loss   | -0.784   |
|    learning_rate   | 0.0003   |
|    n_updates       | 8013144  |
---------------------------------
---------------------------------
| rollout/           |          |
|    ep_len_mean     | 1.71e+03 |
|    ep_rew_mean     | 377      |
| time/              |          |
|    episodes        | 4772     |
|    fps             | 166      |
|    time_elapsed    | 48167    |
|    total_timesteps | 8020670  |
| train/             |          |
|    actor_loss      | -14.4    |
|    critic_loss     | 5.91     |
|    ent_coef        | 0.00956  |
|    ent_coef_loss   | 0.32     |
|    learning_rate   | 0.0003   |
|    n_updates       | 8019669  |
---------------------------------
---------------------------------
| rollout/           |          |
|    ep_len_mean     | 1.71e+03 |
|    ep_rew_mean     | 380      |
| time/              |          |
|    episodes        | 4776     |
|    fps             | 166      |
|    time_elapsed    | 48211    |
|    total_timesteps | 8027185  |
| train/             |          |
|    actor_loss      | -25.6    |
|    critic_loss     | 2.96     |
|    ent_coef        | 0.00956  |
|    ent_coef_loss   | -0.852   |
|    learning_rate   | 0.0003   |
|    n_updates       | 8026184  |
---------------------------------
---------------------------------
| rollout/           |          |
|    ep_len_mean     | 1.7e+03  |
|    ep_rew_mean     | 372      |
| time/              |          |
|    episodes        | 4780     |
|    fps             | 166      |
|    time_elapsed    | 48255    |
|    total_timesteps | 8033752  |
| train/             |          |
|    actor_loss      | -14.9    |
|    critic_loss     | 7.63     |
|    ent_coef        | 0.00931  |
|    ent_coef_loss   | 0.372    |
|    learning_rate   | 0.0003   |
|    n_updates       | 8032751  |
---------------------------------
---------------------------------
| rollout/           |          |
|    ep_len_mean     | 1.69e+03 |
|    ep_rew_mean     | 363      |
| time/              |          |
|    episodes        | 4784     |
|    fps             | 166      |
|    time_elapsed    | 48291    |
|    total_timesteps | 8039149  |
| train/             |          |
|    actor_loss      | -12      |
|    critic_loss     | 3.4      |
|    ent_coef        | 0.0092   |
|    ent_coef_loss   | 1.56     |
|    learning_rate   | 0.0003   |
|    n_updates       | 8038148  |
---------------------------------
---------------------------------
| rollout/           |          |
|    ep_len_mean     | 1.68e+03 |
|    ep_rew_mean     | 359      |
| time/              |          |
|    episodes        | 4788     |
|    fps             | 166      |
|    time_elapsed    | 48334    |
|    total_timesteps | 8045597  |
| train/             |          |
|    actor_loss      | -20.6    |
|    critic_loss     | 2.41     |
|    ent_coef        | 0.0094   |
|    ent_coef_loss   | -0.251   |
|    learning_rate   | 0.0003   |
|    n_updates       | 8044596  |
---------------------------------
---------------------------------
| rollout/           |          |
|    ep_len_mean     | 1.68e+03 |
|    ep_rew_mean     | 362      |
| time/              |          |
|    episodes        | 4792     |
|    fps             | 166      |
|    time_elapsed    | 48379    |
|    total_timesteps | 8052184  |
| train/             |          |
|    actor_loss      | -10.3    |
|    critic_loss     | 6.39     |
|    ent_coef        | 0.00881  |
|    ent_coef_loss   | -0.0326  |
|    learning_rate   | 0.0003   |
|    n_updates       | 8051183  |
---------------------------------
---------------------------------
| rollout/           |          |
|    ep_len_mean     | 1.68e+03 |
|    ep_rew_mean     | 361      |
| time/              |          |
|    episodes        | 4796     |
|    fps             | 166      |
|    time_elapsed    | 48427    |
|    total_timesteps | 8059410  |
| train/             |          |
|    actor_loss      | -27.1    |
|    critic_loss     | 1.63     |
|    ent_coef        | 0.00884  |
|    ent_coef_loss   | -1.57    |
|    learning_rate   | 0.0003   |
|    n_updates       | 8058409  |
---------------------------------
---------------------------------
| rollout/           |          |
|    ep_len_mean     | 1.68e+03 |
|    ep_rew_mean     | 363      |
| time/              |          |
|    episodes        | 4800     |
|    fps             | 166      |
|    time_elapsed    | 48474    |
|    total_timesteps | 8066284  |
| train/             |          |
|    actor_loss      | -15.7    |
|    critic_loss     | 4.7      |
|    ent_coef        | 0.0091   |
|    ent_coef_loss   | 0.13     |
|    learning_rate   | 0.0003   |
|    n_updates       | 8065283  |
---------------------------------
---------------------------------
| rollout/           |          |
|    ep_len_mean     | 1.69e+03 |
|    ep_rew_mean     | 370      |
| time/              |          |
|    episodes        | 4804     |
|    fps             | 166      |
|    time_elapsed    | 48522    |
|    total_timesteps | 8073518  |
| train/             |          |
|    actor_loss      | -25.6    |
|    critic_loss     | 5.38     |
|    ent_coef        | 0.0092   |
|    ent_coef_loss   | 1.17     |
|    learning_rate   | 0.0003   |
|    n_updates       | 8072517  |
---------------------------------
---------------------------------
| rollout/           |          |
|    ep_len_mean     | 1.69e+03 |
|    ep_rew_mean     | 368      |
| time/              |          |
|    episodes        | 4808     |
|    fps             | 166      |
|    time_elapsed    | 48572    |
|    total_timesteps | 8080989  |
| train/             |          |
|    actor_loss      | -24.7    |
|    critic_loss     | 2.44     |
|    ent_coef        | 0.00867  |
|    ent_coef_loss   | -1.83    |
|    learning_rate   | 0.0003   |
|    n_updates       | 8079988  |
---------------------------------
---------------------------------
| rollout/           |          |
|    ep_len_mean     | 1.69e+03 |
|    ep_rew_mean     | 371      |
| time/              |          |
|    episodes        | 4812     |
|    fps             | 166      |
|    time_elapsed    | 48617    |
|    total_timesteps | 8087730  |
| train/             |          |
|    actor_loss      | -9.13    |
|    critic_loss     | 7.15     |
|    ent_coef        | 0.00917  |
|    ent_coef_loss   | -2.25    |
|    learning_rate   | 0.0003   |
|    n_updates       | 8086729  |
---------------------------------
---------------------------------
| rollout/           |          |
|    ep_len_mean     | 1.68e+03 |
|    ep_rew_mean     | 368      |
| time/              |          |
|    episodes        | 4816     |
|    fps             | 166      |
|    time_elapsed    | 48664    |
|    total_timesteps | 8094684  |
| train/             |          |
|    actor_loss      | -18.7    |
|    critic_loss     | 15.2     |
|    ent_coef        | 0.00957  |
|    ent_coef_loss   | -0.338   |
|    learning_rate   | 0.0003   |
|    n_updates       | 8093683  |
---------------------------------
---------------------------------
| rollout/           |          |
|    ep_len_mean     | 1.68e+03 |
|    ep_rew_mean     | 371      |
| time/              |          |
|    episodes        | 4820     |
|    fps             | 166      |
|    time_elapsed    | 48708    |
|    total_timesteps | 8101175  |
| train/             |          |
|    actor_loss      | -5.25    |
|    critic_loss     | 7.08     |
|    ent_coef        | 0.00971  |
|    ent_coef_loss   | 0.375    |
|    learning_rate   | 0.0003   |
|    n_updates       | 8100174  |
---------------------------------
---------------------------------
| rollout/           |          |
|    ep_len_mean     | 1.69e+03 |
|    ep_rew_mean     | 375      |
| time/              |          |
|    episodes        | 4824     |
|    fps             | 166      |
|    time_elapsed    | 48754    |
|    total_timesteps | 8108140  |
| train/             |          |
|    actor_loss      | -14.1    |
|    critic_loss     | 6.06     |
|    ent_coef        | 0.0101   |
|    ent_coef_loss   | -2.23    |
|    learning_rate   | 0.0003   |
|    n_updates       | 8107139  |
---------------------------------
---------------------------------
| rollout/           |          |
|    ep_len_mean     | 1.68e+03 |
|    ep_rew_mean     | 377      |
| time/              |          |
|    episodes        | 4828     |
|    fps             | 166      |
|    time_elapsed    | 48796    |
|    total_timesteps | 8114381  |
| train/             |          |
|    actor_loss      | -19.2    |
|    critic_loss     | 7.34     |
|    ent_coef        | 0.0101   |
|    ent_coef_loss   | 2.23     |
|    learning_rate   | 0.0003   |
|    n_updates       | 8113380  |
---------------------------------
---------------------------------
| rollout/           |          |
|    ep_len_mean     | 1.68e+03 |
|    ep_rew_mean     | 383      |
| time/              |          |
|    episodes        | 4832     |
|    fps             | 166      |
|    time_elapsed    | 48842    |
|    total_timesteps | 8121202  |
| train/             |          |
|    actor_loss      | -20.7    |
|    critic_loss     | 4.91     |
|    ent_coef        | 0.00937  |
|    ent_coef_loss   | -1.79    |
|    learning_rate   | 0.0003   |
|    n_updates       | 8120201  |
---------------------------------
---------------------------------
| rollout/           |          |
|    ep_len_mean     | 1.68e+03 |
|    ep_rew_mean     | 394      |
| time/              |          |
|    episodes        | 4836     |
|    fps             | 166      |
|    time_elapsed    | 48886    |
|    total_timesteps | 8128230  |
| train/             |          |
|    actor_loss      | -16.2    |
|    critic_loss     | 5.64     |
|    ent_coef        | 0.00922  |
|    ent_coef_loss   | 1.28     |
|    learning_rate   | 0.0003   |
|    n_updates       | 8127229  |
---------------------------------
---------------------------------
| rollout/           |          |
|    ep_len_mean     | 1.68e+03 |
|    ep_rew_mean     | 392      |
| time/              |          |
|    episodes        | 4840     |
|    fps             | 166      |
|    time_elapsed    | 48927    |
|    total_timesteps | 8135155  |
| train/             |          |
|    actor_loss      | -20.1    |
|    critic_loss     | 3.29     |
|    ent_coef        | 0.00927  |
|    ent_coef_loss   | -0.538   |
|    learning_rate   | 0.0003   |
|    n_updates       | 8134154  |
---------------------------------
---------------------------------
| rollout/           |          |
|    ep_len_mean     | 1.68e+03 |
|    ep_rew_mean     | 395      |
| time/              |          |
|    episodes        | 4844     |
|    fps             | 166      |
|    time_elapsed    | 48970    |
|    total_timesteps | 8142390  |
| train/             |          |
|    actor_loss      | -10.5    |
|    critic_loss     | 13.1     |
|    ent_coef        | 0.00889  |
|    ent_coef_loss   | -0.54    |
|    learning_rate   | 0.0003   |
|    n_updates       | 8141389  |
---------------------------------
---------------------------------
| rollout/           |          |
|    ep_len_mean     | 1.68e+03 |
|    ep_rew_mean     | 396      |
| time/              |          |
|    episodes        | 4848     |
|    fps             | 166      |
|    time_elapsed    | 49011    |
|    total_timesteps | 8149187  |
| train/             |          |
|    actor_loss      | 5.51     |
|    critic_loss     | 6.49     |
|    ent_coef        | 0.00936  |
|    ent_coef_loss   | 2.74     |
|    learning_rate   | 0.0003   |
|    n_updates       | 8148186  |
---------------------------------
---------------------------------
| rollout/           |          |
|    ep_len_mean     | 1.68e+03 |
|    ep_rew_mean     | 413      |
| time/              |          |
|    episodes        | 4852     |
|    fps             | 166      |
|    time_elapsed    | 49053    |
|    total_timesteps | 8156213  |
| train/             |          |
|    actor_loss      | -19.6    |
|    critic_loss     | 3.78     |
|    ent_coef        | 0.00949  |
|    ent_coef_loss   | 0.401    |
|    learning_rate   | 0.0003   |
|    n_updates       | 8155212  |
---------------------------------
---------------------------------
| rollout/           |          |
|    ep_len_mean     | 1.69e+03 |
|    ep_rew_mean     | 419      |
| time/              |          |
|    episodes        | 4856     |
|    fps             | 166      |
|    time_elapsed    | 49094    |
|    total_timesteps | 8163144  |
| train/             |          |
|    actor_loss      | 1.47     |
|    critic_loss     | 15.5     |
|    ent_coef        | 0.0102   |
|    ent_coef_loss   | -2.91    |
|    learning_rate   | 0.0003   |
|    n_updates       | 8162143  |
---------------------------------
---------------------------------
| rollout/           |          |
|    ep_len_mean     | 1.69e+03 |
|    ep_rew_mean     | 415      |
| time/              |          |
|    episodes        | 4860     |
|    fps             | 166      |
|    time_elapsed    | 49133    |
|    total_timesteps | 8169733  |
| train/             |          |
|    actor_loss      | -0.0841  |
|    critic_loss     | 4.58     |
|    ent_coef        | 0.01     |
|    ent_coef_loss   | 1.14     |
|    learning_rate   | 0.0003   |
|    n_updates       | 8168732  |
---------------------------------
---------------------------------
| rollout/           |          |
|    ep_len_mean     | 1.67e+03 |
|    ep_rew_mean     | 414      |
| time/              |          |
|    episodes        | 4864     |
|    fps             | 166      |
|    time_elapsed    | 49165    |
|    total_timesteps | 8175058  |
| train/             |          |
|    actor_loss      | -6.84    |
|    critic_loss     | 4.51     |
|    ent_coef        | 0.00934  |
|    ent_coef_loss   | 0.938    |
|    learning_rate   | 0.0003   |
|    n_updates       | 8174057  |
---------------------------------
---------------------------------
| rollout/           |          |
|    ep_len_mean     | 1.66e+03 |
|    ep_rew_mean     | 414      |
| time/              |          |
|    episodes        | 4868     |
|    fps             | 166      |
|    time_elapsed    | 49197    |
|    total_timesteps | 8180470  |
| train/             |          |
|    actor_loss      | 0.823    |
|    critic_loss     | 271      |
|    ent_coef        | 0.00961  |
|    ent_coef_loss   | 2.48     |
|    learning_rate   | 0.0003   |
|    n_updates       | 8179469  |
---------------------------------
---------------------------------
| rollout/           |          |
|    ep_len_mean     | 1.67e+03 |
|    ep_rew_mean     | 422      |
| time/              |          |
|    episodes        | 4872     |
|    fps             | 166      |
|    time_elapsed    | 49237    |
|    total_timesteps | 8187194  |
| train/             |          |
|    actor_loss      | -33.7    |
|    critic_loss     | 1.88     |
|    ent_coef        | 0.00994  |
|    ent_coef_loss   | -0.635   |
|    learning_rate   | 0.0003   |
|    n_updates       | 8186193  |
---------------------------------
---------------------------------
| rollout/           |          |
|    ep_len_mean     | 1.66e+03 |
|    ep_rew_mean     | 413      |
| time/              |          |
|    episodes        | 4876     |
|    fps             | 166      |
|    time_elapsed    | 49270    |
|    total_timesteps | 8192762  |
| train/             |          |
|    actor_loss      | -17.6    |
|    critic_loss     | 8.55     |
|    ent_coef        | 0.0105   |
|    ent_coef_loss   | -0.481   |
|    learning_rate   | 0.0003   |
|    n_updates       | 8191761  |
---------------------------------
---------------------------------
| rollout/           |          |
|    ep_len_mean     | 1.66e+03 |
|    ep_rew_mean     | 432      |
| time/              |          |
|    episodes        | 4880     |
|    fps             | 166      |
|    time_elapsed    | 49312    |
|    total_timesteps | 8199783  |
| train/             |          |
|    actor_loss      | -30.6    |
|    critic_loss     | 2.48     |
|    ent_coef        | 0.0102   |
|    ent_coef_loss   | -2.77    |
|    learning_rate   | 0.0003   |
|    n_updates       | 8198782  |
---------------------------------
---------------------------------
| rollout/           |          |
|    ep_len_mean     | 1.67e+03 |
|    ep_rew_mean     | 439      |
| time/              |          |
|    episodes        | 4884     |
|    fps             | 166      |
|    time_elapsed    | 49351    |
|    total_timesteps | 8206370  |
| train/             |          |
|    actor_loss      | -20.1    |
|    critic_loss     | 4.22     |
|    ent_coef        | 0.00946  |
|    ent_coef_loss   | 1.93     |
|    learning_rate   | 0.0003   |
|    n_updates       | 8205369  |
---------------------------------
---------------------------------
| rollout/           |          |
|    ep_len_mean     | 1.67e+03 |
|    ep_rew_mean     | 443      |
| time/              |          |
|    episodes        | 4888     |
|    fps             | 166      |
|    time_elapsed    | 49389    |
|    total_timesteps | 8212739  |
| train/             |          |
|    actor_loss      | -23.9    |
|    critic_loss     | 108      |
|    ent_coef        | 0.00952  |
|    ent_coef_loss   | 3.26     |
|    learning_rate   | 0.0003   |
|    n_updates       | 8211738  |
---------------------------------
---------------------------------
| rollout/           |          |
|    ep_len_mean     | 1.67e+03 |
|    ep_rew_mean     | 446      |
| time/              |          |
|    episodes        | 4892     |
|    fps             | 166      |
|    time_elapsed    | 49428    |
|    total_timesteps | 8219372  |
| train/             |          |
|    actor_loss      | 14       |
|    critic_loss     | 55.8     |
|    ent_coef        | 0.0101   |
|    ent_coef_loss   | 1        |
|    learning_rate   | 0.0003   |
|    n_updates       | 8218371  |
---------------------------------
---------------------------------
| rollout/           |          |
|    ep_len_mean     | 1.66e+03 |
|    ep_rew_mean     | 443      |
| time/              |          |
|    episodes        | 4896     |
|    fps             | 166      |
|    time_elapsed    | 49466    |
|    total_timesteps | 8225761  |
| train/             |          |
|    actor_loss      | -29.2    |
|    critic_loss     | 4.43     |
|    ent_coef        | 0.0101   |
|    ent_coef_loss   | 0.148    |
|    learning_rate   | 0.0003   |
|    n_updates       | 8224760  |
---------------------------------
---------------------------------
| rollout/           |          |
|    ep_len_mean     | 1.66e+03 |
|    ep_rew_mean     | 442      |
| time/              |          |
|    episodes        | 4900     |
|    fps             | 166      |
|    time_elapsed    | 49507    |
|    total_timesteps | 8232575  |
| train/             |          |
|    actor_loss      | -15.4    |
|    critic_loss     | 11.5     |
|    ent_coef        | 0.0102   |
|    ent_coef_loss   | 3.74     |
|    learning_rate   | 0.0003   |
|    n_updates       | 8231574  |
---------------------------------
---------------------------------
| rollout/           |          |
|    ep_len_mean     | 1.65e+03 |
|    ep_rew_mean     | 432      |
| time/              |          |
|    episodes        | 4904     |
|    fps             | 166      |
|    time_elapsed    | 49545    |
|    total_timesteps | 8238898  |
| train/             |          |
|    actor_loss      | -18.9    |
|    critic_loss     | 2.2      |
|    ent_coef        | 0.00966  |
|    ent_coef_loss   | -0.599   |
|    learning_rate   | 0.0003   |
|    n_updates       | 8237897  |
---------------------------------
---------------------------------
| rollout/           |          |
|    ep_len_mean     | 1.64e+03 |
|    ep_rew_mean     | 436      |
| time/              |          |
|    episodes        | 4908     |
|    fps             | 166      |
|    time_elapsed    | 49583    |
|    total_timesteps | 8245246  |
| train/             |          |
|    actor_loss      | -12.4    |
|    critic_loss     | 14       |
|    ent_coef        | 0.00967  |
|    ent_coef_loss   | 1.31     |
|    learning_rate   | 0.0003   |
|    n_updates       | 8244245  |
---------------------------------
---------------------------------
| rollout/           |          |
|    ep_len_mean     | 1.64e+03 |
|    ep_rew_mean     | 429      |
| time/              |          |
|    episodes        | 4912     |
|    fps             | 166      |
|    time_elapsed    | 49621    |
|    total_timesteps | 8251660  |
| train/             |          |
|    actor_loss      | 1.89     |
|    critic_loss     | 5.18     |
|    ent_coef        | 0.00936  |
|    ent_coef_loss   | -1.76    |
|    learning_rate   | 0.0003   |
|    n_updates       | 8250659  |
---------------------------------
---------------------------------
| rollout/           |          |
|    ep_len_mean     | 1.63e+03 |
|    ep_rew_mean     | 416      |
| time/              |          |
|    episodes        | 4916     |
|    fps             | 166      |
|    time_elapsed    | 49659    |
|    total_timesteps | 8258093  |
| train/             |          |
|    actor_loss      | -27.7    |
|    critic_loss     | 11.2     |
|    ent_coef        | 0.00976  |
|    ent_coef_loss   | -1.47    |
|    learning_rate   | 0.0003   |
|    n_updates       | 8257092  |
---------------------------------
---------------------------------
| rollout/           |          |
|    ep_len_mean     | 1.63e+03 |
|    ep_rew_mean     | 410      |
| time/              |          |
|    episodes        | 4920     |
|    fps             | 166      |
|    time_elapsed    | 49697    |
|    total_timesteps | 8264657  |
| train/             |          |
|    actor_loss      | -28      |
|    critic_loss     | 20.3     |
|    ent_coef        | 0.0103   |
|    ent_coef_loss   | -1.03    |
|    learning_rate   | 0.0003   |
|    n_updates       | 8263656  |
---------------------------------
---------------------------------
| rollout/           |          |
|    ep_len_mean     | 1.63e+03 |
|    ep_rew_mean     | 408      |
| time/              |          |
|    episodes        | 4924     |
|    fps             | 166      |
|    time_elapsed    | 49734    |
|    total_timesteps | 8270914  |
| train/             |          |
|    actor_loss      | -20.8    |
|    critic_loss     | 4.28     |
|    ent_coef        | 0.0102   |
|    ent_coef_loss   | -0.192   |
|    learning_rate   | 0.0003   |
|    n_updates       | 8269913  |
---------------------------------
---------------------------------
| rollout/           |          |
|    ep_len_mean     | 1.63e+03 |
|    ep_rew_mean     | 409      |
| time/              |          |
|    episodes        | 4928     |
|    fps             | 166      |
|    time_elapsed    | 49773    |
|    total_timesteps | 8277462  |
| train/             |          |
|    actor_loss      | -17.2    |
|    critic_loss     | 18       |
|    ent_coef        | 0.0106   |
|    ent_coef_loss   | 2.88     |
|    learning_rate   | 0.0003   |
|    n_updates       | 8276461  |
---------------------------------
---------------------------------
| rollout/           |          |
|    ep_len_mean     | 1.62e+03 |
|    ep_rew_mean     | 396      |
| time/              |          |
|    episodes        | 4932     |
|    fps             | 166      |
|    time_elapsed    | 49804    |
|    total_timesteps | 8282819  |
| train/             |          |
|    actor_loss      | -14.7    |
|    critic_loss     | 4.67     |
|    ent_coef        | 0.0104   |
|    ent_coef_loss   | -1.72    |
|    learning_rate   | 0.0003   |
|    n_updates       | 8281818  |
---------------------------------
---------------------------------
| rollout/           |          |
|    ep_len_mean     | 1.6e+03  |
|    ep_rew_mean     | 391      |
| time/              |          |
|    episodes        | 4936     |
|    fps             | 166      |
|    time_elapsed    | 49835    |
|    total_timesteps | 8288067  |
| train/             |          |
|    actor_loss      | -15.5    |
|    critic_loss     | 1.79     |
|    ent_coef        | 0.0107   |
|    ent_coef_loss   | 0.388    |
|    learning_rate   | 0.0003   |
|    n_updates       | 8287066  |
---------------------------------
---------------------------------
| rollout/           |          |
|    ep_len_mean     | 1.59e+03 |
|    ep_rew_mean     | 389      |
| time/              |          |
|    episodes        | 4940     |
|    fps             | 166      |
|    time_elapsed    | 49873    |
|    total_timesteps | 8294577  |
| train/             |          |
|    actor_loss      | -15.5    |
|    critic_loss     | 9.59     |
|    ent_coef        | 0.0105   |
|    ent_coef_loss   | 0.113    |
|    learning_rate   | 0.0003   |
|    n_updates       | 8293576  |
---------------------------------
---------------------------------
| rollout/           |          |
|    ep_len_mean     | 1.57e+03 |
|    ep_rew_mean     | 387      |
| time/              |          |
|    episodes        | 4944     |
|    fps             | 166      |
|    time_elapsed    | 49904    |
|    total_timesteps | 8299751  |
| train/             |          |
|    actor_loss      | -7.48    |
|    critic_loss     | 24.2     |
|    ent_coef        | 0.0114   |
|    ent_coef_loss   | -1       |
|    learning_rate   | 0.0003   |
|    n_updates       | 8298750  |
---------------------------------
---------------------------------
| rollout/           |          |
|    ep_len_mean     | 1.54e+03 |
|    ep_rew_mean     | 378      |
| time/              |          |
|    episodes        | 4948     |
|    fps             | 166      |
|    time_elapsed    | 49925    |
|    total_timesteps | 8303339  |
| train/             |          |
|    actor_loss      | -24.5    |
|    critic_loss     | 5.28     |
|    ent_coef        | 0.0114   |
|    ent_coef_loss   | 2.57     |
|    learning_rate   | 0.0003   |
|    n_updates       | 8302338  |
---------------------------------
---------------------------------
| rollout/           |          |
|    ep_len_mean     | 1.52e+03 |
|    ep_rew_mean     | 360      |
| time/              |          |
|    episodes        | 4952     |
|    fps             | 166      |
|    time_elapsed    | 49954    |
|    total_timesteps | 8308318  |
| train/             |          |
|    actor_loss      | -11.7    |
|    critic_loss     | 9.27     |
|    ent_coef        | 0.0116   |
|    ent_coef_loss   | -0.135   |
|    learning_rate   | 0.0003   |
|    n_updates       | 8307317  |
---------------------------------
---------------------------------
| rollout/           |          |
|    ep_len_mean     | 1.52e+03 |
|    ep_rew_mean     | 358      |
| time/              |          |
|    episodes        | 4956     |
|    fps             | 166      |
|    time_elapsed    | 49994    |
|    total_timesteps | 8315031  |
| train/             |          |
|    actor_loss      | -4.83    |
|    critic_loss     | 6.51     |
|    ent_coef        | 0.0117   |
|    ent_coef_loss   | 0.791    |
|    learning_rate   | 0.0003   |
|    n_updates       | 8314030  |
---------------------------------
---------------------------------
| rollout/           |          |
|    ep_len_mean     | 1.51e+03 |
|    ep_rew_mean     | 359      |
| time/              |          |
|    episodes        | 4960     |
|    fps             | 166      |
|    time_elapsed    | 50025    |
|    total_timesteps | 8320331  |
| train/             |          |
|    actor_loss      | -24.3    |
|    critic_loss     | 4.74     |
|    ent_coef        | 0.0121   |
|    ent_coef_loss   | 0.0863   |
|    learning_rate   | 0.0003   |
|    n_updates       | 8319330  |
---------------------------------
---------------------------------
| rollout/           |          |
|    ep_len_mean     | 1.5e+03  |
|    ep_rew_mean     | 359      |
| time/              |          |
|    episodes        | 4964     |
|    fps             | 166      |
|    time_elapsed    | 50056    |
|    total_timesteps | 8325531  |
| train/             |          |
|    actor_loss      | -6.77    |
|    critic_loss     | 11       |
|    ent_coef        | 0.0126   |
|    ent_coef_loss   | -0.75    |
|    learning_rate   | 0.0003   |
|    n_updates       | 8324530  |
---------------------------------
---------------------------------
| rollout/           |          |
|    ep_len_mean     | 1.52e+03 |
|    ep_rew_mean     | 369      |
| time/              |          |
|    episodes        | 4968     |
|    fps             | 166      |
|    time_elapsed    | 50094    |
|    total_timesteps | 8331996  |
| train/             |          |
|    actor_loss      | -7.89    |
|    critic_loss     | 1.14e+03 |
|    ent_coef        | 0.0121   |
|    ent_coef_loss   | 0.507    |
|    learning_rate   | 0.0003   |
|    n_updates       | 8330995  |
---------------------------------
---------------------------------
| rollout/           |          |
|    ep_len_mean     | 1.5e+03  |
|    ep_rew_mean     | 359      |
| time/              |          |
|    episodes        | 4972     |
|    fps             | 166      |
|    time_elapsed    | 50124    |
|    total_timesteps | 8337148  |
| train/             |          |
|    actor_loss      | -14.3    |
|    critic_loss     | 7.69     |
|    ent_coef        | 0.0119   |
|    ent_coef_loss   | 3.5      |
|    learning_rate   | 0.0003   |
|    n_updates       | 8336147  |
---------------------------------
---------------------------------
| rollout/           |          |
|    ep_len_mean     | 1.51e+03 |
|    ep_rew_mean     | 360      |
| time/              |          |
|    episodes        | 4976     |
|    fps             | 166      |
|    time_elapsed    | 50164    |
|    total_timesteps | 8343956  |
| train/             |          |
|    actor_loss      | -8.35    |
|    critic_loss     | 7.95     |
|    ent_coef        | 0.0123   |
|    ent_coef_loss   | -2.67    |
|    learning_rate   | 0.0003   |
|    n_updates       | 8342955  |
---------------------------------
---------------------------------
| rollout/           |          |
|    ep_len_mean     | 1.51e+03 |
|    ep_rew_mean     | 346      |
| time/              |          |
|    episodes        | 4980     |
|    fps             | 166      |
|    time_elapsed    | 50207    |
|    total_timesteps | 8351192  |
| train/             |          |
|    actor_loss      | -10      |
|    critic_loss     | 6.15     |
|    ent_coef        | 0.0124   |
|    ent_coef_loss   | -1.97    |
|    learning_rate   | 0.0003   |
|    n_updates       | 8350191  |
---------------------------------
---------------------------------
| rollout/           |          |
|    ep_len_mean     | 1.52e+03 |
|    ep_rew_mean     | 348      |
| time/              |          |
|    episodes        | 4984     |
|    fps             | 166      |
|    time_elapsed    | 50250    |
|    total_timesteps | 8358558  |
| train/             |          |
|    actor_loss      | 0.0231   |
|    critic_loss     | 10.1     |
|    ent_coef        | 0.0122   |
|    ent_coef_loss   | 1.9      |
|    learning_rate   | 0.0003   |
|    n_updates       | 8357557  |
---------------------------------
---------------------------------
| rollout/           |          |
|    ep_len_mean     | 1.53e+03 |
|    ep_rew_mean     | 353      |
| time/              |          |
|    episodes        | 4988     |
|    fps             | 166      |
|    time_elapsed    | 50290    |
|    total_timesteps | 8365434  |
| train/             |          |
|    actor_loss      | 7.54     |
|    critic_loss     | 10.8     |
|    ent_coef        | 0.0126   |
|    ent_coef_loss   | 2.62     |
|    learning_rate   | 0.0003   |
|    n_updates       | 8364433  |
---------------------------------
---------------------------------
| rollout/           |          |
|    ep_len_mean     | 1.52e+03 |
|    ep_rew_mean     | 351      |
| time/              |          |
|    episodes        | 4992     |
|    fps             | 166      |
|    time_elapsed    | 50324    |
|    total_timesteps | 8371196  |
| train/             |          |
|    actor_loss      | -14.8    |
|    critic_loss     | 13.5     |
|    ent_coef        | 0.0128   |
|    ent_coef_loss   | -0.0281  |
|    learning_rate   | 0.0003   |
|    n_updates       | 8370195  |
---------------------------------
---------------------------------
| rollout/           |          |
|    ep_len_mean     | 1.52e+03 |
|    ep_rew_mean     | 355      |
| time/              |          |
|    episodes        | 4996     |
|    fps             | 166      |
|    time_elapsed    | 50363    |
|    total_timesteps | 8377765  |
| train/             |          |
|    actor_loss      | -11      |
|    critic_loss     | 3.81     |
|    ent_coef        | 0.0125   |
|    ent_coef_loss   | -1.39    |
|    learning_rate   | 0.0003   |
|    n_updates       | 8376764  |
---------------------------------
---------------------------------
| rollout/           |          |
|    ep_len_mean     | 1.52e+03 |
|    ep_rew_mean     | 346      |
| time/              |          |
|    episodes        | 5000     |
|    fps             | 166      |
|    time_elapsed    | 50401    |
|    total_timesteps | 8384267  |
| train/             |          |
|    actor_loss      | -21.3    |
|    critic_loss     | 6.26     |
|    ent_coef        | 0.0123   |
|    ent_coef_loss   | 0.575    |
|    learning_rate   | 0.0003   |
|    n_updates       | 8383266  |
---------------------------------
---------------------------------
| rollout/           |          |
|    ep_len_mean     | 1.52e+03 |
|    ep_rew_mean     | 354      |
| time/              |          |
|    episodes        | 5004     |
|    fps             | 166      |
|    time_elapsed    | 50441    |
|    total_timesteps | 8391097  |
| train/             |          |
|    actor_loss      | -7.93    |
|    critic_loss     | 4.84     |
|    ent_coef        | 0.0122   |
|    ent_coef_loss   | 2.09     |
|    learning_rate   | 0.0003   |
|    n_updates       | 8390096  |
---------------------------------
---------------------------------
| rollout/           |          |
|    ep_len_mean     | 1.53e+03 |
|    ep_rew_mean     | 352      |
| time/              |          |
|    episodes        | 5008     |
|    fps             | 166      |
|    time_elapsed    | 50481    |
|    total_timesteps | 8397910  |
| train/             |          |
|    actor_loss      | -0.938   |
|    critic_loss     | 7.68     |
|    ent_coef        | 0.0127   |
|    ent_coef_loss   | -3.53    |
|    learning_rate   | 0.0003   |
|    n_updates       | 8396909  |
---------------------------------
---------------------------------
| rollout/           |          |
|    ep_len_mean     | 1.53e+03 |
|    ep_rew_mean     | 361      |
| time/              |          |
|    episodes        | 5012     |
|    fps             | 166      |
|    time_elapsed    | 50523    |
|    total_timesteps | 8404908  |
| train/             |          |
|    actor_loss      | -5.32    |
|    critic_loss     | 65.5     |
|    ent_coef        | 0.0119   |
|    ent_coef_loss   | 3.09     |
|    learning_rate   | 0.0003   |
|    n_updates       | 8403907  |
---------------------------------
---------------------------------
| rollout/           |          |
|    ep_len_mean     | 1.54e+03 |
|    ep_rew_mean     | 367      |
| time/              |          |
|    episodes        | 5016     |
|    fps             | 166      |
|    time_elapsed    | 50563    |
|    total_timesteps | 8411806  |
| train/             |          |
|    actor_loss      | -13.4    |
|    critic_loss     | 4.13     |
|    ent_coef        | 0.0122   |
|    ent_coef_loss   | 0.649    |
|    learning_rate   | 0.0003   |
|    n_updates       | 8410805  |
---------------------------------
---------------------------------
| rollout/           |          |
|    ep_len_mean     | 1.54e+03 |
|    ep_rew_mean     | 374      |
| time/              |          |
|    episodes        | 5020     |
|    fps             | 166      |
|    time_elapsed    | 50604    |
|    total_timesteps | 8418654  |
| train/             |          |
|    actor_loss      | -27.7    |
|    critic_loss     | 20       |
|    ent_coef        | 0.0137   |
|    ent_coef_loss   | -0.4     |
|    learning_rate   | 0.0003   |
|    n_updates       | 8417653  |
---------------------------------
---------------------------------
| rollout/           |          |
|    ep_len_mean     | 1.55e+03 |
|    ep_rew_mean     | 362      |
| time/              |          |
|    episodes        | 5024     |
|    fps             | 166      |
|    time_elapsed    | 50644    |
|    total_timesteps | 8425434  |
| train/             |          |
|    actor_loss      | -29.6    |
|    critic_loss     | 5.47     |
|    ent_coef        | 0.0136   |
|    ent_coef_loss   | -1.46    |
|    learning_rate   | 0.0003   |
|    n_updates       | 8424433  |
---------------------------------
---------------------------------
| rollout/           |          |
|    ep_len_mean     | 1.55e+03 |
|    ep_rew_mean     | 357      |
| time/              |          |
|    episodes        | 5028     |
|    fps             | 166      |
|    time_elapsed    | 50688    |
|    total_timesteps | 8432246  |
| train/             |          |
|    actor_loss      | -14.4    |
|    critic_loss     | 2.8      |
|    ent_coef        | 0.0141   |
|    ent_coef_loss   | -0.0947  |
|    learning_rate   | 0.0003   |
|    n_updates       | 8431245  |
---------------------------------
---------------------------------
| rollout/           |          |
|    ep_len_mean     | 1.56e+03 |
|    ep_rew_mean     | 367      |
| time/              |          |
|    episodes        | 5032     |
|    fps             | 166      |
|    time_elapsed    | 50730    |
|    total_timesteps | 8439311  |
| train/             |          |
|    actor_loss      | -25.1    |
|    critic_loss     | 7.57     |
|    ent_coef        | 0.0129   |
|    ent_coef_loss   | 1.13     |
|    learning_rate   | 0.0003   |
|    n_updates       | 8438310  |
---------------------------------
---------------------------------
| rollout/           |          |
|    ep_len_mean     | 1.58e+03 |
|    ep_rew_mean     | 368      |
| time/              |          |
|    episodes        | 5036     |
|    fps             | 166      |
|    time_elapsed    | 50768    |
|    total_timesteps | 8445661  |
| train/             |          |
|    actor_loss      | -19.8    |
|    critic_loss     | 6.21     |
|    ent_coef        | 0.0131   |
|    ent_coef_loss   | -0.573   |
|    learning_rate   | 0.0003   |
|    n_updates       | 8444660  |
---------------------------------
---------------------------------
| rollout/           |          |
|    ep_len_mean     | 1.56e+03 |
|    ep_rew_mean     | 369      |
| time/              |          |
|    episodes        | 5040     |
|    fps             | 166      |
|    time_elapsed    | 50800    |
|    total_timesteps | 8451016  |
| train/             |          |
|    actor_loss      | -20.9    |
|    critic_loss     | 4.09     |
|    ent_coef        | 0.0127   |
|    ent_coef_loss   | -0.949   |
|    learning_rate   | 0.0003   |
|    n_updates       | 8450015  |
---------------------------------
---------------------------------
| rollout/           |          |
|    ep_len_mean     | 1.58e+03 |
|    ep_rew_mean     | 375      |
| time/              |          |
|    episodes        | 5044     |
|    fps             | 166      |
|    time_elapsed    | 50843    |
|    total_timesteps | 8458068  |
| train/             |          |
|    actor_loss      | -15.9    |
|    critic_loss     | 8.92     |
|    ent_coef        | 0.0125   |
|    ent_coef_loss   | 0.721    |
|    learning_rate   | 0.0003   |
|    n_updates       | 8457067  |
---------------------------------
---------------------------------
| rollout/           |          |
|    ep_len_mean     | 1.61e+03 |
|    ep_rew_mean     | 378      |
| time/              |          |
|    episodes        | 5048     |
|    fps             | 166      |
|    time_elapsed    | 50893    |
|    total_timesteps | 8464725  |
| train/             |          |
|    actor_loss      | -28.7    |
|    critic_loss     | 3.54     |
|    ent_coef        | 0.0125   |
|    ent_coef_loss   | 1.51     |
|    learning_rate   | 0.0003   |
|    n_updates       | 8463724  |
---------------------------------
---------------------------------
| rollout/           |          |
|    ep_len_mean     | 1.63e+03 |
|    ep_rew_mean     | 383      |
| time/              |          |
|    episodes        | 5052     |
|    fps             | 166      |
|    time_elapsed    | 50937    |
|    total_timesteps | 8471556  |
| train/             |          |
|    actor_loss      | -15.3    |
|    critic_loss     | 2.72     |
|    ent_coef        | 0.0114   |
|    ent_coef_loss   | -0.926   |
|    learning_rate   | 0.0003   |
|    n_updates       | 8470555  |
---------------------------------
---------------------------------
| rollout/           |          |
|    ep_len_mean     | 1.63e+03 |
|    ep_rew_mean     | 381      |
| time/              |          |
|    episodes        | 5056     |
|    fps             | 166      |
|    time_elapsed    | 50979    |
|    total_timesteps | 8478191  |
| train/             |          |
|    actor_loss      | -13.9    |
|    critic_loss     | 27       |
|    ent_coef        | 0.0113   |
|    ent_coef_loss   | 2.42     |
|    learning_rate   | 0.0003   |
|    n_updates       | 8477190  |
---------------------------------
---------------------------------
| rollout/           |          |
|    ep_len_mean     | 1.65e+03 |
|    ep_rew_mean     | 385      |
| time/              |          |
|    episodes        | 5060     |
|    fps             | 166      |
|    time_elapsed    | 51023    |
|    total_timesteps | 8485018  |
| train/             |          |
|    actor_loss      | -27.2    |
|    critic_loss     | 8.17     |
|    ent_coef        | 0.0108   |
|    ent_coef_loss   | 0.111    |
|    learning_rate   | 0.0003   |
|    n_updates       | 8484017  |
---------------------------------
---------------------------------
| rollout/           |          |
|    ep_len_mean     | 1.65e+03 |
|    ep_rew_mean     | 388      |
| time/              |          |
|    episodes        | 5064     |
|    fps             | 166      |
|    time_elapsed    | 51057    |
|    total_timesteps | 8490326  |
| train/             |          |
|    actor_loss      | -9.37    |
|    critic_loss     | 12.6     |
|    ent_coef        | 0.0109   |
|    ent_coef_loss   | 1.34     |
|    learning_rate   | 0.0003   |
|    n_updates       | 8489325  |
---------------------------------
---------------------------------
| rollout/           |          |
|    ep_len_mean     | 1.65e+03 |
|    ep_rew_mean     | 379      |
| time/              |          |
|    episodes        | 5068     |
|    fps             | 166      |
|    time_elapsed    | 51102    |
|    total_timesteps | 8497267  |
| train/             |          |
|    actor_loss      | -21.2    |
|    critic_loss     | 10.9     |
|    ent_coef        | 0.0108   |
|    ent_coef_loss   | 7.21     |
|    learning_rate   | 0.0003   |
|    n_updates       | 8496266  |
---------------------------------
---------------------------------
| rollout/           |          |
|    ep_len_mean     | 1.67e+03 |
|    ep_rew_mean     | 389      |
| time/              |          |
|    episodes        | 5072     |
|    fps             | 166      |
|    time_elapsed    | 51147    |
|    total_timesteps | 8504288  |
| train/             |          |
|    actor_loss      | -18.8    |
|    critic_loss     | 5.73     |
|    ent_coef        | 0.0105   |
|    ent_coef_loss   | 1.79     |
|    learning_rate   | 0.0003   |
|    n_updates       | 8503287  |
---------------------------------
---------------------------------
| rollout/           |          |
|    ep_len_mean     | 1.66e+03 |
|    ep_rew_mean     | 390      |
| time/              |          |
|    episodes        | 5076     |
|    fps             | 166      |
|    time_elapsed    | 51179    |
|    total_timesteps | 8509772  |
| train/             |          |
|    actor_loss      | -38      |
|    critic_loss     | 3.66     |
|    ent_coef        | 0.0107   |
|    ent_coef_loss   | -1.44    |
|    learning_rate   | 0.0003   |
|    n_updates       | 8508771  |
---------------------------------
---------------------------------
| rollout/           |          |
|    ep_len_mean     | 1.66e+03 |
|    ep_rew_mean     | 394      |
| time/              |          |
|    episodes        | 5080     |
|    fps             | 166      |
|    time_elapsed    | 51221    |
|    total_timesteps | 8516732  |
| train/             |          |
|    actor_loss      | -26.3    |
|    critic_loss     | 3.02     |
|    ent_coef        | 0.0109   |
|    ent_coef_loss   | -1.98    |
|    learning_rate   | 0.0003   |
|    n_updates       | 8515731  |
---------------------------------
---------------------------------
| rollout/           |          |
|    ep_len_mean     | 1.65e+03 |
|    ep_rew_mean     | 398      |
| time/              |          |
|    episodes        | 5084     |
|    fps             | 166      |
|    time_elapsed    | 51264    |
|    total_timesteps | 8524006  |
| train/             |          |
|    actor_loss      | -22.1    |
|    critic_loss     | 6.18     |
|    ent_coef        | 0.011    |
|    ent_coef_loss   | -2.01    |
|    learning_rate   | 0.0003   |
|    n_updates       | 8523005  |
---------------------------------
---------------------------------
| rollout/           |          |
|    ep_len_mean     | 1.65e+03 |
|    ep_rew_mean     | 397      |
| time/              |          |
|    episodes        | 5088     |
|    fps             | 166      |
|    time_elapsed    | 51303    |
|    total_timesteps | 8530641  |
| train/             |          |
|    actor_loss      | -12.7    |
|    critic_loss     | 1.51e+03 |
|    ent_coef        | 0.0111   |
|    ent_coef_loss   | 1.78     |
|    learning_rate   | 0.0003   |
|    n_updates       | 8529640  |
---------------------------------
---------------------------------
| rollout/           |          |
|    ep_len_mean     | 1.66e+03 |
|    ep_rew_mean     | 405      |
| time/              |          |
|    episodes        | 5092     |
|    fps             | 166      |
|    time_elapsed    | 51343    |
|    total_timesteps | 8537417  |
| train/             |          |
|    actor_loss      | -14.1    |
|    critic_loss     | 12.8     |
|    ent_coef        | 0.011    |
|    ent_coef_loss   | 0.371    |
|    learning_rate   | 0.0003   |
|    n_updates       | 8536416  |
---------------------------------
---------------------------------
| rollout/           |          |
|    ep_len_mean     | 1.66e+03 |
|    ep_rew_mean     | 400      |
| time/              |          |
|    episodes        | 5096     |
|    fps             | 166      |
|    time_elapsed    | 51380    |
|    total_timesteps | 8543574  |
| train/             |          |
|    actor_loss      | -27.3    |
|    critic_loss     | 6.69     |
|    ent_coef        | 0.0117   |
|    ent_coef_loss   | 0.947    |
|    learning_rate   | 0.0003   |
|    n_updates       | 8542573  |
---------------------------------
---------------------------------
| rollout/           |          |
|    ep_len_mean     | 1.66e+03 |
|    ep_rew_mean     | 410      |
| time/              |          |
|    episodes        | 5100     |
|    fps             | 166      |
|    time_elapsed    | 51421    |
|    total_timesteps | 8550522  |
| train/             |          |
|    actor_loss      | -0.741   |
|    critic_loss     | 7.79e+03 |
|    ent_coef        | 0.0115   |
|    ent_coef_loss   | 0.0844   |
|    learning_rate   | 0.0003   |
|    n_updates       | 8549521  |
---------------------------------
---------------------------------
| rollout/           |          |
|    ep_len_mean     | 1.66e+03 |
|    ep_rew_mean     | 401      |
| time/              |          |
|    episodes        | 5104     |
|    fps             | 166      |
|    time_elapsed    | 51462    |
|    total_timesteps | 8557350  |
| train/             |          |
|    actor_loss      | -14.1    |
|    critic_loss     | 22.4     |
|    ent_coef        | 0.0114   |
|    ent_coef_loss   | -3.01    |
|    learning_rate   | 0.0003   |
|    n_updates       | 8556349  |
---------------------------------
---------------------------------
| rollout/           |          |
|    ep_len_mean     | 1.66e+03 |
|    ep_rew_mean     | 401      |
| time/              |          |
|    episodes        | 5108     |
|    fps             | 166      |
|    time_elapsed    | 51504    |
|    total_timesteps | 8564407  |
| train/             |          |
|    actor_loss      | -17.7    |
|    critic_loss     | 5.61     |
|    ent_coef        | 0.011    |
|    ent_coef_loss   | 0.614    |
|    learning_rate   | 0.0003   |
|    n_updates       | 8563406  |
---------------------------------
---------------------------------
| rollout/           |          |
|    ep_len_mean     | 1.63e+03 |
|    ep_rew_mean     | 383      |
| time/              |          |
|    episodes        | 5112     |
|    fps             | 166      |
|    time_elapsed    | 51526    |
|    total_timesteps | 8568174  |
| train/             |          |
|    actor_loss      | -10.5    |
|    critic_loss     | 8.35     |
|    ent_coef        | 0.0109   |
|    ent_coef_loss   | 0.184    |
|    learning_rate   | 0.0003   |
|    n_updates       | 8567173  |
---------------------------------
---------------------------------
| rollout/           |          |
|    ep_len_mean     | 1.63e+03 |
|    ep_rew_mean     | 388      |
| time/              |          |
|    episodes        | 5116     |
|    fps             | 166      |
|    time_elapsed    | 51566    |
|    total_timesteps | 8574830  |
| train/             |          |
|    actor_loss      | -11.7    |
|    critic_loss     | 8.21     |
|    ent_coef        | 0.011    |
|    ent_coef_loss   | -1.11    |
|    learning_rate   | 0.0003   |
|    n_updates       | 8573829  |
---------------------------------
---------------------------------
| rollout/           |          |
|    ep_len_mean     | 1.63e+03 |
|    ep_rew_mean     | 378      |
| time/              |          |
|    episodes        | 5120     |
|    fps             | 166      |
|    time_elapsed    | 51607    |
|    total_timesteps | 8581718  |
| train/             |          |
|    actor_loss      | -1.62    |
|    critic_loss     | 7.56     |
|    ent_coef        | 0.0109   |
|    ent_coef_loss   | 0.268    |
|    learning_rate   | 0.0003   |
|    n_updates       | 8580717  |
---------------------------------
---------------------------------
| rollout/           |          |
|    ep_len_mean     | 1.63e+03 |
|    ep_rew_mean     | 392      |
| time/              |          |
|    episodes        | 5124     |
|    fps             | 166      |
|    time_elapsed    | 51648    |
|    total_timesteps | 8588625  |
| train/             |          |
|    actor_loss      | -1.35    |
|    critic_loss     | 29       |
|    ent_coef        | 0.0106   |
|    ent_coef_loss   | 2.1      |
|    learning_rate   | 0.0003   |
|    n_updates       | 8587624  |
---------------------------------
---------------------------------
| rollout/           |          |
|    ep_len_mean     | 1.63e+03 |
|    ep_rew_mean     | 391      |
| time/              |          |
|    episodes        | 5128     |
|    fps             | 166      |
|    time_elapsed    | 51688    |
|    total_timesteps | 8595427  |
| train/             |          |
|    actor_loss      | -17.8    |
|    critic_loss     | 9.03     |
|    ent_coef        | 0.011    |
|    ent_coef_loss   | -0.279   |
|    learning_rate   | 0.0003   |
|    n_updates       | 8594426  |
---------------------------------
---------------------------------
| rollout/           |          |
|    ep_len_mean     | 1.63e+03 |
|    ep_rew_mean     | 394      |
| time/              |          |
|    episodes        | 5132     |
|    fps             | 166      |
|    time_elapsed    | 51730    |
|    total_timesteps | 8602579  |
| train/             |          |
|    actor_loss      | -9.09    |
|    critic_loss     | 6.66     |
|    ent_coef        | 0.0112   |
|    ent_coef_loss   | -2       |
|    learning_rate   | 0.0003   |
|    n_updates       | 8601578  |
---------------------------------
---------------------------------
| rollout/           |          |
|    ep_len_mean     | 1.64e+03 |
|    ep_rew_mean     | 393      |
| time/              |          |
|    episodes        | 5136     |
|    fps             | 166      |
|    time_elapsed    | 51773    |
|    total_timesteps | 8609729  |
| train/             |          |
|    actor_loss      | -37.9    |
|    critic_loss     | 9.24     |
|    ent_coef        | 0.0111   |
|    ent_coef_loss   | -1.18    |
|    learning_rate   | 0.0003   |
|    n_updates       | 8608728  |
---------------------------------
---------------------------------
| rollout/           |          |
|    ep_len_mean     | 1.65e+03 |
|    ep_rew_mean     | 389      |
| time/              |          |
|    episodes        | 5140     |
|    fps             | 166      |
|    time_elapsed    | 51813    |
|    total_timesteps | 8616490  |
| train/             |          |
|    actor_loss      | -12.4    |
|    critic_loss     | 1.76     |
|    ent_coef        | 0.0101   |
|    ent_coef_loss   | -1.28    |
|    learning_rate   | 0.0003   |
|    n_updates       | 8615489  |
---------------------------------
---------------------------------
| rollout/           |          |
|    ep_len_mean     | 1.66e+03 |
|    ep_rew_mean     | 399      |
| time/              |          |
|    episodes        | 5144     |
|    fps             | 166      |
|    time_elapsed    | 51855    |
|    total_timesteps | 8623635  |
| train/             |          |
|    actor_loss      | -37.6    |
|    critic_loss     | 23.9     |
|    ent_coef        | 0.0109   |
|    ent_coef_loss   | -0.97    |
|    learning_rate   | 0.0003   |
|    n_updates       | 8622634  |
---------------------------------
---------------------------------
| rollout/           |          |
|    ep_len_mean     | 1.64e+03 |
|    ep_rew_mean     | 394      |
| time/              |          |
|    episodes        | 5148     |
|    fps             | 166      |
|    time_elapsed    | 51887    |
|    total_timesteps | 8628912  |
| train/             |          |
|    actor_loss      | -10.7    |
|    critic_loss     | 13.4     |
|    ent_coef        | 0.0107   |
|    ent_coef_loss   | 0.911    |
|    learning_rate   | 0.0003   |
|    n_updates       | 8627911  |
---------------------------------
---------------------------------
| rollout/           |          |
|    ep_len_mean     | 1.64e+03 |
|    ep_rew_mean     | 404      |
| time/              |          |
|    episodes        | 5152     |
|    fps             | 166      |
|    time_elapsed    | 51928    |
|    total_timesteps | 8635872  |
| train/             |          |
|    actor_loss      | -12.7    |
|    critic_loss     | 27       |
|    ent_coef        | 0.0103   |
|    ent_coef_loss   | 0.334    |
|    learning_rate   | 0.0003   |
|    n_updates       | 8634871  |
---------------------------------
---------------------------------
| rollout/           |          |
|    ep_len_mean     | 1.65e+03 |
|    ep_rew_mean     | 406      |
| time/              |          |
|    episodes        | 5156     |
|    fps             | 166      |
|    time_elapsed    | 51969    |
|    total_timesteps | 8642786  |
| train/             |          |
|    actor_loss      | -23.7    |
|    critic_loss     | 12       |
|    ent_coef        | 0.0113   |
|    ent_coef_loss   | -0.223   |
|    learning_rate   | 0.0003   |
|    n_updates       | 8641785  |
---------------------------------
---------------------------------
| rollout/           |          |
|    ep_len_mean     | 1.65e+03 |
|    ep_rew_mean     | 415      |
| time/              |          |
|    episodes        | 5160     |
|    fps             | 166      |
|    time_elapsed    | 52010    |
|    total_timesteps | 8649633  |
| train/             |          |
|    actor_loss      | -11.7    |
|    critic_loss     | 4.69     |
|    ent_coef        | 0.0106   |
|    ent_coef_loss   | 1.26     |
|    learning_rate   | 0.0003   |
|    n_updates       | 8648632  |
---------------------------------
---------------------------------
| rollout/           |          |
|    ep_len_mean     | 1.65e+03 |
|    ep_rew_mean     | 419      |
| time/              |          |
|    episodes        | 5164     |
|    fps             | 166      |
|    time_elapsed    | 52045    |
|    total_timesteps | 8655554  |
| train/             |          |
|    actor_loss      | -13      |
|    critic_loss     | 7.96     |
|    ent_coef        | 0.0116   |
|    ent_coef_loss   | 0.59     |
|    learning_rate   | 0.0003   |
|    n_updates       | 8654553  |
---------------------------------
---------------------------------
| rollout/           |          |
|    ep_len_mean     | 1.65e+03 |
|    ep_rew_mean     | 418      |
| time/              |          |
|    episodes        | 5168     |
|    fps             | 166      |
|    time_elapsed    | 52085    |
|    total_timesteps | 8662366  |
| train/             |          |
|    actor_loss      | -8.31    |
|    critic_loss     | 4        |
|    ent_coef        | 0.0114   |
|    ent_coef_loss   | 1.94     |
|    learning_rate   | 0.0003   |
|    n_updates       | 8661365  |
---------------------------------
---------------------------------
| rollout/           |          |
|    ep_len_mean     | 1.63e+03 |
|    ep_rew_mean     | 408      |
| time/              |          |
|    episodes        | 5172     |
|    fps             | 166      |
|    time_elapsed    | 52116    |
|    total_timesteps | 8667447  |
| train/             |          |
|    actor_loss      | -26.6    |
|    critic_loss     | 4.6      |
|    ent_coef        | 0.0117   |
|    ent_coef_loss   | 0.983    |
|    learning_rate   | 0.0003   |
|    n_updates       | 8666446  |
---------------------------------
---------------------------------
| rollout/           |          |
|    ep_len_mean     | 1.64e+03 |
|    ep_rew_mean     | 413      |
| time/              |          |
|    episodes        | 5176     |
|    fps             | 166      |
|    time_elapsed    | 52153    |
|    total_timesteps | 8673800  |
| train/             |          |
|    actor_loss      | -12.7    |
|    critic_loss     | 35.1     |
|    ent_coef        | 0.0115   |
|    ent_coef_loss   | 1.03     |
|    learning_rate   | 0.0003   |
|    n_updates       | 8672799  |
---------------------------------
---------------------------------
| rollout/           |          |
|    ep_len_mean     | 1.64e+03 |
|    ep_rew_mean     | 411      |
| time/              |          |
|    episodes        | 5180     |
|    fps             | 166      |
|    time_elapsed    | 52192    |
|    total_timesteps | 8680266  |
| train/             |          |
|    actor_loss      | -9.02    |
|    critic_loss     | 5.34     |
|    ent_coef        | 0.0117   |
|    ent_coef_loss   | -1.18    |
|    learning_rate   | 0.0003   |
|    n_updates       | 8679265  |
---------------------------------
---------------------------------
| rollout/           |          |
|    ep_len_mean     | 1.63e+03 |
|    ep_rew_mean     | 402      |
| time/              |          |
|    episodes        | 5184     |
|    fps             | 166      |
|    time_elapsed    | 52229    |
|    total_timesteps | 8686627  |
| train/             |          |
|    actor_loss      | -4.21    |
|    critic_loss     | 11.8     |
|    ent_coef        | 0.0121   |
|    ent_coef_loss   | -3.5     |
|    learning_rate   | 0.0003   |
|    n_updates       | 8685626  |
---------------------------------
---------------------------------
| rollout/           |          |
|    ep_len_mean     | 1.63e+03 |
|    ep_rew_mean     | 401      |
| time/              |          |
|    episodes        | 5188     |
|    fps             | 166      |
|    time_elapsed    | 52273    |
|    total_timesteps | 8693996  |
| train/             |          |
|    actor_loss      | -17.1    |
|    critic_loss     | 5.36     |
|    ent_coef        | 0.0115   |
|    ent_coef_loss   | 1.79     |
|    learning_rate   | 0.0003   |
|    n_updates       | 8692995  |
---------------------------------
---------------------------------
| rollout/           |          |
|    ep_len_mean     | 1.63e+03 |
|    ep_rew_mean     | 395      |
| time/              |          |
|    episodes        | 5192     |
|    fps             | 166      |
|    time_elapsed    | 52314    |
|    total_timesteps | 8700799  |
| train/             |          |
|    actor_loss      | -4.51    |
|    critic_loss     | 11.1     |
|    ent_coef        | 0.0128   |
|    ent_coef_loss   | 4.13     |
|    learning_rate   | 0.0003   |
|    n_updates       | 8699798  |
---------------------------------
---------------------------------
| rollout/           |          |
|    ep_len_mean     | 1.64e+03 |
|    ep_rew_mean     | 411      |
| time/              |          |
|    episodes        | 5196     |
|    fps             | 166      |
|    time_elapsed    | 52355    |
|    total_timesteps | 8707680  |
| train/             |          |
|    actor_loss      | 9.52     |
|    critic_loss     | 6.79     |
|    ent_coef        | 0.0128   |
|    ent_coef_loss   | -1.33    |
|    learning_rate   | 0.0003   |
|    n_updates       | 8706679  |
---------------------------------
---------------------------------
| rollout/           |          |
|    ep_len_mean     | 1.64e+03 |
|    ep_rew_mean     | 415      |
| time/              |          |
|    episodes        | 5200     |
|    fps             | 166      |
|    time_elapsed    | 52394    |
|    total_timesteps | 8714325  |
| train/             |          |
|    actor_loss      | -6.27    |
|    critic_loss     | 10.6     |
|    ent_coef        | 0.0127   |
|    ent_coef_loss   | 0.0413   |
|    learning_rate   | 0.0003   |
|    n_updates       | 8713324  |
---------------------------------
---------------------------------
| rollout/           |          |
|    ep_len_mean     | 1.64e+03 |
|    ep_rew_mean     | 426      |
| time/              |          |
|    episodes        | 5204     |
|    fps             | 166      |
|    time_elapsed    | 52436    |
|    total_timesteps | 8721417  |
| train/             |          |
|    actor_loss      | -9.2     |
|    critic_loss     | 6.01     |
|    ent_coef        | 0.0134   |
|    ent_coef_loss   | 0.917    |
|    learning_rate   | 0.0003   |
|    n_updates       | 8720416  |
---------------------------------
---------------------------------
| rollout/           |          |
|    ep_len_mean     | 1.64e+03 |
|    ep_rew_mean     | 414      |
| time/              |          |
|    episodes        | 5208     |
|    fps             | 166      |
|    time_elapsed    | 52476    |
|    total_timesteps | 8728038  |
| train/             |          |
|    actor_loss      | -29.5    |
|    critic_loss     | 4.74     |
|    ent_coef        | 0.0131   |
|    ent_coef_loss   | -2.06    |
|    learning_rate   | 0.0003   |
|    n_updates       | 8727037  |
---------------------------------
---------------------------------
| rollout/           |          |
|    ep_len_mean     | 1.67e+03 |
|    ep_rew_mean     | 426      |
| time/              |          |
|    episodes        | 5212     |
|    fps             | 166      |
|    time_elapsed    | 52515    |
|    total_timesteps | 8734697  |
| train/             |          |
|    actor_loss      | 5.08     |
|    critic_loss     | 17.4     |
|    ent_coef        | 0.0132   |
|    ent_coef_loss   | 2.07     |
|    learning_rate   | 0.0003   |
|    n_updates       | 8733696  |
---------------------------------
---------------------------------
| rollout/           |          |
|    ep_len_mean     | 1.66e+03 |
|    ep_rew_mean     | 422      |
| time/              |          |
|    episodes        | 5216     |
|    fps             | 166      |
|    time_elapsed    | 52555    |
|    total_timesteps | 8741330  |
| train/             |          |
|    actor_loss      | 2.33     |
|    critic_loss     | 412      |
|    ent_coef        | 0.0133   |
|    ent_coef_loss   | -0.301   |
|    learning_rate   | 0.0003   |
|    n_updates       | 8740329  |
---------------------------------
---------------------------------
| rollout/           |          |
|    ep_len_mean     | 1.66e+03 |
|    ep_rew_mean     | 419      |
| time/              |          |
|    episodes        | 5220     |
|    fps             | 166      |
|    time_elapsed    | 52595    |
|    total_timesteps | 8748164  |
| train/             |          |
|    actor_loss      | -2.96    |
|    critic_loss     | 283      |
|    ent_coef        | 0.0129   |
|    ent_coef_loss   | 0.448    |
|    learning_rate   | 0.0003   |
|    n_updates       | 8747163  |
---------------------------------
---------------------------------
| rollout/           |          |
|    ep_len_mean     | 1.66e+03 |
|    ep_rew_mean     | 419      |
| time/              |          |
|    episodes        | 5224     |
|    fps             | 166      |
|    time_elapsed    | 52636    |
|    total_timesteps | 8754999  |
| train/             |          |
|    actor_loss      | -14.3    |
|    critic_loss     | 14.9     |
|    ent_coef        | 0.0126   |
|    ent_coef_loss   | -1.9     |
|    learning_rate   | 0.0003   |
|    n_updates       | 8753998  |
---------------------------------
---------------------------------
| rollout/           |          |
|    ep_len_mean     | 1.67e+03 |
|    ep_rew_mean     | 428      |
| time/              |          |
|    episodes        | 5228     |
|    fps             | 166      |
|    time_elapsed    | 52678    |
|    total_timesteps | 8762076  |
| train/             |          |
|    actor_loss      | -20.8    |
|    critic_loss     | 6.52     |
|    ent_coef        | 0.0127   |
|    ent_coef_loss   | -0.143   |
|    learning_rate   | 0.0003   |
|    n_updates       | 8761075  |
---------------------------------
---------------------------------
| rollout/           |          |
|    ep_len_mean     | 1.66e+03 |
|    ep_rew_mean     | 422      |
| time/              |          |
|    episodes        | 5232     |
|    fps             | 166      |
|    time_elapsed    | 52718    |
|    total_timesteps | 8768816  |
| train/             |          |
|    actor_loss      | -5.22    |
|    critic_loss     | 17.2     |
|    ent_coef        | 0.0122   |
|    ent_coef_loss   | 0.798    |
|    learning_rate   | 0.0003   |
|    n_updates       | 8767815  |
---------------------------------
---------------------------------
| rollout/           |          |
|    ep_len_mean     | 1.66e+03 |
|    ep_rew_mean     | 426      |
| time/              |          |
|    episodes        | 5236     |
|    fps             | 166      |
|    time_elapsed    | 52758    |
|    total_timesteps | 8775604  |
| train/             |          |
|    actor_loss      | -36.6    |
|    critic_loss     | 16.7     |
|    ent_coef        | 0.0127   |
|    ent_coef_loss   | 1.15     |
|    learning_rate   | 0.0003   |
|    n_updates       | 8774603  |
---------------------------------
---------------------------------
| rollout/           |          |
|    ep_len_mean     | 1.65e+03 |
|    ep_rew_mean     | 432      |
| time/              |          |
|    episodes        | 5240     |
|    fps             | 166      |
|    time_elapsed    | 52795    |
|    total_timesteps | 8781884  |
| train/             |          |
|    actor_loss      | -28.1    |
|    critic_loss     | 27.4     |
|    ent_coef        | 0.0115   |
|    ent_coef_loss   | 2.62     |
|    learning_rate   | 0.0003   |
|    n_updates       | 8780883  |
---------------------------------
---------------------------------
| rollout/           |          |
|    ep_len_mean     | 1.65e+03 |
|    ep_rew_mean     | 420      |
| time/              |          |
|    episodes        | 5244     |
|    fps             | 166      |
|    time_elapsed    | 52835    |
|    total_timesteps | 8788515  |
| train/             |          |
|    actor_loss      | -16.3    |
|    critic_loss     | 5.27     |
|    ent_coef        | 0.0117   |
|    ent_coef_loss   | -2.72    |
|    learning_rate   | 0.0003   |
|    n_updates       | 8787514  |
---------------------------------
---------------------------------
| rollout/           |          |
|    ep_len_mean     | 1.67e+03 |
|    ep_rew_mean     | 428      |
| time/              |          |
|    episodes        | 5248     |
|    fps             | 166      |
|    time_elapsed    | 52877    |
|    total_timesteps | 8795668  |
| train/             |          |
|    actor_loss      | -3.56    |
|    critic_loss     | 6.22     |
|    ent_coef        | 0.0111   |
|    ent_coef_loss   | 4.69     |
|    learning_rate   | 0.0003   |
|    n_updates       | 8794667  |
---------------------------------
---------------------------------
| rollout/           |          |
|    ep_len_mean     | 1.67e+03 |
|    ep_rew_mean     | 418      |
| time/              |          |
|    episodes        | 5252     |
|    fps             | 166      |
|    time_elapsed    | 52917    |
|    total_timesteps | 8802383  |
| train/             |          |
|    actor_loss      | -32.8    |
|    critic_loss     | 6.18     |
|    ent_coef        | 0.0104   |
|    ent_coef_loss   | -2.8     |
|    learning_rate   | 0.0003   |
|    n_updates       | 8801382  |
---------------------------------
---------------------------------
| rollout/           |          |
|    ep_len_mean     | 1.66e+03 |
|    ep_rew_mean     | 421      |
| time/              |          |
|    episodes        | 5256     |
|    fps             | 166      |
|    time_elapsed    | 52957    |
|    total_timesteps | 8809113  |
| train/             |          |
|    actor_loss      | -25.2    |
|    critic_loss     | 4.64     |
|    ent_coef        | 0.0109   |
|    ent_coef_loss   | -1.95    |
|    learning_rate   | 0.0003   |
|    n_updates       | 8808112  |
---------------------------------
---------------------------------
| rollout/           |          |
|    ep_len_mean     | 1.66e+03 |
|    ep_rew_mean     | 413      |
| time/              |          |
|    episodes        | 5260     |
|    fps             | 166      |
|    time_elapsed    | 52997    |
|    total_timesteps | 8815882  |
| train/             |          |
|    actor_loss      | -3.49    |
|    critic_loss     | 15.8     |
|    ent_coef        | 0.0101   |
|    ent_coef_loss   | 0.73     |
|    learning_rate   | 0.0003   |
|    n_updates       | 8814881  |
---------------------------------
---------------------------------
| rollout/           |          |
|    ep_len_mean     | 1.67e+03 |
|    ep_rew_mean     | 409      |
| time/              |          |
|    episodes        | 5264     |
|    fps             | 166      |
|    time_elapsed    | 53038    |
|    total_timesteps | 8822781  |
| train/             |          |
|    actor_loss      | -5.5     |
|    critic_loss     | 3.12     |
|    ent_coef        | 0.0101   |
|    ent_coef_loss   | 0.0282   |
|    learning_rate   | 0.0003   |
|    n_updates       | 8821780  |
---------------------------------
---------------------------------
| rollout/           |          |
|    ep_len_mean     | 1.67e+03 |
|    ep_rew_mean     | 419      |
| time/              |          |
|    episodes        | 5268     |
|    fps             | 166      |
|    time_elapsed    | 53077    |
|    total_timesteps | 8829397  |
| train/             |          |
|    actor_loss      | -23.7    |
|    critic_loss     | 3.13     |
|    ent_coef        | 0.00969  |
|    ent_coef_loss   | 1.7      |
|    learning_rate   | 0.0003   |
|    n_updates       | 8828396  |
---------------------------------
---------------------------------
| rollout/           |          |
|    ep_len_mean     | 1.69e+03 |
|    ep_rew_mean     | 426      |
| time/              |          |
|    episodes        | 5272     |
|    fps             | 166      |
|    time_elapsed    | 53119    |
|    total_timesteps | 8836430  |
| train/             |          |
|    actor_loss      | -5.26    |
|    critic_loss     | 69.8     |
|    ent_coef        | 0.0102   |
|    ent_coef_loss   | 1.67     |
|    learning_rate   | 0.0003   |
|    n_updates       | 8835429  |
---------------------------------
---------------------------------
| rollout/           |          |
|    ep_len_mean     | 1.7e+03  |
|    ep_rew_mean     | 426      |
| time/              |          |
|    episodes        | 5276     |
|    fps             | 166      |
|    time_elapsed    | 53162    |
|    total_timesteps | 8843666  |
| train/             |          |
|    actor_loss      | -6.56    |
|    critic_loss     | 7.48     |
|    ent_coef        | 0.0103   |
|    ent_coef_loss   | 2.74     |
|    learning_rate   | 0.0003   |
|    n_updates       | 8842665  |
---------------------------------
---------------------------------
| rollout/           |          |
|    ep_len_mean     | 1.7e+03  |
|    ep_rew_mean     | 424      |
| time/              |          |
|    episodes        | 5280     |
|    fps             | 166      |
|    time_elapsed    | 53201    |
|    total_timesteps | 8850212  |
| train/             |          |
|    actor_loss      | -12      |
|    critic_loss     | 5.91     |
|    ent_coef        | 0.00989  |
|    ent_coef_loss   | 1.84     |
|    learning_rate   | 0.0003   |
|    n_updates       | 8849211  |
---------------------------------
---------------------------------
| rollout/           |          |
|    ep_len_mean     | 1.7e+03  |
|    ep_rew_mean     | 427      |
| time/              |          |
|    episodes        | 5284     |
|    fps             | 166      |
|    time_elapsed    | 53240    |
|    total_timesteps | 8856799  |
| train/             |          |
|    actor_loss      | -33.7    |
|    critic_loss     | 11.9     |
|    ent_coef        | 0.0107   |
|    ent_coef_loss   | -1.84    |
|    learning_rate   | 0.0003   |
|    n_updates       | 8855798  |
---------------------------------
---------------------------------
| rollout/           |          |
|    ep_len_mean     | 1.69e+03 |
|    ep_rew_mean     | 428      |
| time/              |          |
|    episodes        | 5288     |
|    fps             | 166      |
|    time_elapsed    | 53279    |
|    total_timesteps | 8863371  |
| train/             |          |
|    actor_loss      | -21.2    |
|    critic_loss     | 4.17     |
|    ent_coef        | 0.00975  |
|    ent_coef_loss   | -1.56    |
|    learning_rate   | 0.0003   |
|    n_updates       | 8862370  |
---------------------------------
---------------------------------
| rollout/           |          |
|    ep_len_mean     | 1.69e+03 |
|    ep_rew_mean     | 427      |
| time/              |          |
|    episodes        | 5292     |
|    fps             | 166      |
|    time_elapsed    | 53318    |
|    total_timesteps | 8869941  |
| train/             |          |
|    actor_loss      | -16.8    |
|    critic_loss     | 6.42     |
|    ent_coef        | 0.00974  |
|    ent_coef_loss   | 3.63     |
|    learning_rate   | 0.0003   |
|    n_updates       | 8868940  |
---------------------------------
---------------------------------
| rollout/           |          |
|    ep_len_mean     | 1.69e+03 |
|    ep_rew_mean     | 411      |
| time/              |          |
|    episodes        | 5296     |
|    fps             | 166      |
|    time_elapsed    | 53359    |
|    total_timesteps | 8876956  |
| train/             |          |
|    actor_loss      | -5.39    |
|    critic_loss     | 32.2     |
|    ent_coef        | 0.00967  |
|    ent_coef_loss   | -1.14    |
|    learning_rate   | 0.0003   |
|    n_updates       | 8875955  |
---------------------------------
---------------------------------
| rollout/           |          |
|    ep_len_mean     | 1.69e+03 |
|    ep_rew_mean     | 408      |
| time/              |          |
|    episodes        | 5300     |
|    fps             | 166      |
|    time_elapsed    | 53400    |
|    total_timesteps | 8883810  |
| train/             |          |
|    actor_loss      | -19.4    |
|    critic_loss     | 5.96     |
|    ent_coef        | 0.00932  |
|    ent_coef_loss   | -1.47    |
|    learning_rate   | 0.0003   |
|    n_updates       | 8882809  |
---------------------------------
---------------------------------
| rollout/           |          |
|    ep_len_mean     | 1.7e+03  |
|    ep_rew_mean     | 408      |
| time/              |          |
|    episodes        | 5304     |
|    fps             | 166      |
|    time_elapsed    | 53443    |
|    total_timesteps | 8891016  |
| train/             |          |
|    actor_loss      | -27.7    |
|    critic_loss     | 4.3      |
|    ent_coef        | 0.00877  |
|    ent_coef_loss   | -0.0394  |
|    learning_rate   | 0.0003   |
|    n_updates       | 8890015  |
---------------------------------
---------------------------------
| rollout/           |          |
|    ep_len_mean     | 1.7e+03  |
|    ep_rew_mean     | 423      |
| time/              |          |
|    episodes        | 5308     |
|    fps             | 166      |
|    time_elapsed    | 53484    |
|    total_timesteps | 8898086  |
| train/             |          |
|    actor_loss      | -3.02    |
|    critic_loss     | 9.28     |
|    ent_coef        | 0.00918  |
|    ent_coef_loss   | 0.312    |
|    learning_rate   | 0.0003   |
|    n_updates       | 8897085  |
---------------------------------
---------------------------------
| rollout/           |          |
|    ep_len_mean     | 1.71e+03 |
|    ep_rew_mean     | 423      |
| time/              |          |
|    episodes        | 5312     |
|    fps             | 166      |
|    time_elapsed    | 53528    |
|    total_timesteps | 8905365  |
| train/             |          |
|    actor_loss      | -8.05    |
|    critic_loss     | 15.2     |
|    ent_coef        | 0.00876  |
|    ent_coef_loss   | 2.45     |
|    learning_rate   | 0.0003   |
|    n_updates       | 8904364  |
---------------------------------
---------------------------------
| rollout/           |          |
|    ep_len_mean     | 1.71e+03 |
|    ep_rew_mean     | 437      |
| time/              |          |
|    episodes        | 5316     |
|    fps             | 166      |
|    time_elapsed    | 53572    |
|    total_timesteps | 8912821  |
| train/             |          |
|    actor_loss      | -23.5    |
|    critic_loss     | 2.42     |
|    ent_coef        | 0.00918  |
|    ent_coef_loss   | 0.0705   |
|    learning_rate   | 0.0003   |
|    n_updates       | 8911820  |
---------------------------------
---------------------------------
| rollout/           |          |
|    ep_len_mean     | 1.72e+03 |
|    ep_rew_mean     | 443      |
| time/              |          |
|    episodes        | 5320     |
|    fps             | 166      |
|    time_elapsed    | 53616    |
|    total_timesteps | 8920366  |
| train/             |          |
|    actor_loss      | -39.4    |
|    critic_loss     | 4.28     |
|    ent_coef        | 0.00932  |
|    ent_coef_loss   | 0.604    |
|    learning_rate   | 0.0003   |
|    n_updates       | 8919365  |
---------------------------------
---------------------------------
| rollout/           |          |
|    ep_len_mean     | 1.73e+03 |
|    ep_rew_mean     | 456      |
| time/              |          |
|    episodes        | 5324     |
|    fps             | 166      |
|    time_elapsed    | 53659    |
|    total_timesteps | 8927518  |
| train/             |          |
|    actor_loss      | -13.3    |
|    critic_loss     | 32.6     |
|    ent_coef        | 0.00902  |
|    ent_coef_loss   | -0.279   |
|    learning_rate   | 0.0003   |
|    n_updates       | 8926517  |
---------------------------------
---------------------------------
| rollout/           |          |
|    ep_len_mean     | 1.73e+03 |
|    ep_rew_mean     | 461      |
| time/              |          |
|    episodes        | 5328     |
|    fps             | 166      |
|    time_elapsed    | 53702    |
|    total_timesteps | 8934852  |
| train/             |          |
|    actor_loss      | -28.4    |
|    critic_loss     | 28       |
|    ent_coef        | 0.00899  |
|    ent_coef_loss   | -2.18    |
|    learning_rate   | 0.0003   |
|    n_updates       | 8933851  |
---------------------------------
---------------------------------
| rollout/           |          |
|    ep_len_mean     | 1.73e+03 |
|    ep_rew_mean     | 473      |
| time/              |          |
|    episodes        | 5332     |
|    fps             | 166      |
|    time_elapsed    | 53745    |
|    total_timesteps | 8942023  |
| train/             |          |
|    actor_loss      | -2.19    |
|    critic_loss     | 16.1     |
|    ent_coef        | 0.00913  |
|    ent_coef_loss   | 0.469    |
|    learning_rate   | 0.0003   |
|    n_updates       | 8941022  |
---------------------------------
---------------------------------
| rollout/           |          |
|    ep_len_mean     | 1.73e+03 |
|    ep_rew_mean     | 474      |
| time/              |          |
|    episodes        | 5336     |
|    fps             | 166      |
|    time_elapsed    | 53787    |
|    total_timesteps | 8949056  |
| train/             |          |
|    actor_loss      | -11.1    |
|    critic_loss     | 4.32     |
|    ent_coef        | 0.00996  |
|    ent_coef_loss   | -0.576   |
|    learning_rate   | 0.0003   |
|    n_updates       | 8948055  |
---------------------------------
---------------------------------
| rollout/           |          |
|    ep_len_mean     | 1.74e+03 |
|    ep_rew_mean     | 467      |
| time/              |          |
|    episodes        | 5340     |
|    fps             | 166      |
|    time_elapsed    | 53829    |
|    total_timesteps | 8956283  |
| train/             |          |
|    actor_loss      | -27.4    |
|    critic_loss     | 6.7      |
|    ent_coef        | 0.00962  |
|    ent_coef_loss   | -2.26    |
|    learning_rate   | 0.0003   |
|    n_updates       | 8955282  |
---------------------------------
---------------------------------
| rollout/           |          |
|    ep_len_mean     | 1.75e+03 |
|    ep_rew_mean     | 468      |
| time/              |          |
|    episodes        | 5344     |
|    fps             | 166      |
|    time_elapsed    | 53872    |
|    total_timesteps | 8963400  |
| train/             |          |
|    actor_loss      | -20.1    |
|    critic_loss     | 15.3     |
|    ent_coef        | 0.00992  |
|    ent_coef_loss   | -0.539   |
|    learning_rate   | 0.0003   |
|    n_updates       | 8962399  |
---------------------------------
---------------------------------
| rollout/           |          |
|    ep_len_mean     | 1.75e+03 |
|    ep_rew_mean     | 470      |
| time/              |          |
|    episodes        | 5348     |
|    fps             | 166      |
|    time_elapsed    | 53913    |
|    total_timesteps | 8970383  |
| train/             |          |
|    actor_loss      | -30.8    |
|    critic_loss     | 5.68     |
|    ent_coef        | 0.00912  |
|    ent_coef_loss   | 0.349    |
|    learning_rate   | 0.0003   |
|    n_updates       | 8969382  |
---------------------------------
---------------------------------
| rollout/           |          |
|    ep_len_mean     | 1.75e+03 |
|    ep_rew_mean     | 467      |
| time/              |          |
|    episodes        | 5352     |
|    fps             | 166      |
|    time_elapsed    | 53954    |
|    total_timesteps | 8977360  |
| train/             |          |
|    actor_loss      | -13.9    |
|    critic_loss     | 9.41     |
|    ent_coef        | 0.00964  |
|    ent_coef_loss   | -0.382   |
|    learning_rate   | 0.0003   |
|    n_updates       | 8976359  |
---------------------------------
---------------------------------
| rollout/           |          |
|    ep_len_mean     | 1.75e+03 |
|    ep_rew_mean     | 477      |
| time/              |          |
|    episodes        | 5356     |
|    fps             | 166      |
|    time_elapsed    | 53995    |
|    total_timesteps | 8984205  |
| train/             |          |
|    actor_loss      | -22.3    |
|    critic_loss     | 4.72     |
|    ent_coef        | 0.00968  |
|    ent_coef_loss   | 0.727    |
|    learning_rate   | 0.0003   |
|    n_updates       | 8983204  |
---------------------------------
---------------------------------
| rollout/           |          |
|    ep_len_mean     | 1.75e+03 |
|    ep_rew_mean     | 477      |
| time/              |          |
|    episodes        | 5360     |
|    fps             | 166      |
|    time_elapsed    | 54033    |
|    total_timesteps | 8990648  |
| train/             |          |
|    actor_loss      | -27.9    |
|    critic_loss     | 2.97     |
|    ent_coef        | 0.0091   |
|    ent_coef_loss   | 0.133    |
|    learning_rate   | 0.0003   |
|    n_updates       | 8989647  |
---------------------------------
---------------------------------
| rollout/           |          |
|    ep_len_mean     | 1.75e+03 |
|    ep_rew_mean     | 495      |
| time/              |          |
|    episodes        | 5364     |
|    fps             | 166      |
|    time_elapsed    | 54073    |
|    total_timesteps | 8997329  |
| train/             |          |
|    actor_loss      | -19.1    |
|    critic_loss     | 4.53     |
|    ent_coef        | 0.00937  |
|    ent_coef_loss   | -0.158   |
|    learning_rate   | 0.0003   |
|    n_updates       | 8996328  |
---------------------------------
---------------------------------
| rollout/           |          |
|    ep_len_mean     | 1.73e+03 |
|    ep_rew_mean     | 473      |
| time/              |          |
|    episodes        | 5368     |
|    fps             | 166      |
|    time_elapsed    | 54104    |
|    total_timesteps | 9002637  |
| train/             |          |
|    actor_loss      | -14.2    |
|    critic_loss     | 4.57     |
|    ent_coef        | 0.00952  |
|    ent_coef_loss   | 1.22     |
|    learning_rate   | 0.0003   |
|    n_updates       | 9001636  |
---------------------------------
---------------------------------
| rollout/           |          |
|    ep_len_mean     | 1.73e+03 |
|    ep_rew_mean     | 481      |
| time/              |          |
|    episodes        | 5372     |
|    fps             | 166      |
|    time_elapsed    | 54144    |
|    total_timesteps | 9009338  |
| train/             |          |
|    actor_loss      | -15.5    |
|    critic_loss     | 5.72     |
|    ent_coef        | 0.00979  |
|    ent_coef_loss   | 2.05     |
|    learning_rate   | 0.0003   |
|    n_updates       | 9008337  |
---------------------------------
---------------------------------
| rollout/           |          |
|    ep_len_mean     | 1.71e+03 |
|    ep_rew_mean     | 471      |
| time/              |          |
|    episodes        | 5376     |
|    fps             | 166      |
|    time_elapsed    | 54174    |
|    total_timesteps | 9014397  |
| train/             |          |
|    actor_loss      | -36      |
|    critic_loss     | 3.65     |
|    ent_coef        | 0.00966  |
|    ent_coef_loss   | -2.77    |
|    learning_rate   | 0.0003   |
|    n_updates       | 9013396  |
---------------------------------
---------------------------------
| rollout/           |          |
|    ep_len_mean     | 1.69e+03 |
|    ep_rew_mean     | 489      |
| time/              |          |
|    episodes        | 5380     |
|    fps             | 166      |
|    time_elapsed    | 54204    |
|    total_timesteps | 9019418  |
| train/             |          |
|    actor_loss      | -38.1    |
|    critic_loss     | 3.14     |
|    ent_coef        | 0.00981  |
|    ent_coef_loss   | -1.44    |
|    learning_rate   | 0.0003   |
|    n_updates       | 9018417  |
---------------------------------
---------------------------------
| rollout/           |          |
|    ep_len_mean     | 1.65e+03 |
|    ep_rew_mean     | 462      |
| time/              |          |
|    episodes        | 5384     |
|    fps             | 166      |
|    time_elapsed    | 54218    |
|    total_timesteps | 9021826  |
| train/             |          |
|    actor_loss      | -35.7    |
|    critic_loss     | 23.9     |
|    ent_coef        | 0.00932  |
|    ent_coef_loss   | -2.21    |
|    learning_rate   | 0.0003   |
|    n_updates       | 9020825  |
---------------------------------
---------------------------------
| rollout/           |          |
|    ep_len_mean     | 1.64e+03 |
|    ep_rew_mean     | 459      |
| time/              |          |
|    episodes        | 5388     |
|    fps             | 166      |
|    time_elapsed    | 54249    |
|    total_timesteps | 9027043  |
| train/             |          |
|    actor_loss      | -8.18    |
|    critic_loss     | 9.02     |
|    ent_coef        | 0.0102   |
|    ent_coef_loss   | -1.01    |
|    learning_rate   | 0.0003   |
|    n_updates       | 9026042  |
---------------------------------
---------------------------------
| rollout/           |          |
|    ep_len_mean     | 1.62e+03 |
|    ep_rew_mean     | 453      |
| time/              |          |
|    episodes        | 5392     |
|    fps             | 166      |
|    time_elapsed    | 54279    |
|    total_timesteps | 9032157  |
| train/             |          |
|    actor_loss      | -12.3    |
|    critic_loss     | 5.49     |
|    ent_coef        | 0.0102   |
|    ent_coef_loss   | -0.374   |
|    learning_rate   | 0.0003   |
|    n_updates       | 9031156  |
---------------------------------
---------------------------------
| rollout/           |          |
|    ep_len_mean     | 1.62e+03 |
|    ep_rew_mean     | 467      |
| time/              |          |
|    episodes        | 5396     |
|    fps             | 166      |
|    time_elapsed    | 54318    |
|    total_timesteps | 9038594  |
| train/             |          |
|    actor_loss      | -28.1    |
|    critic_loss     | 7.58     |
|    ent_coef        | 0.0108   |
|    ent_coef_loss   | -1.59    |
|    learning_rate   | 0.0003   |
|    n_updates       | 9037593  |
---------------------------------
---------------------------------
| rollout/           |          |
|    ep_len_mean     | 1.61e+03 |
|    ep_rew_mean     | 471      |
| time/              |          |
|    episodes        | 5400     |
|    fps             | 166      |
|    time_elapsed    | 54356    |
|    total_timesteps | 9045079  |
| train/             |          |
|    actor_loss      | -32.5    |
|    critic_loss     | 7.37     |
|    ent_coef        | 0.0105   |
|    ent_coef_loss   | 0.625    |
|    learning_rate   | 0.0003   |
|    n_updates       | 9044078  |
---------------------------------
---------------------------------
| rollout/           |          |
|    ep_len_mean     | 1.62e+03 |
|    ep_rew_mean     | 471      |
| time/              |          |
|    episodes        | 5404     |
|    fps             | 166      |
|    time_elapsed    | 54400    |
|    total_timesteps | 9052523  |
| train/             |          |
|    actor_loss      | -33.9    |
|    critic_loss     | 5.19     |
|    ent_coef        | 0.0112   |
|    ent_coef_loss   | 0.231    |
|    learning_rate   | 0.0003   |
|    n_updates       | 9051522  |
---------------------------------
---------------------------------
| rollout/           |          |
|    ep_len_mean     | 1.61e+03 |
|    ep_rew_mean     | 474      |
| time/              |          |
|    episodes        | 5408     |
|    fps             | 166      |
|    time_elapsed    | 54440    |
|    total_timesteps | 9059317  |
| train/             |          |
|    actor_loss      | -14.1    |
|    critic_loss     | 10.8     |
|    ent_coef        | 0.0104   |
|    ent_coef_loss   | -0.557   |
|    learning_rate   | 0.0003   |
|    n_updates       | 9058316  |
---------------------------------
---------------------------------
| rollout/           |          |
|    ep_len_mean     | 1.61e+03 |
|    ep_rew_mean     | 479      |
| time/              |          |
|    episodes        | 5412     |
|    fps             | 166      |
|    time_elapsed    | 54479    |
|    total_timesteps | 9065882  |
| train/             |          |
|    actor_loss      | -7.42    |
|    critic_loss     | 5.73     |
|    ent_coef        | 0.0109   |
|    ent_coef_loss   | 1.42     |
|    learning_rate   | 0.0003   |
|    n_updates       | 9064881  |
---------------------------------
---------------------------------
| rollout/           |          |
|    ep_len_mean     | 1.61e+03 |
|    ep_rew_mean     | 460      |
| time/              |          |
|    episodes        | 5416     |
|    fps             | 166      |
|    time_elapsed    | 54525    |
|    total_timesteps | 9073577  |
| train/             |          |
|    actor_loss      | -21.7    |
|    critic_loss     | 3.6      |
|    ent_coef        | 0.0101   |
|    ent_coef_loss   | 0.0904   |
|    learning_rate   | 0.0003   |
|    n_updates       | 9072576  |
---------------------------------
---------------------------------
| rollout/           |          |
|    ep_len_mean     | 1.6e+03  |
|    ep_rew_mean     | 460      |
| time/              |          |
|    episodes        | 5420     |
|    fps             | 166      |
|    time_elapsed    | 54568    |
|    total_timesteps | 9080727  |
| train/             |          |
|    actor_loss      | -31.7    |
|    critic_loss     | 16.1     |
|    ent_coef        | 0.00989  |
|    ent_coef_loss   | -0.726   |
|    learning_rate   | 0.0003   |
|    n_updates       | 9079726  |
---------------------------------
---------------------------------
| rollout/           |          |
|    ep_len_mean     | 1.6e+03  |
|    ep_rew_mean     | 443      |
| time/              |          |
|    episodes        | 5424     |
|    fps             | 166      |
|    time_elapsed    | 54609    |
|    total_timesteps | 9087658  |
| train/             |          |
|    actor_loss      | -23.5    |
|    critic_loss     | 6.98     |
|    ent_coef        | 0.00988  |
|    ent_coef_loss   | 0.135    |
|    learning_rate   | 0.0003   |
|    n_updates       | 9086657  |
---------------------------------
---------------------------------
| rollout/           |          |
|    ep_len_mean     | 1.6e+03  |
|    ep_rew_mean     | 430      |
| time/              |          |
|    episodes        | 5428     |
|    fps             | 166      |
|    time_elapsed    | 54648    |
|    total_timesteps | 9094358  |
| train/             |          |
|    actor_loss      | -26.4    |
|    critic_loss     | 8.38     |
|    ent_coef        | 0.00993  |
|    ent_coef_loss   | 0.028    |
|    learning_rate   | 0.0003   |
|    n_updates       | 9093357  |
---------------------------------
---------------------------------
| rollout/           |          |
|    ep_len_mean     | 1.6e+03  |
|    ep_rew_mean     | 419      |
| time/              |          |
|    episodes        | 5432     |
|    fps             | 166      |
|    time_elapsed    | 54691    |
|    total_timesteps | 9101662  |
| train/             |          |
|    actor_loss      | -21.4    |
|    critic_loss     | 7.82     |
|    ent_coef        | 0.00972  |
|    ent_coef_loss   | -0.455   |
|    learning_rate   | 0.0003   |
|    n_updates       | 9100661  |
---------------------------------
---------------------------------
| rollout/           |          |
|    ep_len_mean     | 1.59e+03 |
|    ep_rew_mean     | 413      |
| time/              |          |
|    episodes        | 5436     |
|    fps             | 166      |
|    time_elapsed    | 54731    |
|    total_timesteps | 9108419  |
| train/             |          |
|    actor_loss      | -22.2    |
|    critic_loss     | 30.6     |
|    ent_coef        | 0.0102   |
|    ent_coef_loss   | -0.184   |
|    learning_rate   | 0.0003   |
|    n_updates       | 9107418  |
---------------------------------
---------------------------------
| rollout/           |          |
|    ep_len_mean     | 1.59e+03 |
|    ep_rew_mean     | 418      |
| time/              |          |
|    episodes        | 5440     |
|    fps             | 166      |
|    time_elapsed    | 54771    |
|    total_timesteps | 9115127  |
| train/             |          |
|    actor_loss      | -26.2    |
|    critic_loss     | 4.81     |
|    ent_coef        | 0.00977  |
|    ent_coef_loss   | 1.81     |
|    learning_rate   | 0.0003   |
|    n_updates       | 9114126  |
---------------------------------
---------------------------------
| rollout/           |          |
|    ep_len_mean     | 1.59e+03 |
|    ep_rew_mean     | 416      |
| time/              |          |
|    episodes        | 5444     |
|    fps             | 166      |
|    time_elapsed    | 54824    |
|    total_timesteps | 9122064  |
| train/             |          |
|    actor_loss      | -26.2    |
|    critic_loss     | 6.4      |
|    ent_coef        | 0.0108   |
|    ent_coef_loss   | -3.16    |
|    learning_rate   | 0.0003   |
|    n_updates       | 9121063  |
---------------------------------
---------------------------------
| rollout/           |          |
|    ep_len_mean     | 1.58e+03 |
|    ep_rew_mean     | 414      |
| time/              |          |
|    episodes        | 5448     |
|    fps             | 166      |
|    time_elapsed    | 54864    |
|    total_timesteps | 9128745  |
| train/             |          |
|    actor_loss      | -36.7    |
|    critic_loss     | 8.37     |
|    ent_coef        | 0.0103   |
|    ent_coef_loss   | -1.35    |
|    learning_rate   | 0.0003   |
|    n_updates       | 9127744  |
---------------------------------
---------------------------------
| rollout/           |          |
|    ep_len_mean     | 1.58e+03 |
|    ep_rew_mean     | 412      |
| time/              |          |
|    episodes        | 5452     |
|    fps             | 166      |
|    time_elapsed    | 54905    |
|    total_timesteps | 9135618  |
| train/             |          |
|    actor_loss      | -15.5    |
|    critic_loss     | 5.78     |
|    ent_coef        | 0.01     |
|    ent_coef_loss   | 2.68     |
|    learning_rate   | 0.0003   |
|    n_updates       | 9134617  |
---------------------------------
---------------------------------
| rollout/           |          |
|    ep_len_mean     | 1.58e+03 |
|    ep_rew_mean     | 393      |
| time/              |          |
|    episodes        | 5456     |
|    fps             | 166      |
|    time_elapsed    | 54946    |
|    total_timesteps | 9142606  |
| train/             |          |
|    actor_loss      | -27.5    |
|    critic_loss     | 11       |
|    ent_coef        | 0.0102   |
|    ent_coef_loss   | -2.08    |
|    learning_rate   | 0.0003   |
|    n_updates       | 9141605  |
---------------------------------
---------------------------------
| rollout/           |          |
|    ep_len_mean     | 1.59e+03 |
|    ep_rew_mean     | 391      |
| time/              |          |
|    episodes        | 5460     |
|    fps             | 166      |
|    time_elapsed    | 54987    |
|    total_timesteps | 9149409  |
| train/             |          |
|    actor_loss      | -32.2    |
|    critic_loss     | 2.48     |
|    ent_coef        | 0.00956  |
|    ent_coef_loss   | 0.948    |
|    learning_rate   | 0.0003   |
|    n_updates       | 9148408  |
---------------------------------
---------------------------------
| rollout/           |          |
|    ep_len_mean     | 1.59e+03 |
|    ep_rew_mean     | 371      |
| time/              |          |
|    episodes        | 5464     |
|    fps             | 166      |
|    time_elapsed    | 55026    |
|    total_timesteps | 9155915  |
| train/             |          |
|    actor_loss      | -29.2    |
|    critic_loss     | 4.13     |
|    ent_coef        | 0.00973  |
|    ent_coef_loss   | 0.198    |
|    learning_rate   | 0.0003   |
|    n_updates       | 9154914  |
---------------------------------
---------------------------------
| rollout/           |          |
|    ep_len_mean     | 1.58e+03 |
|    ep_rew_mean     | 380      |
| time/              |          |
|    episodes        | 5468     |
|    fps             | 166      |
|    time_elapsed    | 55053    |
|    total_timesteps | 9160610  |
| train/             |          |
|    actor_loss      | -27.2    |
|    critic_loss     | 397      |
|    ent_coef        | 0.00972  |
|    ent_coef_loss   | -0.33    |
|    learning_rate   | 0.0003   |
|    n_updates       | 9159609  |
---------------------------------
---------------------------------
| rollout/           |          |
|    ep_len_mean     | 1.58e+03 |
|    ep_rew_mean     | 366      |
| time/              |          |
|    episodes        | 5472     |
|    fps             | 166      |
|    time_elapsed    | 55096    |
|    total_timesteps | 9167725  |
| train/             |          |
|    actor_loss      | -21      |
|    critic_loss     | 2.97     |
|    ent_coef        | 0.00999  |
|    ent_coef_loss   | -3.31    |
|    learning_rate   | 0.0003   |
|    n_updates       | 9166724  |
---------------------------------
---------------------------------
| rollout/           |          |
|    ep_len_mean     | 1.61e+03 |
|    ep_rew_mean     | 373      |
| time/              |          |
|    episodes        | 5476     |
|    fps             | 166      |
|    time_elapsed    | 55139    |
|    total_timesteps | 9174985  |
| train/             |          |
|    actor_loss      | -25.4    |
|    critic_loss     | 14.8     |
|    ent_coef        | 0.00997  |
|    ent_coef_loss   | 1.94     |
|    learning_rate   | 0.0003   |
|    n_updates       | 9173984  |
---------------------------------
---------------------------------
| rollout/           |          |
|    ep_len_mean     | 1.63e+03 |
|    ep_rew_mean     | 366      |
| time/              |          |
|    episodes        | 5480     |
|    fps             | 166      |
|    time_elapsed    | 55184    |
|    total_timesteps | 9182550  |
| train/             |          |
|    actor_loss      | -31.3    |
|    critic_loss     | 12.7     |
|    ent_coef        | 0.0101   |
|    ent_coef_loss   | 2.86     |
|    learning_rate   | 0.0003   |
|    n_updates       | 9181549  |
---------------------------------
---------------------------------
| rollout/           |          |
|    ep_len_mean     | 1.68e+03 |
|    ep_rew_mean     | 399      |
| time/              |          |
|    episodes        | 5484     |
|    fps             | 166      |
|    time_elapsed    | 55225    |
|    total_timesteps | 9189616  |
| train/             |          |
|    actor_loss      | -41.1    |
|    critic_loss     | 7.23     |
|    ent_coef        | 0.00972  |
|    ent_coef_loss   | 1.7      |
|    learning_rate   | 0.0003   |
|    n_updates       | 9188615  |
---------------------------------
---------------------------------
| rollout/           |          |
|    ep_len_mean     | 1.7e+03  |
|    ep_rew_mean     | 391      |
| time/              |          |
|    episodes        | 5488     |
|    fps             | 166      |
|    time_elapsed    | 55268    |
|    total_timesteps | 9196815  |
| train/             |          |
|    actor_loss      | -25.3    |
|    critic_loss     | 3.49     |
|    ent_coef        | 0.0102   |
|    ent_coef_loss   | -1.12    |
|    learning_rate   | 0.0003   |
|    n_updates       | 9195814  |
---------------------------------
---------------------------------
| rollout/           |          |
|    ep_len_mean     | 1.72e+03 |
|    ep_rew_mean     | 396      |
| time/              |          |
|    episodes        | 5492     |
|    fps             | 166      |
|    time_elapsed    | 55310    |
|    total_timesteps | 9203899  |
| train/             |          |
|    actor_loss      | -24.9    |
|    critic_loss     | 6.31     |
|    ent_coef        | 0.00993  |
|    ent_coef_loss   | -0.287   |
|    learning_rate   | 0.0003   |
|    n_updates       | 9202898  |
---------------------------------
---------------------------------
| rollout/           |          |
|    ep_len_mean     | 1.72e+03 |
|    ep_rew_mean     | 384      |
| time/              |          |
|    episodes        | 5496     |
|    fps             | 166      |
|    time_elapsed    | 55352    |
|    total_timesteps | 9210904  |
| train/             |          |
|    actor_loss      | -29      |
|    critic_loss     | 4.18     |
|    ent_coef        | 0.0097   |
|    ent_coef_loss   | 1.24     |
|    learning_rate   | 0.0003   |
|    n_updates       | 9209903  |
---------------------------------
---------------------------------
| rollout/           |          |
|    ep_len_mean     | 1.71e+03 |
|    ep_rew_mean     | 384      |
| time/              |          |
|    episodes        | 5500     |
|    fps             | 166      |
|    time_elapsed    | 55384    |
|    total_timesteps | 9216358  |
| train/             |          |
|    actor_loss      | -23.8    |
|    critic_loss     | 5.44     |
|    ent_coef        | 0.00962  |
|    ent_coef_loss   | 1.17     |
|    learning_rate   | 0.0003   |
|    n_updates       | 9215357  |
---------------------------------
---------------------------------
| rollout/           |          |
|    ep_len_mean     | 1.71e+03 |
|    ep_rew_mean     | 367      |
| time/              |          |
|    episodes        | 5504     |
|    fps             | 166      |
|    time_elapsed    | 55427    |
|    total_timesteps | 9223581  |
| train/             |          |
|    actor_loss      | -18.6    |
|    critic_loss     | 5.41     |
|    ent_coef        | 0.00995  |
|    ent_coef_loss   | 0.57     |
|    learning_rate   | 0.0003   |
|    n_updates       | 9222580  |
---------------------------------
---------------------------------
| rollout/           |          |
|    ep_len_mean     | 1.72e+03 |
|    ep_rew_mean     | 362      |
| time/              |          |
|    episodes        | 5508     |
|    fps             | 166      |
|    time_elapsed    | 55472    |
|    total_timesteps | 9231186  |
| train/             |          |
|    actor_loss      | -19.8    |
|    critic_loss     | 3.6      |
|    ent_coef        | 0.00997  |
|    ent_coef_loss   | -1.41    |
|    learning_rate   | 0.0003   |
|    n_updates       | 9230185  |
---------------------------------
---------------------------------
| rollout/           |          |
|    ep_len_mean     | 1.73e+03 |
|    ep_rew_mean     | 359      |
| time/              |          |
|    episodes        | 5512     |
|    fps             | 166      |
|    time_elapsed    | 55516    |
|    total_timesteps | 9238701  |
| train/             |          |
|    actor_loss      | -13.2    |
|    critic_loss     | 5.83     |
|    ent_coef        | 0.00964  |
|    ent_coef_loss   | 0.71     |
|    learning_rate   | 0.0003   |
|    n_updates       | 9237700  |
---------------------------------
---------------------------------
| rollout/           |          |
|    ep_len_mean     | 1.73e+03 |
|    ep_rew_mean     | 362      |
| time/              |          |
|    episodes        | 5516     |
|    fps             | 166      |
|    time_elapsed    | 55560    |
|    total_timesteps | 9246103  |
| train/             |          |
|    actor_loss      | -27.3    |
|    critic_loss     | 5.59     |
|    ent_coef        | 0.00994  |
|    ent_coef_loss   | -1.43    |
|    learning_rate   | 0.0003   |
|    n_updates       | 9245102  |
---------------------------------
---------------------------------
| rollout/           |          |
|    ep_len_mean     | 1.73e+03 |
|    ep_rew_mean     | 378      |
| time/              |          |
|    episodes        | 5520     |
|    fps             | 166      |
|    time_elapsed    | 55603    |
|    total_timesteps | 9253297  |
| train/             |          |
|    actor_loss      | -25.5    |
|    critic_loss     | 7.61e+03 |
|    ent_coef        | 0.00919  |
|    ent_coef_loss   | 0.0568   |
|    learning_rate   | 0.0003   |
|    n_updates       | 9252296  |
---------------------------------
---------------------------------
| rollout/           |          |
|    ep_len_mean     | 1.67e+03 |
|    ep_rew_mean     | 354      |
| time/              |          |
|    episodes        | 5524     |
|    fps             | 166      |
|    time_elapsed    | 55609    |
|    total_timesteps | 9254196  |
| train/             |          |
|    actor_loss      | -44.2    |
|    critic_loss     | 12.2     |
|    ent_coef        | 0.00938  |
|    ent_coef_loss   | -0.757   |
|    learning_rate   | 0.0003   |
|    n_updates       | 9253195  |
---------------------------------
---------------------------------
| rollout/           |          |
|    ep_len_mean     | 1.65e+03 |
|    ep_rew_mean     | 363      |
| time/              |          |
|    episodes        | 5528     |
|    fps             | 166      |
|    time_elapsed    | 55638    |
|    total_timesteps | 9259204  |
| train/             |          |
|    actor_loss      | -28.9    |
|    critic_loss     | 37.3     |
|    ent_coef        | 0.00983  |
|    ent_coef_loss   | 0.985    |
|    learning_rate   | 0.0003   |
|    n_updates       | 9258203  |
---------------------------------
---------------------------------
| rollout/           |          |
|    ep_len_mean     | 1.64e+03 |
|    ep_rew_mean     | 361      |
| time/              |          |
|    episodes        | 5532     |
|    fps             | 166      |
|    time_elapsed    | 55679    |
|    total_timesteps | 9266084  |
| train/             |          |
|    actor_loss      | -21.7    |
|    critic_loss     | 14.3     |
|    ent_coef        | 0.00952  |
|    ent_coef_loss   | -0.555   |
|    learning_rate   | 0.0003   |
|    n_updates       | 9265083  |
---------------------------------
---------------------------------
| rollout/           |          |
|    ep_len_mean     | 1.64e+03 |
|    ep_rew_mean     | 369      |
| time/              |          |
|    episodes        | 5536     |
|    fps             | 166      |
|    time_elapsed    | 55718    |
|    total_timesteps | 9272675  |
| train/             |          |
|    actor_loss      | -16.7    |
|    critic_loss     | 21.5     |
|    ent_coef        | 0.00925  |
|    ent_coef_loss   | 0.0662   |
|    learning_rate   | 0.0003   |
|    n_updates       | 9271674  |
---------------------------------
---------------------------------
| rollout/           |          |
|    ep_len_mean     | 1.64e+03 |
|    ep_rew_mean     | 368      |
| time/              |          |
|    episodes        | 5540     |
|    fps             | 166      |
|    time_elapsed    | 55758    |
|    total_timesteps | 9279358  |
| train/             |          |
|    actor_loss      | -18.6    |
|    critic_loss     | 29       |
|    ent_coef        | 0.00974  |
|    ent_coef_loss   | -0.586   |
|    learning_rate   | 0.0003   |
|    n_updates       | 9278357  |
---------------------------------
---------------------------------
| rollout/           |          |
|    ep_len_mean     | 1.64e+03 |
|    ep_rew_mean     | 371      |
| time/              |          |
|    episodes        | 5544     |
|    fps             | 166      |
|    time_elapsed    | 55801    |
|    total_timesteps | 9286511  |
| train/             |          |
|    actor_loss      | -30.2    |
|    critic_loss     | 10.6     |
|    ent_coef        | 0.00977  |
|    ent_coef_loss   | -2.63    |
|    learning_rate   | 0.0003   |
|    n_updates       | 9285510  |
---------------------------------
---------------------------------
| rollout/           |          |
|    ep_len_mean     | 1.65e+03 |
|    ep_rew_mean     | 373      |
| time/              |          |
|    episodes        | 5548     |
|    fps             | 166      |
|    time_elapsed    | 55843    |
|    total_timesteps | 9293637  |
| train/             |          |
|    actor_loss      | -40.6    |
|    critic_loss     | 2.72     |
|    ent_coef        | 0.00908  |
|    ent_coef_loss   | -3.82    |
|    learning_rate   | 0.0003   |
|    n_updates       | 9292636  |
---------------------------------
---------------------------------
| rollout/           |          |
|    ep_len_mean     | 1.64e+03 |
|    ep_rew_mean     | 377      |
| time/              |          |
|    episodes        | 5552     |
|    fps             | 166      |
|    time_elapsed    | 55879    |
|    total_timesteps | 9299689  |
| train/             |          |
|    actor_loss      | -12      |
|    critic_loss     | 10.2     |
|    ent_coef        | 0.00921  |
|    ent_coef_loss   | 0.757    |
|    learning_rate   | 0.0003   |
|    n_updates       | 9298688  |
---------------------------------
---------------------------------
| rollout/           |          |
|    ep_len_mean     | 1.65e+03 |
|    ep_rew_mean     | 387      |
| time/              |          |
|    episodes        | 5556     |
|    fps             | 166      |
|    time_elapsed    | 55923    |
|    total_timesteps | 9307134  |
| train/             |          |
|    actor_loss      | -15.4    |
|    critic_loss     | 5.19     |
|    ent_coef        | 0.00971  |
|    ent_coef_loss   | -0.796   |
|    learning_rate   | 0.0003   |
|    n_updates       | 9306133  |
---------------------------------
---------------------------------
| rollout/           |          |
|    ep_len_mean     | 1.65e+03 |
|    ep_rew_mean     | 389      |
| time/              |          |
|    episodes        | 5560     |
|    fps             | 166      |
|    time_elapsed    | 55967    |
|    total_timesteps | 9314508  |
| train/             |          |
|    actor_loss      | -21.7    |
|    critic_loss     | 7.78     |
|    ent_coef        | 0.00968  |
|    ent_coef_loss   | 2.93     |
|    learning_rate   | 0.0003   |
|    n_updates       | 9313507  |
---------------------------------
---------------------------------
| rollout/           |          |
|    ep_len_mean     | 1.64e+03 |
|    ep_rew_mean     | 390      |
| time/              |          |
|    episodes        | 5564     |
|    fps             | 166      |
|    time_elapsed    | 56002    |
|    total_timesteps | 9320322  |
| train/             |          |
|    actor_loss      | -7.05    |
|    critic_loss     | 4.02     |
|    ent_coef        | 0.0104   |
|    ent_coef_loss   | 0.311    |
|    learning_rate   | 0.0003   |
|    n_updates       | 9319321  |
---------------------------------
---------------------------------
| rollout/           |          |
|    ep_len_mean     | 1.67e+03 |
|    ep_rew_mean     | 401      |
| time/              |          |
|    episodes        | 5568     |
|    fps             | 166      |
|    time_elapsed    | 56045    |
|    total_timesteps | 9327601  |
| train/             |          |
|    actor_loss      | -14      |
|    critic_loss     | 7.8      |
|    ent_coef        | 0.0101   |
|    ent_coef_loss   | 0.174    |
|    learning_rate   | 0.0003   |
|    n_updates       | 9326600  |
---------------------------------
---------------------------------
| rollout/           |          |
|    ep_len_mean     | 1.66e+03 |
|    ep_rew_mean     | 404      |
| time/              |          |
|    episodes        | 5572     |
|    fps             | 166      |
|    time_elapsed    | 56081    |
|    total_timesteps | 9333712  |
| train/             |          |
|    actor_loss      | -9.35    |
|    critic_loss     | 5.53     |
|    ent_coef        | 0.01     |
|    ent_coef_loss   | -0.238   |
|    learning_rate   | 0.0003   |
|    n_updates       | 9332711  |
---------------------------------
---------------------------------
| rollout/           |          |
|    ep_len_mean     | 1.66e+03 |
|    ep_rew_mean     | 402      |
| time/              |          |
|    episodes        | 5576     |
|    fps             | 166      |
|    time_elapsed    | 56124    |
|    total_timesteps | 9341039  |
| train/             |          |
|    actor_loss      | -12.4    |
|    critic_loss     | 44.7     |
|    ent_coef        | 0.0108   |
|    ent_coef_loss   | -1.6     |
|    learning_rate   | 0.0003   |
|    n_updates       | 9340038  |
---------------------------------
---------------------------------
| rollout/           |          |
|    ep_len_mean     | 1.66e+03 |
|    ep_rew_mean     | 399      |
| time/              |          |
|    episodes        | 5580     |
|    fps             | 166      |
|    time_elapsed    | 56168    |
|    total_timesteps | 9348462  |
| train/             |          |
|    actor_loss      | -10.4    |
|    critic_loss     | 10.8     |
|    ent_coef        | 0.0108   |
|    ent_coef_loss   | 0.949    |
|    learning_rate   | 0.0003   |
|    n_updates       | 9347461  |
---------------------------------
---------------------------------
| rollout/           |          |
|    ep_len_mean     | 1.66e+03 |
|    ep_rew_mean     | 392      |
| time/              |          |
|    episodes        | 5584     |
|    fps             | 166      |
|    time_elapsed    | 56210    |
|    total_timesteps | 9355451  |
| train/             |          |
|    actor_loss      | -0.226   |
|    critic_loss     | 3.55     |
|    ent_coef        | 0.0104   |
|    ent_coef_loss   | -1.34    |
|    learning_rate   | 0.0003   |
|    n_updates       | 9354450  |
---------------------------------
---------------------------------
| rollout/           |          |
|    ep_len_mean     | 1.65e+03 |
|    ep_rew_mean     | 398      |
| time/              |          |
|    episodes        | 5588     |
|    fps             | 166      |
|    time_elapsed    | 56251    |
|    total_timesteps | 9362295  |
| train/             |          |
|    actor_loss      | -10.1    |
|    critic_loss     | 7.35     |
|    ent_coef        | 0.0107   |
|    ent_coef_loss   | 1.28     |
|    learning_rate   | 0.0003   |
|    n_updates       | 9361294  |
---------------------------------
---------------------------------
| rollout/           |          |
|    ep_len_mean     | 1.66e+03 |
|    ep_rew_mean     | 403      |
| time/              |          |
|    episodes        | 5592     |
|    fps             | 166      |
|    time_elapsed    | 56294    |
|    total_timesteps | 9369440  |
| train/             |          |
|    actor_loss      | -20      |
|    critic_loss     | 10.2     |
|    ent_coef        | 0.0104   |
|    ent_coef_loss   | -1.49    |
|    learning_rate   | 0.0003   |
|    n_updates       | 9368439  |
---------------------------------
---------------------------------
| rollout/           |          |
|    ep_len_mean     | 1.66e+03 |
|    ep_rew_mean     | 420      |
| time/              |          |
|    episodes        | 5596     |
|    fps             | 166      |
|    time_elapsed    | 56337    |
|    total_timesteps | 9376680  |
| train/             |          |
|    actor_loss      | -14.6    |
|    critic_loss     | 50.1     |
|    ent_coef        | 0.0114   |
|    ent_coef_loss   | -0.505   |
|    learning_rate   | 0.0003   |
|    n_updates       | 9375679  |
---------------------------------
---------------------------------
| rollout/           |          |
|    ep_len_mean     | 1.68e+03 |
|    ep_rew_mean     | 418      |
| time/              |          |
|    episodes        | 5600     |
|    fps             | 166      |
|    time_elapsed    | 56380    |
|    total_timesteps | 9383996  |
| train/             |          |
|    actor_loss      | 1.48     |
|    critic_loss     | 9.34     |
|    ent_coef        | 0.0112   |
|    ent_coef_loss   | -0.318   |
|    learning_rate   | 0.0003   |
|    n_updates       | 9382995  |
---------------------------------
---------------------------------
| rollout/           |          |
|    ep_len_mean     | 1.68e+03 |
|    ep_rew_mean     | 425      |
| time/              |          |
|    episodes        | 5604     |
|    fps             | 166      |
|    time_elapsed    | 56423    |
|    total_timesteps | 9391284  |
| train/             |          |
|    actor_loss      | -8.31    |
|    critic_loss     | 25.8     |
|    ent_coef        | 0.0103   |
|    ent_coef_loss   | 0.184    |
|    learning_rate   | 0.0003   |
|    n_updates       | 9390283  |
---------------------------------
---------------------------------
| rollout/           |          |
|    ep_len_mean     | 1.67e+03 |
|    ep_rew_mean     | 425      |
| time/              |          |
|    episodes        | 5608     |
|    fps             | 166      |
|    time_elapsed    | 56465    |
|    total_timesteps | 9398281  |
| train/             |          |
|    actor_loss      | -23.1    |
|    critic_loss     | 4.21     |
|    ent_coef        | 0.0112   |
|    ent_coef_loss   | -1.36    |
|    learning_rate   | 0.0003   |
|    n_updates       | 9397280  |
---------------------------------
---------------------------------
| rollout/           |          |
|    ep_len_mean     | 1.67e+03 |
|    ep_rew_mean     | 437      |
| time/              |          |
|    episodes        | 5612     |
|    fps             | 166      |
|    time_elapsed    | 56508    |
|    total_timesteps | 9405499  |
| train/             |          |
|    actor_loss      | 3.01     |
|    critic_loss     | 6.26     |
|    ent_coef        | 0.011    |
|    ent_coef_loss   | -2.25    |
|    learning_rate   | 0.0003   |
|    n_updates       | 9404498  |
---------------------------------
---------------------------------
| rollout/           |          |
|    ep_len_mean     | 1.66e+03 |
|    ep_rew_mean     | 432      |
| time/              |          |
|    episodes        | 5616     |
|    fps             | 166      |
|    time_elapsed    | 56547    |
|    total_timesteps | 9412036  |
| train/             |          |
|    actor_loss      | -17.8    |
|    critic_loss     | 3.59     |
|    ent_coef        | 0.0108   |
|    ent_coef_loss   | -2.96    |
|    learning_rate   | 0.0003   |
|    n_updates       | 9411035  |
---------------------------------
---------------------------------
| rollout/           |          |
|    ep_len_mean     | 1.66e+03 |
|    ep_rew_mean     | 427      |
| time/              |          |
|    episodes        | 5620     |
|    fps             | 166      |
|    time_elapsed    | 56588    |
|    total_timesteps | 9418946  |
| train/             |          |
|    actor_loss      | -18.3    |
|    critic_loss     | 4.65     |
|    ent_coef        | 0.0115   |
|    ent_coef_loss   | 1.39     |
|    learning_rate   | 0.0003   |
|    n_updates       | 9417945  |
---------------------------------
---------------------------------
| rollout/           |          |
|    ep_len_mean     | 1.72e+03 |
|    ep_rew_mean     | 451      |
| time/              |          |
|    episodes        | 5624     |
|    fps             | 166      |
|    time_elapsed    | 56630    |
|    total_timesteps | 9426079  |
| train/             |          |
|    actor_loss      | -12.8    |
|    critic_loss     | 3.4      |
|    ent_coef        | 0.0115   |
|    ent_coef_loss   | -0.91    |
|    learning_rate   | 0.0003   |
|    n_updates       | 9425078  |
---------------------------------
---------------------------------
| rollout/           |          |
|    ep_len_mean     | 1.74e+03 |
|    ep_rew_mean     | 448      |
| time/              |          |
|    episodes        | 5628     |
|    fps             | 166      |
|    time_elapsed    | 56671    |
|    total_timesteps | 9433027  |
| train/             |          |
|    actor_loss      | -6.34    |
|    critic_loss     | 6.25     |
|    ent_coef        | 0.0122   |
|    ent_coef_loss   | -0.0184  |
|    learning_rate   | 0.0003   |
|    n_updates       | 9432026  |
---------------------------------
---------------------------------
| rollout/           |          |
|    ep_len_mean     | 1.74e+03 |
|    ep_rew_mean     | 463      |
| time/              |          |
|    episodes        | 5632     |
|    fps             | 166      |
|    time_elapsed    | 56714    |
|    total_timesteps | 9440271  |
| train/             |          |
|    actor_loss      | -13.1    |
|    critic_loss     | 5.44     |
|    ent_coef        | 0.0128   |
|    ent_coef_loss   | 1.3      |
|    learning_rate   | 0.0003   |
|    n_updates       | 9439270  |
---------------------------------
---------------------------------
| rollout/           |          |
|    ep_len_mean     | 1.75e+03 |
|    ep_rew_mean     | 467      |
| time/              |          |
|    episodes        | 5636     |
|    fps             | 166      |
|    time_elapsed    | 56758    |
|    total_timesteps | 9447559  |
| train/             |          |
|    actor_loss      | -18.1    |
|    critic_loss     | 4.68     |
|    ent_coef        | 0.0128   |
|    ent_coef_loss   | -1.21    |
|    learning_rate   | 0.0003   |
|    n_updates       | 9446558  |
---------------------------------
---------------------------------
| rollout/           |          |
|    ep_len_mean     | 1.75e+03 |
|    ep_rew_mean     | 482      |
| time/              |          |
|    episodes        | 5640     |
|    fps             | 166      |
|    time_elapsed    | 56799    |
|    total_timesteps | 9454563  |
| train/             |          |
|    actor_loss      | -14.1    |
|    critic_loss     | 22.7     |
|    ent_coef        | 0.0129   |
|    ent_coef_loss   | 0.575    |
|    learning_rate   | 0.0003   |
|    n_updates       | 9453562  |
---------------------------------
---------------------------------
| rollout/           |          |
|    ep_len_mean     | 1.75e+03 |
|    ep_rew_mean     | 479      |
| time/              |          |
|    episodes        | 5644     |
|    fps             | 166      |
|    time_elapsed    | 56841    |
|    total_timesteps | 9461595  |
| train/             |          |
|    actor_loss      | -27      |
|    critic_loss     | 19.1     |
|    ent_coef        | 0.0126   |
|    ent_coef_loss   | 0.57     |
|    learning_rate   | 0.0003   |
|    n_updates       | 9460594  |
---------------------------------
---------------------------------
| rollout/           |          |
|    ep_len_mean     | 1.75e+03 |
|    ep_rew_mean     | 484      |
| time/              |          |
|    episodes        | 5648     |
|    fps             | 166      |
|    time_elapsed    | 56882    |
|    total_timesteps | 9468483  |
| train/             |          |
|    actor_loss      | -16.4    |
|    critic_loss     | 4.12     |
|    ent_coef        | 0.0125   |
|    ent_coef_loss   | 0.523    |
|    learning_rate   | 0.0003   |
|    n_updates       | 9467482  |
---------------------------------
---------------------------------
| rollout/           |          |
|    ep_len_mean     | 1.76e+03 |
|    ep_rew_mean     | 491      |
| time/              |          |
|    episodes        | 5652     |
|    fps             | 166      |
|    time_elapsed    | 56923    |
|    total_timesteps | 9475484  |
| train/             |          |
|    actor_loss      | -4.64    |
|    critic_loss     | 9.43     |
|    ent_coef        | 0.0134   |
|    ent_coef_loss   | 0.222    |
|    learning_rate   | 0.0003   |
|    n_updates       | 9474483  |
---------------------------------
---------------------------------
| rollout/           |          |
|    ep_len_mean     | 1.75e+03 |
|    ep_rew_mean     | 490      |
| time/              |          |
|    episodes        | 5656     |
|    fps             | 166      |
|    time_elapsed    | 56964    |
|    total_timesteps | 9482375  |
| train/             |          |
|    actor_loss      | -16.8    |
|    critic_loss     | 21.3     |
|    ent_coef        | 0.0136   |
|    ent_coef_loss   | -2.6     |
|    learning_rate   | 0.0003   |
|    n_updates       | 9481374  |
---------------------------------
---------------------------------
| rollout/           |          |
|    ep_len_mean     | 1.75e+03 |
|    ep_rew_mean     | 495      |
| time/              |          |
|    episodes        | 5660     |
|    fps             | 166      |
|    time_elapsed    | 57006    |
|    total_timesteps | 9489318  |
| train/             |          |
|    actor_loss      | -21.7    |
|    critic_loss     | 5.68     |
|    ent_coef        | 0.0136   |
|    ent_coef_loss   | 1.01     |
|    learning_rate   | 0.0003   |
|    n_updates       | 9488317  |
---------------------------------
---------------------------------
| rollout/           |          |
|    ep_len_mean     | 1.76e+03 |
|    ep_rew_mean     | 509      |
| time/              |          |
|    episodes        | 5664     |
|    fps             | 166      |
|    time_elapsed    | 57048    |
|    total_timesteps | 9496404  |
| train/             |          |
|    actor_loss      | -12.9    |
|    critic_loss     | 27.9     |
|    ent_coef        | 0.0127   |
|    ent_coef_loss   | -0.197   |
|    learning_rate   | 0.0003   |
|    n_updates       | 9495403  |
---------------------------------
---------------------------------
| rollout/           |          |
|    ep_len_mean     | 1.76e+03 |
|    ep_rew_mean     | 510      |
| time/              |          |
|    episodes        | 5668     |
|    fps             | 166      |
|    time_elapsed    | 57088    |
|    total_timesteps | 9503209  |
| train/             |          |
|    actor_loss      | -17.3    |
|    critic_loss     | 7.09     |
|    ent_coef        | 0.0132   |
|    ent_coef_loss   | 0.113    |
|    learning_rate   | 0.0003   |
|    n_updates       | 9502208  |
---------------------------------
---------------------------------
| rollout/           |          |
|    ep_len_mean     | 1.77e+03 |
|    ep_rew_mean     | 512      |
| time/              |          |
|    episodes        | 5672     |
|    fps             | 166      |
|    time_elapsed    | 57132    |
|    total_timesteps | 9510495  |
| train/             |          |
|    actor_loss      | -38.7    |
|    critic_loss     | 4.79     |
|    ent_coef        | 0.0127   |
|    ent_coef_loss   | -0.332   |
|    learning_rate   | 0.0003   |
|    n_updates       | 9509494  |
---------------------------------
---------------------------------
| rollout/           |          |
|    ep_len_mean     | 1.77e+03 |
|    ep_rew_mean     | 527      |
| time/              |          |
|    episodes        | 5676     |
|    fps             | 166      |
|    time_elapsed    | 57173    |
|    total_timesteps | 9517540  |
| train/             |          |
|    actor_loss      | -16.4    |
|    critic_loss     | 5.8      |
|    ent_coef        | 0.0132   |
|    ent_coef_loss   | -0.897   |
|    learning_rate   | 0.0003   |
|    n_updates       | 9516539  |
---------------------------------
---------------------------------
| rollout/           |          |
|    ep_len_mean     | 1.76e+03 |
|    ep_rew_mean     | 522      |
| time/              |          |
|    episodes        | 5680     |
|    fps             | 166      |
|    time_elapsed    | 57214    |
|    total_timesteps | 9524368  |
| train/             |          |
|    actor_loss      | -24.7    |
|    critic_loss     | 4.97     |
|    ent_coef        | 0.0135   |
|    ent_coef_loss   | -1.31    |
|    learning_rate   | 0.0003   |
|    n_updates       | 9523367  |
---------------------------------
---------------------------------
| rollout/           |          |
|    ep_len_mean     | 1.76e+03 |
|    ep_rew_mean     | 537      |
| time/              |          |
|    episodes        | 5684     |
|    fps             | 166      |
|    time_elapsed    | 57257    |
|    total_timesteps | 9531698  |
| train/             |          |
|    actor_loss      | -3.59    |
|    critic_loss     | 16.5     |
|    ent_coef        | 0.0126   |
|    ent_coef_loss   | 0.472    |
|    learning_rate   | 0.0003   |
|    n_updates       | 9530697  |
---------------------------------
---------------------------------
| rollout/           |          |
|    ep_len_mean     | 1.73e+03 |
|    ep_rew_mean     | 519      |
| time/              |          |
|    episodes        | 5688     |
|    fps             | 166      |
|    time_elapsed    | 57282    |
|    total_timesteps | 9535785  |
| train/             |          |
|    actor_loss      | -16.2    |
|    critic_loss     | 20.4     |
|    ent_coef        | 0.0131   |
|    ent_coef_loss   | -1.69    |
|    learning_rate   | 0.0003   |
|    n_updates       | 9534784  |
---------------------------------
---------------------------------
| rollout/           |          |
|    ep_len_mean     | 1.73e+03 |
|    ep_rew_mean     | 538      |
| time/              |          |
|    episodes        | 5692     |
|    fps             | 166      |
|    time_elapsed    | 57322    |
|    total_timesteps | 9542538  |
| train/             |          |
|    actor_loss      | -20.2    |
|    critic_loss     | 5.21     |
|    ent_coef        | 0.0128   |
|    ent_coef_loss   | -1.06    |
|    learning_rate   | 0.0003   |
|    n_updates       | 9541537  |
---------------------------------
---------------------------------
| rollout/           |          |
|    ep_len_mean     | 1.73e+03 |
|    ep_rew_mean     | 519      |
| time/              |          |
|    episodes        | 5696     |
|    fps             | 166      |
|    time_elapsed    | 57364    |
|    total_timesteps | 9549595  |
| train/             |          |
|    actor_loss      | -17      |
|    critic_loss     | 4.47     |
|    ent_coef        | 0.0119   |
|    ent_coef_loss   | 1.1      |
|    learning_rate   | 0.0003   |
|    n_updates       | 9548594  |
---------------------------------
---------------------------------
| rollout/           |          |
|    ep_len_mean     | 1.73e+03 |
|    ep_rew_mean     | 520      |
| time/              |          |
|    episodes        | 5700     |
|    fps             | 166      |
|    time_elapsed    | 57406    |
|    total_timesteps | 9556734  |
| train/             |          |
|    actor_loss      | -25.9    |
|    critic_loss     | 24.6     |
|    ent_coef        | 0.0122   |
|    ent_coef_loss   | 1.8      |
|    learning_rate   | 0.0003   |
|    n_updates       | 9555733  |
---------------------------------
---------------------------------
| rollout/           |          |
|    ep_len_mean     | 1.73e+03 |
|    ep_rew_mean     | 525      |
| time/              |          |
|    episodes        | 5704     |
|    fps             | 166      |
|    time_elapsed    | 57450    |
|    total_timesteps | 9564093  |
| train/             |          |
|    actor_loss      | -3.31    |
|    critic_loss     | 155      |
|    ent_coef        | 0.0131   |
|    ent_coef_loss   | -1.39    |
|    learning_rate   | 0.0003   |
|    n_updates       | 9563092  |
---------------------------------
---------------------------------
| rollout/           |          |
|    ep_len_mean     | 1.72e+03 |
|    ep_rew_mean     | 528      |
| time/              |          |
|    episodes        | 5708     |
|    fps             | 166      |
|    time_elapsed    | 57489    |
|    total_timesteps | 9570739  |
| train/             |          |
|    actor_loss      | -20.1    |
|    critic_loss     | 96       |
|    ent_coef        | 0.0123   |
|    ent_coef_loss   | -0.315   |
|    learning_rate   | 0.0003   |
|    n_updates       | 9569738  |
---------------------------------
---------------------------------
| rollout/           |          |
|    ep_len_mean     | 1.69e+03 |
|    ep_rew_mean     | 511      |
| time/              |          |
|    episodes        | 5712     |
|    fps             | 166      |
|    time_elapsed    | 57511    |
|    total_timesteps | 9574515  |
| train/             |          |
|    actor_loss      | -12.7    |
|    critic_loss     | 14.2     |
|    ent_coef        | 0.0124   |
|    ent_coef_loss   | 0.206    |
|    learning_rate   | 0.0003   |
|    n_updates       | 9573514  |
---------------------------------
---------------------------------
| rollout/           |          |
|    ep_len_mean     | 1.7e+03  |
|    ep_rew_mean     | 537      |
| time/              |          |
|    episodes        | 5716     |
|    fps             | 166      |
|    time_elapsed    | 57553    |
|    total_timesteps | 9581597  |
| train/             |          |
|    actor_loss      | -20.3    |
|    critic_loss     | 26       |
|    ent_coef        | 0.0132   |
|    ent_coef_loss   | -0.579   |
|    learning_rate   | 0.0003   |
|    n_updates       | 9580596  |
---------------------------------
---------------------------------
| rollout/           |          |
|    ep_len_mean     | 1.7e+03  |
|    ep_rew_mean     | 534      |
| time/              |          |
|    episodes        | 5720     |
|    fps             | 166      |
|    time_elapsed    | 57595    |
|    total_timesteps | 9588601  |
| train/             |          |
|    actor_loss      | -20.3    |
|    critic_loss     | 5.76     |
|    ent_coef        | 0.0133   |
|    ent_coef_loss   | 1.02     |
|    learning_rate   | 0.0003   |
|    n_updates       | 9587600  |
---------------------------------
---------------------------------
| rollout/           |          |
|    ep_len_mean     | 1.7e+03  |
|    ep_rew_mean     | 528      |
| time/              |          |
|    episodes        | 5724     |
|    fps             | 166      |
|    time_elapsed    | 57637    |
|    total_timesteps | 9595629  |
| train/             |          |
|    actor_loss      | -15.6    |
|    critic_loss     | 19.9     |
|    ent_coef        | 0.0134   |
|    ent_coef_loss   | 0.105    |
|    learning_rate   | 0.0003   |
|    n_updates       | 9594628  |
---------------------------------
---------------------------------
| rollout/           |          |
|    ep_len_mean     | 1.7e+03  |
|    ep_rew_mean     | 523      |
| time/              |          |
|    episodes        | 5728     |
|    fps             | 166      |
|    time_elapsed    | 57678    |
|    total_timesteps | 9602550  |
| train/             |          |
|    actor_loss      | -17.5    |
|    critic_loss     | 25.3     |
|    ent_coef        | 0.0145   |
|    ent_coef_loss   | 1.64     |
|    learning_rate   | 0.0003   |
|    n_updates       | 9601549  |
---------------------------------
---------------------------------
| rollout/           |          |
|    ep_len_mean     | 1.69e+03 |
|    ep_rew_mean     | 509      |
| time/              |          |
|    episodes        | 5732     |
|    fps             | 166      |
|    time_elapsed    | 57717    |
|    total_timesteps | 9609107  |
| train/             |          |
|    actor_loss      | -2.31    |
|    critic_loss     | 14.7     |
|    ent_coef        | 0.0151   |
|    ent_coef_loss   | -0.975   |
|    learning_rate   | 0.0003   |
|    n_updates       | 9608106  |
---------------------------------
---------------------------------
| rollout/           |          |
|    ep_len_mean     | 1.67e+03 |
|    ep_rew_mean     | 491      |
| time/              |          |
|    episodes        | 5736     |
|    fps             | 166      |
|    time_elapsed    | 57747    |
|    total_timesteps | 9614268  |
| train/             |          |
|    actor_loss      | -12.6    |
|    critic_loss     | 7.86     |
|    ent_coef        | 0.014    |
|    ent_coef_loss   | 1.02     |
|    learning_rate   | 0.0003   |
|    n_updates       | 9613267  |
---------------------------------
---------------------------------
| rollout/           |          |
|    ep_len_mean     | 1.67e+03 |
|    ep_rew_mean     | 475      |
| time/              |          |
|    episodes        | 5740     |
|    fps             | 166      |
|    time_elapsed    | 57789    |
|    total_timesteps | 9621234  |
| train/             |          |
|    actor_loss      | -14.1    |
|    critic_loss     | 38.2     |
|    ent_coef        | 0.0149   |
|    ent_coef_loss   | 0.699    |
|    learning_rate   | 0.0003   |
|    n_updates       | 9620233  |
---------------------------------
---------------------------------
| rollout/           |          |
|    ep_len_mean     | 1.65e+03 |
|    ep_rew_mean     | 470      |
| time/              |          |
|    episodes        | 5744     |
|    fps             | 166      |
|    time_elapsed    | 57819    |
|    total_timesteps | 9626401  |
| train/             |          |
|    actor_loss      | -19.4    |
|    critic_loss     | 15.8     |
|    ent_coef        | 0.0149   |
|    ent_coef_loss   | -1.22    |
|    learning_rate   | 0.0003   |
|    n_updates       | 9625400  |
---------------------------------
---------------------------------
| rollout/           |          |
|    ep_len_mean     | 1.62e+03 |
|    ep_rew_mean     | 456      |
| time/              |          |
|    episodes        | 5748     |
|    fps             | 166      |
|    time_elapsed    | 57842    |
|    total_timesteps | 9630259  |
| train/             |          |
|    actor_loss      | -5.78    |
|    critic_loss     | 6.18     |
|    ent_coef        | 0.0142   |
|    ent_coef_loss   | -0.361   |
|    learning_rate   | 0.0003   |
|    n_updates       | 9629258  |
---------------------------------
---------------------------------
| rollout/           |          |
|    ep_len_mean     | 1.59e+03 |
|    ep_rew_mean     | 441      |
| time/              |          |
|    episodes        | 5752     |
|    fps             | 166      |
|    time_elapsed    | 57865    |
|    total_timesteps | 9634149  |
| train/             |          |
|    actor_loss      | -8.75    |
|    critic_loss     | 7.24     |
|    ent_coef        | 0.0141   |
|    ent_coef_loss   | 0.726    |
|    learning_rate   | 0.0003   |
|    n_updates       | 9633148  |
---------------------------------
---------------------------------
| rollout/           |          |
|    ep_len_mean     | 1.58e+03 |
|    ep_rew_mean     | 440      |
| time/              |          |
|    episodes        | 5756     |
|    fps             | 166      |
|    time_elapsed    | 57904    |
|    total_timesteps | 9640721  |
| train/             |          |
|    actor_loss      | -14.4    |
|    critic_loss     | 22.8     |
|    ent_coef        | 0.0151   |
|    ent_coef_loss   | 0.813    |
|    learning_rate   | 0.0003   |
|    n_updates       | 9639720  |
---------------------------------
---------------------------------
| rollout/           |          |
|    ep_len_mean     | 1.57e+03 |
|    ep_rew_mean     | 441      |
| time/              |          |
|    episodes        | 5760     |
|    fps             | 166      |
|    time_elapsed    | 57938    |
|    total_timesteps | 9646377  |
| train/             |          |
|    actor_loss      | -4.53    |
|    critic_loss     | 377      |
|    ent_coef        | 0.0157   |
|    ent_coef_loss   | -4.02    |
|    learning_rate   | 0.0003   |
|    n_updates       | 9645376  |
---------------------------------
---------------------------------
| rollout/           |          |
|    ep_len_mean     | 1.57e+03 |
|    ep_rew_mean     | 435      |
| time/              |          |
|    episodes        | 5764     |
|    fps             | 166      |
|    time_elapsed    | 57978    |
|    total_timesteps | 9653178  |
| train/             |          |
|    actor_loss      | -13.8    |
|    critic_loss     | 27.6     |
|    ent_coef        | 0.014    |
|    ent_coef_loss   | 2.05     |
|    learning_rate   | 0.0003   |
|    n_updates       | 9652177  |
---------------------------------
---------------------------------
| rollout/           |          |
|    ep_len_mean     | 1.54e+03 |
|    ep_rew_mean     | 435      |
| time/              |          |
|    episodes        | 5768     |
|    fps             | 166      |
|    time_elapsed    | 58002    |
|    total_timesteps | 9657205  |
| train/             |          |
|    actor_loss      | -3.09    |
|    critic_loss     | 7.05     |
|    ent_coef        | 0.014    |
|    ent_coef_loss   | -0.75    |
|    learning_rate   | 0.0003   |
|    n_updates       | 9656204  |
---------------------------------
---------------------------------
| rollout/           |          |
|    ep_len_mean     | 1.5e+03  |
|    ep_rew_mean     | 411      |
| time/              |          |
|    episodes        | 5772     |
|    fps             | 166      |
|    time_elapsed    | 58022    |
|    total_timesteps | 9660610  |
| train/             |          |
|    actor_loss      | -12.6    |
|    critic_loss     | 7.79     |
|    ent_coef        | 0.0144   |
|    ent_coef_loss   | -1.33    |
|    learning_rate   | 0.0003   |
|    n_updates       | 9659609  |
---------------------------------
---------------------------------
| rollout/           |          |
|    ep_len_mean     | 1.48e+03 |
|    ep_rew_mean     | 404      |
| time/              |          |
|    episodes        | 5776     |
|    fps             | 166      |
|    time_elapsed    | 58054    |
|    total_timesteps | 9665954  |
| train/             |          |
|    actor_loss      | 0.235    |
|    critic_loss     | 9.88     |
|    ent_coef        | 0.0149   |
|    ent_coef_loss   | 0.307    |
|    learning_rate   | 0.0003   |
|    n_updates       | 9664953  |
---------------------------------
---------------------------------
| rollout/           |          |
|    ep_len_mean     | 1.48e+03 |
|    ep_rew_mean     | 416      |
| time/              |          |
|    episodes        | 5780     |
|    fps             | 166      |
|    time_elapsed    | 58094    |
|    total_timesteps | 9672722  |
| train/             |          |
|    actor_loss      | 11.6     |
|    critic_loss     | 9.36     |
|    ent_coef        | 0.0155   |
|    ent_coef_loss   | 0.101    |
|    learning_rate   | 0.0003   |
|    n_updates       | 9671721  |
---------------------------------
---------------------------------
| rollout/           |          |
|    ep_len_mean     | 1.47e+03 |
|    ep_rew_mean     | 396      |
| time/              |          |
|    episodes        | 5784     |
|    fps             | 166      |
|    time_elapsed    | 58131    |
|    total_timesteps | 9679005  |
| train/             |          |
|    actor_loss      | 4.49     |
|    critic_loss     | 9.98     |
|    ent_coef        | 0.0154   |
|    ent_coef_loss   | -0.759   |
|    learning_rate   | 0.0003   |
|    n_updates       | 9678004  |
---------------------------------
---------------------------------
| rollout/           |          |
|    ep_len_mean     | 1.51e+03 |
|    ep_rew_mean     | 437      |
| time/              |          |
|    episodes        | 5788     |
|    fps             | 166      |
|    time_elapsed    | 58176    |
|    total_timesteps | 9686530  |
| train/             |          |
|    actor_loss      | 17.2     |
|    critic_loss     | 8.66     |
|    ent_coef        | 0.0153   |
|    ent_coef_loss   | -1.26    |
|    learning_rate   | 0.0003   |
|    n_updates       | 9685529  |
---------------------------------
---------------------------------
| rollout/           |          |
|    ep_len_mean     | 1.51e+03 |
|    ep_rew_mean     | 429      |
| time/              |          |
|    episodes        | 5792     |
|    fps             | 166      |
|    time_elapsed    | 58219    |
|    total_timesteps | 9693711  |
| train/             |          |
|    actor_loss      | 18.4     |
|    critic_loss     | 50.4     |
|    ent_coef        | 0.0147   |
|    ent_coef_loss   | 0.524    |
|    learning_rate   | 0.0003   |
|    n_updates       | 9692710  |
---------------------------------
---------------------------------
| rollout/           |          |
|    ep_len_mean     | 1.5e+03  |
|    ep_rew_mean     | 417      |
| time/              |          |
|    episodes        | 5796     |
|    fps             | 166      |
|    time_elapsed    | 58253    |
|    total_timesteps | 9699404  |
| train/             |          |
|    actor_loss      | 25.4     |
|    critic_loss     | 22.5     |
|    ent_coef        | 0.015    |
|    ent_coef_loss   | 0.582    |
|    learning_rate   | 0.0003   |
|    n_updates       | 9698403  |
---------------------------------
---------------------------------
| rollout/           |          |
|    ep_len_mean     | 1.5e+03  |
|    ep_rew_mean     | 412      |
| time/              |          |
|    episodes        | 5800     |
|    fps             | 166      |
|    time_elapsed    | 58294    |
|    total_timesteps | 9706357  |
| train/             |          |
|    actor_loss      | -9.32    |
|    critic_loss     | 17.9     |
|    ent_coef        | 0.0144   |
|    ent_coef_loss   | 4.29     |
|    learning_rate   | 0.0003   |
|    n_updates       | 9705356  |
---------------------------------
---------------------------------
| rollout/           |          |
|    ep_len_mean     | 1.5e+03  |
|    ep_rew_mean     | 429      |
| time/              |          |
|    episodes        | 5804     |
|    fps             | 166      |
|    time_elapsed    | 58339    |
|    total_timesteps | 9713898  |
| train/             |          |
|    actor_loss      | 4.42     |
|    critic_loss     | 12.7     |
|    ent_coef        | 0.0141   |
|    ent_coef_loss   | -0.0691  |
|    learning_rate   | 0.0003   |
|    n_updates       | 9712897  |
---------------------------------
---------------------------------
| rollout/           |          |
|    ep_len_mean     | 1.5e+03  |
|    ep_rew_mean     | 427      |
| time/              |          |
|    episodes        | 5808     |
|    fps             | 166      |
|    time_elapsed    | 58377    |
|    total_timesteps | 9720401  |
| train/             |          |
|    actor_loss      | 25.3     |
|    critic_loss     | 10.6     |
|    ent_coef        | 0.016    |
|    ent_coef_loss   | -0.207   |
|    learning_rate   | 0.0003   |
|    n_updates       | 9719400  |
---------------------------------
---------------------------------
| rollout/           |          |
|    ep_len_mean     | 1.53e+03 |
|    ep_rew_mean     | 437      |
| time/              |          |
|    episodes        | 5812     |
|    fps             | 166      |
|    time_elapsed    | 58418    |
|    total_timesteps | 9727313  |
| train/             |          |
|    actor_loss      | 2.97     |
|    critic_loss     | 10.1     |
|    ent_coef        | 0.0163   |
|    ent_coef_loss   | 1.49     |
|    learning_rate   | 0.0003   |
|    n_updates       | 9726312  |
---------------------------------
---------------------------------
| rollout/           |          |
|    ep_len_mean     | 1.53e+03 |
|    ep_rew_mean     | 413      |
| time/              |          |
|    episodes        | 5816     |
|    fps             | 166      |
|    time_elapsed    | 58460    |
|    total_timesteps | 9734332  |
| train/             |          |
|    actor_loss      | 21.7     |
|    critic_loss     | 18.6     |
|    ent_coef        | 0.0162   |
|    ent_coef_loss   | -0.132   |
|    learning_rate   | 0.0003   |
|    n_updates       | 9733331  |
---------------------------------
---------------------------------
| rollout/           |          |
|    ep_len_mean     | 1.53e+03 |
|    ep_rew_mean     | 408      |
| time/              |          |
|    episodes        | 5820     |
|    fps             | 166      |
|    time_elapsed    | 58502    |
|    total_timesteps | 9741432  |
| train/             |          |
|    actor_loss      | 33.8     |
|    critic_loss     | 16.3     |
|    ent_coef        | 0.0165   |
|    ent_coef_loss   | 0.698    |
|    learning_rate   | 0.0003   |
|    n_updates       | 9740431  |
---------------------------------
---------------------------------
| rollout/           |          |
|    ep_len_mean     | 1.53e+03 |
|    ep_rew_mean     | 418      |
| time/              |          |
|    episodes        | 5824     |
|    fps             | 166      |
|    time_elapsed    | 58545    |
|    total_timesteps | 9748624  |
| train/             |          |
|    actor_loss      | 16.3     |
|    critic_loss     | 22.7     |
|    ent_coef        | 0.0177   |
|    ent_coef_loss   | 0.194    |
|    learning_rate   | 0.0003   |
|    n_updates       | 9747623  |
---------------------------------
---------------------------------
| rollout/           |          |
|    ep_len_mean     | 1.54e+03 |
|    ep_rew_mean     | 436      |
| time/              |          |
|    episodes        | 5828     |
|    fps             | 166      |
|    time_elapsed    | 58590    |
|    total_timesteps | 9756205  |
| train/             |          |
|    actor_loss      | -0.868   |
|    critic_loss     | 45.2     |
|    ent_coef        | 0.016    |
|    ent_coef_loss   | -1.83    |
|    learning_rate   | 0.0003   |
|    n_updates       | 9755204  |
---------------------------------
---------------------------------
| rollout/           |          |
|    ep_len_mean     | 1.54e+03 |
|    ep_rew_mean     | 435      |
| time/              |          |
|    episodes        | 5832     |
|    fps             | 166      |
|    time_elapsed    | 58633    |
|    total_timesteps | 9763535  |
| train/             |          |
|    actor_loss      | 8.87     |
|    critic_loss     | 11.4     |
|    ent_coef        | 0.0161   |
|    ent_coef_loss   | -0.571   |
|    learning_rate   | 0.0003   |
|    n_updates       | 9762534  |
---------------------------------
---------------------------------
| rollout/           |          |
|    ep_len_mean     | 1.56e+03 |
|    ep_rew_mean     | 446      |
| time/              |          |
|    episodes        | 5836     |
|    fps             | 166      |
|    time_elapsed    | 58674    |
|    total_timesteps | 9770371  |
| train/             |          |
|    actor_loss      | 11.7     |
|    critic_loss     | 11.8     |
|    ent_coef        | 0.0161   |
|    ent_coef_loss   | 0.666    |
|    learning_rate   | 0.0003   |
|    n_updates       | 9769370  |
---------------------------------
---------------------------------
| rollout/           |          |
|    ep_len_mean     | 1.56e+03 |
|    ep_rew_mean     | 458      |
| time/              |          |
|    episodes        | 5840     |
|    fps             | 166      |
|    time_elapsed    | 58726    |
|    total_timesteps | 9777487  |
| train/             |          |
|    actor_loss      | 24.2     |
|    critic_loss     | 28.5     |
|    ent_coef        | 0.0157   |
|    ent_coef_loss   | 3.33     |
|    learning_rate   | 0.0003   |
|    n_updates       | 9776486  |
---------------------------------
---------------------------------
| rollout/           |          |
|    ep_len_mean     | 1.58e+03 |
|    ep_rew_mean     | 462      |
| time/              |          |
|    episodes        | 5844     |
|    fps             | 166      |
|    time_elapsed    | 58768    |
|    total_timesteps | 9784430  |
| train/             |          |
|    actor_loss      | 23.3     |
|    critic_loss     | 27       |
|    ent_coef        | 0.0176   |
|    ent_coef_loss   | 0.986    |
|    learning_rate   | 0.0003   |
|    n_updates       | 9783429  |
---------------------------------
---------------------------------
| rollout/           |          |
|    ep_len_mean     | 1.62e+03 |
|    ep_rew_mean     | 480      |
| time/              |          |
|    episodes        | 5848     |
|    fps             | 166      |
|    time_elapsed    | 58812    |
|    total_timesteps | 9791903  |
| train/             |          |
|    actor_loss      | 10.3     |
|    critic_loss     | 44.1     |
|    ent_coef        | 0.017    |
|    ent_coef_loss   | 3.92     |
|    learning_rate   | 0.0003   |
|    n_updates       | 9790902  |
---------------------------------
---------------------------------
| rollout/           |          |
|    ep_len_mean     | 1.65e+03 |
|    ep_rew_mean     | 483      |
| time/              |          |
|    episodes        | 5852     |
|    fps             | 166      |
|    time_elapsed    | 58855    |
|    total_timesteps | 9799223  |
| train/             |          |
|    actor_loss      | -9.71    |
|    critic_loss     | 48       |
|    ent_coef        | 0.0166   |
|    ent_coef_loss   | 3.15     |
|    learning_rate   | 0.0003   |
|    n_updates       | 9798222  |
---------------------------------
---------------------------------
| rollout/           |          |
|    ep_len_mean     | 1.66e+03 |
|    ep_rew_mean     | 482      |
| time/              |          |
|    episodes        | 5856     |
|    fps             | 166      |
|    time_elapsed    | 58899    |
|    total_timesteps | 9806527  |
| train/             |          |
|    actor_loss      | 2.92     |
|    critic_loss     | 20       |
|    ent_coef        | 0.0155   |
|    ent_coef_loss   | -1.06    |
|    learning_rate   | 0.0003   |
|    n_updates       | 9805526  |
---------------------------------
---------------------------------
| rollout/           |          |
|    ep_len_mean     | 1.66e+03 |
|    ep_rew_mean     | 476      |
| time/              |          |
|    episodes        | 5860     |
|    fps             | 166      |
|    time_elapsed    | 58934    |
|    total_timesteps | 9812457  |
| train/             |          |
|    actor_loss      | 4.89     |
|    critic_loss     | 499      |
|    ent_coef        | 0.015    |
|    ent_coef_loss   | 0.106    |
|    learning_rate   | 0.0003   |
|    n_updates       | 9811456  |
---------------------------------
---------------------------------
| rollout/           |          |
|    ep_len_mean     | 1.67e+03 |
|    ep_rew_mean     | 474      |
| time/              |          |
|    episodes        | 5864     |
|    fps             | 166      |
|    time_elapsed    | 58979    |
|    total_timesteps | 9820006  |
| train/             |          |
|    actor_loss      | 15       |
|    critic_loss     | 9.07     |
|    ent_coef        | 0.0145   |
|    ent_coef_loss   | 1.01     |
|    learning_rate   | 0.0003   |
|    n_updates       | 9819005  |
---------------------------------
---------------------------------
| rollout/           |          |
|    ep_len_mean     | 1.7e+03  |
|    ep_rew_mean     | 473      |
| time/              |          |
|    episodes        | 5868     |
|    fps             | 166      |
|    time_elapsed    | 59022    |
|    total_timesteps | 9827235  |
| train/             |          |
|    actor_loss      | 26.6     |
|    critic_loss     | 4.79     |
|    ent_coef        | 0.0145   |
|    ent_coef_loss   | 1.68     |
|    learning_rate   | 0.0003   |
|    n_updates       | 9826234  |
---------------------------------
---------------------------------
| rollout/           |          |
|    ep_len_mean     | 1.74e+03 |
|    ep_rew_mean     | 502      |
| time/              |          |
|    episodes        | 5872     |
|    fps             | 166      |
|    time_elapsed    | 59066    |
|    total_timesteps | 9834640  |
| train/             |          |
|    actor_loss      | 7.29     |
|    critic_loss     | 36.1     |
|    ent_coef        | 0.0147   |
|    ent_coef_loss   | 1.28     |
|    learning_rate   | 0.0003   |
|    n_updates       | 9833639  |
---------------------------------
---------------------------------
| rollout/           |          |
|    ep_len_mean     | 1.76e+03 |
|    ep_rew_mean     | 502      |
| time/              |          |
|    episodes        | 5876     |
|    fps             | 166      |
|    time_elapsed    | 59109    |
|    total_timesteps | 9841920  |
| train/             |          |
|    actor_loss      | -0.89    |
|    critic_loss     | 4.77     |
|    ent_coef        | 0.0148   |
|    ent_coef_loss   | -0.556   |
|    learning_rate   | 0.0003   |
|    n_updates       | 9840919  |
---------------------------------
---------------------------------
| rollout/           |          |
|    ep_len_mean     | 1.76e+03 |
|    ep_rew_mean     | 496      |
| time/              |          |
|    episodes        | 5880     |
|    fps             | 166      |
|    time_elapsed    | 59152    |
|    total_timesteps | 9849180  |
| train/             |          |
|    actor_loss      | 3.43     |
|    critic_loss     | 6.5      |
|    ent_coef        | 0.0142   |
|    ent_coef_loss   | 1.25     |
|    learning_rate   | 0.0003   |
|    n_updates       | 9848179  |
---------------------------------
---------------------------------
| rollout/           |          |
|    ep_len_mean     | 1.77e+03 |
|    ep_rew_mean     | 495      |
| time/              |          |
|    episodes        | 5884     |
|    fps             | 166      |
|    time_elapsed    | 59194    |
|    total_timesteps | 9856256  |
| train/             |          |
|    actor_loss      | -10.3    |
|    critic_loss     | 5.1      |
|    ent_coef        | 0.0149   |
|    ent_coef_loss   | -1.91    |
|    learning_rate   | 0.0003   |
|    n_updates       | 9855255  |
---------------------------------
---------------------------------
| rollout/           |          |
|    ep_len_mean     | 1.77e+03 |
|    ep_rew_mean     | 474      |
| time/              |          |
|    episodes        | 5888     |
|    fps             | 166      |
|    time_elapsed    | 59236    |
|    total_timesteps | 9863345  |
| train/             |          |
|    actor_loss      | -19.2    |
|    critic_loss     | 5.99     |
|    ent_coef        | 0.0151   |
|    ent_coef_loss   | -1.11    |
|    learning_rate   | 0.0003   |
|    n_updates       | 9862344  |
---------------------------------
---------------------------------
| rollout/           |          |
|    ep_len_mean     | 1.77e+03 |
|    ep_rew_mean     | 465      |
| time/              |          |
|    episodes        | 5892     |
|    fps             | 166      |
|    time_elapsed    | 59281    |
|    total_timesteps | 9870922  |
| train/             |          |
|    actor_loss      | -8.2     |
|    critic_loss     | 9.14     |
|    ent_coef        | 0.0143   |
|    ent_coef_loss   | -1.96    |
|    learning_rate   | 0.0003   |
|    n_updates       | 9869921  |
---------------------------------
---------------------------------
| rollout/           |          |
|    ep_len_mean     | 1.79e+03 |
|    ep_rew_mean     | 490      |
| time/              |          |
|    episodes        | 5896     |
|    fps             | 166      |
|    time_elapsed    | 59325    |
|    total_timesteps | 9878361  |
| train/             |          |
|    actor_loss      | -12.9    |
|    critic_loss     | 4.37     |
|    ent_coef        | 0.015    |
|    ent_coef_loss   | -1.25    |
|    learning_rate   | 0.0003   |
|    n_updates       | 9877360  |
---------------------------------
---------------------------------
| rollout/           |          |
|    ep_len_mean     | 1.79e+03 |
|    ep_rew_mean     | 488      |
| time/              |          |
|    episodes        | 5900     |
|    fps             | 166      |
|    time_elapsed    | 59368    |
|    total_timesteps | 9885603  |
| train/             |          |
|    actor_loss      | -7.27    |
|    critic_loss     | 98.9     |
|    ent_coef        | 0.0148   |
|    ent_coef_loss   | -0.746   |
|    learning_rate   | 0.0003   |
|    n_updates       | 9884602  |
---------------------------------
---------------------------------
| rollout/           |          |
|    ep_len_mean     | 1.78e+03 |
|    ep_rew_mean     | 459      |
| time/              |          |
|    episodes        | 5904     |
|    fps             | 166      |
|    time_elapsed    | 59407    |
|    total_timesteps | 9892130  |
| train/             |          |
|    actor_loss      | 5.87     |
|    critic_loss     | 21.1     |
|    ent_coef        | 0.0155   |
|    ent_coef_loss   | -1.17    |
|    learning_rate   | 0.0003   |
|    n_updates       | 9891129  |
---------------------------------
---------------------------------
| rollout/           |          |
|    ep_len_mean     | 1.79e+03 |
|    ep_rew_mean     | 457      |
| time/              |          |
|    episodes        | 5908     |
|    fps             | 166      |
|    time_elapsed    | 59449    |
|    total_timesteps | 9899113  |
| train/             |          |
|    actor_loss      | -13.6    |
|    critic_loss     | 4.43     |
|    ent_coef        | 0.0149   |
|    ent_coef_loss   | -2.38    |
|    learning_rate   | 0.0003   |
|    n_updates       | 9898112  |
---------------------------------
---------------------------------
| rollout/           |          |
|    ep_len_mean     | 1.79e+03 |
|    ep_rew_mean     | 447      |
| time/              |          |
|    episodes        | 5912     |
|    fps             | 166      |
|    time_elapsed    | 59490    |
|    total_timesteps | 9906065  |
| train/             |          |
|    actor_loss      | 7.48     |
|    critic_loss     | 48.4     |
|    ent_coef        | 0.0149   |
|    ent_coef_loss   | 1.32     |
|    learning_rate   | 0.0003   |
|    n_updates       | 9905064  |
---------------------------------
---------------------------------
| rollout/           |          |
|    ep_len_mean     | 1.77e+03 |
|    ep_rew_mean     | 446      |
| time/              |          |
|    episodes        | 5916     |
|    fps             | 166      |
|    time_elapsed    | 59522    |
|    total_timesteps | 9911495  |
| train/             |          |
|    actor_loss      | -13.1    |
|    critic_loss     | 5.66     |
|    ent_coef        | 0.0152   |
|    ent_coef_loss   | -0.393   |
|    learning_rate   | 0.0003   |
|    n_updates       | 9910494  |
---------------------------------
---------------------------------
| rollout/           |          |
|    ep_len_mean     | 1.77e+03 |
|    ep_rew_mean     | 443      |
| time/              |          |
|    episodes        | 5920     |
|    fps             | 166      |
|    time_elapsed    | 59564    |
|    total_timesteps | 9918601  |
| train/             |          |
|    actor_loss      | -21      |
|    critic_loss     | 7.09     |
|    ent_coef        | 0.0154   |
|    ent_coef_loss   | -0.19    |
|    learning_rate   | 0.0003   |
|    n_updates       | 9917600  |
---------------------------------
---------------------------------
| rollout/           |          |
|    ep_len_mean     | 1.76e+03 |
|    ep_rew_mean     | 434      |
| time/              |          |
|    episodes        | 5924     |
|    fps             | 166      |
|    time_elapsed    | 59598    |
|    total_timesteps | 9924204  |
| train/             |          |
|    actor_loss      | -4.11    |
|    critic_loss     | 7.37     |
|    ent_coef        | 0.0152   |
|    ent_coef_loss   | -0.551   |
|    learning_rate   | 0.0003   |
|    n_updates       | 9923203  |
---------------------------------
---------------------------------
| rollout/           |          |
|    ep_len_mean     | 1.75e+03 |
|    ep_rew_mean     | 423      |
| time/              |          |
|    episodes        | 5928     |
|    fps             | 166      |
|    time_elapsed    | 59641    |
|    total_timesteps | 9931471  |
| train/             |          |
|    actor_loss      | -4.26    |
|    critic_loss     | 61.7     |
|    ent_coef        | 0.0157   |
|    ent_coef_loss   | -0.428   |
|    learning_rate   | 0.0003   |
|    n_updates       | 9930470  |
---------------------------------
---------------------------------
| rollout/           |          |
|    ep_len_mean     | 1.75e+03 |
|    ep_rew_mean     | 428      |
| time/              |          |
|    episodes        | 5932     |
|    fps             | 166      |
|    time_elapsed    | 59685    |
|    total_timesteps | 9938829  |
| train/             |          |
|    actor_loss      | -15.9    |
|    critic_loss     | 10.4     |
|    ent_coef        | 0.0137   |
|    ent_coef_loss   | 1.16     |
|    learning_rate   | 0.0003   |
|    n_updates       | 9937828  |
---------------------------------
---------------------------------
| rollout/           |          |
|    ep_len_mean     | 1.76e+03 |
|    ep_rew_mean     | 428      |
| time/              |          |
|    episodes        | 5936     |
|    fps             | 166      |
|    time_elapsed    | 59728    |
|    total_timesteps | 9946004  |
| train/             |          |
|    actor_loss      | -8.64    |
|    critic_loss     | 18.8     |
|    ent_coef        | 0.0143   |
|    ent_coef_loss   | -0.825   |
|    learning_rate   | 0.0003   |
|    n_updates       | 9945003  |
---------------------------------
---------------------------------
| rollout/           |          |
|    ep_len_mean     | 1.76e+03 |
|    ep_rew_mean     | 423      |
| time/              |          |
|    episodes        | 5940     |
|    fps             | 166      |
|    time_elapsed    | 59771    |
|    total_timesteps | 9953313  |
| train/             |          |
|    actor_loss      | -7.73    |
|    critic_loss     | 22.7     |
|    ent_coef        | 0.0147   |
|    ent_coef_loss   | -1.71    |
|    learning_rate   | 0.0003   |
|    n_updates       | 9952312  |
---------------------------------
---------------------------------
| rollout/           |          |
|    ep_len_mean     | 1.76e+03 |
|    ep_rew_mean     | 427      |
| time/              |          |
|    episodes        | 5944     |
|    fps             | 166      |
|    time_elapsed    | 59811    |
|    total_timesteps | 9960025  |
| train/             |          |
|    actor_loss      | 2.3      |
|    critic_loss     | 6.7      |
|    ent_coef        | 0.0142   |
|    ent_coef_loss   | 0.116    |
|    learning_rate   | 0.0003   |
|    n_updates       | 9959024  |
---------------------------------
---------------------------------
| rollout/           |          |
|    ep_len_mean     | 1.75e+03 |
|    ep_rew_mean     | 421      |
| time/              |          |
|    episodes        | 5948     |
|    fps             | 166      |
|    time_elapsed    | 59853    |
|    total_timesteps | 9966964  |
| train/             |          |
|    actor_loss      | -7.45    |
|    critic_loss     | 6.25     |
|    ent_coef        | 0.0148   |
|    ent_coef_loss   | 0.674    |
|    learning_rate   | 0.0003   |
|    n_updates       | 9965963  |
---------------------------------
---------------------------------
| rollout/           |          |
|    ep_len_mean     | 1.75e+03 |
|    ep_rew_mean     | 425      |
| time/              |          |
|    episodes        | 5952     |
|    fps             | 166      |
|    time_elapsed    | 59895    |
|    total_timesteps | 9974064  |
| train/             |          |
|    actor_loss      | -18.5    |
|    critic_loss     | 6.52     |
|    ent_coef        | 0.0153   |
|    ent_coef_loss   | 0.664    |
|    learning_rate   | 0.0003   |
|    n_updates       | 9973063  |
---------------------------------
---------------------------------
| rollout/           |          |
|    ep_len_mean     | 1.75e+03 |
|    ep_rew_mean     | 427      |
| time/              |          |
|    episodes        | 5956     |
|    fps             | 166      |
|    time_elapsed    | 59937    |
|    total_timesteps | 9981214  |
| train/             |          |
|    actor_loss      | -5.29    |
|    critic_loss     | 4.07     |
|    ent_coef        | 0.0149   |
|    ent_coef_loss   | -2.46    |
|    learning_rate   | 0.0003   |
|    n_updates       | 9980213  |
---------------------------------
---------------------------------
| rollout/           |          |
|    ep_len_mean     | 1.76e+03 |
|    ep_rew_mean     | 428      |
| time/              |          |
|    episodes        | 5960     |
|    fps             | 166      |
|    time_elapsed    | 59979    |
|    total_timesteps | 9988319  |
| train/             |          |
|    actor_loss      | -24.3    |
|    critic_loss     | 14.9     |
|    ent_coef        | 0.0146   |
|    ent_coef_loss   | -0.594   |
|    learning_rate   | 0.0003   |
|    n_updates       | 9987318  |
---------------------------------
---------------------------------
| rollout/           |          |
|    ep_len_mean     | 1.75e+03 |
|    ep_rew_mean     | 421      |
| time/              |          |
|    episodes        | 5964     |
|    fps             | 166      |
|    time_elapsed    | 60021    |
|    total_timesteps | 9995383  |
| train/             |          |
|    actor_loss      | -2.41    |
|    critic_loss     | 5.2      |
|    ent_coef        | 0.0143   |
|    ent_coef_loss   | 1.06     |
|    learning_rate   | 0.0003   |
|    n_updates       | 9994382  |
---------------------------------
Training completed.
