/var/spool/torque/mom_priv/jobs/37804.vegabk.head.cm.vega.erau.edu.SC: line 36: source: /apps/spack/share: is a directory
Currently working in: /scratch/zubyka/RL_Thesis
Checking GPU allocation...
CUDA_VISIBLE_DEVICES: 0
Sat Feb 28 18:18:42 2026       
+---------------------------------------------------------------------------------------+
| NVIDIA-SMI 535.129.03             Driver Version: 535.129.03   CUDA Version: 12.2     |
|-----------------------------------------+----------------------+----------------------+
| GPU  Name                 Persistence-M | Bus-Id        Disp.A | Volatile Uncorr. ECC |
| Fan  Temp   Perf          Pwr:Usage/Cap |         Memory-Usage | GPU-Util  Compute M. |
|                                         |                      |               MIG M. |
|=========================================+======================+======================|
|   0  NVIDIA H100 PCIe               On  | 00000000:02:00.0 Off |                    0 |
| N/A   33C    P0              49W / 350W |     72MiB / 81559MiB |      0%      Default |
|                                         |                      |             Disabled |
+-----------------------------------------+----------------------+----------------------+
|   1  NVIDIA H100 PCIe               On  | 00000000:64:00.0 Off |                    0 |
| N/A   31C    P0              46W / 350W |     72MiB / 81559MiB |      0%      Default |
|                                         |                      |             Disabled |
+-----------------------------------------+----------------------+----------------------+
|   2  NVIDIA H100 PCIe               On  | 00000000:82:00.0 Off |                    0 |
| N/A   36C    P0              51W / 350W |     72MiB / 81559MiB |      0%      Default |
|                                         |                      |             Disabled |
+-----------------------------------------+----------------------+----------------------+
|   3  NVIDIA H100 PCIe               On  | 00000000:E3:00.0 Off |                    0 |
| N/A   34C    P0              45W / 350W |     72MiB / 81559MiB |      0%      Default |
|                                         |                      |             Disabled |
+-----------------------------------------+----------------------+----------------------+
                                                                                         
+---------------------------------------------------------------------------------------+
| Processes:                                                                            |
|  GPU   GI   CI        PID   Type   Process name                            GPU Memory |
|        ID   ID                                                             Usage      |
|=======================================================================================|
|    0   N/A  N/A   3839687      C   nvidia-cuda-mps-server                       60MiB |
|    1   N/A  N/A   3839687      C   nvidia-cuda-mps-server                       60MiB |
|    2   N/A  N/A   3839687      C   nvidia-cuda-mps-server                       60MiB |
|    3   N/A  N/A   3839687      C   nvidia-cuda-mps-server                       60MiB |
+---------------------------------------------------------------------------------------+
GPU check complete.
--- Starting Training Run: Feb28_18-19 ---
Using cuda device
Starting training...
Logging to /scratch/zubyka/RL_Thesis/logs/SAC_9
---------------------------------
| rollout/           |          |
|    ep_len_mean     | 2.13e+03 |
|    ep_rew_mean     | 4.43e+03 |
| time/              |          |
|    episodes        | 4        |
|    fps             | 1705     |
|    time_elapsed    | 25       |
|    total_timesteps | 43344    |
| train/             |          |
|    actor_loss      | -23.4    |
|    critic_loss     | 0.0253   |
|    ent_coef        | 0.452    |
|    ent_coef_loss   | -5.36    |
|    learning_rate   | 0.0003   |
|    n_updates       | 2646     |
---------------------------------
---------------------------------
| rollout/           |          |
|    ep_len_mean     | 2.67e+03 |
|    ep_rew_mean     | 3.22e+03 |
| time/              |          |
|    episodes        | 8        |
|    fps             | 1769     |
|    time_elapsed    | 30       |
|    total_timesteps | 53472    |
| train/             |          |
|    actor_loss      | -25.4    |
|    critic_loss     | 0.0217   |
|    ent_coef        | 0.374    |
|    ent_coef_loss   | -6.64    |
|    learning_rate   | 0.0003   |
|    n_updates       | 3279     |
---------------------------------
---------------------------------
| rollout/           |          |
|    ep_len_mean     | 2.6e+03  |
|    ep_rew_mean     | 2.86e+03 |
| time/              |          |
|    episodes        | 12       |
|    fps             | 1860     |
|    time_elapsed    | 38       |
|    total_timesteps | 72496    |
| train/             |          |
|    actor_loss      | -28.2    |
|    critic_loss     | 0.115    |
|    ent_coef        | 0.262    |
|    ent_coef_loss   | -9.03    |
|    learning_rate   | 0.0003   |
|    n_updates       | 4468     |
---------------------------------
---------------------------------
| rollout/           |          |
|    ep_len_mean     | 3.21e+03 |
|    ep_rew_mean     | 2.77e+03 |
| time/              |          |
|    episodes        | 16       |
|    fps             | 1894     |
|    time_elapsed    | 43       |
|    total_timesteps | 83200    |
| train/             |          |
|    actor_loss      | -28.9    |
|    critic_loss     | 3.1      |
|    ent_coef        | 0.214    |
|    ent_coef_loss   | -10.4    |
|    learning_rate   | 0.0003   |
|    n_updates       | 5137     |
---------------------------------
---------------------------------
| rollout/           |          |
|    ep_len_mean     | 3.32e+03 |
|    ep_rew_mean     | 2.13e+03 |
| time/              |          |
|    episodes        | 20       |
|    fps             | 1928     |
|    time_elapsed    | 50       |
|    total_timesteps | 96960    |
| train/             |          |
|    actor_loss      | -29.4    |
|    critic_loss     | 0.017    |
|    ent_coef        | 0.165    |
|    ent_coef_loss   | -12.1    |
|    learning_rate   | 0.0003   |
|    n_updates       | 5997     |
---------------------------------
---------------------------------
| rollout/           |          |
|    ep_len_mean     | 3.36e+03 |
|    ep_rew_mean     | 2.49e+03 |
| time/              |          |
|    episodes        | 24       |
|    fps             | 1952     |
|    time_elapsed    | 55       |
|    total_timesteps | 108624   |
| train/             |          |
|    actor_loss      | -29.5    |
|    critic_loss     | 0.0325   |
|    ent_coef        | 0.133    |
|    ent_coef_loss   | -13.5    |
|    learning_rate   | 0.0003   |
|    n_updates       | 6726     |
---------------------------------
---------------------------------
| rollout/           |          |
|    ep_len_mean     | 3.48e+03 |
|    ep_rew_mean     | 2.3e+03  |
| time/              |          |
|    episodes        | 28       |
|    fps             | 1997     |
|    time_elapsed    | 70       |
|    total_timesteps | 140384   |
| train/             |          |
|    actor_loss      | -28.5    |
|    critic_loss     | 0.0139   |
|    ent_coef        | 0.0734   |
|    ent_coef_loss   | -17.4    |
|    learning_rate   | 0.0003   |
|    n_updates       | 8711     |
---------------------------------
---------------------------------
| rollout/           |          |
|    ep_len_mean     | 3.43e+03 |
|    ep_rew_mean     | 2.36e+03 |
| time/              |          |
|    episodes        | 32       |
|    fps             | 2005     |
|    time_elapsed    | 73       |
|    total_timesteps | 148256   |
| train/             |          |
|    actor_loss      | -28.1    |
|    critic_loss     | 0.0115   |
|    ent_coef        | 0.0634   |
|    ent_coef_loss   | -18.2    |
|    learning_rate   | 0.0003   |
|    n_updates       | 9203     |
---------------------------------
---------------------------------
| rollout/           |          |
|    ep_len_mean     | 3.39e+03 |
|    ep_rew_mean     | 2.54e+03 |
| time/              |          |
|    episodes        | 36       |
|    fps             | 2021     |
|    time_elapsed    | 82       |
|    total_timesteps | 166624   |
| train/             |          |
|    actor_loss      | -26.9    |
|    critic_loss     | 0.0146   |
|    ent_coef        | 0.045    |
|    ent_coef_loss   | -20.4    |
|    learning_rate   | 0.0003   |
|    n_updates       | 10351    |
---------------------------------
---------------------------------
| rollout/           |          |
|    ep_len_mean     | 3.69e+03 |
|    ep_rew_mean     | 1.7e+03  |
| time/              |          |
|    episodes        | 40       |
|    fps             | 2028     |
|    time_elapsed    | 88       |
|    total_timesteps | 178784   |
| train/             |          |
|    actor_loss      | -26.2    |
|    critic_loss     | 0.0171   |
|    ent_coef        | 0.0359   |
|    ent_coef_loss   | -21.8    |
|    learning_rate   | 0.0003   |
|    n_updates       | 11111    |
---------------------------------
---------------------------------
| rollout/           |          |
|    ep_len_mean     | 3.76e+03 |
|    ep_rew_mean     | 1.23e+03 |
| time/              |          |
|    episodes        | 44       |
|    fps             | 2039     |
|    time_elapsed    | 95       |
|    total_timesteps | 194304   |
| train/             |          |
|    actor_loss      | -24.9    |
|    critic_loss     | 1.7      |
|    ent_coef        | 0.0269   |
|    ent_coef_loss   | -22.8    |
|    learning_rate   | 0.0003   |
|    n_updates       | 12081    |
---------------------------------
---------------------------------
| rollout/           |          |
|    ep_len_mean     | 3.72e+03 |
|    ep_rew_mean     | 1.34e+03 |
| time/              |          |
|    episodes        | 48       |
|    fps             | 2042     |
|    time_elapsed    | 104      |
|    total_timesteps | 213328   |
| train/             |          |
|    actor_loss      | -23.9    |
|    critic_loss     | 0.00786  |
|    ent_coef        | 0.019    |
|    ent_coef_loss   | -25.3    |
|    learning_rate   | 0.0003   |
|    n_updates       | 13270    |
---------------------------------
---------------------------------
| rollout/           |          |
|    ep_len_mean     | 3.68e+03 |
|    ep_rew_mean     | 1.43e+03 |
| time/              |          |
|    episodes        | 52       |
|    fps             | 2045     |
|    time_elapsed    | 113      |
|    total_timesteps | 232640   |
| train/             |          |
|    actor_loss      | -22.4    |
|    critic_loss     | 1.34     |
|    ent_coef        | 0.0133   |
|    ent_coef_loss   | -26      |
|    learning_rate   | 0.0003   |
|    n_updates       | 14477    |
---------------------------------
---------------------------------
| rollout/           |          |
|    ep_len_mean     | 3.7e+03  |
|    ep_rew_mean     | 1.4e+03  |
| time/              |          |
|    episodes        | 56       |
|    fps             | 2048     |
|    time_elapsed    | 121      |
|    total_timesteps | 249856   |
| train/             |          |
|    actor_loss      | -21.4    |
|    critic_loss     | 0.0108   |
|    ent_coef        | 0.0098   |
|    ent_coef_loss   | -25.7    |
|    learning_rate   | 0.0003   |
|    n_updates       | 15553    |
---------------------------------
---------------------------------
| rollout/           |          |
|    ep_len_mean     | 3.73e+03 |
|    ep_rew_mean     | 1.28e+03 |
| time/              |          |
|    episodes        | 60       |
|    fps             | 2047     |
|    time_elapsed    | 130      |
|    total_timesteps | 266880   |
| train/             |          |
|    actor_loss      | -20.4    |
|    critic_loss     | 0.0084   |
|    ent_coef        | 0.00725  |
|    ent_coef_loss   | -25.7    |
|    learning_rate   | 0.0003   |
|    n_updates       | 16617    |
---------------------------------
---------------------------------
| rollout/           |          |
|    ep_len_mean     | 3.75e+03 |
|    ep_rew_mean     | 1.3e+03  |
| time/              |          |
|    episodes        | 64       |
|    fps             | 2054     |
|    time_elapsed    | 152      |
|    total_timesteps | 313088   |
| train/             |          |
|    actor_loss      | -17.5    |
|    critic_loss     | 0.013    |
|    ent_coef        | 0.00331  |
|    ent_coef_loss   | -22      |
|    learning_rate   | 0.0003   |
|    n_updates       | 19505    |
---------------------------------
---------------------------------
| rollout/           |          |
|    ep_len_mean     | 3.95e+03 |
|    ep_rew_mean     | 1.23e+03 |
| time/              |          |
|    episodes        | 68       |
|    fps             | 2057     |
|    time_elapsed    | 158      |
|    total_timesteps | 325616   |
| train/             |          |
|    actor_loss      | -16.9    |
|    critic_loss     | 0.00443  |
|    ent_coef        | 0.00272  |
|    ent_coef_loss   | -20.3    |
|    learning_rate   | 0.0003   |
|    n_updates       | 20288    |
---------------------------------
---------------------------------
| rollout/           |          |
|    ep_len_mean     | 4.08e+03 |
|    ep_rew_mean     | 1.12e+03 |
| time/              |          |
|    episodes        | 72       |
|    fps             | 2060     |
|    time_elapsed    | 162      |
|    total_timesteps | 335760   |
| train/             |          |
|    actor_loss      | -16.4    |
|    critic_loss     | 0.0065   |
|    ent_coef        | 0.00236  |
|    ent_coef_loss   | -14.1    |
|    learning_rate   | 0.0003   |
|    n_updates       | 20922    |
---------------------------------
---------------------------------
| rollout/           |          |
|    ep_len_mean     | 3.89e+03 |
|    ep_rew_mean     | 1.03e+03 |
| time/              |          |
|    episodes        | 76       |
|    fps             | 2062     |
|    time_elapsed    | 165      |
|    total_timesteps | 340304   |
| train/             |          |
|    actor_loss      | -16.2    |
|    critic_loss     | 0.00762  |
|    ent_coef        | 0.00221  |
|    ent_coef_loss   | -20.8    |
|    learning_rate   | 0.0003   |
|    n_updates       | 21206    |
---------------------------------
---------------------------------
| rollout/           |          |
|    ep_len_mean     | 3.84e+03 |
|    ep_rew_mean     | 1.01e+03 |
| time/              |          |
|    episodes        | 80       |
|    fps             | 2062     |
|    time_elapsed    | 166      |
|    total_timesteps | 342656   |
| train/             |          |
|    actor_loss      | -16.1    |
|    critic_loss     | 0.00441  |
|    ent_coef        | 0.00213  |
|    ent_coef_loss   | -16.9    |
|    learning_rate   | 0.0003   |
|    n_updates       | 21353    |
---------------------------------
---------------------------------
| rollout/           |          |
|    ep_len_mean     | 3.77e+03 |
|    ep_rew_mean     | 1.04e+03 |
| time/              |          |
|    episodes        | 84       |
|    fps             | 2068     |
|    time_elapsed    | 177      |
|    total_timesteps | 366864   |
| train/             |          |
|    actor_loss      | -15      |
|    critic_loss     | 0.00382  |
|    ent_coef        | 0.00149  |
|    ent_coef_loss   | -12      |
|    learning_rate   | 0.0003   |
|    n_updates       | 22866    |
---------------------------------
---------------------------------
| rollout/           |          |
|    ep_len_mean     | 3.86e+03 |
|    ep_rew_mean     | 1.02e+03 |
| time/              |          |
|    episodes        | 88       |
|    fps             | 2071     |
|    time_elapsed    | 187      |
|    total_timesteps | 389488   |
| train/             |          |
|    actor_loss      | -14      |
|    critic_loss     | 0.00261  |
|    ent_coef        | 0.00115  |
|    ent_coef_loss   | -5.23    |
|    learning_rate   | 0.0003   |
|    n_updates       | 24280    |
---------------------------------
---------------------------------
| rollout/           |          |
|    ep_len_mean     | 3.95e+03 |
|    ep_rew_mean     | 963      |
| time/              |          |
|    episodes        | 92       |
|    fps             | 2072     |
|    time_elapsed    | 191      |
|    total_timesteps | 397712   |
| train/             |          |
|    actor_loss      | -13.6    |
|    critic_loss     | 0.00278  |
|    ent_coef        | 0.00105  |
|    ent_coef_loss   | -7.59    |
|    learning_rate   | 0.0003   |
|    n_updates       | 24794    |
---------------------------------
---------------------------------
| rollout/           |          |
|    ep_len_mean     | 3.96e+03 |
|    ep_rew_mean     | 984      |
| time/              |          |
|    episodes        | 96       |
|    fps             | 2073     |
|    time_elapsed    | 198      |
|    total_timesteps | 410592   |
| train/             |          |
|    actor_loss      | -13.1    |
|    critic_loss     | 0.00372  |
|    ent_coef        | 0.000948 |
|    ent_coef_loss   | -0.355   |
|    learning_rate   | 0.0003   |
|    n_updates       | 25599    |
---------------------------------
---------------------------------
| rollout/           |          |
|    ep_len_mean     | 3.95e+03 |
|    ep_rew_mean     | 1.02e+03 |
| time/              |          |
|    episodes        | 100      |
|    fps             | 2077     |
|    time_elapsed    | 209      |
|    total_timesteps | 436000   |
| train/             |          |
|    actor_loss      | -12.2    |
|    critic_loss     | 0.00574  |
|    ent_coef        | 0.000855 |
|    ent_coef_loss   | 7.5      |
|    learning_rate   | 0.0003   |
|    n_updates       | 27187    |
---------------------------------
---------------------------------
| rollout/           |          |
|    ep_len_mean     | 3.95e+03 |
|    ep_rew_mean     | 955      |
| time/              |          |
|    episodes        | 104      |
|    fps             | 2077     |
|    time_elapsed    | 211      |
|    total_timesteps | 438576   |
| train/             |          |
|    actor_loss      | -12.1    |
|    critic_loss     | 0.00256  |
|    ent_coef        | 0.000863 |
|    ent_coef_loss   | 0.254    |
|    learning_rate   | 0.0003   |
|    n_updates       | 27348    |
---------------------------------
---------------------------------
| rollout/           |          |
|    ep_len_mean     | 3.95e+03 |
|    ep_rew_mean     | 993      |
| time/              |          |
|    episodes        | 108      |
|    fps             | 2077     |
|    time_elapsed    | 212      |
|    total_timesteps | 441344   |
| train/             |          |
|    actor_loss      | -12      |
|    critic_loss     | 0.0044   |
|    ent_coef        | 0.000872 |
|    ent_coef_loss   | -0.0701  |
|    learning_rate   | 0.0003   |
|    n_updates       | 27521    |
---------------------------------
---------------------------------
| rollout/           |          |
|    ep_len_mean     | 3.92e+03 |
|    ep_rew_mean     | 939      |
| time/              |          |
|    episodes        | 112      |
|    fps             | 2077     |
|    time_elapsed    | 212      |
|    total_timesteps | 442240   |
| train/             |          |
|    actor_loss      | -12.1    |
|    critic_loss     | 0.00437  |
|    ent_coef        | 0.000883 |
|    ent_coef_loss   | 3.91     |
|    learning_rate   | 0.0003   |
|    n_updates       | 27577    |
---------------------------------
---------------------------------
| rollout/           |          |
|    ep_len_mean     | 3.73e+03 |
|    ep_rew_mean     | 824      |
| time/              |          |
|    episodes        | 116      |
|    fps             | 2077     |
|    time_elapsed    | 213      |
|    total_timesteps | 442544   |
| train/             |          |
|    actor_loss      | -12      |
|    critic_loss     | 0.00425  |
|    ent_coef        | 0.000887 |
|    ent_coef_loss   | 1.16     |
|    learning_rate   | 0.0003   |
|    n_updates       | 27596    |
---------------------------------
---------------------------------
| rollout/           |          |
|    ep_len_mean     | 3.74e+03 |
|    ep_rew_mean     | 904      |
| time/              |          |
|    episodes        | 120      |
|    fps             | 2078     |
|    time_elapsed    | 215      |
|    total_timesteps | 448576   |
| train/             |          |
|    actor_loss      | -11.7    |
|    critic_loss     | 0.00335  |
|    ent_coef        | 0.000904 |
|    ent_coef_loss   | 5.67     |
|    learning_rate   | 0.0003   |
|    n_updates       | 27973    |
---------------------------------
---------------------------------
| rollout/           |          |
|    ep_len_mean     | 3.62e+03 |
|    ep_rew_mean     | 744      |
| time/              |          |
|    episodes        | 124      |
|    fps             | 2078     |
|    time_elapsed    | 216      |
|    total_timesteps | 449280   |
| train/             |          |
|    actor_loss      | -11.7    |
|    critic_loss     | 0.00957  |
|    ent_coef        | 0.000918 |
|    ent_coef_loss   | 4.63     |
|    learning_rate   | 0.0003   |
|    n_updates       | 28017    |
---------------------------------
---------------------------------
| rollout/           |          |
|    ep_len_mean     | 3.47e+03 |
|    ep_rew_mean     | 713      |
| time/              |          |
|    episodes        | 128      |
|    fps             | 2078     |
|    time_elapsed    | 216      |
|    total_timesteps | 449616   |
| train/             |          |
|    actor_loss      | -11.6    |
|    critic_loss     | 0.0262   |
|    ent_coef        | 0.000927 |
|    ent_coef_loss   | 5.28     |
|    learning_rate   | 0.0003   |
|    n_updates       | 28038    |
---------------------------------
---------------------------------
| rollout/           |          |
|    ep_len_mean     | 3.37e+03 |
|    ep_rew_mean     | 630      |
| time/              |          |
|    episodes        | 132      |
|    fps             | 2078     |
|    time_elapsed    | 216      |
|    total_timesteps | 449712   |
| train/             |          |
|    actor_loss      | -11.8    |
|    critic_loss     | 0.00569  |
|    ent_coef        | 0.00093  |
|    ent_coef_loss   | -0.334   |
|    learning_rate   | 0.0003   |
|    n_updates       | 28044    |
---------------------------------
---------------------------------
| rollout/           |          |
|    ep_len_mean     | 3.29e+03 |
|    ep_rew_mean     | 543      |
| time/              |          |
|    episodes        | 136      |
|    fps             | 2082     |
|    time_elapsed    | 226      |
|    total_timesteps | 471056   |
| train/             |          |
|    actor_loss      | -11.1    |
|    critic_loss     | 0.00423  |
|    ent_coef        | 0.000896 |
|    ent_coef_loss   | -3.8     |
|    learning_rate   | 0.0003   |
|    n_updates       | 29378    |
---------------------------------
---------------------------------
| rollout/           |          |
|    ep_len_mean     | 3.1e+03  |
|    ep_rew_mean     | 871      |
| time/              |          |
|    episodes        | 140      |
|    fps             | 2082     |
|    time_elapsed    | 229      |
|    total_timesteps | 477776   |
| train/             |          |
|    actor_loss      | -10.8    |
|    critic_loss     | 0.00265  |
|    ent_coef        | 0.000831 |
|    ent_coef_loss   | -2.29    |
|    learning_rate   | 0.0003   |
|    n_updates       | 29798    |
---------------------------------
---------------------------------
| rollout/           |          |
|    ep_len_mean     | 3e+03    |
|    ep_rew_mean     | 1.09e+03 |
| time/              |          |
|    episodes        | 144      |
|    fps             | 2082     |
|    time_elapsed    | 230      |
|    total_timesteps | 480528   |
| train/             |          |
|    actor_loss      | -10.8    |
|    critic_loss     | 0.00238  |
|    ent_coef        | 0.000828 |
|    ent_coef_loss   | -0.347   |
|    learning_rate   | 0.0003   |
|    n_updates       | 29970    |
---------------------------------
---------------------------------
| rollout/           |          |
|    ep_len_mean     | 2.95e+03 |
|    ep_rew_mean     | 1.07e+03 |
| time/              |          |
|    episodes        | 148      |
|    fps             | 2082     |
|    time_elapsed    | 230      |
|    total_timesteps | 480560   |
| train/             |          |
|    actor_loss      | -10.7    |
|    critic_loss     | 0.00336  |
|    ent_coef        | 0.000828 |
|    ent_coef_loss   | 0.355    |
|    learning_rate   | 0.0003   |
|    n_updates       | 29972    |
---------------------------------
---------------------------------
| rollout/           |          |
|    ep_len_mean     | 2.9e+03  |
|    ep_rew_mean     | 1.06e+03 |
| time/              |          |
|    episodes        | 152      |
|    fps             | 2085     |
|    time_elapsed    | 240      |
|    total_timesteps | 502368   |
| train/             |          |
|    actor_loss      | -10      |
|    critic_loss     | 0.448    |
|    ent_coef        | 0.000858 |
|    ent_coef_loss   | -1.38    |
|    learning_rate   | 0.0003   |
|    n_updates       | 31335    |
---------------------------------
---------------------------------
| rollout/           |          |
|    ep_len_mean     | 2.77e+03 |
|    ep_rew_mean     | 1.14e+03 |
| time/              |          |
|    episodes        | 156      |
|    fps             | 2086     |
|    time_elapsed    | 244      |
|    total_timesteps | 509088   |
| train/             |          |
|    actor_loss      | -9.97    |
|    critic_loss     | 0.00235  |
|    ent_coef        | 0.000871 |
|    ent_coef_loss   | -0.461   |
|    learning_rate   | 0.0003   |
|    n_updates       | 31755    |
---------------------------------
---------------------------------
| rollout/           |          |
|    ep_len_mean     | 2.72e+03 |
|    ep_rew_mean     | 1.16e+03 |
| time/              |          |
|    episodes        | 160      |
|    fps             | 2086     |
|    time_elapsed    | 244      |
|    total_timesteps | 509200   |
| train/             |          |
|    actor_loss      | -9.85    |
|    critic_loss     | 0.00377  |
|    ent_coef        | 0.00087  |
|    ent_coef_loss   | -1.88    |
|    learning_rate   | 0.0003   |
|    n_updates       | 31762    |
---------------------------------
---------------------------------
| rollout/           |          |
|    ep_len_mean     | 2.64e+03 |
|    ep_rew_mean     | 1.15e+03 |
| time/              |          |
|    episodes        | 164      |
|    fps             | 2085     |
|    time_elapsed    | 245      |
|    total_timesteps | 511568   |
| train/             |          |
|    actor_loss      | -9.76    |
|    critic_loss     | 0.00273  |
|    ent_coef        | 0.00085  |
|    ent_coef_loss   | -0.294   |
|    learning_rate   | 0.0003   |
|    n_updates       | 31910    |
---------------------------------
---------------------------------
| rollout/           |          |
|    ep_len_mean     | 2.43e+03 |
|    ep_rew_mean     | 1.2e+03  |
| time/              |          |
|    episodes        | 168      |
|    fps             | 2089     |
|    time_elapsed    | 260      |
|    total_timesteps | 543696   |
| train/             |          |
|    actor_loss      | -9.02    |
|    critic_loss     | 0.00503  |
|    ent_coef        | 0.00097  |
|    ent_coef_loss   | -0.0317  |
|    learning_rate   | 0.0003   |
|    n_updates       | 33918    |
---------------------------------
---------------------------------
| rollout/           |          |
|    ep_len_mean     | 2.35e+03 |
|    ep_rew_mean     | 1.56e+03 |
| time/              |          |
|    episodes        | 172      |
|    fps             | 2094     |
|    time_elapsed    | 281      |
|    total_timesteps | 588880   |
| train/             |          |
|    actor_loss      | -7.99    |
|    critic_loss     | 0.00102  |
|    ent_coef        | 0.00102  |
|    ent_coef_loss   | -2.07    |
|    learning_rate   | 0.0003   |
|    n_updates       | 36742    |
---------------------------------
---------------------------------
| rollout/           |          |
|    ep_len_mean     | 2.49e+03 |
|    ep_rew_mean     | 1.92e+03 |
| time/              |          |
|    episodes        | 176      |
|    fps             | 2094     |
|    time_elapsed    | 281      |
|    total_timesteps | 589008   |
| train/             |          |
|    actor_loss      | -7.94    |
|    critic_loss     | 0.0018   |
|    ent_coef        | 0.00102  |
|    ent_coef_loss   | -0.404   |
|    learning_rate   | 0.0003   |
|    n_updates       | 36750    |
---------------------------------
---------------------------------
| rollout/           |          |
|    ep_len_mean     | 2.66e+03 |
|    ep_rew_mean     | 2.38e+03 |
| time/              |          |
|    episodes        | 180      |
|    fps             | 2094     |
|    time_elapsed    | 281      |
|    total_timesteps | 589056   |
| train/             |          |
|    actor_loss      | -7.96    |
|    critic_loss     | 0.00106  |
|    ent_coef        | 0.00101  |
|    ent_coef_loss   | 0.812    |
|    learning_rate   | 0.0003   |
|    n_updates       | 36753    |
---------------------------------
---------------------------------
| rollout/           |          |
|    ep_len_mean     | 2.72e+03 |
|    ep_rew_mean     | 2.6e+03  |
| time/              |          |
|    episodes        | 184      |
|    fps             | 2094     |
|    time_elapsed    | 281      |
|    total_timesteps | 589968   |
| train/             |          |
|    actor_loss      | -7.93    |
|    critic_loss     | 0.00222  |
|    ent_coef        | 0.00101  |
|    ent_coef_loss   | 0.235    |
|    learning_rate   | 0.0003   |
|    n_updates       | 36810    |
---------------------------------
---------------------------------
| rollout/           |          |
|    ep_len_mean     | 2.46e+03 |
|    ep_rew_mean     | 2.54e+03 |
| time/              |          |
|    episodes        | 188      |
|    fps             | 2095     |
|    time_elapsed    | 285      |
|    total_timesteps | 597968   |
| train/             |          |
|    actor_loss      | -7.77    |
|    critic_loss     | 0.00183  |
|    ent_coef        | 0.00104  |
|    ent_coef_loss   | 4.03     |
|    learning_rate   | 0.0003   |
|    n_updates       | 37310    |
---------------------------------
---------------------------------
| rollout/           |          |
|    ep_len_mean     | 2.23e+03 |
|    ep_rew_mean     | 2.47e+03 |
| time/              |          |
|    episodes        | 192      |
|    fps             | 2095     |
|    time_elapsed    | 285      |
|    total_timesteps | 597984   |
| train/             |          |
|    actor_loss      | -7.79    |
|    critic_loss     | 0.00311  |
|    ent_coef        | 0.00104  |
|    ent_coef_loss   | 2.2      |
|    learning_rate   | 0.0003   |
|    n_updates       | 37311    |
---------------------------------
---------------------------------
| rollout/           |          |
|    ep_len_mean     | 2.15e+03 |
|    ep_rew_mean     | 2.39e+03 |
| time/              |          |
|    episodes        | 196      |
|    fps             | 2095     |
|    time_elapsed    | 285      |
|    total_timesteps | 598016   |
| train/             |          |
|    actor_loss      | -7.8     |
|    critic_loss     | 0.00244  |
|    ent_coef        | 0.00104  |
|    ent_coef_loss   | -0.357   |
|    learning_rate   | 0.0003   |
|    n_updates       | 37313    |
---------------------------------
---------------------------------
| rollout/           |          |
|    ep_len_mean     | 2.01e+03 |
|    ep_rew_mean     | 2.3e+03  |
| time/              |          |
|    episodes        | 200      |
|    fps             | 2095     |
|    time_elapsed    | 286      |
|    total_timesteps | 600400   |
| train/             |          |
|    actor_loss      | -7.77    |
|    critic_loss     | 0.00271  |
|    ent_coef        | 0.00101  |
|    ent_coef_loss   | -2.87    |
|    learning_rate   | 0.0003   |
|    n_updates       | 37462    |
---------------------------------
---------------------------------
| rollout/           |          |
|    ep_len_mean     | 1.93e+03 |
|    ep_rew_mean     | 2.18e+03 |
| time/              |          |
|    episodes        | 204      |
|    fps             | 2095     |
|    time_elapsed    | 286      |
|    total_timesteps | 600576   |
| train/             |          |
|    actor_loss      | -7.71    |
|    critic_loss     | 0.00152  |
|    ent_coef        | 0.00101  |
|    ent_coef_loss   | -6.58    |
|    learning_rate   | 0.0003   |
|    n_updates       | 37473    |
---------------------------------
---------------------------------
| rollout/           |          |
|    ep_len_mean     | 1.81e+03 |
|    ep_rew_mean     | 2.06e+03 |
| time/              |          |
|    episodes        | 208      |
|    fps             | 2095     |
|    time_elapsed    | 286      |
|    total_timesteps | 600688   |
| train/             |          |
|    actor_loss      | -7.68    |
|    critic_loss     | 0.00113  |
|    ent_coef        | 0.00101  |
|    ent_coef_loss   | -6.25    |
|    learning_rate   | 0.0003   |
|    n_updates       | 37480    |
---------------------------------
---------------------------------
| rollout/           |          |
|    ep_len_mean     | 1.75e+03 |
|    ep_rew_mean     | 2.03e+03 |
| time/              |          |
|    episodes        | 212      |
|    fps             | 2095     |
|    time_elapsed    | 286      |
|    total_timesteps | 601168   |
| train/             |          |
|    actor_loss      | -7.67    |
|    critic_loss     | 0.00187  |
|    ent_coef        | 0.001    |
|    ent_coef_loss   | -2.84    |
|    learning_rate   | 0.0003   |
|    n_updates       | 37510    |
---------------------------------
---------------------------------
| rollout/           |          |
|    ep_len_mean     | 1.75e+03 |
|    ep_rew_mean     | 2.05e+03 |
| time/              |          |
|    episodes        | 216      |
|    fps             | 2095     |
|    time_elapsed    | 288      |
|    total_timesteps | 603488   |
| train/             |          |
|    actor_loss      | -7.56    |
|    critic_loss     | 0.249    |
|    ent_coef        | 0.000954 |
|    ent_coef_loss   | 1.92     |
|    learning_rate   | 0.0003   |
|    n_updates       | 37655    |
---------------------------------
---------------------------------
| rollout/           |          |
|    ep_len_mean     | 1.59e+03 |
|    ep_rew_mean     | 1.99e+03 |
| time/              |          |
|    episodes        | 220      |
|    fps             | 2095     |
|    time_elapsed    | 288      |
|    total_timesteps | 603584   |
| train/             |          |
|    actor_loss      | -7.62    |
|    critic_loss     | 0.00288  |
|    ent_coef        | 0.000954 |
|    ent_coef_loss   | 0.161    |
|    learning_rate   | 0.0003   |
|    n_updates       | 37661    |
---------------------------------
---------------------------------
| rollout/           |          |
|    ep_len_mean     | 1.58e+03 |
|    ep_rew_mean     | 1.99e+03 |
| time/              |          |
|    episodes        | 224      |
|    fps             | 2095     |
|    time_elapsed    | 288      |
|    total_timesteps | 603776   |
| train/             |          |
|    actor_loss      | -7.6     |
|    critic_loss     | 0.00221  |
|    ent_coef        | 0.000954 |
|    ent_coef_loss   | 1.65     |
|    learning_rate   | 0.0003   |
|    n_updates       | 37673    |
---------------------------------
---------------------------------
| rollout/           |          |
|    ep_len_mean     | 1.57e+03 |
|    ep_rew_mean     | 1.98e+03 |
| time/              |          |
|    episodes        | 228      |
|    fps             | 2095     |
|    time_elapsed    | 289      |
|    total_timesteps | 605872   |
| train/             |          |
|    actor_loss      | -7.56    |
|    critic_loss     | 0.00207  |
|    ent_coef        | 0.000943 |
|    ent_coef_loss   | -0.353   |
|    learning_rate   | 0.0003   |
|    n_updates       | 37804    |
---------------------------------
---------------------------------
| rollout/           |          |
|    ep_len_mean     | 1.56e+03 |
|    ep_rew_mean     | 1.96e+03 |
| time/              |          |
|    episodes        | 232      |
|    fps             | 2095     |
|    time_elapsed    | 289      |
|    total_timesteps | 606160   |
| train/             |          |
|    actor_loss      | -7.61    |
|    critic_loss     | 0.0034   |
|    ent_coef        | 0.000941 |
|    ent_coef_loss   | -3.38    |
|    learning_rate   | 0.0003   |
|    n_updates       | 37822    |
---------------------------------
---------------------------------
| rollout/           |          |
|    ep_len_mean     | 1.52e+03 |
|    ep_rew_mean     | 1.9e+03  |
| time/              |          |
|    episodes        | 236      |
|    fps             | 2094     |
|    time_elapsed    | 289      |
|    total_timesteps | 606336   |
| train/             |          |
|    actor_loss      | -7.6     |
|    critic_loss     | 0.00469  |
|    ent_coef        | 0.000939 |
|    ent_coef_loss   | -0.592   |
|    learning_rate   | 0.0003   |
|    n_updates       | 37833    |
---------------------------------
---------------------------------
| rollout/           |          |
|    ep_len_mean     | 1.45e+03 |
|    ep_rew_mean     | 1.81e+03 |
| time/              |          |
|    episodes        | 240      |
|    fps             | 2094     |
|    time_elapsed    | 289      |
|    total_timesteps | 606368   |
| train/             |          |
|    actor_loss      | -7.63    |
|    critic_loss     | 0.00223  |
|    ent_coef        | 0.000939 |
|    ent_coef_loss   | -0.2     |
|    learning_rate   | 0.0003   |
|    n_updates       | 37835    |
---------------------------------
---------------------------------
| rollout/           |          |
|    ep_len_mean     | 1.43e+03 |
|    ep_rew_mean     | 1.82e+03 |
| time/              |          |
|    episodes        | 244      |
|    fps             | 2094     |
|    time_elapsed    | 300      |
|    total_timesteps | 628608   |
| train/             |          |
|    actor_loss      | -7.1     |
|    critic_loss     | 0.00407  |
|    ent_coef        | 0.000797 |
|    ent_coef_loss   | 0.16     |
|    learning_rate   | 0.0003   |
|    n_updates       | 39225    |
---------------------------------
---------------------------------
| rollout/           |          |
|    ep_len_mean     | 1.39e+03 |
|    ep_rew_mean     | 1.77e+03 |
| time/              |          |
|    episodes        | 248      |
|    fps             | 2093     |
|    time_elapsed    | 302      |
|    total_timesteps | 633504   |
| train/             |          |
|    actor_loss      | -7       |
|    critic_loss     | 0.192    |
|    ent_coef        | 0.000754 |
|    ent_coef_loss   | 1.84     |
|    learning_rate   | 0.0003   |
|    n_updates       | 39531    |
---------------------------------
---------------------------------
| rollout/           |          |
|    ep_len_mean     | 1.31e+03 |
|    ep_rew_mean     | 1.68e+03 |
| time/              |          |
|    episodes        | 252      |
|    fps             | 2093     |
|    time_elapsed    | 303      |
|    total_timesteps | 635888   |
| train/             |          |
|    actor_loss      | -6.97    |
|    critic_loss     | 0.0924   |
|    ent_coef        | 0.000761 |
|    ent_coef_loss   | 1.98     |
|    learning_rate   | 0.0003   |
|    n_updates       | 39680    |
---------------------------------
---------------------------------
| rollout/           |          |
|    ep_len_mean     | 1.26e+03 |
|    ep_rew_mean     | 1.66e+03 |
| time/              |          |
|    episodes        | 256      |
|    fps             | 2093     |
|    time_elapsed    | 305      |
|    total_timesteps | 640368   |
| train/             |          |
|    actor_loss      | -6.88    |
|    critic_loss     | 0.00464  |
|    ent_coef        | 0.000755 |
|    ent_coef_loss   | 1.35     |
|    learning_rate   | 0.0003   |
|    n_updates       | 39960    |
---------------------------------
---------------------------------
| rollout/           |          |
|    ep_len_mean     | 1.22e+03 |
|    ep_rew_mean     | 1.63e+03 |
| time/              |          |
|    episodes        | 260      |
|    fps             | 2093     |
|    time_elapsed    | 309      |
|    total_timesteps | 647264   |
| train/             |          |
|    actor_loss      | -6.77    |
|    critic_loss     | 0.00199  |
|    ent_coef        | 0.000767 |
|    ent_coef_loss   | 11.4     |
|    learning_rate   | 0.0003   |
|    n_updates       | 40391    |
---------------------------------
---------------------------------
| rollout/           |          |
|    ep_len_mean     | 1.25e+03 |
|    ep_rew_mean     | 1.75e+03 |
| time/              |          |
|    episodes        | 264      |
|    fps             | 2093     |
|    time_elapsed    | 309      |
|    total_timesteps | 648768   |
| train/             |          |
|    actor_loss      | -6.78    |
|    critic_loss     | 0.0153   |
|    ent_coef        | 0.000778 |
|    ent_coef_loss   | 1.26     |
|    learning_rate   | 0.0003   |
|    n_updates       | 40485    |
---------------------------------
---------------------------------
| rollout/           |          |
|    ep_len_mean     | 1.27e+03 |
|    ep_rew_mean     | 1.84e+03 |
| time/              |          |
|    episodes        | 268      |
|    fps             | 2093     |
|    time_elapsed    | 310      |
|    total_timesteps | 649808   |
| train/             |          |
|    actor_loss      | -6.71    |
|    critic_loss     | 0.0908   |
|    ent_coef        | 0.000776 |
|    ent_coef_loss   | -0.201   |
|    learning_rate   | 0.0003   |
|    n_updates       | 40550    |
---------------------------------
---------------------------------
| rollout/           |          |
|    ep_len_mean     | 1.21e+03 |
|    ep_rew_mean     | 1.62e+03 |
| time/              |          |
|    episodes        | 272      |
|    fps             | 2093     |
|    time_elapsed    | 322      |
|    total_timesteps | 674288   |
| train/             |          |
|    actor_loss      | -6.34    |
|    critic_loss     | 0.00911  |
|    ent_coef        | 0.000751 |
|    ent_coef_loss   | 7.13     |
|    learning_rate   | 0.0003   |
|    n_updates       | 42080    |
---------------------------------
---------------------------------
| rollout/           |          |
|    ep_len_mean     | 1.14e+03 |
|    ep_rew_mean     | 1.45e+03 |
| time/              |          |
|    episodes        | 276      |
|    fps             | 2093     |
|    time_elapsed    | 333      |
|    total_timesteps | 698272   |
| train/             |          |
|    actor_loss      | -5.95    |
|    critic_loss     | 0.000992 |
|    ent_coef        | 0.000704 |
|    ent_coef_loss   | -4.38    |
|    learning_rate   | 0.0003   |
|    n_updates       | 43579    |
---------------------------------
---------------------------------
| rollout/           |          |
|    ep_len_mean     | 1.07e+03 |
|    ep_rew_mean     | 1.23e+03 |
| time/              |          |
|    episodes        | 280      |
|    fps             | 2093     |
|    time_elapsed    | 333      |
|    total_timesteps | 698352   |
| train/             |          |
|    actor_loss      | -5.96    |
|    critic_loss     | 0.000811 |
|    ent_coef        | 0.000703 |
|    ent_coef_loss   | -3.96    |
|    learning_rate   | 0.0003   |
|    n_updates       | 43584    |
---------------------------------
---------------------------------
| rollout/           |          |
|    ep_len_mean     | 981      |
|    ep_rew_mean     | 1.02e+03 |
| time/              |          |
|    episodes        | 284      |
|    fps             | 2093     |
|    time_elapsed    | 334      |
|    total_timesteps | 699680   |
| train/             |          |
|    actor_loss      | -5.92    |
|    critic_loss     | 0.00141  |
|    ent_coef        | 0.000702 |
|    ent_coef_loss   | -2.62    |
|    learning_rate   | 0.0003   |
|    n_updates       | 43667    |
---------------------------------
---------------------------------
| rollout/           |          |
|    ep_len_mean     | 1.07e+03 |
|    ep_rew_mean     | 1.24e+03 |
| time/              |          |
|    episodes        | 288      |
|    fps             | 2092     |
|    time_elapsed    | 338      |
|    total_timesteps | 708016   |
| train/             |          |
|    actor_loss      | -5.81    |
|    critic_loss     | 0.00345  |
|    ent_coef        | 0.000661 |
|    ent_coef_loss   | 2.05     |
|    learning_rate   | 0.0003   |
|    n_updates       | 44188    |
---------------------------------
---------------------------------
| rollout/           |          |
|    ep_len_mean     | 1.12e+03 |
|    ep_rew_mean     | 1.39e+03 |
| time/              |          |
|    episodes        | 292      |
|    fps             | 2093     |
|    time_elapsed    | 348      |
|    total_timesteps | 729632   |
| train/             |          |
|    actor_loss      | -5.43    |
|    critic_loss     | 0.00139  |
|    ent_coef        | 0.00067  |
|    ent_coef_loss   | 3.73     |
|    learning_rate   | 0.0003   |
|    n_updates       | 45539    |
---------------------------------
---------------------------------
| rollout/           |          |
|    ep_len_mean     | 1.17e+03 |
|    ep_rew_mean     | 1.54e+03 |
| time/              |          |
|    episodes        | 296      |
|    fps             | 2092     |
|    time_elapsed    | 352      |
|    total_timesteps | 738528   |
| train/             |          |
|    actor_loss      | -5.34    |
|    critic_loss     | 0.00145  |
|    ent_coef        | 0.000633 |
|    ent_coef_loss   | -1.58    |
|    learning_rate   | 0.0003   |
|    n_updates       | 46095    |
---------------------------------
---------------------------------
| rollout/           |          |
|    ep_len_mean     | 1.25e+03 |
|    ep_rew_mean     | 1.73e+03 |
| time/              |          |
|    episodes        | 300      |
|    fps             | 2092     |
|    time_elapsed    | 357      |
|    total_timesteps | 747760   |
| train/             |          |
|    actor_loss      | -5.24    |
|    critic_loss     | 0.00259  |
|    ent_coef        | 0.000637 |
|    ent_coef_loss   | 4.86     |
|    learning_rate   | 0.0003   |
|    n_updates       | 46672    |
---------------------------------
---------------------------------
| rollout/           |          |
|    ep_len_mean     | 1.34e+03 |
|    ep_rew_mean     | 1.92e+03 |
| time/              |          |
|    episodes        | 304      |
|    fps             | 2092     |
|    time_elapsed    | 357      |
|    total_timesteps | 749072   |
| train/             |          |
|    actor_loss      | -5.17    |
|    critic_loss     | 0.00253  |
|    ent_coef        | 0.000638 |
|    ent_coef_loss   | -1.25    |
|    learning_rate   | 0.0003   |
|    n_updates       | 46754    |
---------------------------------
---------------------------------
| rollout/           |          |
|    ep_len_mean     | 1.37e+03 |
|    ep_rew_mean     | 1.94e+03 |
| time/              |          |
|    episodes        | 308      |
|    fps             | 2092     |
|    time_elapsed    | 359      |
|    total_timesteps | 751632   |
| train/             |          |
|    actor_loss      | -5.18    |
|    critic_loss     | 0.0025   |
|    ent_coef        | 0.000626 |
|    ent_coef_loss   | 2.88     |
|    learning_rate   | 0.0003   |
|    n_updates       | 46914    |
---------------------------------
---------------------------------
| rollout/           |          |
|    ep_len_mean     | 1.43e+03 |
|    ep_rew_mean     | 2.05e+03 |
| time/              |          |
|    episodes        | 312      |
|    fps             | 2092     |
|    time_elapsed    | 360      |
|    total_timesteps | 753344   |
| train/             |          |
|    actor_loss      | -5.12    |
|    critic_loss     | 0.00054  |
|    ent_coef        | 0.000635 |
|    ent_coef_loss   | 0.173    |
|    learning_rate   | 0.0003   |
|    n_updates       | 47021    |
---------------------------------
---------------------------------
| rollout/           |          |
|    ep_len_mean     | 1.49e+03 |
|    ep_rew_mean     | 2.14e+03 |
| time/              |          |
|    episodes        | 316      |
|    fps             | 2093     |
|    time_elapsed    | 363      |
|    total_timesteps | 759808   |
| train/             |          |
|    actor_loss      | -5.08    |
|    critic_loss     | 0.135    |
|    ent_coef        | 0.000607 |
|    ent_coef_loss   | -0.625   |
|    learning_rate   | 0.0003   |
|    n_updates       | 47425    |
---------------------------------
---------------------------------
| rollout/           |          |
|    ep_len_mean     | 1.51e+03 |
|    ep_rew_mean     | 2.12e+03 |
| time/              |          |
|    episodes        | 320      |
|    fps             | 2093     |
|    time_elapsed    | 364      |
|    total_timesteps | 762720   |
| train/             |          |
|    actor_loss      | -4.97    |
|    critic_loss     | 0.00457  |
|    ent_coef        | 0.000593 |
|    ent_coef_loss   | -0.185   |
|    learning_rate   | 0.0003   |
|    n_updates       | 47607    |
---------------------------------
---------------------------------
| rollout/           |          |
|    ep_len_mean     | 1.53e+03 |
|    ep_rew_mean     | 2.16e+03 |
| time/              |          |
|    episodes        | 324      |
|    fps             | 2093     |
|    time_elapsed    | 364      |
|    total_timesteps | 763664   |
| train/             |          |
|    actor_loss      | -4.98    |
|    critic_loss     | 0.00131  |
|    ent_coef        | 0.000587 |
|    ent_coef_loss   | -0.838   |
|    learning_rate   | 0.0003   |
|    n_updates       | 47666    |
---------------------------------
---------------------------------
| rollout/           |          |
|    ep_len_mean     | 1.55e+03 |
|    ep_rew_mean     | 2.18e+03 |
| time/              |          |
|    episodes        | 328      |
|    fps             | 2093     |
|    time_elapsed    | 365      |
|    total_timesteps | 765488   |
| train/             |          |
|    actor_loss      | -4.97    |
|    critic_loss     | 0.00175  |
|    ent_coef        | 0.000573 |
|    ent_coef_loss   | 0.67     |
|    learning_rate   | 0.0003   |
|    n_updates       | 47780    |
---------------------------------
---------------------------------
| rollout/           |          |
|    ep_len_mean     | 1.55e+03 |
|    ep_rew_mean     | 2.16e+03 |
| time/              |          |
|    episodes        | 332      |
|    fps             | 2093     |
|    time_elapsed    | 365      |
|    total_timesteps | 766192   |
| train/             |          |
|    actor_loss      | -4.95    |
|    critic_loss     | 0.000503 |
|    ent_coef        | 0.000573 |
|    ent_coef_loss   | -3.69    |
|    learning_rate   | 0.0003   |
|    n_updates       | 47824    |
---------------------------------
---------------------------------
| rollout/           |          |
|    ep_len_mean     | 1.55e+03 |
|    ep_rew_mean     | 2.14e+03 |
| time/              |          |
|    episodes        | 336      |
|    fps             | 2093     |
|    time_elapsed    | 366      |
|    total_timesteps | 766256   |
| train/             |          |
|    actor_loss      | -4.98    |
|    critic_loss     | 0.000675 |
|    ent_coef        | 0.000573 |
|    ent_coef_loss   | -2.09    |
|    learning_rate   | 0.0003   |
|    n_updates       | 47828    |
---------------------------------
---------------------------------
| rollout/           |          |
|    ep_len_mean     | 1.56e+03 |
|    ep_rew_mean     | 2.13e+03 |
| time/              |          |
|    episodes        | 340      |
|    fps             | 2093     |
|    time_elapsed    | 366      |
|    total_timesteps | 768000   |
| train/             |          |
|    actor_loss      | -4.9     |
|    critic_loss     | 0.00433  |
|    ent_coef        | 0.000566 |
|    ent_coef_loss   | 2.92     |
|    learning_rate   | 0.0003   |
|    n_updates       | 47937    |
---------------------------------
---------------------------------
| rollout/           |          |
|    ep_len_mean     | 1.6e+03  |
|    ep_rew_mean     | 2.22e+03 |
| time/              |          |
|    episodes        | 344      |
|    fps             | 2095     |
|    time_elapsed    | 380      |
|    total_timesteps | 798096   |
| train/             |          |
|    actor_loss      | -4.64    |
|    critic_loss     | 0.00139  |
|    ent_coef        | 0.000589 |
|    ent_coef_loss   | 1.78     |
|    learning_rate   | 0.0003   |
|    n_updates       | 49818    |
---------------------------------
---------------------------------
| rollout/           |          |
|    ep_len_mean     | 1.67e+03 |
|    ep_rew_mean     | 2.44e+03 |
| time/              |          |
|    episodes        | 348      |
|    fps             | 2095     |
|    time_elapsed    | 380      |
|    total_timesteps | 798144   |
| train/             |          |
|    actor_loss      | -4.61    |
|    critic_loss     | 0.00177  |
|    ent_coef        | 0.000589 |
|    ent_coef_loss   | 1.41     |
|    learning_rate   | 0.0003   |
|    n_updates       | 49821    |
---------------------------------
---------------------------------
| rollout/           |          |
|    ep_len_mean     | 1.73e+03 |
|    ep_rew_mean     | 2.6e+03  |
| time/              |          |
|    episodes        | 352      |
|    fps             | 2095     |
|    time_elapsed    | 381      |
|    total_timesteps | 798336   |
| train/             |          |
|    actor_loss      | -4.55    |
|    critic_loss     | 0.000816 |
|    ent_coef        | 0.00059  |
|    ent_coef_loss   | 4.3      |
|    learning_rate   | 0.0003   |
|    n_updates       | 49833    |
---------------------------------
---------------------------------
| rollout/           |          |
|    ep_len_mean     | 1.79e+03 |
|    ep_rew_mean     | 2.76e+03 |
| time/              |          |
|    episodes        | 356      |
|    fps             | 2095     |
|    time_elapsed    | 383      |
|    total_timesteps | 804000   |
| train/             |          |
|    actor_loss      | -4.48    |
|    critic_loss     | 0.00158  |
|    ent_coef        | 0.000612 |
|    ent_coef_loss   | 7.24     |
|    learning_rate   | 0.0003   |
|    n_updates       | 50187    |
---------------------------------
---------------------------------
| rollout/           |          |
|    ep_len_mean     | 1.81e+03 |
|    ep_rew_mean     | 2.81e+03 |
| time/              |          |
|    episodes        | 360      |
|    fps             | 2096     |
|    time_elapsed    | 387      |
|    total_timesteps | 813152   |
| train/             |          |
|    actor_loss      | -4.44    |
|    critic_loss     | 0.000701 |
|    ent_coef        | 0.000611 |
|    ent_coef_loss   | -0.735   |
|    learning_rate   | 0.0003   |
|    n_updates       | 50759    |
---------------------------------
---------------------------------
| rollout/           |          |
|    ep_len_mean     | 1.8e+03  |
|    ep_rew_mean     | 2.74e+03 |
| time/              |          |
|    episodes        | 364      |
|    fps             | 2098     |
|    time_elapsed    | 401      |
|    total_timesteps | 842368   |
| train/             |          |
|    actor_loss      | -4.11    |
|    critic_loss     | 0.0019   |
|    ent_coef        | 0.000579 |
|    ent_coef_loss   | -1.15    |
|    learning_rate   | 0.0003   |
|    n_updates       | 52585    |
---------------------------------
---------------------------------
| rollout/           |          |
|    ep_len_mean     | 1.8e+03  |
|    ep_rew_mean     | 2.72e+03 |
| time/              |          |
|    episodes        | 368      |
|    fps             | 2098     |
|    time_elapsed    | 401      |
|    total_timesteps | 842864   |
| train/             |          |
|    actor_loss      | -4.1     |
|    critic_loss     | 0.00169  |
|    ent_coef        | 0.000575 |
|    ent_coef_loss   | -0.224   |
|    learning_rate   | 0.0003   |
|    n_updates       | 52616    |
---------------------------------
---------------------------------
| rollout/           |          |
|    ep_len_mean     | 1.8e+03  |
|    ep_rew_mean     | 2.74e+03 |
| time/              |          |
|    episodes        | 372      |
|    fps             | 2098     |
|    time_elapsed    | 401      |
|    total_timesteps | 843392   |
| train/             |          |
|    actor_loss      | -4.1     |
|    critic_loss     | 0.0011   |
|    ent_coef        | 0.000573 |
|    ent_coef_loss   | 5.53     |
|    learning_rate   | 0.0003   |
|    n_updates       | 52649    |
---------------------------------
---------------------------------
| rollout/           |          |
|    ep_len_mean     | 1.76e+03 |
|    ep_rew_mean     | 2.68e+03 |
| time/              |          |
|    episodes        | 376      |
|    fps             | 2099     |
|    time_elapsed    | 403      |
|    total_timesteps | 846912   |
| train/             |          |
|    actor_loss      | -4.07    |
|    critic_loss     | 0.00131  |
|    ent_coef        | 0.000553 |
|    ent_coef_loss   | 2.8      |
|    learning_rate   | 0.0003   |
|    n_updates       | 52869    |
---------------------------------
---------------------------------
| rollout/           |          |
|    ep_len_mean     | 1.64e+03 |
|    ep_rew_mean     | 2.48e+03 |
| time/              |          |
|    episodes        | 380      |
|    fps             | 2098     |
|    time_elapsed    | 403      |
|    total_timesteps | 846976   |
| train/             |          |
|    actor_loss      | -4.09    |
|    critic_loss     | 0.0015   |
|    ent_coef        | 0.000553 |
|    ent_coef_loss   | 4.02     |
|    learning_rate   | 0.0003   |
|    n_updates       | 52873    |
---------------------------------
---------------------------------
| rollout/           |          |
|    ep_len_mean     | 1.54e+03 |
|    ep_rew_mean     | 2.27e+03 |
| time/              |          |
|    episodes        | 384      |
|    fps             | 2098     |
|    time_elapsed    | 403      |
|    total_timesteps | 847056   |
| train/             |          |
|    actor_loss      | -4.12    |
|    critic_loss     | 0.00074  |
|    ent_coef        | 0.000553 |
|    ent_coef_loss   | 5.29     |
|    learning_rate   | 0.0003   |
|    n_updates       | 52878    |
---------------------------------
---------------------------------
| rollout/           |          |
|    ep_len_mean     | 1.44e+03 |
|    ep_rew_mean     | 2.03e+03 |
| time/              |          |
|    episodes        | 388      |
|    fps             | 2099     |
|    time_elapsed    | 405      |
|    total_timesteps | 850256   |
| train/             |          |
|    actor_loss      | -4.06    |
|    critic_loss     | 0.00116  |
|    ent_coef        | 0.000547 |
|    ent_coef_loss   | 3.53     |
|    learning_rate   | 0.0003   |
|    n_updates       | 53078    |
---------------------------------
---------------------------------
| rollout/           |          |
|    ep_len_mean     | 1.46e+03 |
|    ep_rew_mean     | 2.12e+03 |
| time/              |          |
|    episodes        | 392      |
|    fps             | 2101     |
|    time_elapsed    | 422      |
|    total_timesteps | 888544   |
| train/             |          |
|    actor_loss      | -3.73    |
|    critic_loss     | 0.000815 |
|    ent_coef        | 0.00047  |
|    ent_coef_loss   | -0.954   |
|    learning_rate   | 0.0003   |
|    n_updates       | 55471    |
---------------------------------
---------------------------------
| rollout/           |          |
|    ep_len_mean     | 1.5e+03  |
|    ep_rew_mean     | 2.24e+03 |
| time/              |          |
|    episodes        | 396      |
|    fps             | 2101     |
|    time_elapsed    | 423      |
|    total_timesteps | 889312   |
| train/             |          |
|    actor_loss      | -3.68    |
|    critic_loss     | 0.00144  |
|    ent_coef        | 0.000471 |
|    ent_coef_loss   | 0.49     |
|    learning_rate   | 0.0003   |
|    n_updates       | 55519    |
---------------------------------
---------------------------------
| rollout/           |          |
|    ep_len_mean     | 1.5e+03  |
|    ep_rew_mean     | 2.31e+03 |
| time/              |          |
|    episodes        | 400      |
|    fps             | 2101     |
|    time_elapsed    | 423      |
|    total_timesteps | 890368   |
| train/             |          |
|    actor_loss      | -3.68    |
|    critic_loss     | 0.000564 |
|    ent_coef        | 0.000467 |
|    ent_coef_loss   | -1.88    |
|    learning_rate   | 0.0003   |
|    n_updates       | 55585    |
---------------------------------
---------------------------------
| rollout/           |          |
|    ep_len_mean     | 1.51e+03 |
|    ep_rew_mean     | 2.31e+03 |
| time/              |          |
|    episodes        | 404      |
|    fps             | 2101     |
|    time_elapsed    | 423      |
|    total_timesteps | 890480   |
| train/             |          |
|    actor_loss      | -3.69    |
|    critic_loss     | 0.000604 |
|    ent_coef        | 0.000466 |
|    ent_coef_loss   | -0.0427  |
|    learning_rate   | 0.0003   |
|    n_updates       | 55592    |
---------------------------------
---------------------------------
| rollout/           |          |
|    ep_len_mean     | 1.56e+03 |
|    ep_rew_mean     | 2.46e+03 |
| time/              |          |
|    episodes        | 408      |
|    fps             | 2101     |
|    time_elapsed    | 427      |
|    total_timesteps | 898432   |
| train/             |          |
|    actor_loss      | -3.65    |
|    critic_loss     | 0.000843 |
|    ent_coef        | 0.000466 |
|    ent_coef_loss   | -4.66    |
|    learning_rate   | 0.0003   |
|    n_updates       | 56089    |
---------------------------------
---------------------------------
| rollout/           |          |
|    ep_len_mean     | 1.51e+03 |
|    ep_rew_mean     | 2.32e+03 |
| time/              |          |
|    episodes        | 412      |
|    fps             | 2101     |
|    time_elapsed    | 427      |
|    total_timesteps | 898704   |
| train/             |          |
|    actor_loss      | -3.59    |
|    critic_loss     | 0.00375  |
|    ent_coef        | 0.000465 |
|    ent_coef_loss   | -2.39    |
|    learning_rate   | 0.0003   |
|    n_updates       | 56106    |
---------------------------------
---------------------------------
| rollout/           |          |
|    ep_len_mean     | 1.48e+03 |
|    ep_rew_mean     | 2.2e+03  |
| time/              |          |
|    episodes        | 416      |
|    fps             | 2102     |
|    time_elapsed    | 429      |
|    total_timesteps | 903504   |
| train/             |          |
|    actor_loss      | -3.56    |
|    critic_loss     | 0.000555 |
|    ent_coef        | 0.000451 |
|    ent_coef_loss   | -1.13    |
|    learning_rate   | 0.0003   |
|    n_updates       | 56406    |
---------------------------------
---------------------------------
| rollout/           |          |
|    ep_len_mean     | 1.48e+03 |
|    ep_rew_mean     | 2.21e+03 |
| time/              |          |
|    episodes        | 420      |
|    fps             | 2102     |
|    time_elapsed    | 431      |
|    total_timesteps | 907312   |
| train/             |          |
|    actor_loss      | -3.52    |
|    critic_loss     | 0.00159  |
|    ent_coef        | 0.000448 |
|    ent_coef_loss   | -0.106   |
|    learning_rate   | 0.0003   |
|    n_updates       | 56644    |
---------------------------------
---------------------------------
| rollout/           |          |
|    ep_len_mean     | 1.46e+03 |
|    ep_rew_mean     | 2.17e+03 |
| time/              |          |
|    episodes        | 424      |
|    fps             | 2101     |
|    time_elapsed    | 434      |
|    total_timesteps | 914272   |
| train/             |          |
|    actor_loss      | -3.46    |
|    critic_loss     | 0.0128   |
|    ent_coef        | 0.000467 |
|    ent_coef_loss   | 3.29     |
|    learning_rate   | 0.0003   |
|    n_updates       | 57079    |
---------------------------------
---------------------------------
| rollout/           |          |
|    ep_len_mean     | 1.46e+03 |
|    ep_rew_mean     | 2.18e+03 |
| time/              |          |
|    episodes        | 428      |
|    fps             | 2101     |
|    time_elapsed    | 436      |
|    total_timesteps | 916768   |
| train/             |          |
|    actor_loss      | -3.41    |
|    critic_loss     | 0.0058   |
|    ent_coef        | 0.000474 |
|    ent_coef_loss   | -1.8     |
|    learning_rate   | 0.0003   |
|    n_updates       | 57235    |
---------------------------------
---------------------------------
| rollout/           |          |
|    ep_len_mean     | 1.48e+03 |
|    ep_rew_mean     | 2.24e+03 |
| time/              |          |
|    episodes        | 432      |
|    fps             | 2101     |
|    time_elapsed    | 440      |
|    total_timesteps | 925792   |
| train/             |          |
|    actor_loss      | -3.43    |
|    critic_loss     | 0.00323  |
|    ent_coef        | 0.000472 |
|    ent_coef_loss   | -0.398   |
|    learning_rate   | 0.0003   |
|    n_updates       | 57799    |
---------------------------------
---------------------------------
| rollout/           |          |
|    ep_len_mean     | 1.53e+03 |
|    ep_rew_mean     | 2.35e+03 |
| time/              |          |
|    episodes        | 436      |
|    fps             | 2101     |
|    time_elapsed    | 440      |
|    total_timesteps | 926736   |
| train/             |          |
|    actor_loss      | -3.45    |
|    critic_loss     | 0.00768  |
|    ent_coef        | 0.000475 |
|    ent_coef_loss   | -2.16    |
|    learning_rate   | 0.0003   |
|    n_updates       | 57858    |
---------------------------------
---------------------------------
| rollout/           |          |
|    ep_len_mean     | 1.55e+03 |
|    ep_rew_mean     | 2.4e+03  |
| time/              |          |
|    episodes        | 440      |
|    fps             | 2101     |
|    time_elapsed    | 442      |
|    total_timesteps | 929936   |
| train/             |          |
|    actor_loss      | -3.34    |
|    critic_loss     | 0.000877 |
|    ent_coef        | 0.000446 |
|    ent_coef_loss   | -2.02    |
|    learning_rate   | 0.0003   |
|    n_updates       | 58058    |
---------------------------------
---------------------------------
| rollout/           |          |
|    ep_len_mean     | 1.51e+03 |
|    ep_rew_mean     | 2.34e+03 |
| time/              |          |
|    episodes        | 444      |
|    fps             | 2101     |
|    time_elapsed    | 442      |
|    total_timesteps | 930032   |
| train/             |          |
|    actor_loss      | -3.41    |
|    critic_loss     | 0.00112  |
|    ent_coef        | 0.000446 |
|    ent_coef_loss   | -8.04    |
|    learning_rate   | 0.0003   |
|    n_updates       | 58064    |
---------------------------------
---------------------------------
| rollout/           |          |
|    ep_len_mean     | 1.51e+03 |
|    ep_rew_mean     | 2.29e+03 |
| time/              |          |
|    episodes        | 448      |
|    fps             | 2102     |
|    time_elapsed    | 443      |
|    total_timesteps | 933120   |
| train/             |          |
|    actor_loss      | -3.34    |
|    critic_loss     | 0.0609   |
|    ent_coef        | 0.000443 |
|    ent_coef_loss   | 1.4      |
|    learning_rate   | 0.0003   |
|    n_updates       | 58257    |
---------------------------------
---------------------------------
| rollout/           |          |
|    ep_len_mean     | 1.45e+03 |
|    ep_rew_mean     | 2.07e+03 |
| time/              |          |
|    episodes        | 452      |
|    fps             | 2102     |
|    time_elapsed    | 445      |
|    total_timesteps | 936240   |
| train/             |          |
|    actor_loss      | -3.3     |
|    critic_loss     | 0.126    |
|    ent_coef        | 0.00046  |
|    ent_coef_loss   | -0.597   |
|    learning_rate   | 0.0003   |
|    n_updates       | 58452    |
---------------------------------
---------------------------------
| rollout/           |          |
|    ep_len_mean     | 1.4e+03  |
|    ep_rew_mean     | 1.9e+03  |
| time/              |          |
|    episodes        | 456      |
|    fps             | 2102     |
|    time_elapsed    | 450      |
|    total_timesteps | 948224   |
| train/             |          |
|    actor_loss      | -3.24    |
|    critic_loss     | 0.00142  |
|    ent_coef        | 0.000423 |
|    ent_coef_loss   | -1.33    |
|    learning_rate   | 0.0003   |
|    n_updates       | 59201    |
---------------------------------
---------------------------------
| rollout/           |          |
|    ep_len_mean     | 1.39e+03 |
|    ep_rew_mean     | 1.89e+03 |
| time/              |          |
|    episodes        | 460      |
|    fps             | 2102     |
|    time_elapsed    | 451      |
|    total_timesteps | 949984   |
| train/             |          |
|    actor_loss      | -3.24    |
|    critic_loss     | 0.00162  |
|    ent_coef        | 0.000423 |
|    ent_coef_loss   | 13.2     |
|    learning_rate   | 0.0003   |
|    n_updates       | 59311    |
---------------------------------
---------------------------------
| rollout/           |          |
|    ep_len_mean     | 1.3e+03  |
|    ep_rew_mean     | 1.79e+03 |
| time/              |          |
|    episodes        | 464      |
|    fps             | 2102     |
|    time_elapsed    | 453      |
|    total_timesteps | 953248   |
| train/             |          |
|    actor_loss      | -3.21    |
|    critic_loss     | 0.00128  |
|    ent_coef        | 0.000448 |
|    ent_coef_loss   | 11.7     |
|    learning_rate   | 0.0003   |
|    n_updates       | 59515    |
---------------------------------
---------------------------------
| rollout/           |          |
|    ep_len_mean     | 1.25e+03 |
|    ep_rew_mean     | 1.76e+03 |
| time/              |          |
|    episodes        | 468      |
|    fps             | 2103     |
|    time_elapsed    | 455      |
|    total_timesteps | 958992   |
| train/             |          |
|    actor_loss      | -3.16    |
|    critic_loss     | 0.0266   |
|    ent_coef        | 0.000433 |
|    ent_coef_loss   | 0.321    |
|    learning_rate   | 0.0003   |
|    n_updates       | 59874    |
---------------------------------
---------------------------------
| rollout/           |          |
|    ep_len_mean     | 1.21e+03 |
|    ep_rew_mean     | 1.78e+03 |
| time/              |          |
|    episodes        | 472      |
|    fps             | 2103     |
|    time_elapsed    | 458      |
|    total_timesteps | 964176   |
| train/             |          |
|    actor_loss      | -3.16    |
|    critic_loss     | 0.000474 |
|    ent_coef        | 0.000443 |
|    ent_coef_loss   | -3.84    |
|    learning_rate   | 0.0003   |
|    n_updates       | 60198    |
---------------------------------
---------------------------------
| rollout/           |          |
|    ep_len_mean     | 1.2e+03  |
|    ep_rew_mean     | 1.76e+03 |
| time/              |          |
|    episodes        | 476      |
|    fps             | 2103     |
|    time_elapsed    | 459      |
|    total_timesteps | 967232   |
| train/             |          |
|    actor_loss      | -3.1     |
|    critic_loss     | 0.0103   |
|    ent_coef        | 0.000442 |
|    ent_coef_loss   | 6.57     |
|    learning_rate   | 0.0003   |
|    n_updates       | 60389    |
---------------------------------
---------------------------------
| rollout/           |          |
|    ep_len_mean     | 1.19e+03 |
|    ep_rew_mean     | 1.76e+03 |
| time/              |          |
|    episodes        | 480      |
|    fps             | 2103     |
|    time_elapsed    | 459      |
|    total_timesteps | 967344   |
| train/             |          |
|    actor_loss      | -3.09    |
|    critic_loss     | 0.00149  |
|    ent_coef        | 0.000443 |
|    ent_coef_loss   | 5.1      |
|    learning_rate   | 0.0003   |
|    n_updates       | 60396    |
---------------------------------
---------------------------------
| rollout/           |          |
|    ep_len_mean     | 1.21e+03 |
|    ep_rew_mean     | 1.83e+03 |
| time/              |          |
|    episodes        | 484      |
|    fps             | 2103     |
|    time_elapsed    | 462      |
|    total_timesteps | 973072   |
| train/             |          |
|    actor_loss      | -3.09    |
|    critic_loss     | 0.00148  |
|    ent_coef        | 0.00045  |
|    ent_coef_loss   | 0.0372   |
|    learning_rate   | 0.0003   |
|    n_updates       | 60754    |
---------------------------------
---------------------------------
| rollout/           |          |
|    ep_len_mean     | 1.24e+03 |
|    ep_rew_mean     | 2e+03    |
| time/              |          |
|    episodes        | 488      |
|    fps             | 2103     |
|    time_elapsed    | 462      |
|    total_timesteps | 973392   |
| train/             |          |
|    actor_loss      | -3.07    |
|    critic_loss     | 0.0308   |
|    ent_coef        | 0.000451 |
|    ent_coef_loss   | 4.87     |
|    learning_rate   | 0.0003   |
|    n_updates       | 60774    |
---------------------------------
---------------------------------
| rollout/           |          |
|    ep_len_mean     | 1.18e+03 |
|    ep_rew_mean     | 1.85e+03 |
| time/              |          |
|    episodes        | 492      |
|    fps             | 2103     |
|    time_elapsed    | 463      |
|    total_timesteps | 974144   |
| train/             |          |
|    actor_loss      | -3.06    |
|    critic_loss     | 0.000438 |
|    ent_coef        | 0.000453 |
|    ent_coef_loss   | -7.98    |
|    learning_rate   | 0.0003   |
|    n_updates       | 60821    |
---------------------------------
---------------------------------
| rollout/           |          |
|    ep_len_mean     | 1.1e+03  |
|    ep_rew_mean     | 1.68e+03 |
| time/              |          |
|    episodes        | 496      |
|    fps             | 2103     |
|    time_elapsed    | 463      |
|    total_timesteps | 975360   |
| train/             |          |
|    actor_loss      | -3.06    |
|    critic_loss     | 0.0141   |
|    ent_coef        | 0.000443 |
|    ent_coef_loss   | 1.73     |
|    learning_rate   | 0.0003   |
|    n_updates       | 60897    |
---------------------------------
---------------------------------
| rollout/           |          |
|    ep_len_mean     | 1.03e+03 |
|    ep_rew_mean     | 1.48e+03 |
| time/              |          |
|    episodes        | 500      |
|    fps             | 2103     |
|    time_elapsed    | 464      |
|    total_timesteps | 976272   |
| train/             |          |
|    actor_loss      | -3.06    |
|    critic_loss     | 0.00125  |
|    ent_coef        | 0.00044  |
|    ent_coef_loss   | -7.12    |
|    learning_rate   | 0.0003   |
|    n_updates       | 60954    |
---------------------------------
---------------------------------
| rollout/           |          |
|    ep_len_mean     | 938      |
|    ep_rew_mean     | 1.29e+03 |
| time/              |          |
|    episodes        | 504      |
|    fps             | 2104     |
|    time_elapsed    | 466      |
|    total_timesteps | 980672   |
| train/             |          |
|    actor_loss      | -2.95    |
|    critic_loss     | 0.287    |
|    ent_coef        | 0.000415 |
|    ent_coef_loss   | -1.1     |
|    learning_rate   | 0.0003   |
|    n_updates       | 61229    |
---------------------------------
---------------------------------
| rollout/           |          |
|    ep_len_mean     | 866      |
|    ep_rew_mean     | 1.15e+03 |
| time/              |          |
|    episodes        | 508      |
|    fps             | 2104     |
|    time_elapsed    | 467      |
|    total_timesteps | 984752   |
| train/             |          |
|    actor_loss      | -2.96    |
|    critic_loss     | 0.301    |
|    ent_coef        | 0.000396 |
|    ent_coef_loss   | 1.06     |
|    learning_rate   | 0.0003   |
|    n_updates       | 61484    |
---------------------------------
---------------------------------
| rollout/           |          |
|    ep_len_mean     | 855      |
|    ep_rew_mean     | 1.18e+03 |
| time/              |          |
|    episodes        | 512      |
|    fps             | 2104     |
|    time_elapsed    | 468      |
|    total_timesteps | 986000   |
| train/             |          |
|    actor_loss      | -2.97    |
|    critic_loss     | 0.000721 |
|    ent_coef        | 0.000393 |
|    ent_coef_loss   | -1.72    |
|    learning_rate   | 0.0003   |
|    n_updates       | 61562    |
---------------------------------
---------------------------------
| rollout/           |          |
|    ep_len_mean     | 840      |
|    ep_rew_mean     | 1.25e+03 |
| time/              |          |
|    episodes        | 516      |
|    fps             | 2104     |
|    time_elapsed    | 468      |
|    total_timesteps | 986208   |
| train/             |          |
|    actor_loss      | -2.93    |
|    critic_loss     | 0.000579 |
|    ent_coef        | 0.000392 |
|    ent_coef_loss   | -1.16    |
|    learning_rate   | 0.0003   |
|    n_updates       | 61575    |
---------------------------------
---------------------------------
| rollout/           |          |
|    ep_len_mean     | 832      |
|    ep_rew_mean     | 1.25e+03 |
| time/              |          |
|    episodes        | 520      |
|    fps             | 2104     |
|    time_elapsed    | 468      |
|    total_timesteps | 986224   |
| train/             |          |
|    actor_loss      | -2.97    |
|    critic_loss     | 0.000586 |
|    ent_coef        | 0.000392 |
|    ent_coef_loss   | -1.6     |
|    learning_rate   | 0.0003   |
|    n_updates       | 61576    |
---------------------------------
---------------------------------
| rollout/           |          |
|    ep_len_mean     | 830      |
|    ep_rew_mean     | 1.26e+03 |
| time/              |          |
|    episodes        | 524      |
|    fps             | 2104     |
|    time_elapsed    | 469      |
|    total_timesteps | 987328   |
| train/             |          |
|    actor_loss      | -2.97    |
|    critic_loss     | 0.00184  |
|    ent_coef        | 0.00039  |
|    ent_coef_loss   | -1.23    |
|    learning_rate   | 0.0003   |
|    n_updates       | 61645    |
---------------------------------
---------------------------------
| rollout/           |          |
|    ep_len_mean     | 809      |
|    ep_rew_mean     | 1.21e+03 |
| time/              |          |
|    episodes        | 528      |
|    fps             | 2104     |
|    time_elapsed    | 469      |
|    total_timesteps | 987536   |
| train/             |          |
|    actor_loss      | -2.99    |
|    critic_loss     | 0.00199  |
|    ent_coef        | 0.00039  |
|    ent_coef_loss   | 2.22     |
|    learning_rate   | 0.0003   |
|    n_updates       | 61658    |
---------------------------------
---------------------------------
| rollout/           |          |
|    ep_len_mean     | 785      |
|    ep_rew_mean     | 1.16e+03 |
| time/              |          |
|    episodes        | 532      |
|    fps             | 2104     |
|    time_elapsed    | 469      |
|    total_timesteps | 987728   |
| train/             |          |
|    actor_loss      | -2.96    |
|    critic_loss     | 0.37     |
|    ent_coef        | 0.000391 |
|    ent_coef_loss   | 6.7      |
|    learning_rate   | 0.0003   |
|    n_updates       | 61670    |
---------------------------------
---------------------------------
| rollout/           |          |
|    ep_len_mean     | 743      |
|    ep_rew_mean     | 1.07e+03 |
| time/              |          |
|    episodes        | 536      |
|    fps             | 2104     |
|    time_elapsed    | 469      |
|    total_timesteps | 988928   |
| train/             |          |
|    actor_loss      | -2.9     |
|    critic_loss     | 0.00463  |
|    ent_coef        | 0.000391 |
|    ent_coef_loss   | 6.01     |
|    learning_rate   | 0.0003   |
|    n_updates       | 61745    |
---------------------------------
---------------------------------
| rollout/           |          |
|    ep_len_mean     | 712      |
|    ep_rew_mean     | 1.04e+03 |
| time/              |          |
|    episodes        | 540      |
|    fps             | 2104     |
|    time_elapsed    | 470      |
|    total_timesteps | 989104   |
| train/             |          |
|    actor_loss      | -2.98    |
|    critic_loss     | 0.00121  |
|    ent_coef        | 0.000392 |
|    ent_coef_loss   | 0.872    |
|    learning_rate   | 0.0003   |
|    n_updates       | 61756    |
---------------------------------
---------------------------------
| rollout/           |          |
|    ep_len_mean     | 659      |
|    ep_rew_mean     | 920      |
| time/              |          |
|    episodes        | 544      |
|    fps             | 2104     |
|    time_elapsed    | 470      |
|    total_timesteps | 989232   |
| train/             |          |
|    actor_loss      | -2.91    |
|    critic_loss     | 0.00504  |
|    ent_coef        | 0.000392 |
|    ent_coef_loss   | 3.09     |
|    learning_rate   | 0.0003   |
|    n_updates       | 61764    |
---------------------------------
---------------------------------
| rollout/           |          |
|    ep_len_mean     | 579      |
|    ep_rew_mean     | 768      |
| time/              |          |
|    episodes        | 548      |
|    fps             | 2104     |
|    time_elapsed    | 470      |
|    total_timesteps | 989920   |
| train/             |          |
|    actor_loss      | -2.91    |
|    critic_loss     | 0.136    |
|    ent_coef        | 0.000394 |
|    ent_coef_loss   | 3.08     |
|    learning_rate   | 0.0003   |
|    n_updates       | 61807    |
---------------------------------
---------------------------------
| rollout/           |          |
|    ep_len_mean     | 562      |
|    ep_rew_mean     | 771      |
| time/              |          |
|    episodes        | 552      |
|    fps             | 2104     |
|    time_elapsed    | 470      |
|    total_timesteps | 990352   |
| train/             |          |
|    actor_loss      | -2.98    |
|    critic_loss     | 0.00156  |
|    ent_coef        | 0.000393 |
|    ent_coef_loss   | -3.67    |
|    learning_rate   | 0.0003   |
|    n_updates       | 61834    |
---------------------------------
---------------------------------
| rollout/           |          |
|    ep_len_mean     | 529      |
|    ep_rew_mean     | 741      |
| time/              |          |
|    episodes        | 556      |
|    fps             | 2104     |
|    time_elapsed    | 470      |
|    total_timesteps | 990464   |
| train/             |          |
|    actor_loss      | -2.95    |
|    critic_loss     | 0.000372 |
|    ent_coef        | 0.000392 |
|    ent_coef_loss   | -6.42    |
|    learning_rate   | 0.0003   |
|    n_updates       | 61841    |
---------------------------------
---------------------------------
| rollout/           |          |
|    ep_len_mean     | 474      |
|    ep_rew_mean     | 640      |
| time/              |          |
|    episodes        | 560      |
|    fps             | 2104     |
|    time_elapsed    | 470      |
|    total_timesteps | 990608   |
| train/             |          |
|    actor_loss      | -2.95    |
|    critic_loss     | 0.000384 |
|    ent_coef        | 0.000391 |
|    ent_coef_loss   | -6.4     |
|    learning_rate   | 0.0003   |
|    n_updates       | 61850    |
---------------------------------
---------------------------------
| rollout/           |          |
|    ep_len_mean     | 470      |
|    ep_rew_mean     | 663      |
| time/              |          |
|    episodes        | 564      |
|    fps             | 2104     |
|    time_elapsed    | 471      |
|    total_timesteps | 992272   |
| train/             |          |
|    actor_loss      | -2.93    |
|    critic_loss     | 0.000618 |
|    ent_coef        | 0.000386 |
|    ent_coef_loss   | 5.09     |
|    learning_rate   | 0.0003   |
|    n_updates       | 61954    |
---------------------------------
---------------------------------
| rollout/           |          |
|    ep_len_mean     | 425      |
|    ep_rew_mean     | 569      |
| time/              |          |
|    episodes        | 568      |
|    fps             | 2104     |
|    time_elapsed    | 471      |
|    total_timesteps | 992352   |
| train/             |          |
|    actor_loss      | -2.95    |
|    critic_loss     | 0.000584 |
|    ent_coef        | 0.000386 |
|    ent_coef_loss   | 1.5      |
|    learning_rate   | 0.0003   |
|    n_updates       | 61959    |
---------------------------------
---------------------------------
| rollout/           |          |
|    ep_len_mean     | 371      |
|    ep_rew_mean     | 454      |
| time/              |          |
|    episodes        | 572      |
|    fps             | 2104     |
|    time_elapsed    | 471      |
|    total_timesteps | 992416   |
| train/             |          |
|    actor_loss      | -2.89    |
|    critic_loss     | 0.00329  |
|    ent_coef        | 0.000387 |
|    ent_coef_loss   | 2.36     |
|    learning_rate   | 0.0003   |
|    n_updates       | 61963    |
---------------------------------
---------------------------------
| rollout/           |          |
|    ep_len_mean     | 335      |
|    ep_rew_mean     | 404      |
| time/              |          |
|    episodes        | 576      |
|    fps             | 2104     |
|    time_elapsed    | 471      |
|    total_timesteps | 993088   |
| train/             |          |
|    actor_loss      | -2.92    |
|    critic_loss     | 0.00285  |
|    ent_coef        | 0.000392 |
|    ent_coef_loss   | 2.97     |
|    learning_rate   | 0.0003   |
|    n_updates       | 62005    |
---------------------------------
---------------------------------
| rollout/           |          |
|    ep_len_mean     | 330      |
|    ep_rew_mean     | 450      |
| time/              |          |
|    episodes        | 580      |
|    fps             | 2104     |
|    time_elapsed    | 472      |
|    total_timesteps | 993296   |
| train/             |          |
|    actor_loss      | -2.96    |
|    critic_loss     | 0.00724  |
|    ent_coef        | 0.000392 |
|    ent_coef_loss   | 5.32     |
|    learning_rate   | 0.0003   |
|    n_updates       | 62018    |
---------------------------------
---------------------------------
| rollout/           |          |
|    ep_len_mean     | 292      |
|    ep_rew_mean     | 382      |
| time/              |          |
|    episodes        | 584      |
|    fps             | 2104     |
|    time_elapsed    | 472      |
|    total_timesteps | 993376   |
| train/             |          |
|    actor_loss      | -2.91    |
|    critic_loss     | 0.00381  |
|    ent_coef        | 0.000393 |
|    ent_coef_loss   | 3.11     |
|    learning_rate   | 0.0003   |
|    n_updates       | 62023    |
---------------------------------
---------------------------------
| rollout/           |          |
|    ep_len_mean     | 256      |
|    ep_rew_mean     | 290      |
| time/              |          |
|    episodes        | 588      |
|    fps             | 2104     |
|    time_elapsed    | 472      |
|    total_timesteps | 993520   |
| train/             |          |
|    actor_loss      | -2.96    |
|    critic_loss     | 0.00105  |
|    ent_coef        | 0.000393 |
|    ent_coef_loss   | -0.332   |
|    learning_rate   | 0.0003   |
|    n_updates       | 62032    |
---------------------------------
---------------------------------
| rollout/           |          |
|    ep_len_mean     | 241      |
|    ep_rew_mean     | 246      |
| time/              |          |
|    episodes        | 592      |
|    fps             | 2104     |
|    time_elapsed    | 472      |
|    total_timesteps | 994928   |
| train/             |          |
|    actor_loss      | -2.91    |
|    critic_loss     | 0.0562   |
|    ent_coef        | 0.000398 |
|    ent_coef_loss   | 5.39     |
|    learning_rate   | 0.0003   |
|    n_updates       | 62120    |
---------------------------------
---------------------------------
| rollout/           |          |
|    ep_len_mean     | 230      |
|    ep_rew_mean     | 223      |
| time/              |          |
|    episodes        | 596      |
|    fps             | 2104     |
|    time_elapsed    | 472      |
|    total_timesteps | 994992   |
| train/             |          |
|    actor_loss      | -2.95    |
|    critic_loss     | 0.00055  |
|    ent_coef        | 0.000398 |
|    ent_coef_loss   | -0.014   |
|    learning_rate   | 0.0003   |
|    n_updates       | 62124    |
---------------------------------
---------------------------------
| rollout/           |          |
|    ep_len_mean     | 200      |
|    ep_rew_mean     | 187      |
| time/              |          |
|    episodes        | 600      |
|    fps             | 2104     |
|    time_elapsed    | 472      |
|    total_timesteps | 995232   |
| train/             |          |
|    actor_loss      | -2.92    |
|    critic_loss     | 0.000707 |
|    ent_coef        | 0.000399 |
|    ent_coef_loss   | 2.53     |
|    learning_rate   | 0.0003   |
|    n_updates       | 62139    |
---------------------------------
---------------------------------
| rollout/           |          |
|    ep_len_mean     | 192      |
|    ep_rew_mean     | 196      |
| time/              |          |
|    episodes        | 604      |
|    fps             | 2104     |
|    time_elapsed    | 473      |
|    total_timesteps | 995424   |
| train/             |          |
|    actor_loss      | -2.89    |
|    critic_loss     | 0.000614 |
|    ent_coef        | 0.000401 |
|    ent_coef_loss   | 5.25     |
|    learning_rate   | 0.0003   |
|    n_updates       | 62151    |
---------------------------------
---------------------------------
| rollout/           |          |
|    ep_len_mean     | 182      |
|    ep_rew_mean     | 187      |
| time/              |          |
|    episodes        | 608      |
|    fps             | 2104     |
|    time_elapsed    | 474      |
|    total_timesteps | 998448   |
| train/             |          |
|    actor_loss      | -2.92    |
|    critic_loss     | 0.000627 |
|    ent_coef        | 0.00042  |
|    ent_coef_loss   | 1.55     |
|    learning_rate   | 0.0003   |
|    n_updates       | 62340    |
---------------------------------
---------------------------------
| rollout/           |          |
|    ep_len_mean     | 185      |
|    ep_rew_mean     | 195      |
| time/              |          |
|    episodes        | 612      |
|    fps             | 2104     |
|    time_elapsed    | 474      |
|    total_timesteps | 998560   |
| train/             |          |
|    actor_loss      | -2.91    |
|    critic_loss     | 0.00498  |
|    ent_coef        | 0.00042  |
|    ent_coef_loss   | 4.97     |
|    learning_rate   | 0.0003   |
|    n_updates       | 62347    |
---------------------------------
---------------------------------
| rollout/           |          |
|    ep_len_mean     | 174      |
|    ep_rew_mean     | 184      |
| time/              |          |
|    episodes        | 616      |
|    fps             | 2104     |
|    time_elapsed    | 474      |
|    total_timesteps | 998736   |
| train/             |          |
|    actor_loss      | -2.93    |
|    critic_loss     | 0.00182  |
|    ent_coef        | 0.000421 |
|    ent_coef_loss   | 7.92     |
|    learning_rate   | 0.0003   |
|    n_updates       | 62358    |
---------------------------------
---------------------------------
| rollout/           |          |
|    ep_len_mean     | 163      |
|    ep_rew_mean     | 177      |
| time/              |          |
|    episodes        | 620      |
|    fps             | 2104     |
|    time_elapsed    | 476      |
|    total_timesteps | 1002176  |
| train/             |          |
|    actor_loss      | -2.89    |
|    critic_loss     | 0.000761 |
|    ent_coef        | 0.000435 |
|    ent_coef_loss   | -0.192   |
|    learning_rate   | 0.0003   |
|    n_updates       | 62573    |
---------------------------------
---------------------------------
| rollout/           |          |
|    ep_len_mean     | 166      |
|    ep_rew_mean     | 178      |
| time/              |          |
|    episodes        | 624      |
|    fps             | 2104     |
|    time_elapsed    | 477      |
|    total_timesteps | 1005264  |
| train/             |          |
|    actor_loss      | -2.87    |
|    critic_loss     | 0.0568   |
|    ent_coef        | 0.000447 |
|    ent_coef_loss   | 1.77     |
|    learning_rate   | 0.0003   |
|    n_updates       | 62766    |
---------------------------------
---------------------------------
| rollout/           |          |
|    ep_len_mean     | 183      |
|    ep_rew_mean     | 228      |
| time/              |          |
|    episodes        | 628      |
|    fps             | 2104     |
|    time_elapsed    | 477      |
|    total_timesteps | 1005376  |
| train/             |          |
|    actor_loss      | -2.82    |
|    critic_loss     | 0.0736   |
|    ent_coef        | 0.000448 |
|    ent_coef_loss   | 3.16     |
|    learning_rate   | 0.0003   |
|    n_updates       | 62773    |
---------------------------------
---------------------------------
| rollout/           |          |
|    ep_len_mean     | 197      |
|    ep_rew_mean     | 267      |
| time/              |          |
|    episodes        | 632      |
|    fps             | 2104     |
|    time_elapsed    | 477      |
|    total_timesteps | 1005600  |
| train/             |          |
|    actor_loss      | -2.86    |
|    critic_loss     | 0.00167  |
|    ent_coef        | 0.000449 |
|    ent_coef_loss   | -0.676   |
|    learning_rate   | 0.0003   |
|    n_updates       | 62787    |
---------------------------------
---------------------------------
| rollout/           |          |
|    ep_len_mean     | 208      |
|    ep_rew_mean     | 292      |
| time/              |          |
|    episodes        | 636      |
|    fps             | 2104     |
|    time_elapsed    | 480      |
|    total_timesteps | 1012032  |
| train/             |          |
|    actor_loss      | -2.77    |
|    critic_loss     | 0.0269   |
|    ent_coef        | 0.000415 |
|    ent_coef_loss   | 6.88     |
|    learning_rate   | 0.0003   |
|    n_updates       | 63189    |
---------------------------------
---------------------------------
| rollout/           |          |
|    ep_len_mean     | 229      |
|    ep_rew_mean     | 327      |
| time/              |          |
|    episodes        | 640      |
|    fps             | 2104     |
|    time_elapsed    | 485      |
|    total_timesteps | 1021200  |
| train/             |          |
|    actor_loss      | -2.79    |
|    critic_loss     | 0.00243  |
|    ent_coef        | 0.000424 |
|    ent_coef_loss   | 5.6      |
|    learning_rate   | 0.0003   |
|    n_updates       | 63762    |
---------------------------------
---------------------------------
| rollout/           |          |
|    ep_len_mean     | 267      |
|    ep_rew_mean     | 402      |
| time/              |          |
|    episodes        | 644      |
|    fps             | 2104     |
|    time_elapsed    | 486      |
|    total_timesteps | 1023600  |
| train/             |          |
|    actor_loss      | -2.77    |
|    critic_loss     | 0.00202  |
|    ent_coef        | 0.000442 |
|    ent_coef_loss   | -0.976   |
|    learning_rate   | 0.0003   |
|    n_updates       | 63912    |
---------------------------------
---------------------------------
| rollout/           |          |
|    ep_len_mean     | 324      |
|    ep_rew_mean     | 528      |
| time/              |          |
|    episodes        | 648      |
|    fps             | 2105     |
|    time_elapsed    | 489      |
|    total_timesteps | 1029824  |
| train/             |          |
|    actor_loss      | -2.75    |
|    critic_loss     | 0.0049   |
|    ent_coef        | 0.000461 |
|    ent_coef_loss   | 1.31     |
|    learning_rate   | 0.0003   |
|    n_updates       | 64301    |
---------------------------------
---------------------------------
| rollout/           |          |
|    ep_len_mean     | 368      |
|    ep_rew_mean     | 614      |
| time/              |          |
|    episodes        | 652      |
|    fps             | 2105     |
|    time_elapsed    | 489      |
|    total_timesteps | 1030304  |
| train/             |          |
|    actor_loss      | -2.73    |
|    critic_loss     | 0.00475  |
|    ent_coef        | 0.000463 |
|    ent_coef_loss   | 0.582    |
|    learning_rate   | 0.0003   |
|    n_updates       | 64331    |
---------------------------------
---------------------------------
| rollout/           |          |
|    ep_len_mean     | 400      |
|    ep_rew_mean     | 670      |
| time/              |          |
|    episodes        | 656      |
|    fps             | 2105     |
|    time_elapsed    | 490      |
|    total_timesteps | 1033728  |
| train/             |          |
|    actor_loss      | -2.72    |
|    critic_loss     | 0.0378   |
|    ent_coef        | 0.000452 |
|    ent_coef_loss   | 2.73     |
|    learning_rate   | 0.0003   |
|    n_updates       | 64545    |
---------------------------------
---------------------------------
| rollout/           |          |
|    ep_len_mean     | 411      |
|    ep_rew_mean     | 665      |
| time/              |          |
|    episodes        | 660      |
|    fps             | 2105     |
|    time_elapsed    | 491      |
|    total_timesteps | 1034656  |
| train/             |          |
|    actor_loss      | -2.68    |
|    critic_loss     | 0.00555  |
|    ent_coef        | 0.000462 |
|    ent_coef_loss   | 6.09     |
|    learning_rate   | 0.0003   |
|    n_updates       | 64603    |
---------------------------------
---------------------------------
| rollout/           |          |
|    ep_len_mean     | 429      |
|    ep_rew_mean     | 696      |
| time/              |          |
|    episodes        | 664      |
|    fps             | 2105     |
|    time_elapsed    | 493      |
|    total_timesteps | 1038256  |
| train/             |          |
|    actor_loss      | -2.67    |
|    critic_loss     | 0.00173  |
|    ent_coef        | 0.000436 |
|    ent_coef_loss   | -6.55    |
|    learning_rate   | 0.0003   |
|    n_updates       | 64828    |
---------------------------------
---------------------------------
| rollout/           |          |
|    ep_len_mean     | 441      |
|    ep_rew_mean     | 691      |
| time/              |          |
|    episodes        | 668      |
|    fps             | 2105     |
|    time_elapsed    | 493      |
|    total_timesteps | 1039664  |
| train/             |          |
|    actor_loss      | -2.69    |
|    critic_loss     | 0.000626 |
|    ent_coef        | 0.00043  |
|    ent_coef_loss   | 4.52     |
|    learning_rate   | 0.0003   |
|    n_updates       | 64916    |
---------------------------------
---------------------------------
| rollout/           |          |
|    ep_len_mean     | 475      |
|    ep_rew_mean     | 756      |
| time/              |          |
|    episodes        | 672      |
|    fps             | 2106     |
|    time_elapsed    | 496      |
|    total_timesteps | 1045744  |
| train/             |          |
|    actor_loss      | -2.65    |
|    critic_loss     | 0.000779 |
|    ent_coef        | 0.000442 |
|    ent_coef_loss   | 1.58     |
|    learning_rate   | 0.0003   |
|    n_updates       | 65296    |
---------------------------------
---------------------------------
| rollout/           |          |
|    ep_len_mean     | 495      |
|    ep_rew_mean     | 776      |
| time/              |          |
|    episodes        | 676      |
|    fps             | 2106     |
|    time_elapsed    | 497      |
|    total_timesteps | 1048192  |
| train/             |          |
|    actor_loss      | -2.6     |
|    critic_loss     | 0.00157  |
|    ent_coef        | 0.000443 |
|    ent_coef_loss   | 0.416    |
|    learning_rate   | 0.0003   |
|    n_updates       | 65449    |
---------------------------------
---------------------------------
| rollout/           |          |
|    ep_len_mean     | 517      |
|    ep_rew_mean     | 793      |
| time/              |          |
|    episodes        | 680      |
|    fps             | 2106     |
|    time_elapsed    | 498      |
|    total_timesteps | 1049152  |
| train/             |          |
|    actor_loss      | -2.6     |
|    critic_loss     | 0.00332  |
|    ent_coef        | 0.000439 |
|    ent_coef_loss   | -1.07    |
|    learning_rate   | 0.0003   |
|    n_updates       | 65509    |
---------------------------------
---------------------------------
| rollout/           |          |
|    ep_len_mean     | 560      |
|    ep_rew_mean     | 891      |
| time/              |          |
|    episodes        | 684      |
|    fps             | 2106     |
|    time_elapsed    | 501      |
|    total_timesteps | 1055568  |
| train/             |          |
|    actor_loss      | -2.61    |
|    critic_loss     | 0.000575 |
|    ent_coef        | 0.000433 |
|    ent_coef_loss   | -0.868   |
|    learning_rate   | 0.0003   |
|    n_updates       | 65910    |
---------------------------------
---------------------------------
| rollout/           |          |
|    ep_len_mean     | 603      |
|    ep_rew_mean     | 983      |
| time/              |          |
|    episodes        | 688      |
|    fps             | 2107     |
|    time_elapsed    | 503      |
|    total_timesteps | 1061168  |
| train/             |          |
|    actor_loss      | -2.59    |
|    critic_loss     | 0.0924   |
|    ent_coef        | 0.000439 |
|    ent_coef_loss   | 0.167    |
|    learning_rate   | 0.0003   |
|    n_updates       | 66260    |
---------------------------------
---------------------------------
| rollout/           |          |
|    ep_len_mean     | 624      |
|    ep_rew_mean     | 1.02e+03 |
| time/              |          |
|    episodes        | 692      |
|    fps             | 2107     |
|    time_elapsed    | 503      |
|    total_timesteps | 1061264  |
| train/             |          |
|    actor_loss      | -2.57    |
|    critic_loss     | 0.0005   |
|    ent_coef        | 0.000439 |
|    ent_coef_loss   | -4.35    |
|    learning_rate   | 0.0003   |
|    n_updates       | 66266    |
---------------------------------
---------------------------------
| rollout/           |          |
|    ep_len_mean     | 635      |
|    ep_rew_mean     | 1.03e+03 |
| time/              |          |
|    episodes        | 696      |
|    fps             | 2107     |
|    time_elapsed    | 504      |
|    total_timesteps | 1063344  |
| train/             |          |
|    actor_loss      | -2.57    |
|    critic_loss     | 0.00537  |
|    ent_coef        | 0.000425 |
|    ent_coef_loss   | -0.0793  |
|    learning_rate   | 0.0003   |
|    n_updates       | 66396    |
---------------------------------
---------------------------------
| rollout/           |          |
|    ep_len_mean     | 674      |
|    ep_rew_mean     | 1.11e+03 |
| time/              |          |
|    episodes        | 700      |
|    fps             | 2107     |
|    time_elapsed    | 506      |
|    total_timesteps | 1066336  |
| train/             |          |
|    actor_loss      | -2.58    |
|    critic_loss     | 0.00067  |
|    ent_coef        | 0.000416 |
|    ent_coef_loss   | -3.06    |
|    learning_rate   | 0.0003   |
|    n_updates       | 66583    |
---------------------------------
---------------------------------
| rollout/           |          |
|    ep_len_mean     | 691      |
|    ep_rew_mean     | 1.13e+03 |
| time/              |          |
|    episodes        | 704      |
|    fps             | 2107     |
|    time_elapsed    | 507      |
|    total_timesteps | 1069856  |
| train/             |          |
|    actor_loss      | -2.51    |
|    critic_loss     | 0.00223  |
|    ent_coef        | 0.000409 |
|    ent_coef_loss   | 2.42     |
|    learning_rate   | 0.0003   |
|    n_updates       | 66803    |
---------------------------------
---------------------------------
| rollout/           |          |
|    ep_len_mean     | 707      |
|    ep_rew_mean     | 1.15e+03 |
| time/              |          |
|    episodes        | 708      |
|    fps             | 2107     |
|    time_elapsed    | 507      |
|    total_timesteps | 1069936  |
| train/             |          |
|    actor_loss      | -2.55    |
|    critic_loss     | 0.00517  |
|    ent_coef        | 0.00041  |
|    ent_coef_loss   | 1.09     |
|    learning_rate   | 0.0003   |
|    n_updates       | 66808    |
---------------------------------
---------------------------------
| rollout/           |          |
|    ep_len_mean     | 713      |
|    ep_rew_mean     | 1.14e+03 |
| time/              |          |
|    episodes        | 712      |
|    fps             | 2107     |
|    time_elapsed    | 508      |
|    total_timesteps | 1071680  |
| train/             |          |
|    actor_loss      | -2.51    |
|    critic_loss     | 0.000705 |
|    ent_coef        | 0.000406 |
|    ent_coef_loss   | -1.25    |
|    learning_rate   | 0.0003   |
|    n_updates       | 66917    |
---------------------------------
---------------------------------
| rollout/           |          |
|    ep_len_mean     | 735      |
|    ep_rew_mean     | 1.16e+03 |
| time/              |          |
|    episodes        | 716      |
|    fps             | 2107     |
|    time_elapsed    | 510      |
|    total_timesteps | 1076256  |
| train/             |          |
|    actor_loss      | -2.54    |
|    critic_loss     | 0.00285  |
|    ent_coef        | 0.000387 |
|    ent_coef_loss   | -0.431   |
|    learning_rate   | 0.0003   |
|    n_updates       | 67203    |
---------------------------------
---------------------------------
| rollout/           |          |
|    ep_len_mean     | 742      |
|    ep_rew_mean     | 1.16e+03 |
| time/              |          |
|    episodes        | 720      |
|    fps             | 2107     |
|    time_elapsed    | 510      |
|    total_timesteps | 1076576  |
| train/             |          |
|    actor_loss      | -2.48    |
|    critic_loss     | 0.000914 |
|    ent_coef        | 0.000388 |
|    ent_coef_loss   | 5.56     |
|    learning_rate   | 0.0003   |
|    n_updates       | 67223    |
---------------------------------
---------------------------------
| rollout/           |          |
|    ep_len_mean     | 746      |
|    ep_rew_mean     | 1.15e+03 |
| time/              |          |
|    episodes        | 724      |
|    fps             | 2107     |
|    time_elapsed    | 510      |
|    total_timesteps | 1076608  |
| train/             |          |
|    actor_loss      | -2.52    |
|    critic_loss     | 0.00118  |
|    ent_coef        | 0.000389 |
|    ent_coef_loss   | 3.13     |
|    learning_rate   | 0.0003   |
|    n_updates       | 67225    |
---------------------------------
---------------------------------
| rollout/           |          |
|    ep_len_mean     | 741      |
|    ep_rew_mean     | 1.14e+03 |
| time/              |          |
|    episodes        | 728      |
|    fps             | 2107     |
|    time_elapsed    | 510      |
|    total_timesteps | 1076960  |
| train/             |          |
|    actor_loss      | -2.5     |
|    critic_loss     | 0.00121  |
|    ent_coef        | 0.00039  |
|    ent_coef_loss   | -0.802   |
|    learning_rate   | 0.0003   |
|    n_updates       | 67247    |
---------------------------------
---------------------------------
| rollout/           |          |
|    ep_len_mean     | 739      |
|    ep_rew_mean     | 1.12e+03 |
| time/              |          |
|    episodes        | 732      |
|    fps             | 2108     |
|    time_elapsed    | 512      |
|    total_timesteps | 1081184  |
| train/             |          |
|    actor_loss      | -2.48    |
|    critic_loss     | 0.000841 |
|    ent_coef        | 0.000398 |
|    ent_coef_loss   | -1.01    |
|    learning_rate   | 0.0003   |
|    n_updates       | 67511    |
---------------------------------
---------------------------------
| rollout/           |          |
|    ep_len_mean     | 734      |
|    ep_rew_mean     | 1.1e+03  |
| time/              |          |
|    episodes        | 736      |
|    fps             | 2108     |
|    time_elapsed    | 514      |
|    total_timesteps | 1085216  |
| train/             |          |
|    actor_loss      | -2.45    |
|    critic_loss     | 0.0031   |
|    ent_coef        | 0.000404 |
|    ent_coef_loss   | 3.78     |
|    learning_rate   | 0.0003   |
|    n_updates       | 67763    |
---------------------------------
---------------------------------
| rollout/           |          |
|    ep_len_mean     | 731      |
|    ep_rew_mean     | 1.09e+03 |
| time/              |          |
|    episodes        | 740      |
|    fps             | 2108     |
|    time_elapsed    | 514      |
|    total_timesteps | 1085344  |
| train/             |          |
|    actor_loss      | -2.49    |
|    critic_loss     | 0.000754 |
|    ent_coef        | 0.000404 |
|    ent_coef_loss   | 0.901    |
|    learning_rate   | 0.0003   |
|    n_updates       | 67771    |
---------------------------------
---------------------------------
| rollout/           |          |
|    ep_len_mean     | 711      |
|    ep_rew_mean     | 1.04e+03 |
| time/              |          |
|    episodes        | 744      |
|    fps             | 2108     |
|    time_elapsed    | 514      |
|    total_timesteps | 1085584  |
| train/             |          |
|    actor_loss      | -2.47    |
|    critic_loss     | 0.00211  |
|    ent_coef        | 0.000405 |
|    ent_coef_loss   | 0.895    |
|    learning_rate   | 0.0003   |
|    n_updates       | 67786    |
---------------------------------
---------------------------------
| rollout/           |          |
|    ep_len_mean     | 670      |
|    ep_rew_mean     | 948      |
| time/              |          |
|    episodes        | 748      |
|    fps             | 2108     |
|    time_elapsed    | 516      |
|    total_timesteps | 1089408  |
| train/             |          |
|    actor_loss      | -2.4     |
|    critic_loss     | 0.0171   |
|    ent_coef        | 0.000391 |
|    ent_coef_loss   | 1.1      |
|    learning_rate   | 0.0003   |
|    n_updates       | 68025    |
---------------------------------
---------------------------------
| rollout/           |          |
|    ep_len_mean     | 647      |
|    ep_rew_mean     | 895      |
| time/              |          |
|    episodes        | 752      |
|    fps             | 2108     |
|    time_elapsed    | 519      |
|    total_timesteps | 1095152  |
| train/             |          |
|    actor_loss      | -2.37    |
|    critic_loss     | 0.00055  |
|    ent_coef        | 0.000381 |
|    ent_coef_loss   | 3.46     |
|    learning_rate   | 0.0003   |
|    n_updates       | 68384    |
---------------------------------
---------------------------------
| rollout/           |          |
|    ep_len_mean     | 635      |
|    ep_rew_mean     | 869      |
| time/              |          |
|    episodes        | 756      |
|    fps             | 2109     |
|    time_elapsed    | 520      |
|    total_timesteps | 1096736  |
| train/             |          |
|    actor_loss      | -2.38    |
|    critic_loss     | 0.00121  |
|    ent_coef        | 0.000377 |
|    ent_coef_loss   | 2.15     |
|    learning_rate   | 0.0003   |
|    n_updates       | 68483    |
---------------------------------
---------------------------------
| rollout/           |          |
|    ep_len_mean     | 650      |
|    ep_rew_mean     | 919      |
| time/              |          |
|    episodes        | 760      |
|    fps             | 2108     |
|    time_elapsed    | 520      |
|    total_timesteps | 1097184  |
| train/             |          |
|    actor_loss      | -2.41    |
|    critic_loss     | 0.00276  |
|    ent_coef        | 0.000378 |
|    ent_coef_loss   | 0.515    |
|    learning_rate   | 0.0003   |
|    n_updates       | 68511    |
---------------------------------
---------------------------------
| rollout/           |          |
|    ep_len_mean     | 654      |
|    ep_rew_mean     | 918      |
| time/              |          |
|    episodes        | 764      |
|    fps             | 2109     |
|    time_elapsed    | 520      |
|    total_timesteps | 1098592  |
| train/             |          |
|    actor_loss      | -2.39    |
|    critic_loss     | 0.00213  |
|    ent_coef        | 0.000373 |
|    ent_coef_loss   | -3.64    |
|    learning_rate   | 0.0003   |
|    n_updates       | 68599    |
---------------------------------
---------------------------------
| rollout/           |          |
|    ep_len_mean     | 657      |
|    ep_rew_mean     | 941      |
| time/              |          |
|    episodes        | 768      |
|    fps             | 2109     |
|    time_elapsed    | 522      |
|    total_timesteps | 1102816  |
| train/             |          |
|    actor_loss      | -2.37    |
|    critic_loss     | 0.000575 |
|    ent_coef        | 0.000362 |
|    ent_coef_loss   | -4.1     |
|    learning_rate   | 0.0003   |
|    n_updates       | 68863    |
---------------------------------
---------------------------------
| rollout/           |          |
|    ep_len_mean     | 636      |
|    ep_rew_mean     | 890      |
| time/              |          |
|    episodes        | 772      |
|    fps             | 2109     |
|    time_elapsed    | 523      |
|    total_timesteps | 1103344  |
| train/             |          |
|    actor_loss      | -2.37    |
|    critic_loss     | 0.000351 |
|    ent_coef        | 0.000358 |
|    ent_coef_loss   | -5.42    |
|    learning_rate   | 0.0003   |
|    n_updates       | 68896    |
---------------------------------
---------------------------------
| rollout/           |          |
|    ep_len_mean     | 607      |
|    ep_rew_mean     | 831      |
| time/              |          |
|    episodes        | 776      |
|    fps             | 2109     |
|    time_elapsed    | 523      |
|    total_timesteps | 1104224  |
| train/             |          |
|    actor_loss      | -2.39    |
|    critic_loss     | 0.00117  |
|    ent_coef        | 0.000353 |
|    ent_coef_loss   | 0.953    |
|    learning_rate   | 0.0003   |
|    n_updates       | 68951    |
---------------------------------
---------------------------------
| rollout/           |          |
|    ep_len_mean     | 603      |
|    ep_rew_mean     | 837      |
| time/              |          |
|    episodes        | 780      |
|    fps             | 2109     |
|    time_elapsed    | 525      |
|    total_timesteps | 1109104  |
| train/             |          |
|    actor_loss      | -2.33    |
|    critic_loss     | 0.0013   |
|    ent_coef        | 0.000343 |
|    ent_coef_loss   | -0.563   |
|    learning_rate   | 0.0003   |
|    n_updates       | 69256    |
---------------------------------
---------------------------------
| rollout/           |          |
|    ep_len_mean     | 593      |
|    ep_rew_mean     | 798      |
| time/              |          |
|    episodes        | 784      |
|    fps             | 2110     |
|    time_elapsed    | 533      |
|    total_timesteps | 1125440  |
| train/             |          |
|    actor_loss      | -2.31    |
|    critic_loss     | 0.00241  |
|    ent_coef        | 0.000353 |
|    ent_coef_loss   | -2.27    |
|    learning_rate   | 0.0003   |
|    n_updates       | 70277    |
---------------------------------
---------------------------------
| rollout/           |          |
|    ep_len_mean     | 617      |
|    ep_rew_mean     | 839      |
| time/              |          |
|    episodes        | 788      |
|    fps             | 2110     |
|    time_elapsed    | 535      |
|    total_timesteps | 1129392  |
| train/             |          |
|    actor_loss      | -2.32    |
|    critic_loss     | 0.00355  |
|    ent_coef        | 0.000349 |
|    ent_coef_loss   | 2.13     |
|    learning_rate   | 0.0003   |
|    n_updates       | 70524    |
---------------------------------
---------------------------------
| rollout/           |          |
|    ep_len_mean     | 648      |
|    ep_rew_mean     | 902      |
| time/              |          |
|    episodes        | 792      |
|    fps             | 2111     |
|    time_elapsed    | 538      |
|    total_timesteps | 1136528  |
| train/             |          |
|    actor_loss      | -2.29    |
|    critic_loss     | 0.00218  |
|    ent_coef        | 0.000331 |
|    ent_coef_loss   | 0.762    |
|    learning_rate   | 0.0003   |
|    n_updates       | 70970    |
---------------------------------
---------------------------------
| rollout/           |          |
|    ep_len_mean     | 705      |
|    ep_rew_mean     | 1.02e+03 |
| time/              |          |
|    episodes        | 796      |
|    fps             | 2111     |
|    time_elapsed    | 539      |
|    total_timesteps | 1138416  |
| train/             |          |
|    actor_loss      | -2.21    |
|    critic_loss     | 0.000642 |
|    ent_coef        | 0.000332 |
|    ent_coef_loss   | -1.94    |
|    learning_rate   | 0.0003   |
|    n_updates       | 71088    |
---------------------------------
---------------------------------
| rollout/           |          |
|    ep_len_mean     | 737      |
|    ep_rew_mean     | 1.06e+03 |
| time/              |          |
|    episodes        | 800      |
|    fps             | 2112     |
|    time_elapsed    | 546      |
|    total_timesteps | 1155328  |
| train/             |          |
|    actor_loss      | -2.16    |
|    critic_loss     | 0.00117  |
|    ent_coef        | 0.000342 |
|    ent_coef_loss   | 5.24     |
|    learning_rate   | 0.0003   |
|    n_updates       | 72145    |
---------------------------------
---------------------------------
| rollout/           |          |
|    ep_len_mean     | 772      |
|    ep_rew_mean     | 1.13e+03 |
| time/              |          |
|    episodes        | 804      |
|    fps             | 2112     |
|    time_elapsed    | 549      |
|    total_timesteps | 1161104  |
| train/             |          |
|    actor_loss      | -2.18    |
|    critic_loss     | 0.000529 |
|    ent_coef        | 0.000335 |
|    ent_coef_loss   | -2.92    |
|    learning_rate   | 0.0003   |
|    n_updates       | 72506    |
---------------------------------
---------------------------------
| rollout/           |          |
|    ep_len_mean     | 827      |
|    ep_rew_mean     | 1.24e+03 |
| time/              |          |
|    episodes        | 808      |
|    fps             | 2113     |
|    time_elapsed    | 553      |
|    total_timesteps | 1169472  |
| train/             |          |
|    actor_loss      | -2.16    |
|    critic_loss     | 0.000559 |
|    ent_coef        | 0.000332 |
|    ent_coef_loss   | -0.618   |
|    learning_rate   | 0.0003   |
|    n_updates       | 73029    |
---------------------------------
---------------------------------
| rollout/           |          |
|    ep_len_mean     | 879      |
|    ep_rew_mean     | 1.35e+03 |
| time/              |          |
|    episodes        | 812      |
|    fps             | 2114     |
|    time_elapsed    | 558      |
|    total_timesteps | 1180208  |
| train/             |          |
|    actor_loss      | -2.09    |
|    critic_loss     | 0.0302   |
|    ent_coef        | 0.000322 |
|    ent_coef_loss   | 1.5      |
|    learning_rate   | 0.0003   |
|    n_updates       | 73700    |
---------------------------------
---------------------------------
| rollout/           |          |
|    ep_len_mean     | 974      |
|    ep_rew_mean     | 1.48e+03 |
| time/              |          |
|    episodes        | 816      |
|    fps             | 2114     |
|    time_elapsed    | 563      |
|    total_timesteps | 1192320  |
| train/             |          |
|    actor_loss      | -2.08    |
|    critic_loss     | 0.00092  |
|    ent_coef        | 0.000344 |
|    ent_coef_loss   | -3       |
|    learning_rate   | 0.0003   |
|    n_updates       | 74457    |
---------------------------------
---------------------------------
| rollout/           |          |
|    ep_len_mean     | 1.07e+03 |
|    ep_rew_mean     | 1.63e+03 |
| time/              |          |
|    episodes        | 820      |
|    fps             | 2114     |
|    time_elapsed    | 564      |
|    total_timesteps | 1193840  |
| train/             |          |
|    actor_loss      | -2.1     |
|    critic_loss     | 0.0147   |
|    ent_coef        | 0.000343 |
|    ent_coef_loss   | -0.913   |
|    learning_rate   | 0.0003   |
|    n_updates       | 74552    |
---------------------------------
---------------------------------
| rollout/           |          |
|    ep_len_mean     | 1.1e+03  |
|    ep_rew_mean     | 1.64e+03 |
| time/              |          |
|    episodes        | 824      |
|    fps             | 2115     |
|    time_elapsed    | 569      |
|    total_timesteps | 1204352  |
| train/             |          |
|    actor_loss      | -2       |
|    critic_loss     | 0.000659 |
|    ent_coef        | 0.000334 |
|    ent_coef_loss   | 6.67     |
|    learning_rate   | 0.0003   |
|    n_updates       | 75209    |
---------------------------------
---------------------------------
| rollout/           |          |
|    ep_len_mean     | 1.21e+03 |
|    ep_rew_mean     | 1.71e+03 |
| time/              |          |
|    episodes        | 828      |
|    fps             | 2117     |
|    time_elapsed    | 583      |
|    total_timesteps | 1236128  |
| train/             |          |
|    actor_loss      | -1.96    |
|    critic_loss     | 0.00107  |
|    ent_coef        | 0.000331 |
|    ent_coef_loss   | 3.5      |
|    learning_rate   | 0.0003   |
|    n_updates       | 77195    |
---------------------------------
---------------------------------
| rollout/           |          |
|    ep_len_mean     | 1.31e+03 |
|    ep_rew_mean     | 1.9e+03  |
| time/              |          |
|    episodes        | 832      |
|    fps             | 2117     |
|    time_elapsed    | 587      |
|    total_timesteps | 1243968  |
| train/             |          |
|    actor_loss      | -1.93    |
|    critic_loss     | 0.00109  |
|    ent_coef        | 0.000333 |
|    ent_coef_loss   | 1.03     |
|    learning_rate   | 0.0003   |
|    n_updates       | 77685    |
---------------------------------
---------------------------------
| rollout/           |          |
|    ep_len_mean     | 1.46e+03 |
|    ep_rew_mean     | 2.07e+03 |
| time/              |          |
|    episodes        | 836      |
|    fps             | 2117     |
|    time_elapsed    | 588      |
|    total_timesteps | 1245696  |
| train/             |          |
|    actor_loss      | -1.86    |
|    critic_loss     | 0.00378  |
|    ent_coef        | 0.000332 |
|    ent_coef_loss   | -0.433   |
|    learning_rate   | 0.0003   |
|    n_updates       | 77793    |
---------------------------------
---------------------------------
| rollout/           |          |
|    ep_len_mean     | 1.57e+03 |
|    ep_rew_mean     | 2.25e+03 |
| time/              |          |
|    episodes        | 840      |
|    fps             | 2117     |
|    time_elapsed    | 590      |
|    total_timesteps | 1249808  |
| train/             |          |
|    actor_loss      | -1.85    |
|    critic_loss     | 0.124    |
|    ent_coef        | 0.000334 |
|    ent_coef_loss   | 1.02     |
|    learning_rate   | 0.0003   |
|    n_updates       | 78050    |
---------------------------------
---------------------------------
| rollout/           |          |
|    ep_len_mean     | 1.58e+03 |
|    ep_rew_mean     | 2.22e+03 |
| time/              |          |
|    episodes        | 844      |
|    fps             | 2118     |
|    time_elapsed    | 597      |
|    total_timesteps | 1265808  |
| train/             |          |
|    actor_loss      | -1.88    |
|    critic_loss     | 0.0176   |
|    ent_coef        | 0.000306 |
|    ent_coef_loss   | -2.12    |
|    learning_rate   | 0.0003   |
|    n_updates       | 79050    |
---------------------------------
---------------------------------
| rollout/           |          |
|    ep_len_mean     | 1.68e+03 |
|    ep_rew_mean     | 2.34e+03 |
| time/              |          |
|    episodes        | 848      |
|    fps             | 2118     |
|    time_elapsed    | 603      |
|    total_timesteps | 1279680  |
| train/             |          |
|    actor_loss      | -1.88    |
|    critic_loss     | 0.00089  |
|    ent_coef        | 0.00027  |
|    ent_coef_loss   | 0.053    |
|    learning_rate   | 0.0003   |
|    n_updates       | 79917    |
---------------------------------
---------------------------------
| rollout/           |          |
|    ep_len_mean     | 1.78e+03 |
|    ep_rew_mean     | 2.45e+03 |
| time/              |          |
|    episodes        | 852      |
|    fps             | 2119     |
|    time_elapsed    | 611      |
|    total_timesteps | 1295792  |
| train/             |          |
|    actor_loss      | -1.81    |
|    critic_loss     | 0.00389  |
|    ent_coef        | 0.000258 |
|    ent_coef_loss   | -2.15    |
|    learning_rate   | 0.0003   |
|    n_updates       | 80924    |
---------------------------------
---------------------------------
| rollout/           |          |
|    ep_len_mean     | 1.88e+03 |
|    ep_rew_mean     | 2.65e+03 |
| time/              |          |
|    episodes        | 856      |
|    fps             | 2119     |
|    time_elapsed    | 615      |
|    total_timesteps | 1304192  |
| train/             |          |
|    actor_loss      | -1.81    |
|    critic_loss     | 0.000733 |
|    ent_coef        | 0.00025  |
|    ent_coef_loss   | 3.22     |
|    learning_rate   | 0.0003   |
|    n_updates       | 81449    |
---------------------------------
---------------------------------
| rollout/           |          |
|    ep_len_mean     | 1.92e+03 |
|    ep_rew_mean     | 2.69e+03 |
| time/              |          |
|    episodes        | 860      |
|    fps             | 2119     |
|    time_elapsed    | 617      |
|    total_timesteps | 1308880  |
| train/             |          |
|    actor_loss      | -1.79    |
|    critic_loss     | 0.0205   |
|    ent_coef        | 0.000234 |
|    ent_coef_loss   | 6.65     |
|    learning_rate   | 0.0003   |
|    n_updates       | 81742    |
---------------------------------
---------------------------------
| rollout/           |          |
|    ep_len_mean     | 2e+03    |
|    ep_rew_mean     | 2.81e+03 |
| time/              |          |
|    episodes        | 864      |
|    fps             | 2119     |
|    time_elapsed    | 622      |
|    total_timesteps | 1319264  |
| train/             |          |
|    actor_loss      | -1.76    |
|    critic_loss     | 0.00062  |
|    ent_coef        | 0.000252 |
|    ent_coef_loss   | 5.24     |
|    learning_rate   | 0.0003   |
|    n_updates       | 82391    |
---------------------------------
---------------------------------
| rollout/           |          |
|    ep_len_mean     | 2.13e+03 |
|    ep_rew_mean     | 2.99e+03 |
| time/              |          |
|    episodes        | 868      |
|    fps             | 2120     |
|    time_elapsed    | 625      |
|    total_timesteps | 1325584  |
| train/             |          |
|    actor_loss      | -1.72    |
|    critic_loss     | 0.000622 |
|    ent_coef        | 0.000269 |
|    ent_coef_loss   | -3.93    |
|    learning_rate   | 0.0003   |
|    n_updates       | 82786    |
---------------------------------
---------------------------------
| rollout/           |          |
|    ep_len_mean     | 2.15e+03 |
|    ep_rew_mean     | 2.99e+03 |
| time/              |          |
|    episodes        | 872      |
|    fps             | 2120     |
|    time_elapsed    | 627      |
|    total_timesteps | 1330624  |
| train/             |          |
|    actor_loss      | -1.74    |
|    critic_loss     | 0.00175  |
|    ent_coef        | 0.000261 |
|    ent_coef_loss   | 1.86     |
|    learning_rate   | 0.0003   |
|    n_updates       | 83101    |
---------------------------------
---------------------------------
| rollout/           |          |
|    ep_len_mean     | 2.2e+03  |
|    ep_rew_mean     | 3.07e+03 |
| time/              |          |
|    episodes        | 876      |
|    fps             | 2120     |
|    time_elapsed    | 631      |
|    total_timesteps | 1338976  |
| train/             |          |
|    actor_loss      | -1.74    |
|    critic_loss     | 0.00101  |
|    ent_coef        | 0.000273 |
|    ent_coef_loss   | 10       |
|    learning_rate   | 0.0003   |
|    n_updates       | 83623    |
---------------------------------
---------------------------------
| rollout/           |          |
|    ep_len_mean     | 2.26e+03 |
|    ep_rew_mean     | 3.2e+03  |
| time/              |          |
|    episodes        | 880      |
|    fps             | 2120     |
|    time_elapsed    | 639      |
|    total_timesteps | 1356384  |
| train/             |          |
|    actor_loss      | -1.71    |
|    critic_loss     | 0.00204  |
|    ent_coef        | 0.000232 |
|    ent_coef_loss   | 2.04     |
|    learning_rate   | 0.0003   |
|    n_updates       | 84711    |
---------------------------------
---------------------------------
| rollout/           |          |
|    ep_len_mean     | 2.33e+03 |
|    ep_rew_mean     | 3.32e+03 |
| time/              |          |
|    episodes        | 884      |
|    fps             | 2120     |
|    time_elapsed    | 644      |
|    total_timesteps | 1367696  |
| train/             |          |
|    actor_loss      | -1.68    |
|    critic_loss     | 0.00323  |
|    ent_coef        | 0.000232 |
|    ent_coef_loss   | -1.95    |
|    learning_rate   | 0.0003   |
|    n_updates       | 85418    |
---------------------------------
---------------------------------
| rollout/           |          |
|    ep_len_mean     | 2.37e+03 |
|    ep_rew_mean     | 3.41e+03 |
| time/              |          |
|    episodes        | 888      |
|    fps             | 2120     |
|    time_elapsed    | 645      |
|    total_timesteps | 1368144  |
| train/             |          |
|    actor_loss      | -1.67    |
|    critic_loss     | 0.000423 |
|    ent_coef        | 0.000232 |
|    ent_coef_loss   | 1.77     |
|    learning_rate   | 0.0003   |
|    n_updates       | 85446    |
---------------------------------
---------------------------------
| rollout/           |          |
|    ep_len_mean     | 2.42e+03 |
|    ep_rew_mean     | 3.43e+03 |
| time/              |          |
|    episodes        | 892      |
|    fps             | 2121     |
|    time_elapsed    | 656      |
|    total_timesteps | 1393104  |
| train/             |          |
|    actor_loss      | -1.63    |
|    critic_loss     | 0.00277  |
|    ent_coef        | 0.000244 |
|    ent_coef_loss   | -2.83    |
|    learning_rate   | 0.0003   |
|    n_updates       | 87006    |
---------------------------------
---------------------------------
| rollout/           |          |
|    ep_len_mean     | 2.45e+03 |
|    ep_rew_mean     | 3.4e+03  |
| time/              |          |
|    episodes        | 896      |
|    fps             | 2121     |
|    time_elapsed    | 659      |
|    total_timesteps | 1398320  |
| train/             |          |
|    actor_loss      | -1.64    |
|    critic_loss     | 0.000843 |
|    ent_coef        | 0.000223 |
|    ent_coef_loss   | 2.34     |
|    learning_rate   | 0.0003   |
|    n_updates       | 87332    |
---------------------------------
---------------------------------
| rollout/           |          |
|    ep_len_mean     | 2.47e+03 |
|    ep_rew_mean     | 3.46e+03 |
| time/              |          |
|    episodes        | 900      |
|    fps             | 2121     |
|    time_elapsed    | 660      |
|    total_timesteps | 1401920  |
| train/             |          |
|    actor_loss      | -1.63    |
|    critic_loss     | 0.00164  |
|    ent_coef        | 0.000224 |
|    ent_coef_loss   | -3.95    |
|    learning_rate   | 0.0003   |
|    n_updates       | 87557    |
---------------------------------
---------------------------------
| rollout/           |          |
|    ep_len_mean     | 2.54e+03 |
|    ep_rew_mean     | 3.61e+03 |
| time/              |          |
|    episodes        | 904      |
|    fps             | 2121     |
|    time_elapsed    | 666      |
|    total_timesteps | 1413536  |
| train/             |          |
|    actor_loss      | -1.63    |
|    critic_loss     | 0.000954 |
|    ent_coef        | 0.000222 |
|    ent_coef_loss   | -3.33    |
|    learning_rate   | 0.0003   |
|    n_updates       | 88283    |
---------------------------------
---------------------------------
| rollout/           |          |
|    ep_len_mean     | 2.56e+03 |
|    ep_rew_mean     | 3.61e+03 |
| time/              |          |
|    episodes        | 908      |
|    fps             | 2122     |
|    time_elapsed    | 670      |
|    total_timesteps | 1423952  |
| train/             |          |
|    actor_loss      | -1.59    |
|    critic_loss     | 0.000577 |
|    ent_coef        | 0.00022  |
|    ent_coef_loss   | 1.29     |
|    learning_rate   | 0.0003   |
|    n_updates       | 88934    |
---------------------------------
---------------------------------
| rollout/           |          |
|    ep_len_mean     | 2.55e+03 |
|    ep_rew_mean     | 3.57e+03 |
| time/              |          |
|    episodes        | 912      |
|    fps             | 2122     |
|    time_elapsed    | 673      |
|    total_timesteps | 1429776  |
| train/             |          |
|    actor_loss      | -1.61    |
|    critic_loss     | 0.000282 |
|    ent_coef        | 0.000217 |
|    ent_coef_loss   | -1.86    |
|    learning_rate   | 0.0003   |
|    n_updates       | 89298    |
---------------------------------
---------------------------------
| rollout/           |          |
|    ep_len_mean     | 2.47e+03 |
|    ep_rew_mean     | 3.43e+03 |
| time/              |          |
|    episodes        | 916      |
|    fps             | 2122     |
|    time_elapsed    | 674      |
|    total_timesteps | 1430624  |
| train/             |          |
|    actor_loss      | -1.59    |
|    critic_loss     | 0.116    |
|    ent_coef        | 0.000217 |
|    ent_coef_loss   | 0.111    |
|    learning_rate   | 0.0003   |
|    n_updates       | 89351    |
---------------------------------
---------------------------------
| rollout/           |          |
|    ep_len_mean     | 2.49e+03 |
|    ep_rew_mean     | 3.47e+03 |
| time/              |          |
|    episodes        | 920      |
|    fps             | 2122     |
|    time_elapsed    | 683      |
|    total_timesteps | 1451440  |
| train/             |          |
|    actor_loss      | -1.57    |
|    critic_loss     | 0.00343  |
|    ent_coef        | 0.000211 |
|    ent_coef_loss   | 1.21     |
|    learning_rate   | 0.0003   |
|    n_updates       | 90652    |
---------------------------------
---------------------------------
| rollout/           |          |
|    ep_len_mean     | 2.55e+03 |
|    ep_rew_mean     | 3.64e+03 |
| time/              |          |
|    episodes        | 924      |
|    fps             | 2123     |
|    time_elapsed    | 688      |
|    total_timesteps | 1461632  |
| train/             |          |
|    actor_loss      | -1.55    |
|    critic_loss     | 0.00965  |
|    ent_coef        | 0.000212 |
|    ent_coef_loss   | -0.926   |
|    learning_rate   | 0.0003   |
|    n_updates       | 91289    |
---------------------------------
---------------------------------
| rollout/           |          |
|    ep_len_mean     | 2.49e+03 |
|    ep_rew_mean     | 3.63e+03 |
| time/              |          |
|    episodes        | 928      |
|    fps             | 2123     |
|    time_elapsed    | 688      |
|    total_timesteps | 1462608  |
| train/             |          |
|    actor_loss      | -1.55    |
|    critic_loss     | 0.00104  |
|    ent_coef        | 0.000212 |
|    ent_coef_loss   | 3.51     |
|    learning_rate   | 0.0003   |
|    n_updates       | 91350    |
---------------------------------
---------------------------------
| rollout/           |          |
|    ep_len_mean     | 2.43e+03 |
|    ep_rew_mean     | 3.52e+03 |
| time/              |          |
|    episodes        | 932      |
|    fps             | 2123     |
|    time_elapsed    | 691      |
|    total_timesteps | 1467440  |
| train/             |          |
|    actor_loss      | -1.52    |
|    critic_loss     | 0.00281  |
|    ent_coef        | 0.000221 |
|    ent_coef_loss   | 8.29     |
|    learning_rate   | 0.0003   |
|    n_updates       | 91652    |
---------------------------------
---------------------------------
| rollout/           |          |
|    ep_len_mean     | 2.35e+03 |
|    ep_rew_mean     | 3.41e+03 |
| time/              |          |
|    episodes        | 936      |
|    fps             | 2123     |
|    time_elapsed    | 702      |
|    total_timesteps | 1492528  |
| train/             |          |
|    actor_loss      | -1.52    |
|    critic_loss     | 0.0468   |
|    ent_coef        | 0.000224 |
|    ent_coef_loss   | -1.41    |
|    learning_rate   | 0.0003   |
|    n_updates       | 93220    |
---------------------------------
---------------------------------
| rollout/           |          |
|    ep_len_mean     | 2.33e+03 |
|    ep_rew_mean     | 3.31e+03 |
| time/              |          |
|    episodes        | 940      |
|    fps             | 2123     |
|    time_elapsed    | 704      |
|    total_timesteps | 1497104  |
| train/             |          |
|    actor_loss      | -1.48    |
|    critic_loss     | 0.002    |
|    ent_coef        | 0.000224 |
|    ent_coef_loss   | 1.94     |
|    learning_rate   | 0.0003   |
|    n_updates       | 93506    |
---------------------------------
---------------------------------
| rollout/           |          |
|    ep_len_mean     | 2.44e+03 |
|    ep_rew_mean     | 3.43e+03 |
| time/              |          |
|    episodes        | 944      |
|    fps             | 2124     |
|    time_elapsed    | 708      |
|    total_timesteps | 1505840  |
| train/             |          |
|    actor_loss      | -1.45    |
|    critic_loss     | 0.000745 |
|    ent_coef        | 0.00022  |
|    ent_coef_loss   | -3.04    |
|    learning_rate   | 0.0003   |
|    n_updates       | 94052    |
---------------------------------
---------------------------------
| rollout/           |          |
|    ep_len_mean     | 2.45e+03 |
|    ep_rew_mean     | 3.4e+03  |
| time/              |          |
|    episodes        | 948      |
|    fps             | 2124     |
|    time_elapsed    | 714      |
|    total_timesteps | 1518096  |
| train/             |          |
|    actor_loss      | -1.48    |
|    critic_loss     | 0.00273  |
|    ent_coef        | 0.000203 |
|    ent_coef_loss   | -2.06    |
|    learning_rate   | 0.0003   |
|    n_updates       | 94818    |
---------------------------------
---------------------------------
| rollout/           |          |
|    ep_len_mean     | 2.4e+03  |
|    ep_rew_mean     | 3.35e+03 |
| time/              |          |
|    episodes        | 952      |
|    fps             | 2124     |
|    time_elapsed    | 716      |
|    total_timesteps | 1522624  |
| train/             |          |
|    actor_loss      | -1.47    |
|    critic_loss     | 0.00114  |
|    ent_coef        | 0.000198 |
|    ent_coef_loss   | 2.45     |
|    learning_rate   | 0.0003   |
|    n_updates       | 95101    |
---------------------------------
---------------------------------
| rollout/           |          |
|    ep_len_mean     | 2.39e+03 |
|    ep_rew_mean     | 3.26e+03 |
| time/              |          |
|    episodes        | 956      |
|    fps             | 2124     |
|    time_elapsed    | 720      |
|    total_timesteps | 1531184  |
| train/             |          |
|    actor_loss      | -1.45    |
|    critic_loss     | 0.000629 |
|    ent_coef        | 0.000212 |
|    ent_coef_loss   | 0.277    |
|    learning_rate   | 0.0003   |
|    n_updates       | 95636    |
---------------------------------
---------------------------------
| rollout/           |          |
|    ep_len_mean     | 2.37e+03 |
|    ep_rew_mean     | 3.25e+03 |
| time/              |          |
|    episodes        | 960      |
|    fps             | 2125     |
|    time_elapsed    | 727      |
|    total_timesteps | 1545904  |
| train/             |          |
|    actor_loss      | -1.4     |
|    critic_loss     | 0.00155  |
|    ent_coef        | 0.000208 |
|    ent_coef_loss   | 2.98     |
|    learning_rate   | 0.0003   |
|    n_updates       | 96556    |
---------------------------------
---------------------------------
| rollout/           |          |
|    ep_len_mean     | 2.39e+03 |
|    ep_rew_mean     | 3.32e+03 |
| time/              |          |
|    episodes        | 964      |
|    fps             | 2125     |
|    time_elapsed    | 732      |
|    total_timesteps | 1557392  |
| train/             |          |
|    actor_loss      | -1.4     |
|    critic_loss     | 0.00055  |
|    ent_coef        | 0.000222 |
|    ent_coef_loss   | 3.3      |
|    learning_rate   | 0.0003   |
|    n_updates       | 97274    |
---------------------------------
---------------------------------
| rollout/           |          |
|    ep_len_mean     | 2.36e+03 |
|    ep_rew_mean     | 3.36e+03 |
| time/              |          |
|    episodes        | 968      |
|    fps             | 2126     |
|    time_elapsed    | 741      |
|    total_timesteps | 1576256  |
| train/             |          |
|    actor_loss      | -1.37    |
|    critic_loss     | 0.00125  |
|    ent_coef        | 0.00021  |
|    ent_coef_loss   | -1.93    |
|    learning_rate   | 0.0003   |
|    n_updates       | 98453    |
---------------------------------
---------------------------------
| rollout/           |          |
|    ep_len_mean     | 2.45e+03 |
|    ep_rew_mean     | 3.58e+03 |
| time/              |          |
|    episodes        | 972      |
|    fps             | 2126     |
|    time_elapsed    | 743      |
|    total_timesteps | 1581088  |
| train/             |          |
|    actor_loss      | -1.37    |
|    critic_loss     | 0.000351 |
|    ent_coef        | 0.000213 |
|    ent_coef_loss   | 0.561    |
|    learning_rate   | 0.0003   |
|    n_updates       | 98755    |
---------------------------------
---------------------------------
| rollout/           |          |
|    ep_len_mean     | 2.49e+03 |
|    ep_rew_mean     | 3.68e+03 |
| time/              |          |
|    episodes        | 976      |
|    fps             | 2126     |
|    time_elapsed    | 752      |
|    total_timesteps | 1599488  |
| train/             |          |
|    actor_loss      | -1.36    |
|    critic_loss     | 0.00316  |
|    ent_coef        | 0.000212 |
|    ent_coef_loss   | -1.1     |
|    learning_rate   | 0.0003   |
|    n_updates       | 99905    |
---------------------------------
---------------------------------
| rollout/           |          |
|    ep_len_mean     | 2.52e+03 |
|    ep_rew_mean     | 3.73e+03 |
| time/              |          |
|    episodes        | 980      |
|    fps             | 2126     |
|    time_elapsed    | 753      |
|    total_timesteps | 1602176  |
| train/             |          |
|    actor_loss      | -1.36    |
|    critic_loss     | 0.000688 |
|    ent_coef        | 0.000211 |
|    ent_coef_loss   | -0.387   |
|    learning_rate   | 0.0003   |
|    n_updates       | 100073   |
---------------------------------
---------------------------------
| rollout/           |          |
|    ep_len_mean     | 2.55e+03 |
|    ep_rew_mean     | 3.82e+03 |
| time/              |          |
|    episodes        | 984      |
|    fps             | 2126     |
|    time_elapsed    | 761      |
|    total_timesteps | 1620608  |
| train/             |          |
|    actor_loss      | -1.35    |
|    critic_loss     | 0.000232 |
|    ent_coef        | 0.000203 |
|    ent_coef_loss   | -4.65    |
|    learning_rate   | 0.0003   |
|    n_updates       | 101225   |
---------------------------------
---------------------------------
| rollout/           |          |
|    ep_len_mean     | 2.58e+03 |
|    ep_rew_mean     | 3.83e+03 |
| time/              |          |
|    episodes        | 988      |
|    fps             | 2127     |
|    time_elapsed    | 768      |
|    total_timesteps | 1634528  |
| train/             |          |
|    actor_loss      | -1.33    |
|    critic_loss     | 0.14     |
|    ent_coef        | 0.000199 |
|    ent_coef_loss   | -0.694   |
|    learning_rate   | 0.0003   |
|    n_updates       | 102095   |
---------------------------------
---------------------------------
| rollout/           |          |
|    ep_len_mean     | 2.55e+03 |
|    ep_rew_mean     | 3.84e+03 |
| time/              |          |
|    episodes        | 992      |
|    fps             | 2127     |
|    time_elapsed    | 775      |
|    total_timesteps | 1650160  |
| train/             |          |
|    actor_loss      | -1.3     |
|    critic_loss     | 0.00106  |
|    ent_coef        | 0.000196 |
|    ent_coef_loss   | -1.88    |
|    learning_rate   | 0.0003   |
|    n_updates       | 103072   |
---------------------------------
---------------------------------
| rollout/           |          |
|    ep_len_mean     | 2.55e+03 |
|    ep_rew_mean     | 3.93e+03 |
| time/              |          |
|    episodes        | 996      |
|    fps             | 2127     |
|    time_elapsed    | 777      |
|    total_timesteps | 1654352  |
| train/             |          |
|    actor_loss      | -1.32    |
|    critic_loss     | 0.0067   |
|    ent_coef        | 0.000194 |
|    ent_coef_loss   | -0.232   |
|    learning_rate   | 0.0003   |
|    n_updates       | 103334   |
---------------------------------
---------------------------------
| rollout/           |          |
|    ep_len_mean     | 2.53e+03 |
|    ep_rew_mean     | 3.85e+03 |
| time/              |          |
|    episodes        | 1000     |
|    fps             | 2127     |
|    time_elapsed    | 778      |
|    total_timesteps | 1656880  |
| train/             |          |
|    actor_loss      | -1.28    |
|    critic_loss     | 0.000571 |
|    ent_coef        | 0.000196 |
|    ent_coef_loss   | 0.276    |
|    learning_rate   | 0.0003   |
|    n_updates       | 103492   |
---------------------------------
---------------------------------
| rollout/           |          |
|    ep_len_mean     | 2.51e+03 |
|    ep_rew_mean     | 3.79e+03 |
| time/              |          |
|    episodes        | 1004     |
|    fps             | 2127     |
|    time_elapsed    | 781      |
|    total_timesteps | 1663088  |
| train/             |          |
|    actor_loss      | -1.27    |
|    critic_loss     | 0.00156  |
|    ent_coef        | 0.000185 |
|    ent_coef_loss   | 0.84     |
|    learning_rate   | 0.0003   |
|    n_updates       | 103880   |
---------------------------------
---------------------------------
| rollout/           |          |
|    ep_len_mean     | 2.44e+03 |
|    ep_rew_mean     | 3.62e+03 |
| time/              |          |
|    episodes        | 1008     |
|    fps             | 2127     |
|    time_elapsed    | 781      |
|    total_timesteps | 1663328  |
| train/             |          |
|    actor_loss      | -1.31    |
|    critic_loss     | 0.000289 |
|    ent_coef        | 0.000184 |
|    ent_coef_loss   | -1.52    |
|    learning_rate   | 0.0003   |
|    n_updates       | 103895   |
---------------------------------
---------------------------------
| rollout/           |          |
|    ep_len_mean     | 2.43e+03 |
|    ep_rew_mean     | 3.58e+03 |
| time/              |          |
|    episodes        | 1012     |
|    fps             | 2127     |
|    time_elapsed    | 786      |
|    total_timesteps | 1674240  |
| train/             |          |
|    actor_loss      | -1.25    |
|    critic_loss     | 0.000342 |
|    ent_coef        | 0.000192 |
|    ent_coef_loss   | 1.61     |
|    learning_rate   | 0.0003   |
|    n_updates       | 104577   |
---------------------------------
---------------------------------
| rollout/           |          |
|    ep_len_mean     | 2.46e+03 |
|    ep_rew_mean     | 3.7e+03  |
| time/              |          |
|    episodes        | 1016     |
|    fps             | 2127     |
|    time_elapsed    | 789      |
|    total_timesteps | 1679184  |
| train/             |          |
|    actor_loss      | -1.27    |
|    critic_loss     | 0.000457 |
|    ent_coef        | 0.000193 |
|    ent_coef_loss   | -2.21    |
|    learning_rate   | 0.0003   |
|    n_updates       | 104886   |
---------------------------------
---------------------------------
| rollout/           |          |
|    ep_len_mean     | 2.4e+03  |
|    ep_rew_mean     | 3.62e+03 |
| time/              |          |
|    episodes        | 1020     |
|    fps             | 2127     |
|    time_elapsed    | 789      |
|    total_timesteps | 1680688  |
| train/             |          |
|    actor_loss      | -1.27    |
|    critic_loss     | 0.00146  |
|    ent_coef        | 0.00019  |
|    ent_coef_loss   | 2.11     |
|    learning_rate   | 0.0003   |
|    n_updates       | 104980   |
---------------------------------
---------------------------------
| rollout/           |          |
|    ep_len_mean     | 2.37e+03 |
|    ep_rew_mean     | 3.54e+03 |
| time/              |          |
|    episodes        | 1024     |
|    fps             | 2127     |
|    time_elapsed    | 796      |
|    total_timesteps | 1695120  |
| train/             |          |
|    actor_loss      | -1.28    |
|    critic_loss     | 0.000505 |
|    ent_coef        | 0.000202 |
|    ent_coef_loss   | -0.219   |
|    learning_rate   | 0.0003   |
|    n_updates       | 105882   |
---------------------------------
---------------------------------
| rollout/           |          |
|    ep_len_mean     | 2.39e+03 |
|    ep_rew_mean     | 3.59e+03 |
| time/              |          |
|    episodes        | 1028     |
|    fps             | 2128     |
|    time_elapsed    | 804      |
|    total_timesteps | 1712336  |
| train/             |          |
|    actor_loss      | -1.26    |
|    critic_loss     | 0.00271  |
|    ent_coef        | 0.000198 |
|    ent_coef_loss   | -0.473   |
|    learning_rate   | 0.0003   |
|    n_updates       | 106958   |
---------------------------------
---------------------------------
| rollout/           |          |
|    ep_len_mean     | 2.42e+03 |
|    ep_rew_mean     | 3.64e+03 |
| time/              |          |
|    episodes        | 1032     |
|    fps             | 2128     |
|    time_elapsed    | 812      |
|    total_timesteps | 1730240  |
| train/             |          |
|    actor_loss      | -1.23    |
|    critic_loss     | 0.000273 |
|    ent_coef        | 0.000214 |
|    ent_coef_loss   | -0.967   |
|    learning_rate   | 0.0003   |
|    n_updates       | 108077   |
---------------------------------
---------------------------------
| rollout/           |          |
|    ep_len_mean     | 2.48e+03 |
|    ep_rew_mean     | 3.85e+03 |
| time/              |          |
|    episodes        | 1036     |
|    fps             | 2128     |
|    time_elapsed    | 814      |
|    total_timesteps | 1733008  |
| train/             |          |
|    actor_loss      | -1.2     |
|    critic_loss     | 0.00137  |
|    ent_coef        | 0.00021  |
|    ent_coef_loss   | -1.65    |
|    learning_rate   | 0.0003   |
|    n_updates       | 108250   |
---------------------------------
---------------------------------
| rollout/           |          |
|    ep_len_mean     | 2.46e+03 |
|    ep_rew_mean     | 3.88e+03 |
| time/              |          |
|    episodes        | 1040     |
|    fps             | 2128     |
|    time_elapsed    | 816      |
|    total_timesteps | 1737696  |
| train/             |          |
|    actor_loss      | -1.2     |
|    critic_loss     | 0.000397 |
|    ent_coef        | 0.000201 |
|    ent_coef_loss   | -1.91    |
|    learning_rate   | 0.0003   |
|    n_updates       | 108543   |
---------------------------------
---------------------------------
| rollout/           |          |
|    ep_len_mean     | 2.46e+03 |
|    ep_rew_mean     | 3.98e+03 |
| time/              |          |
|    episodes        | 1044     |
|    fps             | 2129     |
|    time_elapsed    | 829      |
|    total_timesteps | 1766096  |
| train/             |          |
|    actor_loss      | -1.21    |
|    critic_loss     | 0.000336 |
|    ent_coef        | 0.0002   |
|    ent_coef_loss   | 1.36     |
|    learning_rate   | 0.0003   |
|    n_updates       | 110318   |
---------------------------------
---------------------------------
| rollout/           |          |
|    ep_len_mean     | 2.46e+03 |
|    ep_rew_mean     | 4.06e+03 |
| time/              |          |
|    episodes        | 1048     |
|    fps             | 2129     |
|    time_elapsed    | 838      |
|    total_timesteps | 1785408  |
| train/             |          |
|    actor_loss      | -1.17    |
|    critic_loss     | 0.00591  |
|    ent_coef        | 0.000201 |
|    ent_coef_loss   | -1.5     |
|    learning_rate   | 0.0003   |
|    n_updates       | 111525   |
---------------------------------
---------------------------------
| rollout/           |          |
|    ep_len_mean     | 2.5e+03  |
|    ep_rew_mean     | 4.11e+03 |
| time/              |          |
|    episodes        | 1052     |
|    fps             | 2129     |
|    time_elapsed    | 840      |
|    total_timesteps | 1790944  |
| train/             |          |
|    actor_loss      | -1.17    |
|    critic_loss     | 0.00136  |
|    ent_coef        | 0.00019  |
|    ent_coef_loss   | -1.26    |
|    learning_rate   | 0.0003   |
|    n_updates       | 111871   |
---------------------------------
---------------------------------
| rollout/           |          |
|    ep_len_mean     | 2.54e+03 |
|    ep_rew_mean     | 4.24e+03 |
| time/              |          |
|    episodes        | 1056     |
|    fps             | 2129     |
|    time_elapsed    | 841      |
|    total_timesteps | 1792544  |
| train/             |          |
|    actor_loss      | -1.16    |
|    critic_loss     | 0.0137   |
|    ent_coef        | 0.000195 |
|    ent_coef_loss   | 2.34     |
|    learning_rate   | 0.0003   |
|    n_updates       | 111971   |
---------------------------------
---------------------------------
| rollout/           |          |
|    ep_len_mean     | 2.58e+03 |
|    ep_rew_mean     | 4.33e+03 |
| time/              |          |
|    episodes        | 1060     |
|    fps             | 2130     |
|    time_elapsed    | 848      |
|    total_timesteps | 1807520  |
| train/             |          |
|    actor_loss      | -1.13    |
|    critic_loss     | 0.00209  |
|    ent_coef        | 0.000193 |
|    ent_coef_loss   | 0.57     |
|    learning_rate   | 0.0003   |
|    n_updates       | 112907   |
---------------------------------
---------------------------------
| rollout/           |          |
|    ep_len_mean     | 2.5e+03  |
|    ep_rew_mean     | 4.14e+03 |
| time/              |          |
|    episodes        | 1064     |
|    fps             | 2130     |
|    time_elapsed    | 853      |
|    total_timesteps | 1817808  |
| train/             |          |
|    actor_loss      | -1.08    |
|    critic_loss     | 0.00618  |
|    ent_coef        | 0.00019  |
|    ent_coef_loss   | 1.36     |
|    learning_rate   | 0.0003   |
|    n_updates       | 113550   |
---------------------------------
---------------------------------
| rollout/           |          |
|    ep_len_mean     | 2.47e+03 |
|    ep_rew_mean     | 3.98e+03 |
| time/              |          |
|    episodes        | 1068     |
|    fps             | 2130     |
|    time_elapsed    | 862      |
|    total_timesteps | 1837696  |
| train/             |          |
|    actor_loss      | -1.13    |
|    critic_loss     | 0.000404 |
|    ent_coef        | 0.000203 |
|    ent_coef_loss   | 1.38     |
|    learning_rate   | 0.0003   |
|    n_updates       | 114793   |
---------------------------------
---------------------------------
| rollout/           |          |
|    ep_len_mean     | 2.4e+03  |
|    ep_rew_mean     | 3.83e+03 |
| time/              |          |
|    episodes        | 1072     |
|    fps             | 2131     |
|    time_elapsed    | 868      |
|    total_timesteps | 1851616  |
| train/             |          |
|    actor_loss      | -1.08    |
|    critic_loss     | 0.199    |
|    ent_coef        | 0.0002   |
|    ent_coef_loss   | 2.05     |
|    learning_rate   | 0.0003   |
|    n_updates       | 115663   |
---------------------------------
---------------------------------
| rollout/           |          |
|    ep_len_mean     | 2.36e+03 |
|    ep_rew_mean     | 3.65e+03 |
| time/              |          |
|    episodes        | 1076     |
|    fps             | 2131     |
|    time_elapsed    | 870      |
|    total_timesteps | 1855616  |
| train/             |          |
|    actor_loss      | -1.13    |
|    critic_loss     | 0.000499 |
|    ent_coef        | 0.000199 |
|    ent_coef_loss   | 5.02     |
|    learning_rate   | 0.0003   |
|    n_updates       | 115913   |
---------------------------------
---------------------------------
| rollout/           |          |
|    ep_len_mean     | 2.38e+03 |
|    ep_rew_mean     | 3.65e+03 |
| time/              |          |
|    episodes        | 1080     |
|    fps             | 2131     |
|    time_elapsed    | 872      |
|    total_timesteps | 1860208  |
| train/             |          |
|    actor_loss      | -1.09    |
|    critic_loss     | 0.000566 |
|    ent_coef        | 0.000203 |
|    ent_coef_loss   | 1.65     |
|    learning_rate   | 0.0003   |
|    n_updates       | 116200   |
---------------------------------
---------------------------------
| rollout/           |          |
|    ep_len_mean     | 2.3e+03  |
|    ep_rew_mean     | 3.41e+03 |
| time/              |          |
|    episodes        | 1084     |
|    fps             | 2131     |
|    time_elapsed    | 875      |
|    total_timesteps | 1866496  |
| train/             |          |
|    actor_loss      | -1.08    |
|    critic_loss     | 0.0102   |
|    ent_coef        | 0.0002   |
|    ent_coef_loss   | 0.233    |
|    learning_rate   | 0.0003   |
|    n_updates       | 116593   |
---------------------------------
---------------------------------
| rollout/           |          |
|    ep_len_mean     | 2.48e+03 |
|    ep_rew_mean     | 3.47e+03 |
| time/              |          |
|    episodes        | 1088     |
|    fps             | 2132     |
|    time_elapsed    | 893      |
|    total_timesteps | 1904688  |
| train/             |          |
|    actor_loss      | -1.07    |
|    critic_loss     | 0.000238 |
|    ent_coef        | 0.000201 |
|    ent_coef_loss   | 1.09     |
|    learning_rate   | 0.0003   |
|    n_updates       | 118980   |
---------------------------------
---------------------------------
| rollout/           |          |
|    ep_len_mean     | 2.46e+03 |
|    ep_rew_mean     | 3.25e+03 |
| time/              |          |
|    episodes        | 1092     |
|    fps             | 2132     |
|    time_elapsed    | 894      |
|    total_timesteps | 1906512  |
| train/             |          |
|    actor_loss      | -1.07    |
|    critic_loss     | 0.000853 |
|    ent_coef        | 0.000204 |
|    ent_coef_loss   | -1.31    |
|    learning_rate   | 0.0003   |
|    n_updates       | 119094   |
---------------------------------
---------------------------------
| rollout/           |          |
|    ep_len_mean     | 2.55e+03 |
|    ep_rew_mean     | 3.26e+03 |
| time/              |          |
|    episodes        | 1096     |
|    fps             | 2132     |
|    time_elapsed    | 913      |
|    total_timesteps | 1946624  |
| train/             |          |
|    actor_loss      | -1       |
|    critic_loss     | 0.00353  |
|    ent_coef        | 0.000231 |
|    ent_coef_loss   | -1.54    |
|    learning_rate   | 0.0003   |
|    n_updates       | 121601   |
---------------------------------
---------------------------------
| rollout/           |          |
|    ep_len_mean     | 2.69e+03 |
|    ep_rew_mean     | 3.19e+03 |
| time/              |          |
|    episodes        | 1100     |
|    fps             | 2131     |
|    time_elapsed    | 918      |
|    total_timesteps | 1959088  |
| train/             |          |
|    actor_loss      | -0.982   |
|    critic_loss     | 0.000625 |
|    ent_coef        | 0.000225 |
|    ent_coef_loss   | 1.38     |
|    learning_rate   | 0.0003   |
|    n_updates       | 122380   |
---------------------------------
---------------------------------
| rollout/           |          |
|    ep_len_mean     | 2.64e+03 |
|    ep_rew_mean     | 3.05e+03 |
| time/              |          |
|    episodes        | 1104     |
|    fps             | 2131     |
|    time_elapsed    | 919      |
|    total_timesteps | 1961120  |
| train/             |          |
|    actor_loss      | -1.05    |
|    critic_loss     | 0.000261 |
|    ent_coef        | 0.000226 |
|    ent_coef_loss   | -4.82    |
|    learning_rate   | 0.0003   |
|    n_updates       | 122507   |
---------------------------------
---------------------------------
| rollout/           |          |
|    ep_len_mean     | 2.7e+03  |
|    ep_rew_mean     | 3.12e+03 |
| time/              |          |
|    episodes        | 1108     |
|    fps             | 2131     |
|    time_elapsed    | 922      |
|    total_timesteps | 1965776  |
| train/             |          |
|    actor_loss      | -1.02    |
|    critic_loss     | 0.00117  |
|    ent_coef        | 0.000226 |
|    ent_coef_loss   | -0.653   |
|    learning_rate   | 0.0003   |
|    n_updates       | 122798   |
---------------------------------
---------------------------------
| rollout/           |          |
|    ep_len_mean     | 2.72e+03 |
|    ep_rew_mean     | 3.11e+03 |
| time/              |          |
|    episodes        | 1112     |
|    fps             | 2131     |
|    time_elapsed    | 923      |
|    total_timesteps | 1968704  |
| train/             |          |
|    actor_loss      | -0.961   |
|    critic_loss     | 0.00374  |
|    ent_coef        | 0.000232 |
|    ent_coef_loss   | 0.752    |
|    learning_rate   | 0.0003   |
|    n_updates       | 122981   |
---------------------------------
---------------------------------
| rollout/           |          |
|    ep_len_mean     | 2.9e+03  |
|    ep_rew_mean     | 2.89e+03 |
| time/              |          |
|    episodes        | 1116     |
|    fps             | 2132     |
|    time_elapsed    | 945      |
|    total_timesteps | 2017088  |
| train/             |          |
|    actor_loss      | -0.991   |
|    critic_loss     | 0.000351 |
|    ent_coef        | 0.000226 |
|    ent_coef_loss   | -0.999   |
|    learning_rate   | 0.0003   |
|    n_updates       | 126005   |
---------------------------------
---------------------------------
| rollout/           |          |
|    ep_len_mean     | 2.99e+03 |
|    ep_rew_mean     | 2.82e+03 |
| time/              |          |
|    episodes        | 1120     |
|    fps             | 2132     |
|    time_elapsed    | 954      |
|    total_timesteps | 2036192  |
| train/             |          |
|    actor_loss      | -0.975   |
|    critic_loss     | 0.000709 |
|    ent_coef        | 0.00022  |
|    ent_coef_loss   | 1.67     |
|    learning_rate   | 0.0003   |
|    n_updates       | 127199   |
---------------------------------
---------------------------------
| rollout/           |          |
|    ep_len_mean     | 3.01e+03 |
|    ep_rew_mean     | 2.74e+03 |
| time/              |          |
|    episodes        | 1124     |
|    fps             | 2132     |
|    time_elapsed    | 955      |
|    total_timesteps | 2037728  |
| train/             |          |
|    actor_loss      | -0.985   |
|    critic_loss     | 0.000253 |
|    ent_coef        | 0.000225 |
|    ent_coef_loss   | 1.22     |
|    learning_rate   | 0.0003   |
|    n_updates       | 127295   |
---------------------------------
---------------------------------
| rollout/           |          |
|    ep_len_mean     | 2.98e+03 |
|    ep_rew_mean     | 2.64e+03 |
| time/              |          |
|    episodes        | 1128     |
|    fps             | 2132     |
|    time_elapsed    | 956      |
|    total_timesteps | 2039616  |
| train/             |          |
|    actor_loss      | -0.957   |
|    critic_loss     | 0.00101  |
|    ent_coef        | 0.000228 |
|    ent_coef_loss   | 2.95     |
|    learning_rate   | 0.0003   |
|    n_updates       | 127413   |
---------------------------------
---------------------------------
| rollout/           |          |
|    ep_len_mean     | 2.91e+03 |
|    ep_rew_mean     | 2.54e+03 |
| time/              |          |
|    episodes        | 1132     |
|    fps             | 2132     |
|    time_elapsed    | 956      |
|    total_timesteps | 2040816  |
| train/             |          |
|    actor_loss      | -0.976   |
|    critic_loss     | 0.000342 |
|    ent_coef        | 0.000236 |
|    ent_coef_loss   | -1.43    |
|    learning_rate   | 0.0003   |
|    n_updates       | 127488   |
---------------------------------
---------------------------------
| rollout/           |          |
|    ep_len_mean     | 2.92e+03 |
|    ep_rew_mean     | 2.34e+03 |
| time/              |          |
|    episodes        | 1136     |
|    fps             | 2132     |
|    time_elapsed    | 958      |
|    total_timesteps | 2043472  |
| train/             |          |
|    actor_loss      | -0.947   |
|    critic_loss     | 0.00209  |
|    ent_coef        | 0.000231 |
|    ent_coef_loss   | -0.834   |
|    learning_rate   | 0.0003   |
|    n_updates       | 127654   |
---------------------------------
---------------------------------
| rollout/           |          |
|    ep_len_mean     | 2.83e+03 |
|    ep_rew_mean     | 2.19e+03 |
| time/              |          |
|    episodes        | 1140     |
|    fps             | 2132     |
|    time_elapsed    | 958      |
|    total_timesteps | 2044352  |
| train/             |          |
|    actor_loss      | -0.947   |
|    critic_loss     | 0.000362 |
|    ent_coef        | 0.00023  |
|    ent_coef_loss   | 0.284    |
|    learning_rate   | 0.0003   |
|    n_updates       | 127709   |
---------------------------------
---------------------------------
| rollout/           |          |
|    ep_len_mean     | 2.71e+03 |
|    ep_rew_mean     | 1.97e+03 |
| time/              |          |
|    episodes        | 1144     |
|    fps             | 2132     |
|    time_elapsed    | 960      |
|    total_timesteps | 2047616  |
| train/             |          |
|    actor_loss      | -0.968   |
|    critic_loss     | 0.000235 |
|    ent_coef        | 0.000228 |
|    ent_coef_loss   | -1.48    |
|    learning_rate   | 0.0003   |
|    n_updates       | 127913   |
---------------------------------
---------------------------------
| rollout/           |          |
|    ep_len_mean     | 2.59e+03 |
|    ep_rew_mean     | 1.8e+03  |
| time/              |          |
|    episodes        | 1148     |
|    fps             | 2132     |
|    time_elapsed    | 963      |
|    total_timesteps | 2054928  |
| train/             |          |
|    actor_loss      | -0.883   |
|    critic_loss     | 0.000476 |
|    ent_coef        | 0.000227 |
|    ent_coef_loss   | 5.46     |
|    learning_rate   | 0.0003   |
|    n_updates       | 128370   |
---------------------------------
---------------------------------
| rollout/           |          |
|    ep_len_mean     | 2.5e+03  |
|    ep_rew_mean     | 1.67e+03 |
| time/              |          |
|    episodes        | 1152     |
|    fps             | 2132     |
|    time_elapsed    | 964      |
|    total_timesteps | 2057712  |
| train/             |          |
|    actor_loss      | -0.97    |
|    critic_loss     | 0.00165  |
|    ent_coef        | 0.00023  |
|    ent_coef_loss   | 1.04     |
|    learning_rate   | 0.0003   |
|    n_updates       | 128544   |
---------------------------------
---------------------------------
| rollout/           |          |
|    ep_len_mean     | 2.33e+03 |
|    ep_rew_mean     | 1.37e+03 |
| time/              |          |
|    episodes        | 1156     |
|    fps             | 2132     |
|    time_elapsed    | 966      |
|    total_timesteps | 2061536  |
| train/             |          |
|    actor_loss      | -0.955   |
|    critic_loss     | 0.000256 |
|    ent_coef        | 0.000239 |
|    ent_coef_loss   | 1.73     |
|    learning_rate   | 0.0003   |
|    n_updates       | 128783   |
---------------------------------
---------------------------------
| rollout/           |          |
|    ep_len_mean     | 2.28e+03 |
|    ep_rew_mean     | 1.28e+03 |
| time/              |          |
|    episodes        | 1160     |
|    fps             | 2132     |
|    time_elapsed    | 966      |
|    total_timesteps | 2061840  |
| train/             |          |
|    actor_loss      | -0.985   |
|    critic_loss     | 0.000532 |
|    ent_coef        | 0.000239 |
|    ent_coef_loss   | -0.371   |
|    learning_rate   | 0.0003   |
|    n_updates       | 128802   |
---------------------------------
---------------------------------
| rollout/           |          |
|    ep_len_mean     | 2.37e+03 |
|    ep_rew_mean     | 1.28e+03 |
| time/              |          |
|    episodes        | 1164     |
|    fps             | 2132     |
|    time_elapsed    | 968      |
|    total_timesteps | 2066384  |
| train/             |          |
|    actor_loss      | -0.941   |
|    critic_loss     | 0.0011   |
|    ent_coef        | 0.000237 |
|    ent_coef_loss   | 0.168    |
|    learning_rate   | 0.0003   |
|    n_updates       | 129086   |
---------------------------------
---------------------------------
| rollout/           |          |
|    ep_len_mean     | 2.29e+03 |
|    ep_rew_mean     | 1.21e+03 |
| time/              |          |
|    episodes        | 1168     |
|    fps             | 2132     |
|    time_elapsed    | 969      |
|    total_timesteps | 2066576  |
| train/             |          |
|    actor_loss      | -0.936   |
|    critic_loss     | 0.00147  |
|    ent_coef        | 0.000237 |
|    ent_coef_loss   | 0.805    |
|    learning_rate   | 0.0003   |
|    n_updates       | 129098   |
---------------------------------
---------------------------------
| rollout/           |          |
|    ep_len_mean     | 2.23e+03 |
|    ep_rew_mean     | 1.14e+03 |
| time/              |          |
|    episodes        | 1172     |
|    fps             | 2132     |
|    time_elapsed    | 970      |
|    total_timesteps | 2069312  |
| train/             |          |
|    actor_loss      | -0.95    |
|    critic_loss     | 0.00512  |
|    ent_coef        | 0.000243 |
|    ent_coef_loss   | 0.649    |
|    learning_rate   | 0.0003   |
|    n_updates       | 129269   |
---------------------------------
---------------------------------
| rollout/           |          |
|    ep_len_mean     | 2.26e+03 |
|    ep_rew_mean     | 1.18e+03 |
| time/              |          |
|    episodes        | 1176     |
|    fps             | 2132     |
|    time_elapsed    | 971      |
|    total_timesteps | 2072496  |
| train/             |          |
|    actor_loss      | -0.929   |
|    critic_loss     | 0.00136  |
|    ent_coef        | 0.000235 |
|    ent_coef_loss   | 0.173    |
|    learning_rate   | 0.0003   |
|    n_updates       | 129468   |
---------------------------------
---------------------------------
| rollout/           |          |
|    ep_len_mean     | 2.14e+03 |
|    ep_rew_mean     | 987      |
| time/              |          |
|    episodes        | 1180     |
|    fps             | 2132     |
|    time_elapsed    | 972      |
|    total_timesteps | 2073280  |
| train/             |          |
|    actor_loss      | -0.927   |
|    critic_loss     | 0.000242 |
|    ent_coef        | 0.000232 |
|    ent_coef_loss   | -2.16    |
|    learning_rate   | 0.0003   |
|    n_updates       | 129517   |
---------------------------------
---------------------------------
| rollout/           |          |
|    ep_len_mean     | 2.08e+03 |
|    ep_rew_mean     | 971      |
| time/              |          |
|    episodes        | 1184     |
|    fps             | 2132     |
|    time_elapsed    | 973      |
|    total_timesteps | 2076432  |
| train/             |          |
|    actor_loss      | -0.927   |
|    critic_loss     | 0.125    |
|    ent_coef        | 0.000227 |
|    ent_coef_loss   | 0.465    |
|    learning_rate   | 0.0003   |
|    n_updates       | 129714   |
---------------------------------
---------------------------------
| rollout/           |          |
|    ep_len_mean     | 1.95e+03 |
|    ep_rew_mean     | 837      |
| time/              |          |
|    episodes        | 1188     |
|    fps             | 2133     |
|    time_elapsed    | 984      |
|    total_timesteps | 2099040  |
| train/             |          |
|    actor_loss      | -0.942   |
|    critic_loss     | 0.0016   |
|    ent_coef        | 0.000245 |
|    ent_coef_loss   | -1.58    |
|    learning_rate   | 0.0003   |
|    n_updates       | 131127   |
---------------------------------
---------------------------------
| rollout/           |          |
|    ep_len_mean     | 1.94e+03 |
|    ep_rew_mean     | 1.03e+03 |
| time/              |          |
|    episodes        | 1192     |
|    fps             | 2133     |
|    time_elapsed    | 984      |
|    total_timesteps | 2099648  |
| train/             |          |
|    actor_loss      | -0.915   |
|    critic_loss     | 0.00572  |
|    ent_coef        | 0.000242 |
|    ent_coef_loss   | -0.0511  |
|    learning_rate   | 0.0003   |
|    n_updates       | 131165   |
---------------------------------
---------------------------------
| rollout/           |          |
|    ep_len_mean     | 2.08e+03 |
|    ep_rew_mean     | 903      |
| time/              |          |
|    episodes        | 1196     |
|    fps             | 2133     |
|    time_elapsed    | 986      |
|    total_timesteps | 2104240  |
| train/             |          |
|    actor_loss      | -0.988   |
|    critic_loss     | 0.00012  |
|    ent_coef        | 0.000237 |
|    ent_coef_loss   | -1.88    |
|    learning_rate   | 0.0003   |
|    n_updates       | 131452   |
---------------------------------
---------------------------------
| rollout/           |          |
|    ep_len_mean     | 1.87e+03 |
|    ep_rew_mean     | 892      |
| time/              |          |
|    episodes        | 1200     |
|    fps             | 2133     |
|    time_elapsed    | 988      |
|    total_timesteps | 2109328  |
| train/             |          |
|    actor_loss      | -0.899   |
|    critic_loss     | 0.000446 |
|    ent_coef        | 0.000248 |
|    ent_coef_loss   | 0.116    |
|    learning_rate   | 0.0003   |
|    n_updates       | 131770   |
---------------------------------
---------------------------------
| rollout/           |          |
|    ep_len_mean     | 1.83e+03 |
|    ep_rew_mean     | 865      |
| time/              |          |
|    episodes        | 1204     |
|    fps             | 2133     |
|    time_elapsed    | 989      |
|    total_timesteps | 2111200  |
| train/             |          |
|    actor_loss      | -0.934   |
|    critic_loss     | 0.0038   |
|    ent_coef        | 0.000253 |
|    ent_coef_loss   | 5.42     |
|    learning_rate   | 0.0003   |
|    n_updates       | 131887   |
---------------------------------
---------------------------------
| rollout/           |          |
|    ep_len_mean     | 1.76e+03 |
|    ep_rew_mean     | 836      |
| time/              |          |
|    episodes        | 1208     |
|    fps             | 2133     |
|    time_elapsed    | 990      |
|    total_timesteps | 2112480  |
| train/             |          |
|    actor_loss      | -0.947   |
|    critic_loss     | 0.00402  |
|    ent_coef        | 0.000255 |
|    ent_coef_loss   | -3.05    |
|    learning_rate   | 0.0003   |
|    n_updates       | 131967   |
---------------------------------
---------------------------------
| rollout/           |          |
|    ep_len_mean     | 1.75e+03 |
|    ep_rew_mean     | 902      |
| time/              |          |
|    episodes        | 1212     |
|    fps             | 2133     |
|    time_elapsed    | 990      |
|    total_timesteps | 2112752  |
| train/             |          |
|    actor_loss      | -0.91    |
|    critic_loss     | 0.00094  |
|    ent_coef        | 0.000254 |
|    ent_coef_loss   | -2.58    |
|    learning_rate   | 0.0003   |
|    n_updates       | 131984   |
---------------------------------
---------------------------------
| rollout/           |          |
|    ep_len_mean     | 1.51e+03 |
|    ep_rew_mean     | 990      |
| time/              |          |
|    episodes        | 1216     |
|    fps             | 2133     |
|    time_elapsed    | 991      |
|    total_timesteps | 2114416  |
| train/             |          |
|    actor_loss      | -0.911   |
|    critic_loss     | 0.0129   |
|    ent_coef        | 0.000247 |
|    ent_coef_loss   | 0.912    |
|    learning_rate   | 0.0003   |
|    n_updates       | 132088   |
---------------------------------
---------------------------------
| rollout/           |          |
|    ep_len_mean     | 1.35e+03 |
|    ep_rew_mean     | 929      |
| time/              |          |
|    episodes        | 1220     |
|    fps             | 2133     |
|    time_elapsed    | 992      |
|    total_timesteps | 2116880  |
| train/             |          |
|    actor_loss      | -0.875   |
|    critic_loss     | 0.000518 |
|    ent_coef        | 0.000245 |
|    ent_coef_loss   | 3.48     |
|    learning_rate   | 0.0003   |
|    n_updates       | 132242   |
---------------------------------
---------------------------------
| rollout/           |          |
|    ep_len_mean     | 1.27e+03 |
|    ep_rew_mean     | 895      |
| time/              |          |
|    episodes        | 1224     |
|    fps             | 2133     |
|    time_elapsed    | 993      |
|    total_timesteps | 2118416  |
| train/             |          |
|    actor_loss      | -0.906   |
|    critic_loss     | 0.000624 |
|    ent_coef        | 0.000247 |
|    ent_coef_loss   | 0.328    |
|    learning_rate   | 0.0003   |
|    n_updates       | 132338   |
---------------------------------
---------------------------------
| rollout/           |          |
|    ep_len_mean     | 1.2e+03  |
|    ep_rew_mean     | 862      |
| time/              |          |
|    episodes        | 1228     |
|    fps             | 2133     |
|    time_elapsed    | 993      |
|    total_timesteps | 2118944  |
| train/             |          |
|    actor_loss      | -0.933   |
|    critic_loss     | 0.00136  |
|    ent_coef        | 0.000248 |
|    ent_coef_loss   | 1.27     |
|    learning_rate   | 0.0003   |
|    n_updates       | 132371   |
---------------------------------
---------------------------------
| rollout/           |          |
|    ep_len_mean     | 1.21e+03 |
|    ep_rew_mean     | 863      |
| time/              |          |
|    episodes        | 1232     |
|    fps             | 2133     |
|    time_elapsed    | 993      |
|    total_timesteps | 2119904  |
| train/             |          |
|    actor_loss      | -0.912   |
|    critic_loss     | 0.00313  |
|    ent_coef        | 0.000248 |
|    ent_coef_loss   | -0.534   |
|    learning_rate   | 0.0003   |
|    n_updates       | 132431   |
---------------------------------
---------------------------------
| rollout/           |          |
|    ep_len_mean     | 1.07e+03 |
|    ep_rew_mean     | 806      |
| time/              |          |
|    episodes        | 1236     |
|    fps             | 2133     |
|    time_elapsed    | 994      |
|    total_timesteps | 2121200  |
| train/             |          |
|    actor_loss      | -0.957   |
|    critic_loss     | 0.000701 |
|    ent_coef        | 0.000251 |
|    ent_coef_loss   | 1.46     |
|    learning_rate   | 0.0003   |
|    n_updates       | 132512   |
---------------------------------
---------------------------------
| rollout/           |          |
|    ep_len_mean     | 1.07e+03 |
|    ep_rew_mean     | 810      |
| time/              |          |
|    episodes        | 1240     |
|    fps             | 2133     |
|    time_elapsed    | 995      |
|    total_timesteps | 2122816  |
| train/             |          |
|    actor_loss      | -0.936   |
|    critic_loss     | 0.000185 |
|    ent_coef        | 0.00025  |
|    ent_coef_loss   | -4.62    |
|    learning_rate   | 0.0003   |
|    n_updates       | 132613   |
---------------------------------
---------------------------------
| rollout/           |          |
|    ep_len_mean     | 1.07e+03 |
|    ep_rew_mean     | 810      |
| time/              |          |
|    episodes        | 1244     |
|    fps             | 2133     |
|    time_elapsed    | 995      |
|    total_timesteps | 2123216  |
| train/             |          |
|    actor_loss      | -0.901   |
|    critic_loss     | 0.0212   |
|    ent_coef        | 0.000248 |
|    ent_coef_loss   | -2.98    |
|    learning_rate   | 0.0003   |
|    n_updates       | 132638   |
---------------------------------
---------------------------------
| rollout/           |          |
|    ep_len_mean     | 1.06e+03 |
|    ep_rew_mean     | 798      |
| time/              |          |
|    episodes        | 1248     |
|    fps             | 2133     |
|    time_elapsed    | 996      |
|    total_timesteps | 2126560  |
| train/             |          |
|    actor_loss      | -0.95    |
|    critic_loss     | 0.000857 |
|    ent_coef        | 0.00024  |
|    ent_coef_loss   | 3        |
|    learning_rate   | 0.0003   |
|    n_updates       | 132847   |
---------------------------------
---------------------------------
| rollout/           |          |
|    ep_len_mean     | 1.05e+03 |
|    ep_rew_mean     | 787      |
| time/              |          |
|    episodes        | 1252     |
|    fps             | 2133     |
|    time_elapsed    | 996      |
|    total_timesteps | 2126864  |
| train/             |          |
|    actor_loss      | -0.962   |
|    critic_loss     | 0.00258  |
|    ent_coef        | 0.000241 |
|    ent_coef_loss   | 0.319    |
|    learning_rate   | 0.0003   |
|    n_updates       | 132866   |
---------------------------------
---------------------------------
| rollout/           |          |
|    ep_len_mean     | 1.04e+03 |
|    ep_rew_mean     | 769      |
| time/              |          |
|    episodes        | 1256     |
|    fps             | 2133     |
|    time_elapsed    | 998      |
|    total_timesteps | 2129744  |
| train/             |          |
|    actor_loss      | -0.954   |
|    critic_loss     | 0.000146 |
|    ent_coef        | 0.000251 |
|    ent_coef_loss   | -0.0435  |
|    learning_rate   | 0.0003   |
|    n_updates       | 133046   |
---------------------------------
---------------------------------
| rollout/           |          |
|    ep_len_mean     | 1.05e+03 |
|    ep_rew_mean     | 797      |
| time/              |          |
|    episodes        | 1260     |
|    fps             | 2133     |
|    time_elapsed    | 999      |
|    total_timesteps | 2133440  |
| train/             |          |
|    actor_loss      | -0.913   |
|    critic_loss     | 0.00167  |
|    ent_coef        | 0.000249 |
|    ent_coef_loss   | 1.64     |
|    learning_rate   | 0.0003   |
|    n_updates       | 133277   |
---------------------------------
---------------------------------
| rollout/           |          |
|    ep_len_mean     | 937      |
|    ep_rew_mean     | 790      |
| time/              |          |
|    episodes        | 1264     |
|    fps             | 2133     |
|    time_elapsed    | 1003     |
|    total_timesteps | 2140048  |
| train/             |          |
|    actor_loss      | -0.9     |
|    critic_loss     | 0.000223 |
|    ent_coef        | 0.00026  |
|    ent_coef_loss   | 0.625    |
|    learning_rate   | 0.0003   |
|    n_updates       | 133690   |
---------------------------------
---------------------------------
| rollout/           |          |
|    ep_len_mean     | 968      |
|    ep_rew_mean     | 859      |
| time/              |          |
|    episodes        | 1268     |
|    fps             | 2133     |
|    time_elapsed    | 1004     |
|    total_timesteps | 2143408  |
| train/             |          |
|    actor_loss      | -0.949   |
|    critic_loss     | 0.00243  |
|    ent_coef        | 0.00025  |
|    ent_coef_loss   | -2.1     |
|    learning_rate   | 0.0003   |
|    n_updates       | 133900   |
---------------------------------
---------------------------------
| rollout/           |          |
|    ep_len_mean     | 1.01e+03 |
|    ep_rew_mean     | 906      |
| time/              |          |
|    episodes        | 1272     |
|    fps             | 2133     |
|    time_elapsed    | 1010     |
|    total_timesteps | 2155280  |
| train/             |          |
|    actor_loss      | -0.959   |
|    critic_loss     | 0.0011   |
|    ent_coef        | 0.000249 |
|    ent_coef_loss   | -0.297   |
|    learning_rate   | 0.0003   |
|    n_updates       | 134642   |
---------------------------------
---------------------------------
| rollout/           |          |
|    ep_len_mean     | 971      |
|    ep_rew_mean     | 930      |
| time/              |          |
|    episodes        | 1276     |
|    fps             | 2133     |
|    time_elapsed    | 1013     |
|    total_timesteps | 2162368  |
| train/             |          |
|    actor_loss      | -0.932   |
|    critic_loss     | 0.00228  |
|    ent_coef        | 0.000261 |
|    ent_coef_loss   | 2.04     |
|    learning_rate   | 0.0003   |
|    n_updates       | 135085   |
---------------------------------
---------------------------------
| rollout/           |          |
|    ep_len_mean     | 999      |
|    ep_rew_mean     | 949      |
| time/              |          |
|    episodes        | 1280     |
|    fps             | 2133     |
|    time_elapsed    | 1014     |
|    total_timesteps | 2165376  |
| train/             |          |
|    actor_loss      | -0.871   |
|    critic_loss     | 0.000693 |
|    ent_coef        | 0.000268 |
|    ent_coef_loss   | 6.11     |
|    learning_rate   | 0.0003   |
|    n_updates       | 135273   |
---------------------------------
---------------------------------
| rollout/           |          |
|    ep_len_mean     | 1.01e+03 |
|    ep_rew_mean     | 963      |
| time/              |          |
|    episodes        | 1284     |
|    fps             | 2133     |
|    time_elapsed    | 1016     |
|    total_timesteps | 2168336  |
| train/             |          |
|    actor_loss      | -0.883   |
|    critic_loss     | 0.00021  |
|    ent_coef        | 0.000269 |
|    ent_coef_loss   | -0.837   |
|    learning_rate   | 0.0003   |
|    n_updates       | 135458   |
---------------------------------
---------------------------------
| rollout/           |          |
|    ep_len_mean     | 859      |
|    ep_rew_mean     | 829      |
| time/              |          |
|    episodes        | 1288     |
|    fps             | 2133     |
|    time_elapsed    | 1018     |
|    total_timesteps | 2173152  |
| train/             |          |
|    actor_loss      | -0.89    |
|    critic_loss     | 0.000707 |
|    ent_coef        | 0.000246 |
|    ent_coef_loss   | -0.0392  |
|    learning_rate   | 0.0003   |
|    n_updates       | 135759   |
---------------------------------
---------------------------------
| rollout/           |          |
|    ep_len_mean     | 838      |
|    ep_rew_mean     | 777      |
| time/              |          |
|    episodes        | 1292     |
|    fps             | 2133     |
|    time_elapsed    | 1024     |
|    total_timesteps | 2185232  |
| train/             |          |
|    actor_loss      | -0.866   |
|    critic_loss     | 0.000249 |
|    ent_coef        | 0.000241 |
|    ent_coef_loss   | 1.2      |
|    learning_rate   | 0.0003   |
|    n_updates       | 136514   |
---------------------------------
---------------------------------
| rollout/           |          |
|    ep_len_mean     | 588      |
|    ep_rew_mean     | 832      |
| time/              |          |
|    episodes        | 1296     |
|    fps             | 2133     |
|    time_elapsed    | 1031     |
|    total_timesteps | 2199376  |
| train/             |          |
|    actor_loss      | -0.877   |
|    critic_loss     | 0.000325 |
|    ent_coef        | 0.000248 |
|    ent_coef_loss   | 0.649    |
|    learning_rate   | 0.0003   |
|    n_updates       | 137398   |
---------------------------------
---------------------------------
| rollout/           |          |
|    ep_len_mean     | 783      |
|    ep_rew_mean     | 946      |
| time/              |          |
|    episodes        | 1300     |
|    fps             | 2132     |
|    time_elapsed    | 1039     |
|    total_timesteps | 2216560  |
| train/             |          |
|    actor_loss      | -0.914   |
|    critic_loss     | 0.000363 |
|    ent_coef        | 0.000251 |
|    ent_coef_loss   | 0.392    |
|    learning_rate   | 0.0003   |
|    n_updates       | 138472   |
---------------------------------
---------------------------------
| rollout/           |          |
|    ep_len_mean     | 828      |
|    ep_rew_mean     | 991      |
| time/              |          |
|    episodes        | 1304     |
|    fps             | 2132     |
|    time_elapsed    | 1041     |
|    total_timesteps | 2221744  |
| train/             |          |
|    actor_loss      | -0.901   |
|    critic_loss     | 0.000268 |
|    ent_coef        | 0.000246 |
|    ent_coef_loss   | -2.42    |
|    learning_rate   | 0.0003   |
|    n_updates       | 138796   |
---------------------------------
---------------------------------
| rollout/           |          |
|    ep_len_mean     | 954      |
|    ep_rew_mean     | 1.2e+03  |
| time/              |          |
|    episodes        | 1308     |
|    fps             | 2132     |
|    time_elapsed    | 1052     |
|    total_timesteps | 2244400  |
| train/             |          |
|    actor_loss      | -0.965   |
|    critic_loss     | 0.000365 |
|    ent_coef        | 0.000248 |
|    ent_coef_loss   | -0.666   |
|    learning_rate   | 0.0003   |
|    n_updates       | 140212   |
---------------------------------
---------------------------------
| rollout/           |          |
|    ep_len_mean     | 1.06e+03 |
|    ep_rew_mean     | 1.2e+03  |
| time/              |          |
|    episodes        | 1312     |
|    fps             | 2131     |
|    time_elapsed    | 1056     |
|    total_timesteps | 2252608  |
| train/             |          |
|    actor_loss      | -0.835   |
|    critic_loss     | 0.000556 |
|    ent_coef        | 0.000255 |
|    ent_coef_loss   | 2.2      |
|    learning_rate   | 0.0003   |
|    n_updates       | 140725   |
---------------------------------
---------------------------------
| rollout/           |          |
|    ep_len_mean     | 1.13e+03 |
|    ep_rew_mean     | 1.32e+03 |
| time/              |          |
|    episodes        | 1316     |
|    fps             | 2131     |
|    time_elapsed    | 1065     |
|    total_timesteps | 2270688  |
| train/             |          |
|    actor_loss      | -0.834   |
|    critic_loss     | 0.00267  |
|    ent_coef        | 0.000253 |
|    ent_coef_loss   | -0.266   |
|    learning_rate   | 0.0003   |
|    n_updates       | 141855   |
---------------------------------
---------------------------------
| rollout/           |          |
|    ep_len_mean     | 1.21e+03 |
|    ep_rew_mean     | 1.42e+03 |
| time/              |          |
|    episodes        | 1320     |
|    fps             | 2131     |
|    time_elapsed    | 1073     |
|    total_timesteps | 2288256  |
| train/             |          |
|    actor_loss      | -0.874   |
|    critic_loss     | 0.000659 |
|    ent_coef        | 0.000275 |
|    ent_coef_loss   | -2.42    |
|    learning_rate   | 0.0003   |
|    n_updates       | 142953   |
---------------------------------
---------------------------------
| rollout/           |          |
|    ep_len_mean     | 1.34e+03 |
|    ep_rew_mean     | 1.52e+03 |
| time/              |          |
|    episodes        | 1324     |
|    fps             | 2130     |
|    time_elapsed    | 1074     |
|    total_timesteps | 2290448  |
| train/             |          |
|    actor_loss      | -0.841   |
|    critic_loss     | 0.00416  |
|    ent_coef        | 0.000275 |
|    ent_coef_loss   | -1.61    |
|    learning_rate   | 0.0003   |
|    n_updates       | 143090   |
---------------------------------
---------------------------------
| rollout/           |          |
|    ep_len_mean     | 1.64e+03 |
|    ep_rew_mean     | 1.58e+03 |
| time/              |          |
|    episodes        | 1328     |
|    fps             | 2130     |
|    time_elapsed    | 1084     |
|    total_timesteps | 2310272  |
| train/             |          |
|    actor_loss      | -0.839   |
|    critic_loss     | 0.0013   |
|    ent_coef        | 0.000258 |
|    ent_coef_loss   | 1.29     |
|    learning_rate   | 0.0003   |
|    n_updates       | 144329   |
---------------------------------
---------------------------------
| rollout/           |          |
|    ep_len_mean     | 1.67e+03 |
|    ep_rew_mean     | 1.62e+03 |
| time/              |          |
|    episodes        | 1332     |
|    fps             | 2130     |
|    time_elapsed    | 1084     |
|    total_timesteps | 2311024  |
| train/             |          |
|    actor_loss      | -0.897   |
|    critic_loss     | 0.0837   |
|    ent_coef        | 0.00026  |
|    ent_coef_loss   | 0.302    |
|    learning_rate   | 0.0003   |
|    n_updates       | 144376   |
---------------------------------
---------------------------------
| rollout/           |          |
|    ep_len_mean     | 1.7e+03  |
|    ep_rew_mean     | 1.68e+03 |
| time/              |          |
|    episodes        | 1336     |
|    fps             | 2130     |
|    time_elapsed    | 1089     |
|    total_timesteps | 2320192  |
| train/             |          |
|    actor_loss      | -0.84    |
|    critic_loss     | 0.000802 |
|    ent_coef        | 0.000262 |
|    ent_coef_loss   | 0.511    |
|    learning_rate   | 0.0003   |
|    n_updates       | 144949   |
---------------------------------
---------------------------------
| rollout/           |          |
|    ep_len_mean     | 1.74e+03 |
|    ep_rew_mean     | 1.75e+03 |
| time/              |          |
|    episodes        | 1340     |
|    fps             | 2130     |
|    time_elapsed    | 1089     |
|    total_timesteps | 2321232  |
| train/             |          |
|    actor_loss      | -0.835   |
|    critic_loss     | 0.00182  |
|    ent_coef        | 0.000261 |
|    ent_coef_loss   | -1.32    |
|    learning_rate   | 0.0003   |
|    n_updates       | 145014   |
---------------------------------
---------------------------------
| rollout/           |          |
|    ep_len_mean     | 1.87e+03 |
|    ep_rew_mean     | 1.91e+03 |
| time/              |          |
|    episodes        | 1344     |
|    fps             | 2130     |
|    time_elapsed    | 1090     |
|    total_timesteps | 2323776  |
| train/             |          |
|    actor_loss      | -0.83    |
|    critic_loss     | 0.000194 |
|    ent_coef        | 0.000255 |
|    ent_coef_loss   | 0.21     |
|    learning_rate   | 0.0003   |
|    n_updates       | 145173   |
---------------------------------
---------------------------------
| rollout/           |          |
|    ep_len_mean     | 1.98e+03 |
|    ep_rew_mean     | 1.93e+03 |
| time/              |          |
|    episodes        | 1348     |
|    fps             | 2129     |
|    time_elapsed    | 1096     |
|    total_timesteps | 2335488  |
| train/             |          |
|    actor_loss      | -0.831   |
|    critic_loss     | 0.00297  |
|    ent_coef        | 0.000289 |
|    ent_coef_loss   | 0.562    |
|    learning_rate   | 0.0003   |
|    n_updates       | 145905   |
---------------------------------
---------------------------------
| rollout/           |          |
|    ep_len_mean     | 2.01e+03 |
|    ep_rew_mean     | 1.98e+03 |
| time/              |          |
|    episodes        | 1352     |
|    fps             | 2129     |
|    time_elapsed    | 1102     |
|    total_timesteps | 2347120  |
| train/             |          |
|    actor_loss      | -0.816   |
|    critic_loss     | 0.00238  |
|    ent_coef        | 0.000289 |
|    ent_coef_loss   | 1.21     |
|    learning_rate   | 0.0003   |
|    n_updates       | 146632   |
---------------------------------
---------------------------------
| rollout/           |          |
|    ep_len_mean     | 2.08e+03 |
|    ep_rew_mean     | 2.09e+03 |
| time/              |          |
|    episodes        | 1356     |
|    fps             | 2129     |
|    time_elapsed    | 1104     |
|    total_timesteps | 2352160  |
| train/             |          |
|    actor_loss      | -0.799   |
|    critic_loss     | 0.00389  |
|    ent_coef        | 0.000292 |
|    ent_coef_loss   | -0.121   |
|    learning_rate   | 0.0003   |
|    n_updates       | 146947   |
---------------------------------
---------------------------------
| rollout/           |          |
|    ep_len_mean     | 2.16e+03 |
|    ep_rew_mean     | 2.21e+03 |
| time/              |          |
|    episodes        | 1360     |
|    fps             | 2129     |
|    time_elapsed    | 1108     |
|    total_timesteps | 2361200  |
| train/             |          |
|    actor_loss      | -0.81    |
|    critic_loss     | 0.000616 |
|    ent_coef        | 0.000289 |
|    ent_coef_loss   | 0.201    |
|    learning_rate   | 0.0003   |
|    n_updates       | 147512   |
---------------------------------
---------------------------------
| rollout/           |          |
|    ep_len_mean     | 2.27e+03 |
|    ep_rew_mean     | 2.33e+03 |
| time/              |          |
|    episodes        | 1364     |
|    fps             | 2128     |
|    time_elapsed    | 1116     |
|    total_timesteps | 2377040  |
| train/             |          |
|    actor_loss      | -0.832   |
|    critic_loss     | 0.000277 |
|    ent_coef        | 0.000294 |
|    ent_coef_loss   | -0.0814  |
|    learning_rate   | 0.0003   |
|    n_updates       | 148502   |
---------------------------------
---------------------------------
| rollout/           |          |
|    ep_len_mean     | 2.38e+03 |
|    ep_rew_mean     | 2.36e+03 |
| time/              |          |
|    episodes        | 1368     |
|    fps             | 2128     |
|    time_elapsed    | 1121     |
|    total_timesteps | 2386592  |
| train/             |          |
|    actor_loss      | -0.794   |
|    critic_loss     | 0.00122  |
|    ent_coef        | 0.000289 |
|    ent_coef_loss   | 1.58     |
|    learning_rate   | 0.0003   |
|    n_updates       | 149099   |
---------------------------------
---------------------------------
| rollout/           |          |
|    ep_len_mean     | 2.48e+03 |
|    ep_rew_mean     | 2.42e+03 |
| time/              |          |
|    episodes        | 1372     |
|    fps             | 2128     |
|    time_elapsed    | 1126     |
|    total_timesteps | 2398688  |
| train/             |          |
|    actor_loss      | -0.818   |
|    critic_loss     | 0.00181  |
|    ent_coef        | 0.000288 |
|    ent_coef_loss   | 2.39     |
|    learning_rate   | 0.0003   |
|    n_updates       | 149855   |
---------------------------------
---------------------------------
| rollout/           |          |
|    ep_len_mean     | 2.52e+03 |
|    ep_rew_mean     | 2.47e+03 |
| time/              |          |
|    episodes        | 1376     |
|    fps             | 2127     |
|    time_elapsed    | 1147     |
|    total_timesteps | 2442624  |
| train/             |          |
|    actor_loss      | -0.783   |
|    critic_loss     | 0.000936 |
|    ent_coef        | 0.000301 |
|    ent_coef_loss   | -1.8     |
|    learning_rate   | 0.0003   |
|    n_updates       | 152601   |
---------------------------------
---------------------------------
| rollout/           |          |
|    ep_len_mean     | 2.58e+03 |
|    ep_rew_mean     | 2.54e+03 |
| time/              |          |
|    episodes        | 1380     |
|    fps             | 2128     |
|    time_elapsed    | 1155     |
|    total_timesteps | 2459360  |
| train/             |          |
|    actor_loss      | -0.752   |
|    critic_loss     | 0.000544 |
|    ent_coef        | 0.000285 |
|    ent_coef_loss   | 1.48     |
|    learning_rate   | 0.0003   |
|    n_updates       | 153647   |
---------------------------------
---------------------------------
| rollout/           |          |
|    ep_len_mean     | 2.8e+03  |
|    ep_rew_mean     | 2.9e+03  |
| time/              |          |
|    episodes        | 1384     |
|    fps             | 2128     |
|    time_elapsed    | 1156     |
|    total_timesteps | 2460224  |
| train/             |          |
|    actor_loss      | -0.789   |
|    critic_loss     | 0.000144 |
|    ent_coef        | 0.000287 |
|    ent_coef_loss   | 1.69     |
|    learning_rate   | 0.0003   |
|    n_updates       | 153701   |
---------------------------------
---------------------------------
| rollout/           |          |
|    ep_len_mean     | 2.94e+03 |
|    ep_rew_mean     | 3.07e+03 |
| time/              |          |
|    episodes        | 1388     |
|    fps             | 2128     |
|    time_elapsed    | 1164     |
|    total_timesteps | 2478000  |
| train/             |          |
|    actor_loss      | -0.824   |
|    critic_loss     | 0.000427 |
|    ent_coef        | 0.000288 |
|    ent_coef_loss   | 0.435    |
|    learning_rate   | 0.0003   |
|    n_updates       | 154812   |
---------------------------------
---------------------------------
| rollout/           |          |
|    ep_len_mean     | 2.98e+03 |
|    ep_rew_mean     | 3.07e+03 |
| time/              |          |
|    episodes        | 1392     |
|    fps             | 2128     |
|    time_elapsed    | 1177     |
|    total_timesteps | 2505120  |
| train/             |          |
|    actor_loss      | -0.787   |
|    critic_loss     | 0.000575 |
|    ent_coef        | 0.000299 |
|    ent_coef_loss   | -2.23    |
|    learning_rate   | 0.0003   |
|    n_updates       | 156507   |
---------------------------------
---------------------------------
| rollout/           |          |
|    ep_len_mean     | 3.17e+03 |
|    ep_rew_mean     | 3.1e+03  |
| time/              |          |
|    episodes        | 1396     |
|    fps             | 2127     |
|    time_elapsed    | 1182     |
|    total_timesteps | 2516832  |
| train/             |          |
|    actor_loss      | -0.797   |
|    critic_loss     | 0.000487 |
|    ent_coef        | 0.000305 |
|    ent_coef_loss   | 0.0304   |
|    learning_rate   | 0.0003   |
|    n_updates       | 157239   |
---------------------------------
---------------------------------
| rollout/           |          |
|    ep_len_mean     | 3.13e+03 |
|    ep_rew_mean     | 3.05e+03 |
| time/              |          |
|    episodes        | 1400     |
|    fps             | 2128     |
|    time_elapsed    | 1225     |
|    total_timesteps | 2609024  |
| train/             |          |
|    actor_loss      | -0.768   |
|    critic_loss     | 0.00014  |
|    ent_coef        | 0.00031  |
|    ent_coef_loss   | -2.21    |
|    learning_rate   | 0.0003   |
|    n_updates       | 163001   |
---------------------------------
---------------------------------
| rollout/           |          |
|    ep_len_mean     | 3.51e+03 |
|    ep_rew_mean     | 3.19e+03 |
| time/              |          |
|    episodes        | 1404     |
|    fps             | 2128     |
|    time_elapsed    | 1235     |
|    total_timesteps | 2630624  |
| train/             |          |
|    actor_loss      | -0.716   |
|    critic_loss     | 0.00061  |
|    ent_coef        | 0.000328 |
|    ent_coef_loss   | -1.36    |
|    learning_rate   | 0.0003   |
|    n_updates       | 164351   |
---------------------------------
---------------------------------
| rollout/           |          |
|    ep_len_mean     | 3.82e+03 |
|    ep_rew_mean     | 3.06e+03 |
| time/              |          |
|    episodes        | 1408     |
|    fps             | 2128     |
|    time_elapsed    | 1250     |
|    total_timesteps | 2661872  |
| train/             |          |
|    actor_loss      | -0.7     |
|    critic_loss     | 0.00023  |
|    ent_coef        | 0.000339 |
|    ent_coef_loss   | -0.353   |
|    learning_rate   | 0.0003   |
|    n_updates       | 166304   |
---------------------------------
---------------------------------
| rollout/           |          |
|    ep_len_mean     | 4.07e+03 |
|    ep_rew_mean     | 3.06e+03 |
| time/              |          |
|    episodes        | 1412     |
|    fps             | 2128     |
|    time_elapsed    | 1261     |
|    total_timesteps | 2684848  |
| train/             |          |
|    actor_loss      | -0.739   |
|    critic_loss     | 0.000257 |
|    ent_coef        | 0.000321 |
|    ent_coef_loss   | -1.42    |
|    learning_rate   | 0.0003   |
|    n_updates       | 167740   |
---------------------------------
---------------------------------
| rollout/           |          |
|    ep_len_mean     | 4.42e+03 |
|    ep_rew_mean     | 3.13e+03 |
| time/              |          |
|    episodes        | 1416     |
|    fps             | 2127     |
|    time_elapsed    | 1276     |
|    total_timesteps | 2715552  |
| train/             |          |
|    actor_loss      | -0.714   |
|    critic_loss     | 9.82e-05 |
|    ent_coef        | 0.000319 |
|    ent_coef_loss   | -1.12    |
|    learning_rate   | 0.0003   |
|    n_updates       | 169659   |
---------------------------------
---------------------------------
| rollout/           |          |
|    ep_len_mean     | 4.42e+03 |
|    ep_rew_mean     | 3.07e+03 |
| time/              |          |
|    episodes        | 1420     |
|    fps             | 2127     |
|    time_elapsed    | 1286     |
|    total_timesteps | 2736160  |
| train/             |          |
|    actor_loss      | -0.67    |
|    critic_loss     | 0.000258 |
|    ent_coef        | 0.000308 |
|    ent_coef_loss   | 0.812    |
|    learning_rate   | 0.0003   |
|    n_updates       | 170947   |
---------------------------------
---------------------------------
| rollout/           |          |
|    ep_len_mean     | 4.42e+03 |
|    ep_rew_mean     | 3.05e+03 |
| time/              |          |
|    episodes        | 1424     |
|    fps             | 2127     |
|    time_elapsed    | 1293     |
|    total_timesteps | 2751824  |
| train/             |          |
|    actor_loss      | -0.65    |
|    critic_loss     | 0.000289 |
|    ent_coef        | 0.00032  |
|    ent_coef_loss   | -0.171   |
|    learning_rate   | 0.0003   |
|    n_updates       | 171926   |
---------------------------------
---------------------------------
| rollout/           |          |
|    ep_len_mean     | 4.3e+03  |
|    ep_rew_mean     | 3.15e+03 |
| time/              |          |
|    episodes        | 1428     |
|    fps             | 2126     |
|    time_elapsed    | 1307     |
|    total_timesteps | 2781376  |
| train/             |          |
|    actor_loss      | -0.626   |
|    critic_loss     | 0.000237 |
|    ent_coef        | 0.00031  |
|    ent_coef_loss   | 1.89     |
|    learning_rate   | 0.0003   |
|    n_updates       | 173773   |
---------------------------------
---------------------------------
| rollout/           |          |
|    ep_len_mean     | 4.49e+03 |
|    ep_rew_mean     | 3.16e+03 |
| time/              |          |
|    episodes        | 1432     |
|    fps             | 2125     |
|    time_elapsed    | 1336     |
|    total_timesteps | 2841904  |
| train/             |          |
|    actor_loss      | -0.603   |
|    critic_loss     | 0.0044   |
|    ent_coef        | 0.000302 |
|    ent_coef_loss   | -1.09    |
|    learning_rate   | 0.0003   |
|    n_updates       | 177556   |
---------------------------------
---------------------------------
| rollout/           |          |
|    ep_len_mean     | 4.75e+03 |
|    ep_rew_mean     | 3.24e+03 |
| time/              |          |
|    episodes        | 1436     |
|    fps             | 2125     |
|    time_elapsed    | 1342     |
|    total_timesteps | 2853248  |
| train/             |          |
|    actor_loss      | -0.63    |
|    critic_loss     | 0.00149  |
|    ent_coef        | 0.000306 |
|    ent_coef_loss   | 2.98     |
|    learning_rate   | 0.0003   |
|    n_updates       | 178265   |
---------------------------------
---------------------------------
| rollout/           |          |
|    ep_len_mean     | 4.88e+03 |
|    ep_rew_mean     | 3.55e+03 |
| time/              |          |
|    episodes        | 1440     |
|    fps             | 2125     |
|    time_elapsed    | 1343     |
|    total_timesteps | 2856272  |
| train/             |          |
|    actor_loss      | -0.64    |
|    critic_loss     | 0.000366 |
|    ent_coef        | 0.00031  |
|    ent_coef_loss   | -2.14    |
|    learning_rate   | 0.0003   |
|    n_updates       | 178454   |
---------------------------------
---------------------------------
| rollout/           |          |
|    ep_len_mean     | 5.05e+03 |
|    ep_rew_mean     | 3.44e+03 |
| time/              |          |
|    episodes        | 1444     |
|    fps             | 2125     |
|    time_elapsed    | 1353     |
|    total_timesteps | 2875632  |
| train/             |          |
|    actor_loss      | -0.604   |
|    critic_loss     | 0.000233 |
|    ent_coef        | 0.000307 |
|    ent_coef_loss   | 3.26     |
|    learning_rate   | 0.0003   |
|    n_updates       | 179664   |
---------------------------------
---------------------------------
| rollout/           |          |
|    ep_len_mean     | 5.27e+03 |
|    ep_rew_mean     | 3.6e+03  |
| time/              |          |
|    episodes        | 1448     |
|    fps             | 2125     |
|    time_elapsed    | 1367     |
|    total_timesteps | 2905904  |
| train/             |          |
|    actor_loss      | -0.569   |
|    critic_loss     | 0.000164 |
|    ent_coef        | 0.000297 |
|    ent_coef_loss   | -1.73    |
|    learning_rate   | 0.0003   |
|    n_updates       | 181556   |
---------------------------------
---------------------------------
| rollout/           |          |
|    ep_len_mean     | 5.45e+03 |
|    ep_rew_mean     | 3.75e+03 |
| time/              |          |
|    episodes        | 1452     |
|    fps             | 2125     |
|    time_elapsed    | 1367     |
|    total_timesteps | 2907712  |
| train/             |          |
|    actor_loss      | -0.568   |
|    critic_loss     | 9.96e-05 |
|    ent_coef        | 0.00029  |
|    ent_coef_loss   | -2.64    |
|    learning_rate   | 0.0003   |
|    n_updates       | 181669   |
---------------------------------
---------------------------------
| rollout/           |          |
|    ep_len_mean     | 5.68e+03 |
|    ep_rew_mean     | 4.1e+03  |
| time/              |          |
|    episodes        | 1456     |
|    fps             | 2125     |
|    time_elapsed    | 1384     |
|    total_timesteps | 2943856  |
| train/             |          |
|    actor_loss      | -0.604   |
|    critic_loss     | 0.000267 |
|    ent_coef        | 0.000314 |
|    ent_coef_loss   | -3.24    |
|    learning_rate   | 0.0003   |
|    n_updates       | 183928   |
---------------------------------
---------------------------------
| rollout/           |          |
|    ep_len_mean     | 5.7e+03  |
|    ep_rew_mean     | 4.03e+03 |
| time/              |          |
|    episodes        | 1460     |
|    fps             | 2126     |
|    time_elapsed    | 1402     |
|    total_timesteps | 2982368  |
| train/             |          |
|    actor_loss      | -0.607   |
|    critic_loss     | 0.00129  |
|    ent_coef        | 0.000296 |
|    ent_coef_loss   | 2.19     |
|    learning_rate   | 0.0003   |
|    n_updates       | 186335   |
---------------------------------
---------------------------------
| rollout/           |          |
|    ep_len_mean     | 5.72e+03 |
|    ep_rew_mean     | 4.05e+03 |
| time/              |          |
|    episodes        | 1464     |
|    fps             | 2126     |
|    time_elapsed    | 1403     |
|    total_timesteps | 2984064  |
| train/             |          |
|    actor_loss      | -0.579   |
|    critic_loss     | 0.000166 |
|    ent_coef        | 0.000305 |
|    ent_coef_loss   | 0.264    |
|    learning_rate   | 0.0003   |
|    n_updates       | 186441   |
---------------------------------
---------------------------------
| rollout/           |          |
|    ep_len_mean     | 5.73e+03 |
|    ep_rew_mean     | 4.16e+03 |
| time/              |          |
|    episodes        | 1468     |
|    fps             | 2126     |
|    time_elapsed    | 1404     |
|    total_timesteps | 2987248  |
| train/             |          |
|    actor_loss      | -0.611   |
|    critic_loss     | 0.000147 |
|    ent_coef        | 0.000308 |
|    ent_coef_loss   | 1.62     |
|    learning_rate   | 0.0003   |
|    n_updates       | 186640   |
---------------------------------
---------------------------------
| rollout/           |          |
|    ep_len_mean     | 5.77e+03 |
|    ep_rew_mean     | 4.17e+03 |
| time/              |          |
|    episodes        | 1472     |
|    fps             | 2127     |
|    time_elapsed    | 1419     |
|    total_timesteps | 3019712  |
| train/             |          |
|    actor_loss      | -0.523   |
|    critic_loss     | 0.000618 |
|    ent_coef        | 0.000293 |
|    ent_coef_loss   | 2.85     |
|    learning_rate   | 0.0003   |
|    n_updates       | 188669   |
---------------------------------
---------------------------------
| rollout/           |          |
|    ep_len_mean     | 5.77e+03 |
|    ep_rew_mean     | 4.2e+03  |
| time/              |          |
|    episodes        | 1476     |
|    fps             | 2127     |
|    time_elapsed    | 1420     |
|    total_timesteps | 3021200  |
| train/             |          |
|    actor_loss      | -0.583   |
|    critic_loss     | 0.000185 |
|    ent_coef        | 0.000291 |
|    ent_coef_loss   | 1.49     |
|    learning_rate   | 0.0003   |
|    n_updates       | 188762   |
---------------------------------
---------------------------------
| rollout/           |          |
|    ep_len_mean     | 5.76e+03 |
|    ep_rew_mean     | 4.17e+03 |
| time/              |          |
|    episodes        | 1480     |
|    fps             | 2127     |
|    time_elapsed    | 1422     |
|    total_timesteps | 3024800  |
| train/             |          |
|    actor_loss      | -0.596   |
|    critic_loss     | 0.000382 |
|    ent_coef        | 0.00029  |
|    ent_coef_loss   | 2.73     |
|    learning_rate   | 0.0003   |
|    n_updates       | 188987   |
---------------------------------
---------------------------------
| rollout/           |          |
|    ep_len_mean     | 5.57e+03 |
|    ep_rew_mean     | 3.8e+03  |
| time/              |          |
|    episodes        | 1484     |
|    fps             | 2127     |
|    time_elapsed    | 1425     |
|    total_timesteps | 3032880  |
| train/             |          |
|    actor_loss      | -0.598   |
|    critic_loss     | 0.000153 |
|    ent_coef        | 0.000314 |
|    ent_coef_loss   | 1.79     |
|    learning_rate   | 0.0003   |
|    n_updates       | 189492   |
---------------------------------
---------------------------------
| rollout/           |          |
|    ep_len_mean     | 5.89e+03 |
|    ep_rew_mean     | 3.65e+03 |
| time/              |          |
|    episodes        | 1488     |
|    fps             | 2127     |
|    time_elapsed    | 1441     |
|    total_timesteps | 3066320  |
| train/             |          |
|    actor_loss      | -0.642   |
|    critic_loss     | 0.0232   |
|    ent_coef        | 0.0003   |
|    ent_coef_loss   | -0.512   |
|    learning_rate   | 0.0003   |
|    n_updates       | 191582   |
---------------------------------
---------------------------------
| rollout/           |          |
|    ep_len_mean     | 5.95e+03 |
|    ep_rew_mean     | 3.86e+03 |
| time/              |          |
|    episodes        | 1492     |
|    fps             | 2127     |
|    time_elapsed    | 1453     |
|    total_timesteps | 3092320  |
| train/             |          |
|    actor_loss      | -0.592   |
|    critic_loss     | 0.00495  |
|    ent_coef        | 0.000305 |
|    ent_coef_loss   | -1.07    |
|    learning_rate   | 0.0003   |
|    n_updates       | 193207   |
---------------------------------
---------------------------------
| rollout/           |          |
|    ep_len_mean     | 5.96e+03 |
|    ep_rew_mean     | 3.93e+03 |
| time/              |          |
|    episodes        | 1496     |
|    fps             | 2127     |
|    time_elapsed    | 1455     |
|    total_timesteps | 3096784  |
| train/             |          |
|    actor_loss      | -0.584   |
|    critic_loss     | 8.67e-05 |
|    ent_coef        | 0.00028  |
|    ent_coef_loss   | -1.91    |
|    learning_rate   | 0.0003   |
|    n_updates       | 193486   |
---------------------------------
---------------------------------
| rollout/           |          |
|    ep_len_mean     | 5.97e+03 |
|    ep_rew_mean     | 4.26e+03 |
| time/              |          |
|    episodes        | 1500     |
|    fps             | 2127     |
|    time_elapsed    | 1455     |
|    total_timesteps | 3097200  |
| train/             |          |
|    actor_loss      | -0.622   |
|    critic_loss     | 0.000975 |
|    ent_coef        | 0.000279 |
|    ent_coef_loss   | -2.54    |
|    learning_rate   | 0.0003   |
|    n_updates       | 193512   |
---------------------------------
---------------------------------
| rollout/           |          |
|    ep_len_mean     | 5.6e+03  |
|    ep_rew_mean     | 4.14e+03 |
| time/              |          |
|    episodes        | 1504     |
|    fps             | 2127     |
|    time_elapsed    | 1462     |
|    total_timesteps | 3111760  |
| train/             |          |
|    actor_loss      | -0.675   |
|    critic_loss     | 0.000661 |
|    ent_coef        | 0.000279 |
|    ent_coef_loss   | -3.64    |
|    learning_rate   | 0.0003   |
|    n_updates       | 194422   |
---------------------------------
---------------------------------
| rollout/           |          |
|    ep_len_mean     | 5.28e+03 |
|    ep_rew_mean     | 4.27e+03 |
| time/              |          |
|    episodes        | 1508     |
|    fps             | 2128     |
|    time_elapsed    | 1465     |
|    total_timesteps | 3118688  |
| train/             |          |
|    actor_loss      | -0.588   |
|    critic_loss     | 0.00012  |
|    ent_coef        | 0.000282 |
|    ent_coef_loss   | -0.421   |
|    learning_rate   | 0.0003   |
|    n_updates       | 194855   |
---------------------------------
---------------------------------
| rollout/           |          |
|    ep_len_mean     | 4.92e+03 |
|    ep_rew_mean     | 4.18e+03 |
| time/              |          |
|    episodes        | 1512     |
|    fps             | 2128     |
|    time_elapsed    | 1470     |
|    total_timesteps | 3129008  |
| train/             |          |
|    actor_loss      | -0.636   |
|    critic_loss     | 0.000402 |
|    ent_coef        | 0.000268 |
|    ent_coef_loss   | -2.77    |
|    learning_rate   | 0.0003   |
|    n_updates       | 195500   |
---------------------------------
---------------------------------
| rollout/           |          |
|    ep_len_mean     | 4.52e+03 |
|    ep_rew_mean     | 4.02e+03 |
| time/              |          |
|    episodes        | 1516     |
|    fps             | 2128     |
|    time_elapsed    | 1472     |
|    total_timesteps | 3132976  |
| train/             |          |
|    actor_loss      | -0.568   |
|    critic_loss     | 0.000248 |
|    ent_coef        | 0.000267 |
|    ent_coef_loss   | -2.09    |
|    learning_rate   | 0.0003   |
|    n_updates       | 195748   |
---------------------------------
---------------------------------
| rollout/           |          |
|    ep_len_mean     | 4.54e+03 |
|    ep_rew_mean     | 4.09e+03 |
| time/              |          |
|    episodes        | 1520     |
|    fps             | 2128     |
|    time_elapsed    | 1487     |
|    total_timesteps | 3166032  |
| train/             |          |
|    actor_loss      | -0.614   |
|    critic_loss     | 0.000996 |
|    ent_coef        | 0.000259 |
|    ent_coef_loss   | -0.556   |
|    learning_rate   | 0.0003   |
|    n_updates       | 197814   |
---------------------------------
---------------------------------
| rollout/           |          |
|    ep_len_mean     | 4.6e+03  |
|    ep_rew_mean     | 4.22e+03 |
| time/              |          |
|    episodes        | 1524     |
|    fps             | 2128     |
|    time_elapsed    | 1489     |
|    total_timesteps | 3169968  |
| train/             |          |
|    actor_loss      | -0.59    |
|    critic_loss     | 0.000963 |
|    ent_coef        | 0.000254 |
|    ent_coef_loss   | 0.503    |
|    learning_rate   | 0.0003   |
|    n_updates       | 198060   |
---------------------------------
---------------------------------
| rollout/           |          |
|    ep_len_mean     | 4.47e+03 |
|    ep_rew_mean     | 4.11e+03 |
| time/              |          |
|    episodes        | 1528     |
|    fps             | 2128     |
|    time_elapsed    | 1503     |
|    total_timesteps | 3201552  |
| train/             |          |
|    actor_loss      | -0.635   |
|    critic_loss     | 8.84e-05 |
|    ent_coef        | 0.000257 |
|    ent_coef_loss   | -0.149   |
|    learning_rate   | 0.0003   |
|    n_updates       | 200034   |
---------------------------------
---------------------------------
| rollout/           |          |
|    ep_len_mean     | 4.32e+03 |
|    ep_rew_mean     | 4.17e+03 |
| time/              |          |
|    episodes        | 1532     |
|    fps             | 2129     |
|    time_elapsed    | 1510     |
|    total_timesteps | 3215360  |
| train/             |          |
|    actor_loss      | -0.626   |
|    critic_loss     | 0.000209 |
|    ent_coef        | 0.000258 |
|    ent_coef_loss   | 0.658    |
|    learning_rate   | 0.0003   |
|    n_updates       | 200897   |
---------------------------------
---------------------------------
| rollout/           |          |
|    ep_len_mean     | 4.22e+03 |
|    ep_rew_mean     | 4.23e+03 |
| time/              |          |
|    episodes        | 1536     |
|    fps             | 2129     |
|    time_elapsed    | 1511     |
|    total_timesteps | 3217264  |
| train/             |          |
|    actor_loss      | -0.655   |
|    critic_loss     | 0.000257 |
|    ent_coef        | 0.000254 |
|    ent_coef_loss   | -1.72    |
|    learning_rate   | 0.0003   |
|    n_updates       | 201016   |
---------------------------------
---------------------------------
| rollout/           |          |
|    ep_len_mean     | 4.27e+03 |
|    ep_rew_mean     | 4.25e+03 |
| time/              |          |
|    episodes        | 1540     |
|    fps             | 2129     |
|    time_elapsed    | 1512     |
|    total_timesteps | 3219744  |
| train/             |          |
|    actor_loss      | -0.656   |
|    critic_loss     | 0.000665 |
|    ent_coef        | 0.000246 |
|    ent_coef_loss   | -2.53    |
|    learning_rate   | 0.0003   |
|    n_updates       | 201171   |
---------------------------------
---------------------------------
| rollout/           |          |
|    ep_len_mean     | 4e+03    |
|    ep_rew_mean     | 4.21e+03 |
| time/              |          |
|    episodes        | 1544     |
|    fps             | 2129     |
|    time_elapsed    | 1518     |
|    total_timesteps | 3233392  |
| train/             |          |
|    actor_loss      | -0.613   |
|    critic_loss     | 0.000104 |
|    ent_coef        | 0.000241 |
|    ent_coef_loss   | -1.37    |
|    learning_rate   | 0.0003   |
|    n_updates       | 202024   |
---------------------------------
---------------------------------
| rollout/           |          |
|    ep_len_mean     | 3.74e+03 |
|    ep_rew_mean     | 4.08e+03 |
| time/              |          |
|    episodes        | 1548     |
|    fps             | 2129     |
|    time_elapsed    | 1525     |
|    total_timesteps | 3249296  |
| train/             |          |
|    actor_loss      | -0.622   |
|    critic_loss     | 0.000285 |
|    ent_coef        | 0.000264 |
|    ent_coef_loss   | 1.37     |
|    learning_rate   | 0.0003   |
|    n_updates       | 203018   |
---------------------------------
---------------------------------
| rollout/           |          |
|    ep_len_mean     | 3.64e+03 |
|    ep_rew_mean     | 4e+03    |
| time/              |          |
|    episodes        | 1552     |
|    fps             | 2129     |
|    time_elapsed    | 1529     |
|    total_timesteps | 3257888  |
| train/             |          |
|    actor_loss      | -0.62    |
|    critic_loss     | 0.000136 |
|    ent_coef        | 0.00027  |
|    ent_coef_loss   | 4.67     |
|    learning_rate   | 0.0003   |
|    n_updates       | 203555   |
---------------------------------
---------------------------------
| rollout/           |          |
|    ep_len_mean     | 3.44e+03 |
|    ep_rew_mean     | 3.68e+03 |
| time/              |          |
|    episodes        | 1556     |
|    fps             | 2129     |
|    time_elapsed    | 1535     |
|    total_timesteps | 3269360  |
| train/             |          |
|    actor_loss      | -0.637   |
|    critic_loss     | 0.000114 |
|    ent_coef        | 0.000267 |
|    ent_coef_loss   | -1.54    |
|    learning_rate   | 0.0003   |
|    n_updates       | 204272   |
---------------------------------
---------------------------------
| rollout/           |          |
|    ep_len_mean     | 3.37e+03 |
|    ep_rew_mean     | 3.66e+03 |
| time/              |          |
|    episodes        | 1560     |
|    fps             | 2129     |
|    time_elapsed    | 1537     |
|    total_timesteps | 3274432  |
| train/             |          |
|    actor_loss      | -0.661   |
|    critic_loss     | 9.82e-05 |
|    ent_coef        | 0.000258 |
|    ent_coef_loss   | -2.9     |
|    learning_rate   | 0.0003   |
|    n_updates       | 204589   |
---------------------------------
---------------------------------
| rollout/           |          |
|    ep_len_mean     | 3.33e+03 |
|    ep_rew_mean     | 3.58e+03 |
| time/              |          |
|    episodes        | 1564     |
|    fps             | 2129     |
|    time_elapsed    | 1540     |
|    total_timesteps | 3282064  |
| train/             |          |
|    actor_loss      | -0.649   |
|    critic_loss     | 0.000185 |
|    ent_coef        | 0.000259 |
|    ent_coef_loss   | 2.53     |
|    learning_rate   | 0.0003   |
|    n_updates       | 205066   |
---------------------------------
---------------------------------
| rollout/           |          |
|    ep_len_mean     | 3.41e+03 |
|    ep_rew_mean     | 3.52e+03 |
| time/              |          |
|    episodes        | 1568     |
|    fps             | 2129     |
|    time_elapsed    | 1541     |
|    total_timesteps | 3284128  |
| train/             |          |
|    actor_loss      | -0.664   |
|    critic_loss     | 0.000409 |
|    ent_coef        | 0.000258 |
|    ent_coef_loss   | -2.32    |
|    learning_rate   | 0.0003   |
|    n_updates       | 205195   |
---------------------------------
---------------------------------
| rollout/           |          |
|    ep_len_mean     | 3.27e+03 |
|    ep_rew_mean     | 3.44e+03 |
| time/              |          |
|    episodes        | 1572     |
|    fps             | 2130     |
|    time_elapsed    | 1547     |
|    total_timesteps | 3295968  |
| train/             |          |
|    actor_loss      | -0.656   |
|    critic_loss     | 0.000161 |
|    ent_coef        | 0.000261 |
|    ent_coef_loss   | -2.36    |
|    learning_rate   | 0.0003   |
|    n_updates       | 205935   |
---------------------------------
---------------------------------
| rollout/           |          |
|    ep_len_mean     | 3.23e+03 |
|    ep_rew_mean     | 3.35e+03 |
| time/              |          |
|    episodes        | 1576     |
|    fps             | 2130     |
|    time_elapsed    | 1550     |
|    total_timesteps | 3302896  |
| train/             |          |
|    actor_loss      | -0.634   |
|    critic_loss     | 0.000379 |
|    ent_coef        | 0.000262 |
|    ent_coef_loss   | 2.16     |
|    learning_rate   | 0.0003   |
|    n_updates       | 206368   |
---------------------------------
---------------------------------
| rollout/           |          |
|    ep_len_mean     | 3.23e+03 |
|    ep_rew_mean     | 3.41e+03 |
| time/              |          |
|    episodes        | 1580     |
|    fps             | 2129     |
|    time_elapsed    | 1557     |
|    total_timesteps | 3316096  |
| train/             |          |
|    actor_loss      | -0.647   |
|    critic_loss     | 0.000116 |
|    ent_coef        | 0.000263 |
|    ent_coef_loss   | -0.487   |
|    learning_rate   | 0.0003   |
|    n_updates       | 207193   |
---------------------------------
---------------------------------
| rollout/           |          |
|    ep_len_mean     | 3.3e+03  |
|    ep_rew_mean     | 3.65e+03 |
| time/              |          |
|    episodes        | 1584     |
|    fps             | 2129     |
|    time_elapsed    | 1564     |
|    total_timesteps | 3330768  |
| train/             |          |
|    actor_loss      | -0.646   |
|    critic_loss     | 0.000142 |
|    ent_coef        | 0.000266 |
|    ent_coef_loss   | -1.84    |
|    learning_rate   | 0.0003   |
|    n_updates       | 208110   |
---------------------------------
---------------------------------
| rollout/           |          |
|    ep_len_mean     | 2.98e+03 |
|    ep_rew_mean     | 3.85e+03 |
| time/              |          |
|    episodes        | 1588     |
|    fps             | 2128     |
|    time_elapsed    | 1594     |
|    total_timesteps | 3393296  |
| train/             |          |
|    actor_loss      | -0.61    |
|    critic_loss     | 0.000441 |
|    ent_coef        | 0.000256 |
|    ent_coef_loss   | 7.4      |
|    learning_rate   | 0.0003   |
|    n_updates       | 212018   |
---------------------------------
---------------------------------
| rollout/           |          |
|    ep_len_mean     | 3.09e+03 |
|    ep_rew_mean     | 3.95e+03 |
| time/              |          |
|    episodes        | 1592     |
|    fps             | 2128     |
|    time_elapsed    | 1596     |
|    total_timesteps | 3397792  |
| train/             |          |
|    actor_loss      | -0.615   |
|    critic_loss     | 0.00128  |
|    ent_coef        | 0.000258 |
|    ent_coef_loss   | 2.92     |
|    learning_rate   | 0.0003   |
|    n_updates       | 212299   |
---------------------------------
---------------------------------
| rollout/           |          |
|    ep_len_mean     | 3.06e+03 |
|    ep_rew_mean     | 3.92e+03 |
| time/              |          |
|    episodes        | 1596     |
|    fps             | 2128     |
|    time_elapsed    | 1602     |
|    total_timesteps | 3411488  |
| train/             |          |
|    actor_loss      | -0.576   |
|    critic_loss     | 0.000603 |
|    ent_coef        | 0.000261 |
|    ent_coef_loss   | 2.41     |
|    learning_rate   | 0.0003   |
|    n_updates       | 213155   |
---------------------------------
---------------------------------
| rollout/           |          |
|    ep_len_mean     | 2.94e+03 |
|    ep_rew_mean     | 3.53e+03 |
| time/              |          |
|    episodes        | 1600     |
|    fps             | 2128     |
|    time_elapsed    | 1607     |
|    total_timesteps | 3421024  |
| train/             |          |
|    actor_loss      | -0.658   |
|    critic_loss     | 0.00298  |
|    ent_coef        | 0.000255 |
|    ent_coef_loss   | -2.9     |
|    learning_rate   | 0.0003   |
|    n_updates       | 213751   |
---------------------------------
---------------------------------
| rollout/           |          |
|    ep_len_mean     | 3.08e+03 |
|    ep_rew_mean     | 3.65e+03 |
| time/              |          |
|    episodes        | 1604     |
|    fps             | 2128     |
|    time_elapsed    | 1608     |
|    total_timesteps | 3424464  |
| train/             |          |
|    actor_loss      | -0.602   |
|    critic_loss     | 0.000133 |
|    ent_coef        | 0.000248 |
|    ent_coef_loss   | -0.95    |
|    learning_rate   | 0.0003   |
|    n_updates       | 213966   |
---------------------------------
---------------------------------
| rollout/           |          |
|    ep_len_mean     | 3.16e+03 |
|    ep_rew_mean     | 3.68e+03 |
| time/              |          |
|    episodes        | 1608     |
|    fps             | 2129     |
|    time_elapsed    | 1632     |
|    total_timesteps | 3477264  |
| train/             |          |
|    actor_loss      | -0.619   |
|    critic_loss     | 0.000271 |
|    ent_coef        | 0.000256 |
|    ent_coef_loss   | -1.72    |
|    learning_rate   | 0.0003   |
|    n_updates       | 217266   |
---------------------------------
---------------------------------
| rollout/           |          |
|    ep_len_mean     | 3.3e+03  |
|    ep_rew_mean     | 3.94e+03 |
| time/              |          |
|    episodes        | 1612     |
|    fps             | 2129     |
|    time_elapsed    | 1635     |
|    total_timesteps | 3483344  |
| train/             |          |
|    actor_loss      | -0.599   |
|    critic_loss     | 0.000783 |
|    ent_coef        | 0.000271 |
|    ent_coef_loss   | 1.73     |
|    learning_rate   | 0.0003   |
|    n_updates       | 217646   |
---------------------------------
---------------------------------
| rollout/           |          |
|    ep_len_mean     | 3.44e+03 |
|    ep_rew_mean     | 4.22e+03 |
| time/              |          |
|    episodes        | 1616     |
|    fps             | 2129     |
|    time_elapsed    | 1650     |
|    total_timesteps | 3515088  |
| train/             |          |
|    actor_loss      | -0.617   |
|    critic_loss     | 0.00104  |
|    ent_coef        | 0.00024  |
|    ent_coef_loss   | 0.299    |
|    learning_rate   | 0.0003   |
|    n_updates       | 219630   |
---------------------------------
---------------------------------
| rollout/           |          |
|    ep_len_mean     | 3.64e+03 |
|    ep_rew_mean     | 4.34e+03 |
| time/              |          |
|    episodes        | 1620     |
|    fps             | 2130     |
|    time_elapsed    | 1657     |
|    total_timesteps | 3531408  |
| train/             |          |
|    actor_loss      | -0.614   |
|    critic_loss     | 0.243    |
|    ent_coef        | 0.000265 |
|    ent_coef_loss   | 1.93     |
|    learning_rate   | 0.0003   |
|    n_updates       | 220650   |
---------------------------------
---------------------------------
| rollout/           |          |
|    ep_len_mean     | 3.7e+03  |
|    ep_rew_mean     | 4.2e+03  |
| time/              |          |
|    episodes        | 1624     |
|    fps             | 2130     |
|    time_elapsed    | 1660     |
|    total_timesteps | 3537888  |
| train/             |          |
|    actor_loss      | -0.622   |
|    critic_loss     | 0.000163 |
|    ent_coef        | 0.000265 |
|    ent_coef_loss   | 1.62     |
|    learning_rate   | 0.0003   |
|    n_updates       | 221055   |
---------------------------------
---------------------------------
| rollout/           |          |
|    ep_len_mean     | 3.82e+03 |
|    ep_rew_mean     | 4.41e+03 |
| time/              |          |
|    episodes        | 1628     |
|    fps             | 2130     |
|    time_elapsed    | 1669     |
|    total_timesteps | 3556608  |
| train/             |          |
|    actor_loss      | -0.699   |
|    critic_loss     | 0.000894 |
|    ent_coef        | 0.000274 |
|    ent_coef_loss   | -2.06    |
|    learning_rate   | 0.0003   |
|    n_updates       | 222225   |
---------------------------------
---------------------------------
| rollout/           |          |
|    ep_len_mean     | 3.85e+03 |
|    ep_rew_mean     | 4.47e+03 |
| time/              |          |
|    episodes        | 1632     |
|    fps             | 2130     |
|    time_elapsed    | 1680     |
|    total_timesteps | 3580224  |
| train/             |          |
|    actor_loss      | -0.652   |
|    critic_loss     | 0.000101 |
|    ent_coef        | 0.00025  |
|    ent_coef_loss   | 0.305    |
|    learning_rate   | 0.0003   |
|    n_updates       | 223701   |
---------------------------------
---------------------------------
| rollout/           |          |
|    ep_len_mean     | 3.75e+03 |
|    ep_rew_mean     | 4.38e+03 |
| time/              |          |
|    episodes        | 1636     |
|    fps             | 2130     |
|    time_elapsed    | 1683     |
|    total_timesteps | 3586160  |
| train/             |          |
|    actor_loss      | -0.692   |
|    critic_loss     | 0.000261 |
|    ent_coef        | 0.00025  |
|    ent_coef_loss   | -0.888   |
|    learning_rate   | 0.0003   |
|    n_updates       | 224072   |
---------------------------------
---------------------------------
| rollout/           |          |
|    ep_len_mean     | 3.62e+03 |
|    ep_rew_mean     | 4.13e+03 |
| time/              |          |
|    episodes        | 1640     |
|    fps             | 2131     |
|    time_elapsed    | 1698     |
|    total_timesteps | 3619264  |
| train/             |          |
|    actor_loss      | -0.653   |
|    critic_loss     | 0.000287 |
|    ent_coef        | 0.000263 |
|    ent_coef_loss   | -0.0678  |
|    learning_rate   | 0.0003   |
|    n_updates       | 226141   |
---------------------------------
---------------------------------
| rollout/           |          |
|    ep_len_mean     | 3.66e+03 |
|    ep_rew_mean     | 4.2e+03  |
| time/              |          |
|    episodes        | 1644     |
|    fps             | 2131     |
|    time_elapsed    | 1698     |
|    total_timesteps | 3619824  |
| train/             |          |
|    actor_loss      | -0.713   |
|    critic_loss     | 0.000163 |
|    ent_coef        | 0.000263 |
|    ent_coef_loss   | -1.34    |
|    learning_rate   | 0.0003   |
|    n_updates       | 226176   |
---------------------------------
---------------------------------
| rollout/           |          |
|    ep_len_mean     | 3.59e+03 |
|    ep_rew_mean     | 4.1e+03  |
| time/              |          |
|    episodes        | 1648     |
|    fps             | 2131     |
|    time_elapsed    | 1699     |
|    total_timesteps | 3621504  |
| train/             |          |
|    actor_loss      | -0.67    |
|    critic_loss     | 0.000625 |
|    ent_coef        | 0.000269 |
|    ent_coef_loss   | 1.76     |
|    learning_rate   | 0.0003   |
|    n_updates       | 226281   |
---------------------------------
---------------------------------
| rollout/           |          |
|    ep_len_mean     | 3.5e+03  |
|    ep_rew_mean     | 4.01e+03 |
| time/              |          |
|    episodes        | 1652     |
|    fps             | 2131     |
|    time_elapsed    | 1700     |
|    total_timesteps | 3623728  |
| train/             |          |
|    actor_loss      | -0.668   |
|    critic_loss     | 0.000126 |
|    ent_coef        | 0.00027  |
|    ent_coef_loss   | 0.513    |
|    learning_rate   | 0.0003   |
|    n_updates       | 226420   |
---------------------------------
---------------------------------
| rollout/           |          |
|    ep_len_mean     | 3.54e+03 |
|    ep_rew_mean     | 4e+03    |
| time/              |          |
|    episodes        | 1656     |
|    fps             | 2131     |
|    time_elapsed    | 1701     |
|    total_timesteps | 3627088  |
| train/             |          |
|    actor_loss      | -0.654   |
|    critic_loss     | 0.000156 |
|    ent_coef        | 0.000265 |
|    ent_coef_loss   | 0.498    |
|    learning_rate   | 0.0003   |
|    n_updates       | 226630   |
---------------------------------
---------------------------------
| rollout/           |          |
|    ep_len_mean     | 3.48e+03 |
|    ep_rew_mean     | 3.91e+03 |
| time/              |          |
|    episodes        | 1660     |
|    fps             | 2131     |
|    time_elapsed    | 1702     |
|    total_timesteps | 3628848  |
| train/             |          |
|    actor_loss      | -0.648   |
|    critic_loss     | 0.000242 |
|    ent_coef        | 0.000266 |
|    ent_coef_loss   | -1.08    |
|    learning_rate   | 0.0003   |
|    n_updates       | 226740   |
---------------------------------
---------------------------------
| rollout/           |          |
|    ep_len_mean     | 3.39e+03 |
|    ep_rew_mean     | 3.83e+03 |
| time/              |          |
|    episodes        | 1664     |
|    fps             | 2131     |
|    time_elapsed    | 1703     |
|    total_timesteps | 3631440  |
| train/             |          |
|    actor_loss      | -0.641   |
|    critic_loss     | 0.219    |
|    ent_coef        | 0.000258 |
|    ent_coef_loss   | 0.627    |
|    learning_rate   | 0.0003   |
|    n_updates       | 226902   |
---------------------------------
---------------------------------
| rollout/           |          |
|    ep_len_mean     | 3.34e+03 |
|    ep_rew_mean     | 3.92e+03 |
| time/              |          |
|    episodes        | 1668     |
|    fps             | 2131     |
|    time_elapsed    | 1713     |
|    total_timesteps | 3651680  |
| train/             |          |
|    actor_loss      | -0.675   |
|    critic_loss     | 0.00589  |
|    ent_coef        | 0.000248 |
|    ent_coef_loss   | -0.75    |
|    learning_rate   | 0.0003   |
|    n_updates       | 228167   |
---------------------------------
---------------------------------
| rollout/           |          |
|    ep_len_mean     | 3.56e+03 |
|    ep_rew_mean     | 4.21e+03 |
| time/              |          |
|    episodes        | 1672     |
|    fps             | 2132     |
|    time_elapsed    | 1737     |
|    total_timesteps | 3704080  |
| train/             |          |
|    actor_loss      | -0.686   |
|    critic_loss     | 0.000837 |
|    ent_coef        | 0.000251 |
|    ent_coef_loss   | 2.57     |
|    learning_rate   | 0.0003   |
|    n_updates       | 231442   |
---------------------------------
---------------------------------
| rollout/           |          |
|    ep_len_mean     | 3.63e+03 |
|    ep_rew_mean     | 4.27e+03 |
| time/              |          |
|    episodes        | 1676     |
|    fps             | 2131     |
|    time_elapsed    | 1754     |
|    total_timesteps | 3740144  |
| train/             |          |
|    actor_loss      | -0.7     |
|    critic_loss     | 0.000491 |
|    ent_coef        | 0.000238 |
|    ent_coef_loss   | 0.797    |
|    learning_rate   | 0.0003   |
|    n_updates       | 233696   |
---------------------------------
---------------------------------
| rollout/           |          |
|    ep_len_mean     | 3.68e+03 |
|    ep_rew_mean     | 4.23e+03 |
| time/              |          |
|    episodes        | 1680     |
|    fps             | 2131     |
|    time_elapsed    | 1756     |
|    total_timesteps | 3743328  |
| train/             |          |
|    actor_loss      | -0.628   |
|    critic_loss     | 0.00049  |
|    ent_coef        | 0.000244 |
|    ent_coef_loss   | 1.29     |
|    learning_rate   | 0.0003   |
|    n_updates       | 233895   |
---------------------------------
---------------------------------
| rollout/           |          |
|    ep_len_mean     | 3.63e+03 |
|    ep_rew_mean     | 3.99e+03 |
| time/              |          |
|    episodes        | 1684     |
|    fps             | 2131     |
|    time_elapsed    | 1756     |
|    total_timesteps | 3744608  |
| train/             |          |
|    actor_loss      | -0.696   |
|    critic_loss     | 0.000288 |
|    ent_coef        | 0.000244 |
|    ent_coef_loss   | 1.91     |
|    learning_rate   | 0.0003   |
|    n_updates       | 233975   |
---------------------------------
---------------------------------
| rollout/           |          |
|    ep_len_mean     | 3.48e+03 |
|    ep_rew_mean     | 3.75e+03 |
| time/              |          |
|    episodes        | 1688     |
|    fps             | 2131     |
|    time_elapsed    | 1757     |
|    total_timesteps | 3745856  |
| train/             |          |
|    actor_loss      | -0.696   |
|    critic_loss     | 0.000595 |
|    ent_coef        | 0.000245 |
|    ent_coef_loss   | 1.85     |
|    learning_rate   | 0.0003   |
|    n_updates       | 234053   |
---------------------------------
---------------------------------
| rollout/           |          |
|    ep_len_mean     | 3.37e+03 |
|    ep_rew_mean     | 3.45e+03 |
| time/              |          |
|    episodes        | 1692     |
|    fps             | 2131     |
|    time_elapsed    | 1757     |
|    total_timesteps | 3746768  |
| train/             |          |
|    actor_loss      | -0.702   |
|    critic_loss     | 0.000399 |
|    ent_coef        | 0.000247 |
|    ent_coef_loss   | -1.38    |
|    learning_rate   | 0.0003   |
|    n_updates       | 234110   |
---------------------------------
---------------------------------
| rollout/           |          |
|    ep_len_mean     | 3.11e+03 |
|    ep_rew_mean     | 3.2e+03  |
| time/              |          |
|    episodes        | 1696     |
|    fps             | 2131     |
|    time_elapsed    | 1758     |
|    total_timesteps | 3747936  |
| train/             |          |
|    actor_loss      | -0.757   |
|    critic_loss     | 0.000236 |
|    ent_coef        | 0.000247 |
|    ent_coef_loss   | -0.231   |
|    learning_rate   | 0.0003   |
|    n_updates       | 234183   |
---------------------------------
---------------------------------
| rollout/           |          |
|    ep_len_mean     | 3.06e+03 |
|    ep_rew_mean     | 3.18e+03 |
| time/              |          |
|    episodes        | 1700     |
|    fps             | 2131     |
|    time_elapsed    | 1759     |
|    total_timesteps | 3749216  |
| train/             |          |
|    actor_loss      | -0.696   |
|    critic_loss     | 0.000192 |
|    ent_coef        | 0.000246 |
|    ent_coef_loss   | -1.52    |
|    learning_rate   | 0.0003   |
|    n_updates       | 234263   |
---------------------------------
---------------------------------
| rollout/           |          |
|    ep_len_mean     | 2.85e+03 |
|    ep_rew_mean     | 2.99e+03 |
| time/              |          |
|    episodes        | 1704     |
|    fps             | 2131     |
|    time_elapsed    | 1759     |
|    total_timesteps | 3749792  |
| train/             |          |
|    actor_loss      | -0.622   |
|    critic_loss     | 0.000532 |
|    ent_coef        | 0.000246 |
|    ent_coef_loss   | -0.717   |
|    learning_rate   | 0.0003   |
|    n_updates       | 234299   |
---------------------------------
---------------------------------
| rollout/           |          |
|    ep_len_mean     | 2.66e+03 |
|    ep_rew_mean     | 2.75e+03 |
| time/              |          |
|    episodes        | 1708     |
|    fps             | 2131     |
|    time_elapsed    | 1759     |
|    total_timesteps | 3750992  |
| train/             |          |
|    actor_loss      | -0.692   |
|    critic_loss     | 0.000301 |
|    ent_coef        | 0.000251 |
|    ent_coef_loss   | -0.128   |
|    learning_rate   | 0.0003   |
|    n_updates       | 234374   |
---------------------------------
---------------------------------
| rollout/           |          |
|    ep_len_mean     | 2.47e+03 |
|    ep_rew_mean     | 2.48e+03 |
| time/              |          |
|    episodes        | 1712     |
|    fps             | 2131     |
|    time_elapsed    | 1760     |
|    total_timesteps | 3751936  |
| train/             |          |
|    actor_loss      | -0.71    |
|    critic_loss     | 0.000329 |
|    ent_coef        | 0.000252 |
|    ent_coef_loss   | 2.76     |
|    learning_rate   | 0.0003   |
|    n_updates       | 234433   |
---------------------------------
---------------------------------
| rollout/           |          |
|    ep_len_mean     | 2.29e+03 |
|    ep_rew_mean     | 2.16e+03 |
| time/              |          |
|    episodes        | 1716     |
|    fps             | 2131     |
|    time_elapsed    | 1760     |
|    total_timesteps | 3753136  |
| train/             |          |
|    actor_loss      | -0.667   |
|    critic_loss     | 0.000207 |
|    ent_coef        | 0.000254 |
|    ent_coef_loss   | 1.45     |
|    learning_rate   | 0.0003   |
|    n_updates       | 234508   |
---------------------------------
---------------------------------
| rollout/           |          |
|    ep_len_mean     | 1.9e+03  |
|    ep_rew_mean     | 1.94e+03 |
| time/              |          |
|    episodes        | 1720     |
|    fps             | 2131     |
|    time_elapsed    | 1761     |
|    total_timesteps | 3754464  |
| train/             |          |
|    actor_loss      | -0.638   |
|    critic_loss     | 0.0109   |
|    ent_coef        | 0.000259 |
|    ent_coef_loss   | 0.657    |
|    learning_rate   | 0.0003   |
|    n_updates       | 234591   |
---------------------------------
---------------------------------
| rollout/           |          |
|    ep_len_mean     | 1.71e+03 |
|    ep_rew_mean     | 1.86e+03 |
| time/              |          |
|    episodes        | 1724     |
|    fps             | 2131     |
|    time_elapsed    | 1761     |
|    total_timesteps | 3755168  |
| train/             |          |
|    actor_loss      | -0.695   |
|    critic_loss     | 0.000174 |
|    ent_coef        | 0.000257 |
|    ent_coef_loss   | 0.196    |
|    learning_rate   | 0.0003   |
|    n_updates       | 234635   |
---------------------------------
---------------------------------
| rollout/           |          |
|    ep_len_mean     | 1.55e+03 |
|    ep_rew_mean     | 1.59e+03 |
| time/              |          |
|    episodes        | 1728     |
|    fps             | 2131     |
|    time_elapsed    | 1763     |
|    total_timesteps | 3758352  |
| train/             |          |
|    actor_loss      | -0.713   |
|    critic_loss     | 0.000668 |
|    ent_coef        | 0.000267 |
|    ent_coef_loss   | 3.2      |
|    learning_rate   | 0.0003   |
|    n_updates       | 234834   |
---------------------------------
---------------------------------
| rollout/           |          |
|    ep_len_mean     | 1.51e+03 |
|    ep_rew_mean     | 1.48e+03 |
| time/              |          |
|    episodes        | 1732     |
|    fps             | 2131     |
|    time_elapsed    | 1764     |
|    total_timesteps | 3759568  |
| train/             |          |
|    actor_loss      | -0.706   |
|    critic_loss     | 0.000155 |
|    ent_coef        | 0.000269 |
|    ent_coef_loss   | 0.162    |
|    learning_rate   | 0.0003   |
|    n_updates       | 234910   |
---------------------------------
---------------------------------
| rollout/           |          |
|    ep_len_mean     | 1.41e+03 |
|    ep_rew_mean     | 1.32e+03 |
| time/              |          |
|    episodes        | 1736     |
|    fps             | 2131     |
|    time_elapsed    | 1764     |
|    total_timesteps | 3760816  |
| train/             |          |
|    actor_loss      | -0.674   |
|    critic_loss     | 0.000221 |
|    ent_coef        | 0.00027  |
|    ent_coef_loss   | 2.95     |
|    learning_rate   | 0.0003   |
|    n_updates       | 234988   |
---------------------------------
---------------------------------
| rollout/           |          |
|    ep_len_mean     | 1.51e+03 |
|    ep_rew_mean     | 1.36e+03 |
| time/              |          |
|    episodes        | 1740     |
|    fps             | 2131     |
|    time_elapsed    | 1766     |
|    total_timesteps | 3764816  |
| train/             |          |
|    actor_loss      | -0.696   |
|    critic_loss     | 0.000475 |
|    ent_coef        | 0.000275 |
|    ent_coef_loss   | -0.0194  |
|    learning_rate   | 0.0003   |
|    n_updates       | 235238   |
---------------------------------
---------------------------------
| rollout/           |          |
|    ep_len_mean     | 1.45e+03 |
|    ep_rew_mean     | 1.25e+03 |
| time/              |          |
|    episodes        | 1744     |
|    fps             | 2131     |
|    time_elapsed    | 1767     |
|    total_timesteps | 3767504  |
| train/             |          |
|    actor_loss      | -0.697   |
|    critic_loss     | 0.000122 |
|    ent_coef        | 0.000269 |
|    ent_coef_loss   | 0.667    |
|    learning_rate   | 0.0003   |
|    n_updates       | 235406   |
---------------------------------
---------------------------------
| rollout/           |          |
|    ep_len_mean     | 1.54e+03 |
|    ep_rew_mean     | 1.31e+03 |
| time/              |          |
|    episodes        | 1748     |
|    fps             | 2131     |
|    time_elapsed    | 1768     |
|    total_timesteps | 3769872  |
| train/             |          |
|    actor_loss      | -0.679   |
|    critic_loss     | 0.000542 |
|    ent_coef        | 0.000265 |
|    ent_coef_loss   | 3.62     |
|    learning_rate   | 0.0003   |
|    n_updates       | 235554   |
---------------------------------
---------------------------------
| rollout/           |          |
|    ep_len_mean     | 1.64e+03 |
|    ep_rew_mean     | 1.37e+03 |
| time/              |          |
|    episodes        | 1752     |
|    fps             | 2131     |
|    time_elapsed    | 1770     |
|    total_timesteps | 3773392  |
| train/             |          |
|    actor_loss      | -0.691   |
|    critic_loss     | 0.000164 |
|    ent_coef        | 0.000262 |
|    ent_coef_loss   | -1.98    |
|    learning_rate   | 0.0003   |
|    n_updates       | 235774   |
---------------------------------
---------------------------------
| rollout/           |          |
|    ep_len_mean     | 1.78e+03 |
|    ep_rew_mean     | 1.27e+03 |
| time/              |          |
|    episodes        | 1756     |
|    fps             | 2131     |
|    time_elapsed    | 1771     |
|    total_timesteps | 3774528  |
| train/             |          |
|    actor_loss      | -0.672   |
|    critic_loss     | 0.00016  |
|    ent_coef        | 0.00026  |
|    ent_coef_loss   | -1.03    |
|    learning_rate   | 0.0003   |
|    n_updates       | 235845   |
---------------------------------
---------------------------------
| rollout/           |          |
|    ep_len_mean     | 1.77e+03 |
|    ep_rew_mean     | 1.24e+03 |
| time/              |          |
|    episodes        | 1760     |
|    fps             | 2131     |
|    time_elapsed    | 1771     |
|    total_timesteps | 3775728  |
| train/             |          |
|    actor_loss      | -0.683   |
|    critic_loss     | 0.00102  |
|    ent_coef        | 0.000261 |
|    ent_coef_loss   | 1.13     |
|    learning_rate   | 0.0003   |
|    n_updates       | 235920   |
---------------------------------
---------------------------------
| rollout/           |          |
|    ep_len_mean     | 1.76e+03 |
|    ep_rew_mean     | 1.25e+03 |
| time/              |          |
|    episodes        | 1764     |
|    fps             | 2131     |
|    time_elapsed    | 1772     |
|    total_timesteps | 3776896  |
| train/             |          |
|    actor_loss      | -0.697   |
|    critic_loss     | 0.0013   |
|    ent_coef        | 0.000262 |
|    ent_coef_loss   | -3.75    |
|    learning_rate   | 0.0003   |
|    n_updates       | 235993   |
---------------------------------
---------------------------------
| rollout/           |          |
|    ep_len_mean     | 1.58e+03 |
|    ep_rew_mean     | 1.02e+03 |
| time/              |          |
|    episodes        | 1768     |
|    fps             | 2131     |
|    time_elapsed    | 1772     |
|    total_timesteps | 3777376  |
| train/             |          |
|    actor_loss      | -0.674   |
|    critic_loss     | 0.194    |
|    ent_coef        | 0.000261 |
|    ent_coef_loss   | -0.368   |
|    learning_rate   | 0.0003   |
|    n_updates       | 236023   |
---------------------------------
---------------------------------
| rollout/           |          |
|    ep_len_mean     | 1.34e+03 |
|    ep_rew_mean     | 688      |
| time/              |          |
|    episodes        | 1772     |
|    fps             | 2131     |
|    time_elapsed    | 1773     |
|    total_timesteps | 3778512  |
| train/             |          |
|    actor_loss      | -0.673   |
|    critic_loss     | 0.00536  |
|    ent_coef        | 0.000267 |
|    ent_coef_loss   | -0.51    |
|    learning_rate   | 0.0003   |
|    n_updates       | 236094   |
---------------------------------
---------------------------------
| rollout/           |          |
|    ep_len_mean     | 1.23e+03 |
|    ep_rew_mean     | 573      |
| time/              |          |
|    episodes        | 1776     |
|    fps             | 2131     |
|    time_elapsed    | 1773     |
|    total_timesteps | 3779136  |
| train/             |          |
|    actor_loss      | -0.667   |
|    critic_loss     | 0.000587 |
|    ent_coef        | 0.000266 |
|    ent_coef_loss   | -0.911   |
|    learning_rate   | 0.0003   |
|    n_updates       | 236133   |
---------------------------------
---------------------------------
| rollout/           |          |
|    ep_len_mean     | 1.17e+03 |
|    ep_rew_mean     | 567      |
| time/              |          |
|    episodes        | 1780     |
|    fps             | 2130     |
|    time_elapsed    | 1789     |
|    total_timesteps | 3813264  |
| train/             |          |
|    actor_loss      | -0.711   |
|    critic_loss     | 0.00035  |
|    ent_coef        | 0.000271 |
|    ent_coef_loss   | 0.387    |
|    learning_rate   | 0.0003   |
|    n_updates       | 238266   |
---------------------------------
---------------------------------
| rollout/           |          |
|    ep_len_mean     | 1.25e+03 |
|    ep_rew_mean     | 841      |
| time/              |          |
|    episodes        | 1784     |
|    fps             | 2130     |
|    time_elapsed    | 1803     |
|    total_timesteps | 3842656  |
| train/             |          |
|    actor_loss      | -0.755   |
|    critic_loss     | 0.000132 |
|    ent_coef        | 0.000259 |
|    ent_coef_loss   | -0.682   |
|    learning_rate   | 0.0003   |
|    n_updates       | 240103   |
---------------------------------
---------------------------------
| rollout/           |          |
|    ep_len_mean     | 1.38e+03 |
|    ep_rew_mean     | 1.11e+03 |
| time/              |          |
|    episodes        | 1788     |
|    fps             | 2130     |
|    time_elapsed    | 1805     |
|    total_timesteps | 3847984  |
| train/             |          |
|    actor_loss      | -0.735   |
|    critic_loss     | 0.00111  |
|    ent_coef        | 0.000255 |
|    ent_coef_loss   | -0.194   |
|    learning_rate   | 0.0003   |
|    n_updates       | 240436   |
---------------------------------
---------------------------------
| rollout/           |          |
|    ep_len_mean     | 1.28e+03 |
|    ep_rew_mean     | 1.06e+03 |
| time/              |          |
|    episodes        | 1792     |
|    fps             | 2130     |
|    time_elapsed    | 1808     |
|    total_timesteps | 3853680  |
| train/             |          |
|    actor_loss      | -0.764   |
|    critic_loss     | 0.00019  |
|    ent_coef        | 0.000246 |
|    ent_coef_loss   | -3.62    |
|    learning_rate   | 0.0003   |
|    n_updates       | 240792   |
---------------------------------
---------------------------------
| rollout/           |          |
|    ep_len_mean     | 1.28e+03 |
|    ep_rew_mean     | 1.08e+03 |
| time/              |          |
|    episodes        | 1796     |
|    fps             | 2131     |
|    time_elapsed    | 1812     |
|    total_timesteps | 3862112  |
| train/             |          |
|    actor_loss      | -0.708   |
|    critic_loss     | 0.00027  |
|    ent_coef        | 0.000258 |
|    ent_coef_loss   | -0.314   |
|    learning_rate   | 0.0003   |
|    n_updates       | 241319   |
---------------------------------
---------------------------------
| rollout/           |          |
|    ep_len_mean     | 1.43e+03 |
|    ep_rew_mean     | 1.28e+03 |
| time/              |          |
|    episodes        | 1800     |
|    fps             | 2131     |
|    time_elapsed    | 1813     |
|    total_timesteps | 3864896  |
| train/             |          |
|    actor_loss      | -0.717   |
|    critic_loss     | 0.000401 |
|    ent_coef        | 0.00027  |
|    ent_coef_loss   | 4.47     |
|    learning_rate   | 0.0003   |
|    n_updates       | 241493   |
---------------------------------
---------------------------------
| rollout/           |          |
|    ep_len_mean     | 1.53e+03 |
|    ep_rew_mean     | 1.41e+03 |
| time/              |          |
|    episodes        | 1804     |
|    fps             | 2131     |
|    time_elapsed    | 1813     |
|    total_timesteps | 3865312  |
| train/             |          |
|    actor_loss      | -0.649   |
|    critic_loss     | 0.000601 |
|    ent_coef        | 0.000273 |
|    ent_coef_loss   | -0.183   |
|    learning_rate   | 0.0003   |
|    n_updates       | 241519   |
---------------------------------
---------------------------------
| rollout/           |          |
|    ep_len_mean     | 1.56e+03 |
|    ep_rew_mean     | 1.44e+03 |
| time/              |          |
|    episodes        | 1808     |
|    fps             | 2131     |
|    time_elapsed    | 1817     |
|    total_timesteps | 3873936  |
| train/             |          |
|    actor_loss      | -0.659   |
|    critic_loss     | 0.000348 |
|    ent_coef        | 0.000255 |
|    ent_coef_loss   | 1.27     |
|    learning_rate   | 0.0003   |
|    n_updates       | 242058   |
---------------------------------
---------------------------------
| rollout/           |          |
|    ep_len_mean     | 1.59e+03 |
|    ep_rew_mean     | 1.49e+03 |
| time/              |          |
|    episodes        | 1812     |
|    fps             | 2131     |
|    time_elapsed    | 1821     |
|    total_timesteps | 3881216  |
| train/             |          |
|    actor_loss      | -0.735   |
|    critic_loss     | 0.279    |
|    ent_coef        | 0.000255 |
|    ent_coef_loss   | -0.217   |
|    learning_rate   | 0.0003   |
|    n_updates       | 242513   |
---------------------------------
---------------------------------
| rollout/           |          |
|    ep_len_mean     | 1.63e+03 |
|    ep_rew_mean     | 1.54e+03 |
| time/              |          |
|    episodes        | 1816     |
|    fps             | 2131     |
|    time_elapsed    | 1821     |
|    total_timesteps | 3881264  |
| train/             |          |
|    actor_loss      | -0.733   |
|    critic_loss     | 0.000366 |
|    ent_coef        | 0.000255 |
|    ent_coef_loss   | -0.228   |
|    learning_rate   | 0.0003   |
|    n_updates       | 242516   |
---------------------------------
---------------------------------
| rollout/           |          |
|    ep_len_mean     | 1.66e+03 |
|    ep_rew_mean     | 1.57e+03 |
| time/              |          |
|    episodes        | 1820     |
|    fps             | 2131     |
|    time_elapsed    | 1826     |
|    total_timesteps | 3891376  |
| train/             |          |
|    actor_loss      | -0.715   |
|    critic_loss     | 0.000398 |
|    ent_coef        | 0.000259 |
|    ent_coef_loss   | -0.429   |
|    learning_rate   | 0.0003   |
|    n_updates       | 243148   |
---------------------------------
---------------------------------
| rollout/           |          |
|    ep_len_mean     | 1.7e+03  |
|    ep_rew_mean     | 1.66e+03 |
| time/              |          |
|    episodes        | 1824     |
|    fps             | 2131     |
|    time_elapsed    | 1829     |
|    total_timesteps | 3897936  |
| train/             |          |
|    actor_loss      | -0.755   |
|    critic_loss     | 0.000497 |
|    ent_coef        | 0.000252 |
|    ent_coef_loss   | 0.444    |
|    learning_rate   | 0.0003   |
|    n_updates       | 243558   |
---------------------------------
---------------------------------
| rollout/           |          |
|    ep_len_mean     | 1.73e+03 |
|    ep_rew_mean     | 1.73e+03 |
| time/              |          |
|    episodes        | 1828     |
|    fps             | 2131     |
|    time_elapsed    | 1829     |
|    total_timesteps | 3898560  |
| train/             |          |
|    actor_loss      | -0.716   |
|    critic_loss     | 0.00895  |
|    ent_coef        | 0.000251 |
|    ent_coef_loss   | -1.08    |
|    learning_rate   | 0.0003   |
|    n_updates       | 243597   |
---------------------------------
---------------------------------
| rollout/           |          |
|    ep_len_mean     | 1.96e+03 |
|    ep_rew_mean     | 1.81e+03 |
| time/              |          |
|    episodes        | 1832     |
|    fps             | 2131     |
|    time_elapsed    | 1844     |
|    total_timesteps | 3931184  |
| train/             |          |
|    actor_loss      | -0.699   |
|    critic_loss     | 0.0206   |
|    ent_coef        | 0.000243 |
|    ent_coef_loss   | 5.09     |
|    learning_rate   | 0.0003   |
|    n_updates       | 245636   |
---------------------------------
---------------------------------
| rollout/           |          |
|    ep_len_mean     | 2.17e+03 |
|    ep_rew_mean     | 2.07e+03 |
| time/              |          |
|    episodes        | 1836     |
|    fps             | 2131     |
|    time_elapsed    | 1854     |
|    total_timesteps | 3951456  |
| train/             |          |
|    actor_loss      | -0.683   |
|    critic_loss     | 0.0002   |
|    ent_coef        | 0.000266 |
|    ent_coef_loss   | -4.44    |
|    learning_rate   | 0.0003   |
|    n_updates       | 246903   |
---------------------------------
---------------------------------
| rollout/           |          |
|    ep_len_mean     | 2.1e+03  |
|    ep_rew_mean     | 2.11e+03 |
| time/              |          |
|    episodes        | 1840     |
|    fps             | 2131     |
|    time_elapsed    | 1856     |
|    total_timesteps | 3955696  |
| train/             |          |
|    actor_loss      | -0.704   |
|    critic_loss     | 0.000192 |
|    ent_coef        | 0.000257 |
|    ent_coef_loss   | -3.97    |
|    learning_rate   | 0.0003   |
|    n_updates       | 247168   |
---------------------------------
---------------------------------
| rollout/           |          |
|    ep_len_mean     | 2.33e+03 |
|    ep_rew_mean     | 2.29e+03 |
| time/              |          |
|    episodes        | 1844     |
|    fps             | 2131     |
|    time_elapsed    | 1859     |
|    total_timesteps | 3963440  |
| train/             |          |
|    actor_loss      | -0.681   |
|    critic_loss     | 0.00118  |
|    ent_coef        | 0.00026  |
|    ent_coef_loss   | -1.25    |
|    learning_rate   | 0.0003   |
|    n_updates       | 247652   |
---------------------------------
---------------------------------
| rollout/           |          |
|    ep_len_mean     | 2.36e+03 |
|    ep_rew_mean     | 2.5e+03  |
| time/              |          |
|    episodes        | 1848     |
|    fps             | 2131     |
|    time_elapsed    | 1871     |
|    total_timesteps | 3988544  |
| train/             |          |
|    actor_loss      | -0.713   |
|    critic_loss     | 0.000459 |
|    ent_coef        | 0.000244 |
|    ent_coef_loss   | -2.42    |
|    learning_rate   | 0.0003   |
|    n_updates       | 249221   |
---------------------------------
---------------------------------
| rollout/           |          |
|    ep_len_mean     | 2.37e+03 |
|    ep_rew_mean     | 2.58e+03 |
| time/              |          |
|    episodes        | 1852     |
|    fps             | 2131     |
|    time_elapsed    | 1882     |
|    total_timesteps | 4012096  |
| train/             |          |
|    actor_loss      | -0.665   |
|    critic_loss     | 0.0002   |
|    ent_coef        | 0.000248 |
|    ent_coef_loss   | -1.84    |
|    learning_rate   | 0.0003   |
|    n_updates       | 250693   |
---------------------------------
---------------------------------
| rollout/           |          |
|    ep_len_mean     | 2.23e+03 |
|    ep_rew_mean     | 2.77e+03 |
| time/              |          |
|    episodes        | 1856     |
|    fps             | 2131     |
|    time_elapsed    | 1884     |
|    total_timesteps | 4017040  |
| train/             |          |
|    actor_loss      | -0.75    |
|    critic_loss     | 0.00206  |
|    ent_coef        | 0.000242 |
|    ent_coef_loss   | -0.867   |
|    learning_rate   | 0.0003   |
|    n_updates       | 251002   |
---------------------------------
---------------------------------
| rollout/           |          |
|    ep_len_mean     | 2.38e+03 |
|    ep_rew_mean     | 3.08e+03 |
| time/              |          |
|    episodes        | 1860     |
|    fps             | 2131     |
|    time_elapsed    | 1890     |
|    total_timesteps | 4029056  |
| train/             |          |
|    actor_loss      | -0.77    |
|    critic_loss     | 0.000395 |
|    ent_coef        | 0.000242 |
|    ent_coef_loss   | -3.74    |
|    learning_rate   | 0.0003   |
|    n_updates       | 251753   |
---------------------------------
---------------------------------
| rollout/           |          |
|    ep_len_mean     | 2.54e+03 |
|    ep_rew_mean     | 3.29e+03 |
| time/              |          |
|    episodes        | 1864     |
|    fps             | 2131     |
|    time_elapsed    | 1906     |
|    total_timesteps | 4064352  |
| train/             |          |
|    actor_loss      | -0.719   |
|    critic_loss     | 0.000302 |
|    ent_coef        | 0.00023  |
|    ent_coef_loss   | -2.05    |
|    learning_rate   | 0.0003   |
|    n_updates       | 253959   |
---------------------------------
---------------------------------
| rollout/           |          |
|    ep_len_mean     | 2.72e+03 |
|    ep_rew_mean     | 3.49e+03 |
| time/              |          |
|    episodes        | 1868     |
|    fps             | 2131     |
|    time_elapsed    | 1913     |
|    total_timesteps | 4079472  |
| train/             |          |
|    actor_loss      | -0.684   |
|    critic_loss     | 0.000827 |
|    ent_coef        | 0.000242 |
|    ent_coef_loss   | 3.19     |
|    learning_rate   | 0.0003   |
|    n_updates       | 254904   |
---------------------------------
---------------------------------
| rollout/           |          |
|    ep_len_mean     | 2.86e+03 |
|    ep_rew_mean     | 3.76e+03 |
| time/              |          |
|    episodes        | 1872     |
|    fps             | 2131     |
|    time_elapsed    | 1913     |
|    total_timesteps | 4080144  |
| train/             |          |
|    actor_loss      | -0.707   |
|    critic_loss     | 0.000589 |
|    ent_coef        | 0.000244 |
|    ent_coef_loss   | 0.479    |
|    learning_rate   | 0.0003   |
|    n_updates       | 254946   |
---------------------------------
---------------------------------
| rollout/           |          |
|    ep_len_mean     | 3.04e+03 |
|    ep_rew_mean     | 3.96e+03 |
| time/              |          |
|    episodes        | 1876     |
|    fps             | 2131     |
|    time_elapsed    | 1915     |
|    total_timesteps | 4084320  |
| train/             |          |
|    actor_loss      | -0.664   |
|    critic_loss     | 0.00433  |
|    ent_coef        | 0.000235 |
|    ent_coef_loss   | -0.153   |
|    learning_rate   | 0.0003   |
|    n_updates       | 255207   |
---------------------------------
---------------------------------
| rollout/           |          |
|    ep_len_mean     | 3.08e+03 |
|    ep_rew_mean     | 4.07e+03 |
| time/              |          |
|    episodes        | 1880     |
|    fps             | 2131     |
|    time_elapsed    | 1933     |
|    total_timesteps | 4121296  |
| train/             |          |
|    actor_loss      | -0.693   |
|    critic_loss     | 0.000494 |
|    ent_coef        | 0.000228 |
|    ent_coef_loss   | -0.0937  |
|    learning_rate   | 0.0003   |
|    n_updates       | 257518   |
---------------------------------
---------------------------------
| rollout/           |          |
|    ep_len_mean     | 3e+03    |
|    ep_rew_mean     | 3.86e+03 |
| time/              |          |
|    episodes        | 1884     |
|    fps             | 2131     |
|    time_elapsed    | 1941     |
|    total_timesteps | 4139104  |
| train/             |          |
|    actor_loss      | -0.797   |
|    critic_loss     | 0.00012  |
|    ent_coef        | 0.000219 |
|    ent_coef_loss   | -1.5     |
|    learning_rate   | 0.0003   |
|    n_updates       | 258631   |
---------------------------------
---------------------------------
| rollout/           |          |
|    ep_len_mean     | 3.01e+03 |
|    ep_rew_mean     | 3.79e+03 |
| time/              |          |
|    episodes        | 1888     |
|    fps             | 2131     |
|    time_elapsed    | 1943     |
|    total_timesteps | 4143696  |
| train/             |          |
|    actor_loss      | -0.698   |
|    critic_loss     | 0.000465 |
|    ent_coef        | 0.000217 |
|    ent_coef_loss   | 1.94     |
|    learning_rate   | 0.0003   |
|    n_updates       | 258918   |
---------------------------------
---------------------------------
| rollout/           |          |
|    ep_len_mean     | 3.14e+03 |
|    ep_rew_mean     | 3.95e+03 |
| time/              |          |
|    episodes        | 1892     |
|    fps             | 2131     |
|    time_elapsed    | 1944     |
|    total_timesteps | 4144592  |
| train/             |          |
|    actor_loss      | -0.718   |
|    critic_loss     | 0.00021  |
|    ent_coef        | 0.000218 |
|    ent_coef_loss   | -1.6     |
|    learning_rate   | 0.0003   |
|    n_updates       | 258974   |
---------------------------------
---------------------------------
| rollout/           |          |
|    ep_len_mean     | 3.26e+03 |
|    ep_rew_mean     | 4.11e+03 |
| time/              |          |
|    episodes        | 1896     |
|    fps             | 2131     |
|    time_elapsed    | 1950     |
|    total_timesteps | 4157280  |
| train/             |          |
|    actor_loss      | -0.748   |
|    critic_loss     | 0.0159   |
|    ent_coef        | 0.000217 |
|    ent_coef_loss   | 0.802    |
|    learning_rate   | 0.0003   |
|    n_updates       | 259767   |
---------------------------------
---------------------------------
| rollout/           |          |
|    ep_len_mean     | 3.2e+03  |
|    ep_rew_mean     | 4.04e+03 |
| time/              |          |
|    episodes        | 1900     |
|    fps             | 2131     |
|    time_elapsed    | 1967     |
|    total_timesteps | 4195024  |
| train/             |          |
|    actor_loss      | -0.693   |
|    critic_loss     | 0.000427 |
|    ent_coef        | 0.000207 |
|    ent_coef_loss   | 2.62     |
|    learning_rate   | 0.0003   |
|    n_updates       | 262126   |
---------------------------------
---------------------------------
| rollout/           |          |
|    ep_len_mean     | 3.36e+03 |
|    ep_rew_mean     | 4.15e+03 |
| time/              |          |
|    episodes        | 1904     |
|    fps             | 2131     |
|    time_elapsed    | 1986     |
|    total_timesteps | 4236176  |
| train/             |          |
|    actor_loss      | -0.717   |
|    critic_loss     | 0.000253 |
|    ent_coef        | 0.0002   |
|    ent_coef_loss   | -1.94    |
|    learning_rate   | 0.0003   |
|    n_updates       | 264698   |
---------------------------------
---------------------------------
| rollout/           |          |
|    ep_len_mean     | 3.56e+03 |
|    ep_rew_mean     | 4.47e+03 |
| time/              |          |
|    episodes        | 1908     |
|    fps             | 2131     |
|    time_elapsed    | 1992     |
|    total_timesteps | 4247056  |
| train/             |          |
|    actor_loss      | -0.725   |
|    critic_loss     | 0.00061  |
|    ent_coef        | 0.000202 |
|    ent_coef_loss   | 0.507    |
|    learning_rate   | 0.0003   |
|    n_updates       | 265378   |
---------------------------------
---------------------------------
| rollout/           |          |
|    ep_len_mean     | 3.77e+03 |
|    ep_rew_mean     | 4.67e+03 |
| time/              |          |
|    episodes        | 1912     |
|    fps             | 2131     |
|    time_elapsed    | 1996     |
|    total_timesteps | 4257040  |
| train/             |          |
|    actor_loss      | -0.776   |
|    critic_loss     | 0.00174  |
|    ent_coef        | 0.000195 |
|    ent_coef_loss   | -2.46    |
|    learning_rate   | 0.0003   |
|    n_updates       | 266002   |
---------------------------------
---------------------------------
| rollout/           |          |
|    ep_len_mean     | 3.99e+03 |
|    ep_rew_mean     | 4.88e+03 |
| time/              |          |
|    episodes        | 1916     |
|    fps             | 2132     |
|    time_elapsed    | 2013     |
|    total_timesteps | 4292480  |
| train/             |          |
|    actor_loss      | -0.682   |
|    critic_loss     | 0.00155  |
|    ent_coef        | 0.000207 |
|    ent_coef_loss   | 0.705    |
|    learning_rate   | 0.0003   |
|    n_updates       | 268217   |
---------------------------------
---------------------------------
| rollout/           |          |
|    ep_len_mean     | 4.21e+03 |
|    ep_rew_mean     | 4.98e+03 |
| time/              |          |
|    episodes        | 1920     |
|    fps             | 2132     |
|    time_elapsed    | 2024     |
|    total_timesteps | 4317408  |
| train/             |          |
|    actor_loss      | -0.682   |
|    critic_loss     | 0.00439  |
|    ent_coef        | 0.0002   |
|    ent_coef_loss   | 0.721    |
|    learning_rate   | 0.0003   |
|    n_updates       | 269775   |
---------------------------------
---------------------------------
| rollout/           |          |
|    ep_len_mean     | 4.37e+03 |
|    ep_rew_mean     | 5.24e+03 |
| time/              |          |
|    episodes        | 1924     |
|    fps             | 2132     |
|    time_elapsed    | 2030     |
|    total_timesteps | 4329296  |
| train/             |          |
|    actor_loss      | -0.737   |
|    critic_loss     | 0.000101 |
|    ent_coef        | 0.000194 |
|    ent_coef_loss   | -1       |
|    learning_rate   | 0.0003   |
|    n_updates       | 270518   |
---------------------------------
---------------------------------
| rollout/           |          |
|    ep_len_mean     | 4.51e+03 |
|    ep_rew_mean     | 5.42e+03 |
| time/              |          |
|    episodes        | 1928     |
|    fps             | 2132     |
|    time_elapsed    | 2036     |
|    total_timesteps | 4341696  |
| train/             |          |
|    actor_loss      | -0.743   |
|    critic_loss     | 0.000299 |
|    ent_coef        | 0.0002   |
|    ent_coef_loss   | -0.741   |
|    learning_rate   | 0.0003   |
|    n_updates       | 271293   |
---------------------------------
---------------------------------
| rollout/           |          |
|    ep_len_mean     | 4.39e+03 |
|    ep_rew_mean     | 5.54e+03 |
| time/              |          |
|    episodes        | 1932     |
|    fps             | 2132     |
|    time_elapsed    | 2040     |
|    total_timesteps | 4350912  |
| train/             |          |
|    actor_loss      | -0.752   |
|    critic_loss     | 0.000132 |
|    ent_coef        | 0.00021  |
|    ent_coef_loss   | -0.312   |
|    learning_rate   | 0.0003   |
|    n_updates       | 271869   |
---------------------------------
---------------------------------
| rollout/           |          |
|    ep_len_mean     | 4.34e+03 |
|    ep_rew_mean     | 5.42e+03 |
| time/              |          |
|    episodes        | 1936     |
|    fps             | 2132     |
|    time_elapsed    | 2047     |
|    total_timesteps | 4366208  |
| train/             |          |
|    actor_loss      | -0.69    |
|    critic_loss     | 0.00016  |
|    ent_coef        | 0.000199 |
|    ent_coef_loss   | 0.118    |
|    learning_rate   | 0.0003   |
|    n_updates       | 272825   |
---------------------------------
---------------------------------
| rollout/           |          |
|    ep_len_mean     | 4.3e+03  |
|    ep_rew_mean     | 5.26e+03 |
| time/              |          |
|    episodes        | 1940     |
|    fps             | 2132     |
|    time_elapsed    | 2054     |
|    total_timesteps | 4381488  |
| train/             |          |
|    actor_loss      | -0.691   |
|    critic_loss     | 0.000297 |
|    ent_coef        | 0.000204 |
|    ent_coef_loss   | 1.27     |
|    learning_rate   | 0.0003   |
|    n_updates       | 273780   |
---------------------------------
---------------------------------
| rollout/           |          |
|    ep_len_mean     | 4.15e+03 |
|    ep_rew_mean     | 5.14e+03 |
| time/              |          |
|    episodes        | 1944     |
|    fps             | 2132     |
|    time_elapsed    | 2061     |
|    total_timesteps | 4395232  |
| train/             |          |
|    actor_loss      | -0.719   |
|    critic_loss     | 0.00149  |
|    ent_coef        | 0.000187 |
|    ent_coef_loss   | -0.968   |
|    learning_rate   | 0.0003   |
|    n_updates       | 274639   |
---------------------------------
---------------------------------
| rollout/           |          |
|    ep_len_mean     | 4.13e+03 |
|    ep_rew_mean     | 5.01e+03 |
| time/              |          |
|    episodes        | 1948     |
|    fps             | 2132     |
|    time_elapsed    | 2064     |
|    total_timesteps | 4402816  |
| train/             |          |
|    actor_loss      | -0.688   |
|    critic_loss     | 0.0112   |
|    ent_coef        | 0.000184 |
|    ent_coef_loss   | -0.101   |
|    learning_rate   | 0.0003   |
|    n_updates       | 275113   |
---------------------------------
---------------------------------
| rollout/           |          |
|    ep_len_mean     | 4.04e+03 |
|    ep_rew_mean     | 4.89e+03 |
| time/              |          |
|    episodes        | 1952     |
|    fps             | 2132     |
|    time_elapsed    | 2067     |
|    total_timesteps | 4409792  |
| train/             |          |
|    actor_loss      | -0.708   |
|    critic_loss     | 0.000218 |
|    ent_coef        | 0.000189 |
|    ent_coef_loss   | -0.304   |
|    learning_rate   | 0.0003   |
|    n_updates       | 275549   |
---------------------------------
---------------------------------
| rollout/           |          |
|    ep_len_mean     | 3.96e+03 |
|    ep_rew_mean     | 4.76e+03 |
| time/              |          |
|    episodes        | 1956     |
|    fps             | 2132     |
|    time_elapsed    | 2071     |
|    total_timesteps | 4417008  |
| train/             |          |
|    actor_loss      | -0.726   |
|    critic_loss     | 0.00021  |
|    ent_coef        | 0.000186 |
|    ent_coef_loss   | 2.06     |
|    learning_rate   | 0.0003   |
|    n_updates       | 276000   |
---------------------------------
---------------------------------
| rollout/           |          |
|    ep_len_mean     | 3.97e+03 |
|    ep_rew_mean     | 4.63e+03 |
| time/              |          |
|    episodes        | 1960     |
|    fps             | 2132     |
|    time_elapsed    | 2082     |
|    total_timesteps | 4440624  |
| train/             |          |
|    actor_loss      | -0.699   |
|    critic_loss     | 0.000384 |
|    ent_coef        | 0.000199 |
|    ent_coef_loss   | 0.0634   |
|    learning_rate   | 0.0003   |
|    n_updates       | 277476   |
---------------------------------
---------------------------------
| rollout/           |          |
|    ep_len_mean     | 4e+03    |
|    ep_rew_mean     | 4.48e+03 |
| time/              |          |
|    episodes        | 1964     |
|    fps             | 2132     |
|    time_elapsed    | 2094     |
|    total_timesteps | 4467120  |
| train/             |          |
|    actor_loss      | -0.671   |
|    critic_loss     | 0.00042  |
|    ent_coef        | 0.000198 |
|    ent_coef_loss   | 2.7      |
|    learning_rate   | 0.0003   |
|    n_updates       | 279132   |
---------------------------------
---------------------------------
| rollout/           |          |
|    ep_len_mean     | 3.99e+03 |
|    ep_rew_mean     | 4.27e+03 |
| time/              |          |
|    episodes        | 1968     |
|    fps             | 2132     |
|    time_elapsed    | 2096     |
|    total_timesteps | 4470896  |
| train/             |          |
|    actor_loss      | -0.68    |
|    critic_loss     | 0.000373 |
|    ent_coef        | 0.000195 |
|    ent_coef_loss   | 0.435    |
|    learning_rate   | 0.0003   |
|    n_updates       | 279368   |
---------------------------------
---------------------------------
| rollout/           |          |
|    ep_len_mean     | 3.96e+03 |
|    ep_rew_mean     | 4.1e+03  |
| time/              |          |
|    episodes        | 1972     |
|    fps             | 2132     |
|    time_elapsed    | 2103     |
|    total_timesteps | 4485632  |
| train/             |          |
|    actor_loss      | -0.674   |
|    critic_loss     | 0.00043  |
|    ent_coef        | 0.000204 |
|    ent_coef_loss   | 1.95     |
|    learning_rate   | 0.0003   |
|    n_updates       | 280289   |
---------------------------------
---------------------------------
| rollout/           |          |
|    ep_len_mean     | 3.9e+03  |
|    ep_rew_mean     | 4.1e+03  |
| time/              |          |
|    episodes        | 1976     |
|    fps             | 2132     |
|    time_elapsed    | 2111     |
|    total_timesteps | 4503072  |
| train/             |          |
|    actor_loss      | -0.624   |
|    critic_loss     | 0.000523 |
|    ent_coef        | 0.000209 |
|    ent_coef_loss   | 1.48     |
|    learning_rate   | 0.0003   |
|    n_updates       | 281379   |
---------------------------------
---------------------------------
| rollout/           |          |
|    ep_len_mean     | 4.01e+03 |
|    ep_rew_mean     | 4.06e+03 |
| time/              |          |
|    episodes        | 1980     |
|    fps             | 2132     |
|    time_elapsed    | 2115     |
|    total_timesteps | 4511584  |
| train/             |          |
|    actor_loss      | -0.741   |
|    critic_loss     | 0.000782 |
|    ent_coef        | 0.000223 |
|    ent_coef_loss   | -1.41    |
|    learning_rate   | 0.0003   |
|    n_updates       | 281911   |
---------------------------------
---------------------------------
| rollout/           |          |
|    ep_len_mean     | 4.04e+03 |
|    ep_rew_mean     | 4.1e+03  |
| time/              |          |
|    episodes        | 1984     |
|    fps             | 2133     |
|    time_elapsed    | 2136     |
|    total_timesteps | 4556816  |
| train/             |          |
|    actor_loss      | -0.686   |
|    critic_loss     | 0.000214 |
|    ent_coef        | 0.000219 |
|    ent_coef_loss   | -1.37    |
|    learning_rate   | 0.0003   |
|    n_updates       | 284738   |
---------------------------------
---------------------------------
| rollout/           |          |
|    ep_len_mean     | 4.11e+03 |
|    ep_rew_mean     | 4.08e+03 |
| time/              |          |
|    episodes        | 1988     |
|    fps             | 2133     |
|    time_elapsed    | 2143     |
|    total_timesteps | 4572416  |
| train/             |          |
|    actor_loss      | -0.657   |
|    critic_loss     | 0.00182  |
|    ent_coef        | 0.00022  |
|    ent_coef_loss   | -2.59    |
|    learning_rate   | 0.0003   |
|    n_updates       | 285713   |
---------------------------------
---------------------------------
| rollout/           |          |
|    ep_len_mean     | 4.22e+03 |
|    ep_rew_mean     | 4.06e+03 |
| time/              |          |
|    episodes        | 1992     |
|    fps             | 2133     |
|    time_elapsed    | 2146     |
|    total_timesteps | 4578304  |
| train/             |          |
|    actor_loss      | -0.645   |
|    critic_loss     | 0.000319 |
|    ent_coef        | 0.000227 |
|    ent_coef_loss   | 1.91     |
|    learning_rate   | 0.0003   |
|    n_updates       | 286081   |
---------------------------------
---------------------------------
| rollout/           |          |
|    ep_len_mean     | 4.22e+03 |
|    ep_rew_mean     | 4.07e+03 |
| time/              |          |
|    episodes        | 1996     |
|    fps             | 2133     |
|    time_elapsed    | 2154     |
|    total_timesteps | 4595056  |
| train/             |          |
|    actor_loss      | -0.625   |
|    critic_loss     | 0.000228 |
|    ent_coef        | 0.000232 |
|    ent_coef_loss   | 3.88     |
|    learning_rate   | 0.0003   |
|    n_updates       | 287128   |
---------------------------------
---------------------------------
| rollout/           |          |
|    ep_len_mean     | 4.35e+03 |
|    ep_rew_mean     | 3.95e+03 |
| time/              |          |
|    episodes        | 2000     |
|    fps             | 2133     |
|    time_elapsed    | 2163     |
|    total_timesteps | 4615632  |
| train/             |          |
|    actor_loss      | -0.636   |
|    critic_loss     | 0.000933 |
|    ent_coef        | 0.000206 |
|    ent_coef_loss   | -1.14    |
|    learning_rate   | 0.0003   |
|    n_updates       | 288414   |
---------------------------------
---------------------------------
| rollout/           |          |
|    ep_len_mean     | 4.24e+03 |
|    ep_rew_mean     | 3.88e+03 |
| time/              |          |
|    episodes        | 2004     |
|    fps             | 2133     |
|    time_elapsed    | 2171     |
|    total_timesteps | 4631824  |
| train/             |          |
|    actor_loss      | -0.617   |
|    critic_loss     | 0.000167 |
|    ent_coef        | 0.000215 |
|    ent_coef_loss   | 1.12     |
|    learning_rate   | 0.0003   |
|    n_updates       | 289426   |
---------------------------------
---------------------------------
| rollout/           |          |
|    ep_len_mean     | 4.11e+03 |
|    ep_rew_mean     | 3.7e+03  |
| time/              |          |
|    episodes        | 2008     |
|    fps             | 2133     |
|    time_elapsed    | 2173     |
|    total_timesteps | 4636112  |
| train/             |          |
|    actor_loss      | -0.592   |
|    critic_loss     | 0.0011   |
|    ent_coef        | 0.000215 |
|    ent_coef_loss   | -0.596   |
|    learning_rate   | 0.0003   |
|    n_updates       | 289694   |
---------------------------------
---------------------------------
| rollout/           |          |
|    ep_len_mean     | 3.97e+03 |
|    ep_rew_mean     | 3.42e+03 |
| time/              |          |
|    episodes        | 2012     |
|    fps             | 2133     |
|    time_elapsed    | 2185     |
|    total_timesteps | 4662784  |
| train/             |          |
|    actor_loss      | -0.629   |
|    critic_loss     | 0.000191 |
|    ent_coef        | 0.000216 |
|    ent_coef_loss   | 0.336    |
|    learning_rate   | 0.0003   |
|    n_updates       | 291361   |
---------------------------------
---------------------------------
| rollout/           |          |
|    ep_len_mean     | 3.76e+03 |
|    ep_rew_mean     | 3.22e+03 |
| time/              |          |
|    episodes        | 2016     |
|    fps             | 2133     |
|    time_elapsed    | 2187     |
|    total_timesteps | 4665856  |
| train/             |          |
|    actor_loss      | -0.651   |
|    critic_loss     | 0.00363  |
|    ent_coef        | 0.000215 |
|    ent_coef_loss   | -1.92    |
|    learning_rate   | 0.0003   |
|    n_updates       | 291553   |
---------------------------------
---------------------------------
| rollout/           |          |
|    ep_len_mean     | 3.56e+03 |
|    ep_rew_mean     | 3.13e+03 |
| time/              |          |
|    episodes        | 2020     |
|    fps             | 2133     |
|    time_elapsed    | 2187     |
|    total_timesteps | 4667328  |
| train/             |          |
|    actor_loss      | -0.658   |
|    critic_loss     | 0.000572 |
|    ent_coef        | 0.000215 |
|    ent_coef_loss   | -0.00675 |
|    learning_rate   | 0.0003   |
|    n_updates       | 291645   |
---------------------------------
---------------------------------
| rollout/           |          |
|    ep_len_mean     | 3.42e+03 |
|    ep_rew_mean     | 2.8e+03  |
| time/              |          |
|    episodes        | 2024     |
|    fps             | 2133     |
|    time_elapsed    | 2188     |
|    total_timesteps | 4668080  |
| train/             |          |
|    actor_loss      | -0.609   |
|    critic_loss     | 0.000379 |
|    ent_coef        | 0.000214 |
|    ent_coef_loss   | -3.02    |
|    learning_rate   | 0.0003   |
|    n_updates       | 291692   |
---------------------------------
---------------------------------
| rollout/           |          |
|    ep_len_mean     | 3.32e+03 |
|    ep_rew_mean     | 2.71e+03 |
| time/              |          |
|    episodes        | 2028     |
|    fps             | 2133     |
|    time_elapsed    | 2192     |
|    total_timesteps | 4677888  |
| train/             |          |
|    actor_loss      | -0.676   |
|    critic_loss     | 0.000251 |
|    ent_coef        | 0.000204 |
|    ent_coef_loss   | 2.26     |
|    learning_rate   | 0.0003   |
|    n_updates       | 292305   |
---------------------------------
---------------------------------
| rollout/           |          |
|    ep_len_mean     | 3.36e+03 |
|    ep_rew_mean     | 2.67e+03 |
| time/              |          |
|    episodes        | 2032     |
|    fps             | 2133     |
|    time_elapsed    | 2213     |
|    total_timesteps | 4722064  |
| train/             |          |
|    actor_loss      | -0.616   |
|    critic_loss     | 0.000283 |
|    ent_coef        | 0.000192 |
|    ent_coef_loss   | -2.84    |
|    learning_rate   | 0.0003   |
|    n_updates       | 295066   |
---------------------------------
---------------------------------
| rollout/           |          |
|    ep_len_mean     | 3.47e+03 |
|    ep_rew_mean     | 2.83e+03 |
| time/              |          |
|    episodes        | 2036     |
|    fps             | 2133     |
|    time_elapsed    | 2229     |
|    total_timesteps | 4755872  |
| train/             |          |
|    actor_loss      | -0.634   |
|    critic_loss     | 0.00186  |
|    ent_coef        | 0.000195 |
|    ent_coef_loss   | 1.4      |
|    learning_rate   | 0.0003   |
|    n_updates       | 297179   |
---------------------------------
---------------------------------
| rollout/           |          |
|    ep_len_mean     | 3.65e+03 |
|    ep_rew_mean     | 3.13e+03 |
| time/              |          |
|    episodes        | 2040     |
|    fps             | 2133     |
|    time_elapsed    | 2231     |
|    total_timesteps | 4761776  |
| train/             |          |
|    actor_loss      | -0.648   |
|    critic_loss     | 0.000174 |
|    ent_coef        | 0.0002   |
|    ent_coef_loss   | -0.296   |
|    learning_rate   | 0.0003   |
|    n_updates       | 297548   |
---------------------------------
---------------------------------
| rollout/           |          |
|    ep_len_mean     | 3.68e+03 |
|    ep_rew_mean     | 3.12e+03 |
| time/              |          |
|    episodes        | 2044     |
|    fps             | 2133     |
|    time_elapsed    | 2238     |
|    total_timesteps | 4776736  |
| train/             |          |
|    actor_loss      | -0.566   |
|    critic_loss     | 0.064    |
|    ent_coef        | 0.000195 |
|    ent_coef_loss   | 3.84     |
|    learning_rate   | 0.0003   |
|    n_updates       | 298483   |
---------------------------------
---------------------------------
| rollout/           |          |
|    ep_len_mean     | 3.79e+03 |
|    ep_rew_mean     | 3.15e+03 |
| time/              |          |
|    episodes        | 2048     |
|    fps             | 2133     |
|    time_elapsed    | 2242     |
|    total_timesteps | 4783808  |
| train/             |          |
|    actor_loss      | -0.615   |
|    critic_loss     | 0.000169 |
|    ent_coef        | 0.000202 |
|    ent_coef_loss   | -0.473   |
|    learning_rate   | 0.0003   |
|    n_updates       | 298925   |
---------------------------------
---------------------------------
| rollout/           |          |
|    ep_len_mean     | 3.84e+03 |
|    ep_rew_mean     | 3.13e+03 |
| time/              |          |
|    episodes        | 2052     |
|    fps             | 2133     |
|    time_elapsed    | 2244     |
|    total_timesteps | 4789856  |
| train/             |          |
|    actor_loss      | -0.578   |
|    critic_loss     | 0.0245   |
|    ent_coef        | 0.000195 |
|    ent_coef_loss   | 0.814    |
|    learning_rate   | 0.0003   |
|    n_updates       | 299303   |
---------------------------------
---------------------------------
| rollout/           |          |
|    ep_len_mean     | 3.84e+03 |
|    ep_rew_mean     | 3.13e+03 |
| time/              |          |
|    episodes        | 2056     |
|    fps             | 2133     |
|    time_elapsed    | 2247     |
|    total_timesteps | 4794624  |
| train/             |          |
|    actor_loss      | -0.572   |
|    critic_loss     | 0.173    |
|    ent_coef        | 0.000203 |
|    ent_coef_loss   | 0.0394   |
|    learning_rate   | 0.0003   |
|    n_updates       | 299601   |
---------------------------------
---------------------------------
| rollout/           |          |
|    ep_len_mean     | 3.77e+03 |
|    ep_rew_mean     | 3.06e+03 |
| time/              |          |
|    episodes        | 2060     |
|    fps             | 2133     |
|    time_elapsed    | 2251     |
|    total_timesteps | 4804096  |
| train/             |          |
|    actor_loss      | -0.642   |
|    critic_loss     | 0.00354  |
|    ent_coef        | 0.000209 |
|    ent_coef_loss   | 0.615    |
|    learning_rate   | 0.0003   |
|    n_updates       | 300193   |
---------------------------------
---------------------------------
| rollout/           |          |
|    ep_len_mean     | 3.79e+03 |
|    ep_rew_mean     | 3.21e+03 |
| time/              |          |
|    episodes        | 2064     |
|    fps             | 2133     |
|    time_elapsed    | 2266     |
|    total_timesteps | 4836064  |
| train/             |          |
|    actor_loss      | -0.615   |
|    critic_loss     | 0.000152 |
|    ent_coef        | 0.000203 |
|    ent_coef_loss   | -0.95    |
|    learning_rate   | 0.0003   |
|    n_updates       | 302191   |
---------------------------------
---------------------------------
| rollout/           |          |
|    ep_len_mean     | 3.75e+03 |
|    ep_rew_mean     | 3.42e+03 |
| time/              |          |
|    episodes        | 2068     |
|    fps             | 2133     |
|    time_elapsed    | 2267     |
|    total_timesteps | 4839456  |
| train/             |          |
|    actor_loss      | -0.64    |
|    critic_loss     | 0.000559 |
|    ent_coef        | 0.0002   |
|    ent_coef_loss   | 2.04     |
|    learning_rate   | 0.0003   |
|    n_updates       | 302403   |
---------------------------------
---------------------------------
| rollout/           |          |
|    ep_len_mean     | 3.83e+03 |
|    ep_rew_mean     | 3.51e+03 |
| time/              |          |
|    episodes        | 2072     |
|    fps             | 2133     |
|    time_elapsed    | 2295     |
|    total_timesteps | 4897664  |
| train/             |          |
|    actor_loss      | -0.703   |
|    critic_loss     | 0.000444 |
|    ent_coef        | 0.000191 |
|    ent_coef_loss   | 0.49     |
|    learning_rate   | 0.0003   |
|    n_updates       | 306041   |
---------------------------------
---------------------------------
| rollout/           |          |
|    ep_len_mean     | 3.96e+03 |
|    ep_rew_mean     | 3.64e+03 |
| time/              |          |
|    episodes        | 2076     |
|    fps             | 2133     |
|    time_elapsed    | 2300     |
|    total_timesteps | 4909232  |
| train/             |          |
|    actor_loss      | -0.605   |
|    critic_loss     | 0.000279 |
|    ent_coef        | 0.000172 |
|    ent_coef_loss   | -1.08    |
|    learning_rate   | 0.0003   |
|    n_updates       | 306764   |
---------------------------------
---------------------------------
| rollout/           |          |
|    ep_len_mean     | 3.95e+03 |
|    ep_rew_mean     | 3.83e+03 |
| time/              |          |
|    episodes        | 2080     |
|    fps             | 2133     |
|    time_elapsed    | 2303     |
|    total_timesteps | 4916432  |
| train/             |          |
|    actor_loss      | -0.629   |
|    critic_loss     | 0.000425 |
|    ent_coef        | 0.000183 |
|    ent_coef_loss   | 3.58     |
|    learning_rate   | 0.0003   |
|    n_updates       | 307214   |
---------------------------------
---------------------------------
| rollout/           |          |
|    ep_len_mean     | 4e+03    |
|    ep_rew_mean     | 4.01e+03 |
| time/              |          |
|    episodes        | 2084     |
|    fps             | 2133     |
|    time_elapsed    | 2304     |
|    total_timesteps | 4918224  |
| train/             |          |
|    actor_loss      | -0.668   |
|    critic_loss     | 0.00188  |
|    ent_coef        | 0.000192 |
|    ent_coef_loss   | 0.0629   |
|    learning_rate   | 0.0003   |
|    n_updates       | 307326   |
---------------------------------
---------------------------------
| rollout/           |          |
|    ep_len_mean     | 3.94e+03 |
|    ep_rew_mean     | 4.06e+03 |
| time/              |          |
|    episodes        | 2088     |
|    fps             | 2133     |
|    time_elapsed    | 2345     |
|    total_timesteps | 5003584  |
| train/             |          |
|    actor_loss      | -0.664   |
|    critic_loss     | 0.000126 |
|    ent_coef        | 0.000184 |
|    ent_coef_loss   | -0.815   |
|    learning_rate   | 0.0003   |
|    n_updates       | 312661   |
---------------------------------
---------------------------------
| rollout/           |          |
|    ep_len_mean     | 3.96e+03 |
|    ep_rew_mean     | 4.12e+03 |
| time/              |          |
|    episodes        | 2092     |
|    fps             | 2133     |
|    time_elapsed    | 2350     |
|    total_timesteps | 5015392  |
| train/             |          |
|    actor_loss      | -0.604   |
|    critic_loss     | 0.0834   |
|    ent_coef        | 0.000175 |
|    ent_coef_loss   | -0.254   |
|    learning_rate   | 0.0003   |
|    n_updates       | 313399   |
---------------------------------
---------------------------------
| rollout/           |          |
|    ep_len_mean     | 3.95e+03 |
|    ep_rew_mean     | 3.94e+03 |
| time/              |          |
|    episodes        | 2096     |
|    fps             | 2133     |
|    time_elapsed    | 2353     |
|    total_timesteps | 5022608  |
| train/             |          |
|    actor_loss      | -0.624   |
|    critic_loss     | 0.000176 |
|    ent_coef        | 0.000175 |
|    ent_coef_loss   | 1.16     |
|    learning_rate   | 0.0003   |
|    n_updates       | 313850   |
---------------------------------
---------------------------------
| rollout/           |          |
|    ep_len_mean     | 3.93e+03 |
|    ep_rew_mean     | 4.1e+03  |
| time/              |          |
|    episodes        | 2100     |
|    fps             | 2133     |
|    time_elapsed    | 2356     |
|    total_timesteps | 5028320  |
| train/             |          |
|    actor_loss      | -0.592   |
|    critic_loss     | 0.000612 |
|    ent_coef        | 0.000183 |
|    ent_coef_loss   | 0.135    |
|    learning_rate   | 0.0003   |
|    n_updates       | 314207   |
---------------------------------
---------------------------------
| rollout/           |          |
|    ep_len_mean     | 3.88e+03 |
|    ep_rew_mean     | 4.01e+03 |
| time/              |          |
|    episodes        | 2104     |
|    fps             | 2133     |
|    time_elapsed    | 2362     |
|    total_timesteps | 5041520  |
| train/             |          |
|    actor_loss      | -0.571   |
|    critic_loss     | 0.000401 |
|    ent_coef        | 0.000212 |
|    ent_coef_loss   | -0.719   |
|    learning_rate   | 0.0003   |
|    n_updates       | 315032   |
---------------------------------
---------------------------------
| rollout/           |          |
|    ep_len_mean     | 3.87e+03 |
|    ep_rew_mean     | 3.86e+03 |
| time/              |          |
|    episodes        | 2108     |
|    fps             | 2133     |
|    time_elapsed    | 2364     |
|    total_timesteps | 5045184  |
| train/             |          |
|    actor_loss      | -0.602   |
|    critic_loss     | 0.000258 |
|    ent_coef        | 0.000214 |
|    ent_coef_loss   | -0.453   |
|    learning_rate   | 0.0003   |
|    n_updates       | 315261   |
---------------------------------
---------------------------------
| rollout/           |          |
|    ep_len_mean     | 3.98e+03 |
|    ep_rew_mean     | 4.01e+03 |
| time/              |          |
|    episodes        | 2112     |
|    fps             | 2133     |
|    time_elapsed    | 2371     |
|    total_timesteps | 5059664  |
| train/             |          |
|    actor_loss      | -0.565   |
|    critic_loss     | 0.00104  |
|    ent_coef        | 0.000205 |
|    ent_coef_loss   | 1.12     |
|    learning_rate   | 0.0003   |
|    n_updates       | 316166   |
---------------------------------
---------------------------------
| rollout/           |          |
|    ep_len_mean     | 4.25e+03 |
|    ep_rew_mean     | 3.91e+03 |
| time/              |          |
|    episodes        | 2116     |
|    fps             | 2133     |
|    time_elapsed    | 2374     |
|    total_timesteps | 5066480  |
| train/             |          |
|    actor_loss      | -0.614   |
|    critic_loss     | 0.000144 |
|    ent_coef        | 0.000188 |
|    ent_coef_loss   | -0.962   |
|    learning_rate   | 0.0003   |
|    n_updates       | 316592   |
---------------------------------
---------------------------------
| rollout/           |          |
|    ep_len_mean     | 4.25e+03 |
|    ep_rew_mean     | 3.93e+03 |
| time/              |          |
|    episodes        | 2120     |
|    fps             | 2133     |
|    time_elapsed    | 2383     |
|    total_timesteps | 5085232  |
| train/             |          |
|    actor_loss      | -0.617   |
|    critic_loss     | 0.00597  |
|    ent_coef        | 0.000175 |
|    ent_coef_loss   | -0.123   |
|    learning_rate   | 0.0003   |
|    n_updates       | 317764   |
---------------------------------
---------------------------------
| rollout/           |          |
|    ep_len_mean     | 4.31e+03 |
|    ep_rew_mean     | 4.09e+03 |
| time/              |          |
|    episodes        | 2124     |
|    fps             | 2133     |
|    time_elapsed    | 2396     |
|    total_timesteps | 5114464  |
| train/             |          |
|    actor_loss      | -0.609   |
|    critic_loss     | 0.000107 |
|    ent_coef        | 0.000187 |
|    ent_coef_loss   | -1.64    |
|    learning_rate   | 0.0003   |
|    n_updates       | 319591   |
---------------------------------
---------------------------------
| rollout/           |          |
|    ep_len_mean     | 4.43e+03 |
|    ep_rew_mean     | 4.18e+03 |
| time/              |          |
|    episodes        | 2128     |
|    fps             | 2133     |
|    time_elapsed    | 2403     |
|    total_timesteps | 5129616  |
| train/             |          |
|    actor_loss      | -0.555   |
|    critic_loss     | 0.000889 |
|    ent_coef        | 0.000154 |
|    ent_coef_loss   | 2.85     |
|    learning_rate   | 0.0003   |
|    n_updates       | 320538   |
---------------------------------
---------------------------------
| rollout/           |          |
|    ep_len_mean     | 4.31e+03 |
|    ep_rew_mean     | 4.09e+03 |
| time/              |          |
|    episodes        | 2132     |
|    fps             | 2133     |
|    time_elapsed    | 2405     |
|    total_timesteps | 5133216  |
| train/             |          |
|    actor_loss      | -0.603   |
|    critic_loss     | 0.105    |
|    ent_coef        | 0.000157 |
|    ent_coef_loss   | -0.0421  |
|    learning_rate   | 0.0003   |
|    n_updates       | 320763   |
---------------------------------
---------------------------------
| rollout/           |          |
|    ep_len_mean     | 4.21e+03 |
|    ep_rew_mean     | 4.04e+03 |
| time/              |          |
|    episodes        | 2136     |
|    fps             | 2133     |
|    time_elapsed    | 2410     |
|    total_timesteps | 5143200  |
| train/             |          |
|    actor_loss      | -0.539   |
|    critic_loss     | 0.000193 |
|    ent_coef        | 0.000175 |
|    ent_coef_loss   | 2.95     |
|    learning_rate   | 0.0003   |
|    n_updates       | 321387   |
---------------------------------
---------------------------------
| rollout/           |          |
|    ep_len_mean     | 4.17e+03 |
|    ep_rew_mean     | 3.97e+03 |
| time/              |          |
|    episodes        | 2140     |
|    fps             | 2133     |
|    time_elapsed    | 2416     |
|    total_timesteps | 5155968  |
| train/             |          |
|    actor_loss      | -0.594   |
|    critic_loss     | 0.000203 |
|    ent_coef        | 0.000169 |
|    ent_coef_loss   | 2.27     |
|    learning_rate   | 0.0003   |
|    n_updates       | 322185   |
---------------------------------
---------------------------------
| rollout/           |          |
|    ep_len_mean     | 4.27e+03 |
|    ep_rew_mean     | 4.2e+03  |
| time/              |          |
|    episodes        | 2144     |
|    fps             | 2133     |
|    time_elapsed    | 2446     |
|    total_timesteps | 5220144  |
| train/             |          |
|    actor_loss      | -0.596   |
|    critic_loss     | 0.00176  |
|    ent_coef        | 0.000173 |
|    ent_coef_loss   | 1.35     |
|    learning_rate   | 0.0003   |
|    n_updates       | 326196   |
---------------------------------
---------------------------------
| rollout/           |          |
|    ep_len_mean     | 4.28e+03 |
|    ep_rew_mean     | 4.33e+03 |
| time/              |          |
|    episodes        | 2148     |
|    fps             | 2133     |
|    time_elapsed    | 2448     |
|    total_timesteps | 5224720  |
| train/             |          |
|    actor_loss      | -0.611   |
|    critic_loss     | 8.64e-05 |
|    ent_coef        | 0.000177 |
|    ent_coef_loss   | -1.47    |
|    learning_rate   | 0.0003   |
|    n_updates       | 326482   |
---------------------------------
---------------------------------
| rollout/           |          |
|    ep_len_mean     | 4.41e+03 |
|    ep_rew_mean     | 4.51e+03 |
| time/              |          |
|    episodes        | 2152     |
|    fps             | 2133     |
|    time_elapsed    | 2451     |
|    total_timesteps | 5230048  |
| train/             |          |
|    actor_loss      | -0.684   |
|    critic_loss     | 5.67e-05 |
|    ent_coef        | 0.000181 |
|    ent_coef_loss   | -3.82    |
|    learning_rate   | 0.0003   |
|    n_updates       | 326815   |
---------------------------------
---------------------------------
| rollout/           |          |
|    ep_len_mean     | 4.56e+03 |
|    ep_rew_mean     | 4.65e+03 |
| time/              |          |
|    episodes        | 2156     |
|    fps             | 2133     |
|    time_elapsed    | 2452     |
|    total_timesteps | 5233664  |
| train/             |          |
|    actor_loss      | -0.607   |
|    critic_loss     | 9.58e-05 |
|    ent_coef        | 0.000168 |
|    ent_coef_loss   | -6.46    |
|    learning_rate   | 0.0003   |
|    n_updates       | 327041   |
---------------------------------
---------------------------------
| rollout/           |          |
|    ep_len_mean     | 4.55e+03 |
|    ep_rew_mean     | 4.63e+03 |
| time/              |          |
|    episodes        | 2160     |
|    fps             | 2133     |
|    time_elapsed    | 2462     |
|    total_timesteps | 5254480  |
| train/             |          |
|    actor_loss      | -0.574   |
|    critic_loss     | 0.000249 |
|    ent_coef        | 0.000158 |
|    ent_coef_loss   | 0.0667   |
|    learning_rate   | 0.0003   |
|    n_updates       | 328342   |
---------------------------------
---------------------------------
| rollout/           |          |
|    ep_len_mean     | 4.45e+03 |
|    ep_rew_mean     | 4.55e+03 |
| time/              |          |
|    episodes        | 2164     |
|    fps             | 2133     |
|    time_elapsed    | 2466     |
|    total_timesteps | 5262880  |
| train/             |          |
|    actor_loss      | -0.645   |
|    critic_loss     | 0.000142 |
|    ent_coef        | 0.000158 |
|    ent_coef_loss   | -0.723   |
|    learning_rate   | 0.0003   |
|    n_updates       | 328867   |
---------------------------------
---------------------------------
| rollout/           |          |
|    ep_len_mean     | 4.37e+03 |
|    ep_rew_mean     | 4.41e+03 |
| time/              |          |
|    episodes        | 2168     |
|    fps             | 2133     |
|    time_elapsed    | 2484     |
|    total_timesteps | 5301328  |
| train/             |          |
|    actor_loss      | -0.57    |
|    critic_loss     | 0.00115  |
|    ent_coef        | 0.000166 |
|    ent_coef_loss   | 0.971    |
|    learning_rate   | 0.0003   |
|    n_updates       | 331270   |
---------------------------------
---------------------------------
| rollout/           |          |
|    ep_len_mean     | 4.31e+03 |
|    ep_rew_mean     | 4.43e+03 |
| time/              |          |
|    episodes        | 2172     |
|    fps             | 2133     |
|    time_elapsed    | 2485     |
|    total_timesteps | 5301744  |
| train/             |          |
|    actor_loss      | -0.564   |
|    critic_loss     | 0.000861 |
|    ent_coef        | 0.000167 |
|    ent_coef_loss   | -0.24    |
|    learning_rate   | 0.0003   |
|    n_updates       | 331296   |
---------------------------------
---------------------------------
| rollout/           |          |
|    ep_len_mean     | 4.21e+03 |
|    ep_rew_mean     | 4.34e+03 |
| time/              |          |
|    episodes        | 2176     |
|    fps             | 2133     |
|    time_elapsed    | 2485     |
|    total_timesteps | 5302144  |
| train/             |          |
|    actor_loss      | -0.609   |
|    critic_loss     | 9.8e-05  |
|    ent_coef        | 0.000166 |
|    ent_coef_loss   | -1.37    |
|    learning_rate   | 0.0003   |
|    n_updates       | 331321   |
---------------------------------
---------------------------------
| rollout/           |          |
|    ep_len_mean     | 4.05e+03 |
|    ep_rew_mean     | 4.12e+03 |
| time/              |          |
|    episodes        | 2180     |
|    fps             | 2133     |
|    time_elapsed    | 2487     |
|    total_timesteps | 5305808  |
| train/             |          |
|    actor_loss      | -0.536   |
|    critic_loss     | 0.13     |
|    ent_coef        | 0.00016  |
|    ent_coef_loss   | 0.429    |
|    learning_rate   | 0.0003   |
|    n_updates       | 331550   |
---------------------------------
---------------------------------
| rollout/           |          |
|    ep_len_mean     | 3.95e+03 |
|    ep_rew_mean     | 3.9e+03  |
| time/              |          |
|    episodes        | 2184     |
|    fps             | 2133     |
|    time_elapsed    | 2495     |
|    total_timesteps | 5322544  |
| train/             |          |
|    actor_loss      | -0.583   |
|    critic_loss     | 8.77e-05 |
|    ent_coef        | 0.000145 |
|    ent_coef_loss   | 0.239    |
|    learning_rate   | 0.0003   |
|    n_updates       | 332596   |
---------------------------------
---------------------------------
| rollout/           |          |
|    ep_len_mean     | 3.86e+03 |
|    ep_rew_mean     | 3.75e+03 |
| time/              |          |
|    episodes        | 2188     |
|    fps             | 2133     |
|    time_elapsed    | 2496     |
|    total_timesteps | 5325808  |
| train/             |          |
|    actor_loss      | -0.571   |
|    critic_loss     | 0.00276  |
|    ent_coef        | 0.00015  |
|    ent_coef_loss   | 0.924    |
|    learning_rate   | 0.0003   |
|    n_updates       | 332800   |
---------------------------------
---------------------------------
| rollout/           |          |
|    ep_len_mean     | 3.71e+03 |
|    ep_rew_mean     | 3.72e+03 |
| time/              |          |
|    episodes        | 2192     |
|    fps             | 2133     |
|    time_elapsed    | 2502     |
|    total_timesteps | 5338400  |
| train/             |          |
|    actor_loss      | -0.631   |
|    critic_loss     | 0.11     |
|    ent_coef        | 0.000172 |
|    ent_coef_loss   | 0.27     |
|    learning_rate   | 0.0003   |
|    n_updates       | 333587   |
---------------------------------
---------------------------------
| rollout/           |          |
|    ep_len_mean     | 3.66e+03 |
|    ep_rew_mean     | 3.81e+03 |
| time/              |          |
|    episodes        | 2196     |
|    fps             | 2133     |
|    time_elapsed    | 2505     |
|    total_timesteps | 5344928  |
| train/             |          |
|    actor_loss      | -0.612   |
|    critic_loss     | 0.00119  |
|    ent_coef        | 0.000164 |
|    ent_coef_loss   | -0.85    |
|    learning_rate   | 0.0003   |
|    n_updates       | 333995   |
---------------------------------
---------------------------------
| rollout/           |          |
|    ep_len_mean     | 3.52e+03 |
|    ep_rew_mean     | 3.73e+03 |
| time/              |          |
|    episodes        | 2200     |
|    fps             | 2133     |
|    time_elapsed    | 2512     |
|    total_timesteps | 5359680  |
| train/             |          |
|    actor_loss      | -0.648   |
|    critic_loss     | 9.64e-05 |
|    ent_coef        | 0.00018  |
|    ent_coef_loss   | -0.14    |
|    learning_rate   | 0.0003   |
|    n_updates       | 334917   |
---------------------------------
---------------------------------
| rollout/           |          |
|    ep_len_mean     | 3.5e+03  |
|    ep_rew_mean     | 3.8e+03  |
| time/              |          |
|    episodes        | 2204     |
|    fps             | 2133     |
|    time_elapsed    | 2519     |
|    total_timesteps | 5375792  |
| train/             |          |
|    actor_loss      | -0.625   |
|    critic_loss     | 0.000197 |
|    ent_coef        | 0.000178 |
|    ent_coef_loss   | 2.05     |
|    learning_rate   | 0.0003   |
|    n_updates       | 335924   |
---------------------------------
---------------------------------
| rollout/           |          |
|    ep_len_mean     | 3.52e+03 |
|    ep_rew_mean     | 3.98e+03 |
| time/              |          |
|    episodes        | 2208     |
|    fps             | 2133     |
|    time_elapsed    | 2522     |
|    total_timesteps | 5381712  |
| train/             |          |
|    actor_loss      | -0.598   |
|    critic_loss     | 0.000169 |
|    ent_coef        | 0.000173 |
|    ent_coef_loss   | -3.15    |
|    learning_rate   | 0.0003   |
|    n_updates       | 336294   |
---------------------------------
---------------------------------
| rollout/           |          |
|    ep_len_mean     | 3.36e+03 |
|    ep_rew_mean     | 3.85e+03 |
| time/              |          |
|    episodes        | 2212     |
|    fps             | 2133     |
|    time_elapsed    | 2526     |
|    total_timesteps | 5391088  |
| train/             |          |
|    actor_loss      | -0.643   |
|    critic_loss     | 0.00172  |
|    ent_coef        | 0.000173 |
|    ent_coef_loss   | -1.68    |
|    learning_rate   | 0.0003   |
|    n_updates       | 336880   |
---------------------------------
---------------------------------
| rollout/           |          |
|    ep_len_mean     | 3.08e+03 |
|    ep_rew_mean     | 3.97e+03 |
| time/              |          |
|    episodes        | 2216     |
|    fps             | 2133     |
|    time_elapsed    | 2531     |
|    total_timesteps | 5400624  |
| train/             |          |
|    actor_loss      | -0.602   |
|    critic_loss     | 0.000241 |
|    ent_coef        | 0.000179 |
|    ent_coef_loss   | 0.0881   |
|    learning_rate   | 0.0003   |
|    n_updates       | 337476   |
---------------------------------
---------------------------------
| rollout/           |          |
|    ep_len_mean     | 3.07e+03 |
|    ep_rew_mean     | 3.94e+03 |
| time/              |          |
|    episodes        | 2220     |
|    fps             | 2133     |
|    time_elapsed    | 2534     |
|    total_timesteps | 5406864  |
| train/             |          |
|    actor_loss      | -0.603   |
|    critic_loss     | 0.000121 |
|    ent_coef        | 0.000194 |
|    ent_coef_loss   | -0.703   |
|    learning_rate   | 0.0003   |
|    n_updates       | 337866   |
---------------------------------
---------------------------------
| rollout/           |          |
|    ep_len_mean     | 2.97e+03 |
|    ep_rew_mean     | 3.76e+03 |
| time/              |          |
|    episodes        | 2224     |
|    fps             | 2133     |
|    time_elapsed    | 2534     |
|    total_timesteps | 5407600  |
| train/             |          |
|    actor_loss      | -0.638   |
|    critic_loss     | 0.000394 |
|    ent_coef        | 0.000196 |
|    ent_coef_loss   | -0.271   |
|    learning_rate   | 0.0003   |
|    n_updates       | 337912   |
---------------------------------
---------------------------------
| rollout/           |          |
|    ep_len_mean     | 3.01e+03 |
|    ep_rew_mean     | 3.81e+03 |
| time/              |          |
|    episodes        | 2228     |
|    fps             | 2133     |
|    time_elapsed    | 2539     |
|    total_timesteps | 5417024  |
| train/             |          |
|    actor_loss      | -0.59    |
|    critic_loss     | 0.289    |
|    ent_coef        | 0.000183 |
|    ent_coef_loss   | 2.65     |
|    learning_rate   | 0.0003   |
|    n_updates       | 338501   |
---------------------------------
---------------------------------
| rollout/           |          |
|    ep_len_mean     | 3.11e+03 |
|    ep_rew_mean     | 3.87e+03 |
| time/              |          |
|    episodes        | 2232     |
|    fps             | 2133     |
|    time_elapsed    | 2541     |
|    total_timesteps | 5421328  |
| train/             |          |
|    actor_loss      | -0.7     |
|    critic_loss     | 0.000126 |
|    ent_coef        | 0.000195 |
|    ent_coef_loss   | -2.67    |
|    learning_rate   | 0.0003   |
|    n_updates       | 338770   |
---------------------------------
---------------------------------
| rollout/           |          |
|    ep_len_mean     | 3.02e+03 |
|    ep_rew_mean     | 3.73e+03 |
| time/              |          |
|    episodes        | 2236     |
|    fps             | 2133     |
|    time_elapsed    | 2541     |
|    total_timesteps | 5422560  |
| train/             |          |
|    actor_loss      | -0.576   |
|    critic_loss     | 0.000109 |
|    ent_coef        | 0.000195 |
|    ent_coef_loss   | -0.266   |
|    learning_rate   | 0.0003   |
|    n_updates       | 338847   |
---------------------------------
---------------------------------
| rollout/           |          |
|    ep_len_mean     | 2.82e+03 |
|    ep_rew_mean     | 3.46e+03 |
| time/              |          |
|    episodes        | 2240     |
|    fps             | 2133     |
|    time_elapsed    | 2545     |
|    total_timesteps | 5431216  |
| train/             |          |
|    actor_loss      | -0.605   |
|    critic_loss     | 8.75e-05 |
|    ent_coef        | 0.000183 |
|    ent_coef_loss   | -0.648   |
|    learning_rate   | 0.0003   |
|    n_updates       | 339388   |
---------------------------------
---------------------------------
| rollout/           |          |
|    ep_len_mean     | 2.66e+03 |
|    ep_rew_mean     | 3.23e+03 |
| time/              |          |
|    episodes        | 2244     |
|    fps             | 2133     |
|    time_elapsed    | 2549     |
|    total_timesteps | 5440384  |
| train/             |          |
|    actor_loss      | -0.532   |
|    critic_loss     | 0.000127 |
|    ent_coef        | 0.000169 |
|    ent_coef_loss   | 3.48     |
|    learning_rate   | 0.0003   |
|    n_updates       | 339961   |
---------------------------------
---------------------------------
| rollout/           |          |
|    ep_len_mean     | 2.49e+03 |
|    ep_rew_mean     | 3.04e+03 |
| time/              |          |
|    episodes        | 2248     |
|    fps             | 2133     |
|    time_elapsed    | 2553     |
|    total_timesteps | 5447232  |
| train/             |          |
|    actor_loss      | -0.7     |
|    critic_loss     | 0.000339 |
|    ent_coef        | 0.000172 |
|    ent_coef_loss   | 2.56     |
|    learning_rate   | 0.0003   |
|    n_updates       | 340389   |
---------------------------------
---------------------------------
| rollout/           |          |
|    ep_len_mean     | 2.33e+03 |
|    ep_rew_mean     | 2.9e+03  |
| time/              |          |
|    episodes        | 2252     |
|    fps             | 2133     |
|    time_elapsed    | 2554     |
|    total_timesteps | 5449680  |
| train/             |          |
|    actor_loss      | -0.623   |
|    critic_loss     | 0.000127 |
|    ent_coef        | 0.000169 |
|    ent_coef_loss   | -0.943   |
|    learning_rate   | 0.0003   |
|    n_updates       | 340542   |
---------------------------------
---------------------------------
| rollout/           |          |
|    ep_len_mean     | 2.21e+03 |
|    ep_rew_mean     | 2.82e+03 |
| time/              |          |
|    episodes        | 2256     |
|    fps             | 2133     |
|    time_elapsed    | 2558     |
|    total_timesteps | 5458048  |
| train/             |          |
|    actor_loss      | -0.632   |
|    critic_loss     | 0.000313 |
|    ent_coef        | 0.000172 |
|    ent_coef_loss   | -1.23    |
|    learning_rate   | 0.0003   |
|    n_updates       | 341065   |
---------------------------------
---------------------------------
| rollout/           |          |
|    ep_len_mean     | 2.17e+03 |
|    ep_rew_mean     | 2.81e+03 |
| time/              |          |
|    episodes        | 2260     |
|    fps             | 2133     |
|    time_elapsed    | 2562     |
|    total_timesteps | 5466864  |
| train/             |          |
|    actor_loss      | -0.626   |
|    critic_loss     | 9.41e-05 |
|    ent_coef        | 0.000175 |
|    ent_coef_loss   | 2.4      |
|    learning_rate   | 0.0003   |
|    n_updates       | 341616   |
---------------------------------
---------------------------------
| rollout/           |          |
|    ep_len_mean     | 2.17e+03 |
|    ep_rew_mean     | 2.81e+03 |
| time/              |          |
|    episodes        | 2264     |
|    fps             | 2133     |
|    time_elapsed    | 2575     |
|    total_timesteps | 5494256  |
| train/             |          |
|    actor_loss      | -0.656   |
|    critic_loss     | 0.000174 |
|    ent_coef        | 0.000161 |
|    ent_coef_loss   | -0.199   |
|    learning_rate   | 0.0003   |
|    n_updates       | 343328   |
---------------------------------
---------------------------------
| rollout/           |          |
|    ep_len_mean     | 2.24e+03 |
|    ep_rew_mean     | 2.95e+03 |
| time/              |          |
|    episodes        | 2268     |
|    fps             | 2133     |
|    time_elapsed    | 2582     |
|    total_timesteps | 5510128  |
| train/             |          |
|    actor_loss      | -0.693   |
|    critic_loss     | 0.000492 |
|    ent_coef        | 0.000174 |
|    ent_coef_loss   | -3.95    |
|    learning_rate   | 0.0003   |
|    n_updates       | 344320   |
---------------------------------
---------------------------------
| rollout/           |          |
|    ep_len_mean     | 2.26e+03 |
|    ep_rew_mean     | 2.91e+03 |
| time/              |          |
|    episodes        | 2272     |
|    fps             | 2133     |
|    time_elapsed    | 2593     |
|    total_timesteps | 5534528  |
| train/             |          |
|    actor_loss      | -0.673   |
|    critic_loss     | 0.000296 |
|    ent_coef        | 0.000212 |
|    ent_coef_loss   | -2.53    |
|    learning_rate   | 0.0003   |
|    n_updates       | 345845   |
---------------------------------
---------------------------------
| rollout/           |          |
|    ep_len_mean     | 2.31e+03 |
|    ep_rew_mean     | 2.93e+03 |
| time/              |          |
|    episodes        | 2276     |
|    fps             | 2133     |
|    time_elapsed    | 2598     |
|    total_timesteps | 5545072  |
| train/             |          |
|    actor_loss      | -0.634   |
|    critic_loss     | 0.000143 |
|    ent_coef        | 0.000208 |
|    ent_coef_loss   | -0.712   |
|    learning_rate   | 0.0003   |
|    n_updates       | 346504   |
---------------------------------
---------------------------------
| rollout/           |          |
|    ep_len_mean     | 2.33e+03 |
|    ep_rew_mean     | 2.95e+03 |
| time/              |          |
|    episodes        | 2280     |
|    fps             | 2133     |
|    time_elapsed    | 2601     |
|    total_timesteps | 5551088  |
| train/             |          |
|    actor_loss      | -0.648   |
|    critic_loss     | 0.000885 |
|    ent_coef        | 0.000191 |
|    ent_coef_loss   | 1.77     |
|    learning_rate   | 0.0003   |
|    n_updates       | 346880   |
---------------------------------
---------------------------------
| rollout/           |          |
|    ep_len_mean     | 2.37e+03 |
|    ep_rew_mean     | 2.97e+03 |
| time/              |          |
|    episodes        | 2284     |
|    fps             | 2133     |
|    time_elapsed    | 2614     |
|    total_timesteps | 5578432  |
| train/             |          |
|    actor_loss      | -0.713   |
|    critic_loss     | 0.0139   |
|    ent_coef        | 0.000172 |
|    ent_coef_loss   | -1.34    |
|    learning_rate   | 0.0003   |
|    n_updates       | 348589   |
---------------------------------
---------------------------------
| rollout/           |          |
|    ep_len_mean     | 2.54e+03 |
|    ep_rew_mean     | 3e+03    |
| time/              |          |
|    episodes        | 2288     |
|    fps             | 2133     |
|    time_elapsed    | 2628     |
|    total_timesteps | 5607792  |
| train/             |          |
|    actor_loss      | -0.644   |
|    critic_loss     | 0.000303 |
|    ent_coef        | 0.000178 |
|    ent_coef_loss   | 2.41     |
|    learning_rate   | 0.0003   |
|    n_updates       | 350424   |
---------------------------------
---------------------------------
| rollout/           |          |
|    ep_len_mean     | 2.61e+03 |
|    ep_rew_mean     | 2.99e+03 |
| time/              |          |
|    episodes        | 2292     |
|    fps             | 2133     |
|    time_elapsed    | 2632     |
|    total_timesteps | 5616000  |
| train/             |          |
|    actor_loss      | -0.687   |
|    critic_loss     | 9.81e-05 |
|    ent_coef        | 0.000164 |
|    ent_coef_loss   | -0.0544  |
|    learning_rate   | 0.0003   |
|    n_updates       | 350937   |
---------------------------------
---------------------------------
| rollout/           |          |
|    ep_len_mean     | 2.63e+03 |
|    ep_rew_mean     | 3e+03    |
| time/              |          |
|    episodes        | 2296     |
|    fps             | 2133     |
|    time_elapsed    | 2640     |
|    total_timesteps | 5634896  |
| train/             |          |
|    actor_loss      | -0.626   |
|    critic_loss     | 0.221    |
|    ent_coef        | 0.000176 |
|    ent_coef_loss   | 1.93     |
|    learning_rate   | 0.0003   |
|    n_updates       | 352118   |
---------------------------------
---------------------------------
| rollout/           |          |
|    ep_len_mean     | 2.63e+03 |
|    ep_rew_mean     | 2.94e+03 |
| time/              |          |
|    episodes        | 2300     |
|    fps             | 2133     |
|    time_elapsed    | 2641     |
|    total_timesteps | 5637200  |
| train/             |          |
|    actor_loss      | -0.665   |
|    critic_loss     | 0.000155 |
|    ent_coef        | 0.000177 |
|    ent_coef_loss   | 2        |
|    learning_rate   | 0.0003   |
|    n_updates       | 352262   |
---------------------------------
---------------------------------
| rollout/           |          |
|    ep_len_mean     | 2.93e+03 |
|    ep_rew_mean     | 2.82e+03 |
| time/              |          |
|    episodes        | 2304     |
|    fps             | 2133     |
|    time_elapsed    | 2664     |
|    total_timesteps | 5686032  |
| train/             |          |
|    actor_loss      | -0.611   |
|    critic_loss     | 0.000167 |
|    ent_coef        | 0.000182 |
|    ent_coef_loss   | 1.07     |
|    learning_rate   | 0.0003   |
|    n_updates       | 355314   |
---------------------------------
---------------------------------
| rollout/           |          |
|    ep_len_mean     | 3.2e+03  |
|    ep_rew_mean     | 2.88e+03 |
| time/              |          |
|    episodes        | 2308     |
|    fps             | 2133     |
|    time_elapsed    | 2691     |
|    total_timesteps | 5742208  |
| train/             |          |
|    actor_loss      | -0.62    |
|    critic_loss     | 0.000169 |
|    ent_coef        | 0.000181 |
|    ent_coef_loss   | -0.0928  |
|    learning_rate   | 0.0003   |
|    n_updates       | 358825   |
---------------------------------
---------------------------------
| rollout/           |          |
|    ep_len_mean     | 3.49e+03 |
|    ep_rew_mean     | 3.07e+03 |
| time/              |          |
|    episodes        | 2312     |
|    fps             | 2133     |
|    time_elapsed    | 2705     |
|    total_timesteps | 5774336  |
| train/             |          |
|    actor_loss      | -0.647   |
|    critic_loss     | 9.69e-05 |
|    ent_coef        | 0.000201 |
|    ent_coef_loss   | -2.99    |
|    learning_rate   | 0.0003   |
|    n_updates       | 360833   |
---------------------------------
---------------------------------
| rollout/           |          |
|    ep_len_mean     | 3.84e+03 |
|    ep_rew_mean     | 3.21e+03 |
| time/              |          |
|    episodes        | 2316     |
|    fps             | 2133     |
|    time_elapsed    | 2711     |
|    total_timesteps | 5786016  |
| train/             |          |
|    actor_loss      | -0.704   |
|    critic_loss     | 0.000123 |
|    ent_coef        | 0.000194 |
|    ent_coef_loss   | 1.06     |
|    learning_rate   | 0.0003   |
|    n_updates       | 361563   |
---------------------------------
---------------------------------
| rollout/           |          |
|    ep_len_mean     | 4.12e+03 |
|    ep_rew_mean     | 3.49e+03 |
| time/              |          |
|    episodes        | 2320     |
|    fps             | 2133     |
|    time_elapsed    | 2716     |
|    total_timesteps | 5795712  |
| train/             |          |
|    actor_loss      | -0.641   |
|    critic_loss     | 7.29e-05 |
|    ent_coef        | 0.000205 |
|    ent_coef_loss   | 0.623    |
|    learning_rate   | 0.0003   |
|    n_updates       | 362169   |
---------------------------------
---------------------------------
| rollout/           |          |
|    ep_len_mean     | 4.32e+03 |
|    ep_rew_mean     | 3.73e+03 |
| time/              |          |
|    episodes        | 2324     |
|    fps             | 2133     |
|    time_elapsed    | 2732     |
|    total_timesteps | 5829168  |
| train/             |          |
|    actor_loss      | -0.627   |
|    critic_loss     | 0.119    |
|    ent_coef        | 0.000184 |
|    ent_coef_loss   | 0.612    |
|    learning_rate   | 0.0003   |
|    n_updates       | 364260   |
---------------------------------
---------------------------------
| rollout/           |          |
|    ep_len_mean     | 4.26e+03 |
|    ep_rew_mean     | 3.68e+03 |
| time/              |          |
|    episodes        | 2328     |
|    fps             | 2133     |
|    time_elapsed    | 2754     |
|    total_timesteps | 5876400  |
| train/             |          |
|    actor_loss      | -0.597   |
|    critic_loss     | 0.00432  |
|    ent_coef        | 0.000196 |
|    ent_coef_loss   | -5.79    |
|    learning_rate   | 0.0003   |
|    n_updates       | 367212   |
---------------------------------
---------------------------------
| rollout/           |          |
|    ep_len_mean     | 4.26e+03 |
|    ep_rew_mean     | 3.71e+03 |
| time/              |          |
|    episodes        | 2332     |
|    fps             | 2133     |
|    time_elapsed    | 2756     |
|    total_timesteps | 5881120  |
| train/             |          |
|    actor_loss      | -0.691   |
|    critic_loss     | 0.000632 |
|    ent_coef        | 0.000182 |
|    ent_coef_loss   | 0.396    |
|    learning_rate   | 0.0003   |
|    n_updates       | 367507   |
---------------------------------
---------------------------------
| rollout/           |          |
|    ep_len_mean     | 4.42e+03 |
|    ep_rew_mean     | 3.83e+03 |
| time/              |          |
|    episodes        | 2336     |
|    fps             | 2133     |
|    time_elapsed    | 2766     |
|    total_timesteps | 5900768  |
| train/             |          |
|    actor_loss      | -0.625   |
|    critic_loss     | 0.000129 |
|    ent_coef        | 0.000209 |
|    ent_coef_loss   | -0.864   |
|    learning_rate   | 0.0003   |
|    n_updates       | 368735   |
---------------------------------
---------------------------------
| rollout/           |          |
|    ep_len_mean     | 4.65e+03 |
|    ep_rew_mean     | 4.09e+03 |
| time/              |          |
|    episodes        | 2340     |
|    fps             | 2133     |
|    time_elapsed    | 2774     |
|    total_timesteps | 5918224  |
| train/             |          |
|    actor_loss      | -0.706   |
|    critic_loss     | 0.000348 |
|    ent_coef        | 0.000192 |
|    ent_coef_loss   | -1.95    |
|    learning_rate   | 0.0003   |
|    n_updates       | 369826   |
---------------------------------
---------------------------------
| rollout/           |          |
|    ep_len_mean     | 4.85e+03 |
|    ep_rew_mean     | 4.36e+03 |
| time/              |          |
|    episodes        | 2344     |
|    fps             | 2133     |
|    time_elapsed    | 2790     |
|    total_timesteps | 5954096  |
| train/             |          |
|    actor_loss      | -0.607   |
|    critic_loss     | 0.000584 |
|    ent_coef        | 0.000197 |
|    ent_coef_loss   | -0.454   |
|    learning_rate   | 0.0003   |
|    n_updates       | 372068   |
---------------------------------
---------------------------------
| rollout/           |          |
|    ep_len_mean     | 5.01e+03 |
|    ep_rew_mean     | 4.64e+03 |
| time/              |          |
|    episodes        | 2348     |
|    fps             | 2133     |
|    time_elapsed    | 2796     |
|    total_timesteps | 5966720  |
| train/             |          |
|    actor_loss      | -0.667   |
|    critic_loss     | 0.000133 |
|    ent_coef        | 0.000214 |
|    ent_coef_loss   | 0.731    |
|    learning_rate   | 0.0003   |
|    n_updates       | 372857   |
---------------------------------
---------------------------------
| rollout/           |          |
|    ep_len_mean     | 5.14e+03 |
|    ep_rew_mean     | 4.81e+03 |
| time/              |          |
|    episodes        | 2352     |
|    fps             | 2133     |
|    time_elapsed    | 2805     |
|    total_timesteps | 5985632  |
| train/             |          |
|    actor_loss      | -0.667   |
|    critic_loss     | 0.00016  |
|    ent_coef        | 0.000221 |
|    ent_coef_loss   | -1.74    |
|    learning_rate   | 0.0003   |
|    n_updates       | 374039   |
---------------------------------
---------------------------------
| rollout/           |          |
|    ep_len_mean     | 5.29e+03 |
|    ep_rew_mean     | 4.95e+03 |
| time/              |          |
|    episodes        | 2356     |
|    fps             | 2133     |
|    time_elapsed    | 2819     |
|    total_timesteps | 6014272  |
| train/             |          |
|    actor_loss      | -0.682   |
|    critic_loss     | 0.000127 |
|    ent_coef        | 0.000236 |
|    ent_coef_loss   | -2.26    |
|    learning_rate   | 0.0003   |
|    n_updates       | 375829   |
---------------------------------
---------------------------------
| rollout/           |          |
|    ep_len_mean     | 5.44e+03 |
|    ep_rew_mean     | 5.2e+03  |
| time/              |          |
|    episodes        | 2360     |
|    fps             | 2133     |
|    time_elapsed    | 2829     |
|    total_timesteps | 6037472  |
| train/             |          |
|    actor_loss      | -0.678   |
|    critic_loss     | 0.000114 |
|    ent_coef        | 0.000234 |
|    ent_coef_loss   | 3.21     |
|    learning_rate   | 0.0003   |
|    n_updates       | 377279   |
---------------------------------
---------------------------------
| rollout/           |          |
|    ep_len_mean     | 5.49e+03 |
|    ep_rew_mean     | 5.28e+03 |
| time/              |          |
|    episodes        | 2364     |
|    fps             | 2133     |
|    time_elapsed    | 2834     |
|    total_timesteps | 6048496  |
| train/             |          |
|    actor_loss      | -0.699   |
|    critic_loss     | 0.000969 |
|    ent_coef        | 0.000232 |
|    ent_coef_loss   | 1.26     |
|    learning_rate   | 0.0003   |
|    n_updates       | 377968   |
---------------------------------
---------------------------------
| rollout/           |          |
|    ep_len_mean     | 5.54e+03 |
|    ep_rew_mean     | 5.2e+03  |
| time/              |          |
|    episodes        | 2368     |
|    fps             | 2133     |
|    time_elapsed    | 2845     |
|    total_timesteps | 6071712  |
| train/             |          |
|    actor_loss      | -0.777   |
|    critic_loss     | 8.91e-05 |
|    ent_coef        | 0.000223 |
|    ent_coef_loss   | -0.669   |
|    learning_rate   | 0.0003   |
|    n_updates       | 379419   |
---------------------------------
---------------------------------
| rollout/           |          |
|    ep_len_mean     | 5.56e+03 |
|    ep_rew_mean     | 5.23e+03 |
| time/              |          |
|    episodes        | 2372     |
|    fps             | 2133     |
|    time_elapsed    | 2857     |
|    total_timesteps | 6096256  |
| train/             |          |
|    actor_loss      | -0.696   |
|    critic_loss     | 0.000199 |
|    ent_coef        | 0.000243 |
|    ent_coef_loss   | -0.892   |
|    learning_rate   | 0.0003   |
|    n_updates       | 380953   |
---------------------------------
---------------------------------
| rollout/           |          |
|    ep_len_mean     | 5.55e+03 |
|    ep_rew_mean     | 5.26e+03 |
| time/              |          |
|    episodes        | 2376     |
|    fps             | 2133     |
|    time_elapsed    | 2863     |
|    total_timesteps | 6108784  |
| train/             |          |
|    actor_loss      | -0.712   |
|    critic_loss     | 0.000352 |
|    ent_coef        | 0.000237 |
|    ent_coef_loss   | 1.51     |
|    learning_rate   | 0.0003   |
|    n_updates       | 381736   |
---------------------------------
---------------------------------
| rollout/           |          |
|    ep_len_mean     | 5.71e+03 |
|    ep_rew_mean     | 5.25e+03 |
| time/              |          |
|    episodes        | 2380     |
|    fps             | 2133     |
|    time_elapsed    | 2868     |
|    total_timesteps | 6120768  |
| train/             |          |
|    actor_loss      | -0.721   |
|    critic_loss     | 0.000195 |
|    ent_coef        | 0.000245 |
|    ent_coef_loss   | 1.43     |
|    learning_rate   | 0.0003   |
|    n_updates       | 382485   |
---------------------------------
---------------------------------
| rollout/           |          |
|    ep_len_mean     | 5.79e+03 |
|    ep_rew_mean     | 5.3e+03  |
| time/              |          |
|    episodes        | 2384     |
|    fps             | 2133     |
|    time_elapsed    | 2878     |
|    total_timesteps | 6142080  |
| train/             |          |
|    actor_loss      | -0.653   |
|    critic_loss     | 0.136    |
|    ent_coef        | 0.000236 |
|    ent_coef_loss   | 0.621    |
|    learning_rate   | 0.0003   |
|    n_updates       | 383817   |
---------------------------------
---------------------------------
| rollout/           |          |
|    ep_len_mean     | 5.72e+03 |
|    ep_rew_mean     | 5.47e+03 |
| time/              |          |
|    episodes        | 2388     |
|    fps             | 2133     |
|    time_elapsed    | 2890     |
|    total_timesteps | 6168336  |
| train/             |          |
|    actor_loss      | -0.702   |
|    critic_loss     | 0.0118   |
|    ent_coef        | 0.000222 |
|    ent_coef_loss   | -0.208   |
|    learning_rate   | 0.0003   |
|    n_updates       | 385458   |
---------------------------------
---------------------------------
| rollout/           |          |
|    ep_len_mean     | 5.77e+03 |
|    ep_rew_mean     | 5.61e+03 |
| time/              |          |
|    episodes        | 2392     |
|    fps             | 2133     |
|    time_elapsed    | 2909     |
|    total_timesteps | 6207104  |
| train/             |          |
|    actor_loss      | -0.656   |
|    critic_loss     | 0.000244 |
|    ent_coef        | 0.000239 |
|    ent_coef_loss   | 0.884    |
|    learning_rate   | 0.0003   |
|    n_updates       | 387881   |
---------------------------------
---------------------------------
| rollout/           |          |
|    ep_len_mean     | 5.93e+03 |
|    ep_rew_mean     | 5.8e+03  |
| time/              |          |
|    episodes        | 2396     |
|    fps             | 2133     |
|    time_elapsed    | 2911     |
|    total_timesteps | 6213088  |
| train/             |          |
|    actor_loss      | -0.693   |
|    critic_loss     | 0.000282 |
|    ent_coef        | 0.000231 |
|    ent_coef_loss   | 3.33     |
|    learning_rate   | 0.0003   |
|    n_updates       | 388255   |
---------------------------------
---------------------------------
| rollout/           |          |
|    ep_len_mean     | 6.03e+03 |
|    ep_rew_mean     | 5.82e+03 |
| time/              |          |
|    episodes        | 2400     |
|    fps             | 2133     |
|    time_elapsed    | 2922     |
|    total_timesteps | 6235232  |
| train/             |          |
|    actor_loss      | -0.75    |
|    critic_loss     | 0.000156 |
|    ent_coef        | 0.00022  |
|    ent_coef_loss   | -1.68    |
|    learning_rate   | 0.0003   |
|    n_updates       | 389639   |
---------------------------------
---------------------------------
| rollout/           |          |
|    ep_len_mean     | 5.88e+03 |
|    ep_rew_mean     | 5.97e+03 |
| time/              |          |
|    episodes        | 2404     |
|    fps             | 2133     |
|    time_elapsed    | 2933     |
|    total_timesteps | 6259088  |
| train/             |          |
|    actor_loss      | -0.676   |
|    critic_loss     | 0.000145 |
|    ent_coef        | 0.000266 |
|    ent_coef_loss   | -0.389   |
|    learning_rate   | 0.0003   |
|    n_updates       | 391130   |
---------------------------------
---------------------------------
| rollout/           |          |
|    ep_len_mean     | 5.71e+03 |
|    ep_rew_mean     | 5.85e+03 |
| time/              |          |
|    episodes        | 2408     |
|    fps             | 2133     |
|    time_elapsed    | 2940     |
|    total_timesteps | 6275408  |
| train/             |          |
|    actor_loss      | -0.735   |
|    critic_loss     | 0.000506 |
|    ent_coef        | 0.000235 |
|    ent_coef_loss   | -2.27    |
|    learning_rate   | 0.0003   |
|    n_updates       | 392150   |
---------------------------------
---------------------------------
| rollout/           |          |
|    ep_len_mean     | 5.61e+03 |
|    ep_rew_mean     | 5.9e+03  |
| time/              |          |
|    episodes        | 2412     |
|    fps             | 2133     |
|    time_elapsed    | 2953     |
|    total_timesteps | 6303008  |
| train/             |          |
|    actor_loss      | -0.581   |
|    critic_loss     | 0.000366 |
|    ent_coef        | 0.000206 |
|    ent_coef_loss   | -0.626   |
|    learning_rate   | 0.0003   |
|    n_updates       | 393875   |
---------------------------------
---------------------------------
| rollout/           |          |
|    ep_len_mean     | 5.45e+03 |
|    ep_rew_mean     | 5.92e+03 |
| time/              |          |
|    episodes        | 2416     |
|    fps             | 2133     |
|    time_elapsed    | 2956     |
|    total_timesteps | 6308384  |
| train/             |          |
|    actor_loss      | -0.687   |
|    critic_loss     | 0.000141 |
|    ent_coef        | 0.000213 |
|    ent_coef_loss   | 1.18     |
|    learning_rate   | 0.0003   |
|    n_updates       | 394211   |
---------------------------------
---------------------------------
| rollout/           |          |
|    ep_len_mean     | 5.2e+03  |
|    ep_rew_mean     | 5.67e+03 |
| time/              |          |
|    episodes        | 2420     |
|    fps             | 2133     |
|    time_elapsed    | 2961     |
|    total_timesteps | 6318880  |
| train/             |          |
|    actor_loss      | -0.744   |
|    critic_loss     | 0.000457 |
|    ent_coef        | 0.000242 |
|    ent_coef_loss   | 4.2      |
|    learning_rate   | 0.0003   |
|    n_updates       | 394867   |
---------------------------------
---------------------------------
| rollout/           |          |
|    ep_len_mean     | 5.13e+03 |
|    ep_rew_mean     | 5.74e+03 |
| time/              |          |
|    episodes        | 2424     |
|    fps             | 2133     |
|    time_elapsed    | 2974     |
|    total_timesteps | 6346736  |
| train/             |          |
|    actor_loss      | -0.688   |
|    critic_loss     | 0.000154 |
|    ent_coef        | 0.000207 |
|    ent_coef_loss   | 2.42     |
|    learning_rate   | 0.0003   |
|    n_updates       | 396608   |
---------------------------------
---------------------------------
| rollout/           |          |
|    ep_len_mean     | 5.2e+03  |
|    ep_rew_mean     | 5.71e+03 |
| time/              |          |
|    episodes        | 2428     |
|    fps             | 2133     |
|    time_elapsed    | 3000     |
|    total_timesteps | 6401792  |
| train/             |          |
|    actor_loss      | -0.66    |
|    critic_loss     | 0.000268 |
|    ent_coef        | 0.000194 |
|    ent_coef_loss   | 3.37     |
|    learning_rate   | 0.0003   |
|    n_updates       | 400049   |
---------------------------------
---------------------------------
| rollout/           |          |
|    ep_len_mean     | 5.27e+03 |
|    ep_rew_mean     | 5.64e+03 |
| time/              |          |
|    episodes        | 2432     |
|    fps             | 2133     |
|    time_elapsed    | 3019     |
|    total_timesteps | 6441760  |
| train/             |          |
|    actor_loss      | -0.63    |
|    critic_loss     | 0.000208 |
|    ent_coef        | 0.000193 |
|    ent_coef_loss   | -3.1     |
|    learning_rate   | 0.0003   |
|    n_updates       | 402547   |
---------------------------------
---------------------------------
| rollout/           |          |
|    ep_len_mean     | 5.34e+03 |
|    ep_rew_mean     | 5.52e+03 |
| time/              |          |
|    episodes        | 2436     |
|    fps             | 2133     |
|    time_elapsed    | 3020     |
|    total_timesteps | 6443680  |
| train/             |          |
|    actor_loss      | -0.616   |
|    critic_loss     | 0.000791 |
|    ent_coef        | 0.000189 |
|    ent_coef_loss   | -0.626   |
|    learning_rate   | 0.0003   |
|    n_updates       | 402667   |
---------------------------------
---------------------------------
| rollout/           |          |
|    ep_len_mean     | 5.4e+03  |
|    ep_rew_mean     | 5.25e+03 |
| time/              |          |
|    episodes        | 2440     |
|    fps             | 2133     |
|    time_elapsed    | 3027     |
|    total_timesteps | 6458656  |
| train/             |          |
|    actor_loss      | -0.628   |
|    critic_loss     | 0.000224 |
|    ent_coef        | 0.000206 |
|    ent_coef_loss   | 3.51     |
|    learning_rate   | 0.0003   |
|    n_updates       | 403603   |
---------------------------------
---------------------------------
| rollout/           |          |
|    ep_len_mean     | 5.41e+03 |
|    ep_rew_mean     | 5.08e+03 |
| time/              |          |
|    episodes        | 2444     |
|    fps             | 2133     |
|    time_elapsed    | 3047     |
|    total_timesteps | 6501312  |
| train/             |          |
|    actor_loss      | -0.652   |
|    critic_loss     | 0.000202 |
|    ent_coef        | 0.000192 |
|    ent_coef_loss   | -1.69    |
|    learning_rate   | 0.0003   |
|    n_updates       | 406269   |
---------------------------------
---------------------------------
| rollout/           |          |
|    ep_len_mean     | 5.42e+03 |
|    ep_rew_mean     | 4.9e+03  |
| time/              |          |
|    episodes        | 2448     |
|    fps             | 2133     |
|    time_elapsed    | 3072     |
|    total_timesteps | 6553856  |
| train/             |          |
|    actor_loss      | -0.641   |
|    critic_loss     | 0.000196 |
|    ent_coef        | 0.000229 |
|    ent_coef_loss   | -4.59    |
|    learning_rate   | 0.0003   |
|    n_updates       | 409553   |
---------------------------------
---------------------------------
| rollout/           |          |
|    ep_len_mean     | 5.56e+03 |
|    ep_rew_mean     | 4.75e+03 |
| time/              |          |
|    episodes        | 2452     |
|    fps             | 2133     |
|    time_elapsed    | 3086     |
|    total_timesteps | 6584560  |
| train/             |          |
|    actor_loss      | -0.639   |
|    critic_loss     | 0.000158 |
|    ent_coef        | 0.00018  |
|    ent_coef_loss   | 3.06     |
|    learning_rate   | 0.0003   |
|    n_updates       | 411472   |
---------------------------------
---------------------------------
| rollout/           |          |
|    ep_len_mean     | 5.71e+03 |
|    ep_rew_mean     | 4.61e+03 |
| time/              |          |
|    episodes        | 2456     |
|    fps             | 2133     |
|    time_elapsed    | 3089     |
|    total_timesteps | 6589984  |
| train/             |          |
|    actor_loss      | -0.587   |
|    critic_loss     | 0.000532 |
|    ent_coef        | 0.000168 |
|    ent_coef_loss   | 0.596    |
|    learning_rate   | 0.0003   |
|    n_updates       | 411811   |
---------------------------------
---------------------------------
| rollout/           |          |
|    ep_len_mean     | 5.78e+03 |
|    ep_rew_mean     | 4.44e+03 |
| time/              |          |
|    episodes        | 2460     |
|    fps             | 2132     |
|    time_elapsed    | 3103     |
|    total_timesteps | 6619440  |
| train/             |          |
|    actor_loss      | -0.555   |
|    critic_loss     | 0.000136 |
|    ent_coef        | 0.000171 |
|    ent_coef_loss   | -1.71    |
|    learning_rate   | 0.0003   |
|    n_updates       | 413652   |
---------------------------------
---------------------------------
| rollout/           |          |
|    ep_len_mean     | 5.97e+03 |
|    ep_rew_mean     | 4.39e+03 |
| time/              |          |
|    episodes        | 2464     |
|    fps             | 2132     |
|    time_elapsed    | 3126     |
|    total_timesteps | 6667920  |
| train/             |          |
|    actor_loss      | -0.668   |
|    critic_loss     | 0.000112 |
|    ent_coef        | 0.000193 |
|    ent_coef_loss   | -3.4     |
|    learning_rate   | 0.0003   |
|    n_updates       | 416682   |
---------------------------------
---------------------------------
| rollout/           |          |
|    ep_len_mean     | 6.06e+03 |
|    ep_rew_mean     | 4.42e+03 |
| time/              |          |
|    episodes        | 2468     |
|    fps             | 2132     |
|    time_elapsed    | 3137     |
|    total_timesteps | 6689552  |
| train/             |          |
|    actor_loss      | -0.569   |
|    critic_loss     | 0.000185 |
|    ent_coef        | 0.000201 |
|    ent_coef_loss   | -0.481   |
|    learning_rate   | 0.0003   |
|    n_updates       | 418034   |
---------------------------------
---------------------------------
| rollout/           |          |
|    ep_len_mean     | 6.12e+03 |
|    ep_rew_mean     | 4.47e+03 |
| time/              |          |
|    episodes        | 2472     |
|    fps             | 2132     |
|    time_elapsed    | 3137     |
|    total_timesteps | 6691264  |
| train/             |          |
|    actor_loss      | -0.632   |
|    critic_loss     | 0.00596  |
|    ent_coef        | 0.000202 |
|    ent_coef_loss   | 0.833    |
|    learning_rate   | 0.0003   |
|    n_updates       | 418141   |
---------------------------------
---------------------------------
| rollout/           |          |
|    ep_len_mean     | 6.22e+03 |
|    ep_rew_mean     | 4.48e+03 |
| time/              |          |
|    episodes        | 2476     |
|    fps             | 2132     |
|    time_elapsed    | 3147     |
|    total_timesteps | 6712128  |
| train/             |          |
|    actor_loss      | -0.588   |
|    critic_loss     | 0.000122 |
|    ent_coef        | 0.000185 |
|    ent_coef_loss   | -3       |
|    learning_rate   | 0.0003   |
|    n_updates       | 419445   |
---------------------------------
---------------------------------
| rollout/           |          |
|    ep_len_mean     | 6.18e+03 |
|    ep_rew_mean     | 4.49e+03 |
| time/              |          |
|    episodes        | 2480     |
|    fps             | 2132     |
|    time_elapsed    | 3171     |
|    total_timesteps | 6761872  |
| train/             |          |
|    actor_loss      | -0.567   |
|    critic_loss     | 0.000133 |
|    ent_coef        | 0.000165 |
|    ent_coef_loss   | 0.536    |
|    learning_rate   | 0.0003   |
|    n_updates       | 422554   |
---------------------------------
---------------------------------
| rollout/           |          |
|    ep_len_mean     | 6.21e+03 |
|    ep_rew_mean     | 4.51e+03 |
| time/              |          |
|    episodes        | 2484     |
|    fps             | 2132     |
|    time_elapsed    | 3178     |
|    total_timesteps | 6778752  |
| train/             |          |
|    actor_loss      | -0.597   |
|    critic_loss     | 0.000222 |
|    ent_coef        | 0.000168 |
|    ent_coef_loss   | 0.295    |
|    learning_rate   | 0.0003   |
|    n_updates       | 423609   |
---------------------------------
---------------------------------
| rollout/           |          |
|    ep_len_mean     | 6.26e+03 |
|    ep_rew_mean     | 4.44e+03 |
| time/              |          |
|    episodes        | 2488     |
|    fps             | 2132     |
|    time_elapsed    | 3180     |
|    total_timesteps | 6782672  |
| train/             |          |
|    actor_loss      | -0.633   |
|    critic_loss     | 0.000246 |
|    ent_coef        | 0.000165 |
|    ent_coef_loss   | -0.422   |
|    learning_rate   | 0.0003   |
|    n_updates       | 423854   |
---------------------------------
---------------------------------
| rollout/           |          |
|    ep_len_mean     | 6.15e+03 |
|    ep_rew_mean     | 4.36e+03 |
| time/              |          |
|    episodes        | 2492     |
|    fps             | 2132     |
|    time_elapsed    | 3183     |
|    total_timesteps | 6788832  |
| train/             |          |
|    actor_loss      | -0.577   |
|    critic_loss     | 0.000151 |
|    ent_coef        | 0.000174 |
|    ent_coef_loss   | -0.149   |
|    learning_rate   | 0.0003   |
|    n_updates       | 424239   |
---------------------------------
---------------------------------
| rollout/           |          |
|    ep_len_mean     | 5.99e+03 |
|    ep_rew_mean     | 4.16e+03 |
| time/              |          |
|    episodes        | 2496     |
|    fps             | 2132     |
|    time_elapsed    | 3200     |
|    total_timesteps | 6824416  |
| train/             |          |
|    actor_loss      | -0.516   |
|    critic_loss     | 0.000161 |
|    ent_coef        | 0.000184 |
|    ent_coef_loss   | 2.24     |
|    learning_rate   | 0.0003   |
|    n_updates       | 426463   |
---------------------------------
---------------------------------
| rollout/           |          |
|    ep_len_mean     | 6.1e+03  |
|    ep_rew_mean     | 4.2e+03  |
| time/              |          |
|    episodes        | 2500     |
|    fps             | 2132     |
|    time_elapsed    | 3216     |
|    total_timesteps | 6858304  |
| train/             |          |
|    actor_loss      | -0.611   |
|    critic_loss     | 0.00134  |
|    ent_coef        | 0.000165 |
|    ent_coef_loss   | -1.72    |
|    learning_rate   | 0.0003   |
|    n_updates       | 428581   |
---------------------------------
---------------------------------
| rollout/           |          |
|    ep_len_mean     | 6.05e+03 |
|    ep_rew_mean     | 4.17e+03 |
| time/              |          |
|    episodes        | 2504     |
|    fps             | 2132     |
|    time_elapsed    | 3218     |
|    total_timesteps | 6862848  |
| train/             |          |
|    actor_loss      | -0.601   |
|    critic_loss     | 0.00014  |
|    ent_coef        | 0.000166 |
|    ent_coef_loss   | -0.639   |
|    learning_rate   | 0.0003   |
|    n_updates       | 428865   |
---------------------------------
---------------------------------
| rollout/           |          |
|    ep_len_mean     | 5.91e+03 |
|    ep_rew_mean     | 4.11e+03 |
| time/              |          |
|    episodes        | 2508     |
|    fps             | 2132     |
|    time_elapsed    | 3223     |
|    total_timesteps | 6873664  |
| train/             |          |
|    actor_loss      | -0.63    |
|    critic_loss     | 0.000199 |
|    ent_coef        | 0.000167 |
|    ent_coef_loss   | -0.437   |
|    learning_rate   | 0.0003   |
|    n_updates       | 429541   |
---------------------------------
---------------------------------
| rollout/           |          |
|    ep_len_mean     | 5.81e+03 |
|    ep_rew_mean     | 4.05e+03 |
| time/              |          |
|    episodes        | 2512     |
|    fps             | 2132     |
|    time_elapsed    | 3225     |
|    total_timesteps | 6877552  |
| train/             |          |
|    actor_loss      | -0.619   |
|    critic_loss     | 0.00555  |
|    ent_coef        | 0.00017  |
|    ent_coef_loss   | 3.71     |
|    learning_rate   | 0.0003   |
|    n_updates       | 429784   |
---------------------------------
---------------------------------
| rollout/           |          |
|    ep_len_mean     | 5.72e+03 |
|    ep_rew_mean     | 4.01e+03 |
| time/              |          |
|    episodes        | 2516     |
|    fps             | 2132     |
|    time_elapsed    | 3233     |
|    total_timesteps | 6895616  |
| train/             |          |
|    actor_loss      | -0.601   |
|    critic_loss     | 9.79e-05 |
|    ent_coef        | 0.00017  |
|    ent_coef_loss   | -1.75    |
|    learning_rate   | 0.0003   |
|    n_updates       | 430913   |
---------------------------------
---------------------------------
| rollout/           |          |
|    ep_len_mean     | 5.83e+03 |
|    ep_rew_mean     | 4.29e+03 |
| time/              |          |
|    episodes        | 2520     |
|    fps             | 2132     |
|    time_elapsed    | 3244     |
|    total_timesteps | 6917520  |
| train/             |          |
|    actor_loss      | -0.599   |
|    critic_loss     | 0.000204 |
|    ent_coef        | 0.000177 |
|    ent_coef_loss   | -2.32    |
|    learning_rate   | 0.0003   |
|    n_updates       | 432282   |
---------------------------------
---------------------------------
| rollout/           |          |
|    ep_len_mean     | 5.74e+03 |
|    ep_rew_mean     | 4.03e+03 |
| time/              |          |
|    episodes        | 2524     |
|    fps             | 2132     |
|    time_elapsed    | 3248     |
|    total_timesteps | 6927520  |
| train/             |          |
|    actor_loss      | -0.578   |
|    critic_loss     | 0.000715 |
|    ent_coef        | 0.000169 |
|    ent_coef_loss   | -0.137   |
|    learning_rate   | 0.0003   |
|    n_updates       | 432907   |
---------------------------------
---------------------------------
| rollout/           |          |
|    ep_len_mean     | 5.59e+03 |
|    ep_rew_mean     | 3.81e+03 |
| time/              |          |
|    episodes        | 2528     |
|    fps             | 2132     |
|    time_elapsed    | 3251     |
|    total_timesteps | 6932384  |
| train/             |          |
|    actor_loss      | -0.623   |
|    critic_loss     | 0.000144 |
|    ent_coef        | 0.000166 |
|    ent_coef_loss   | 0.0751   |
|    learning_rate   | 0.0003   |
|    n_updates       | 433211   |
---------------------------------
---------------------------------
| rollout/           |          |
|    ep_len_mean     | 5.5e+03  |
|    ep_rew_mean     | 3.8e+03  |
| time/              |          |
|    episodes        | 2532     |
|    fps             | 2132     |
|    time_elapsed    | 3266     |
|    total_timesteps | 6964880  |
| train/             |          |
|    actor_loss      | -0.576   |
|    critic_loss     | 0.000836 |
|    ent_coef        | 0.000162 |
|    ent_coef_loss   | -1.82    |
|    learning_rate   | 0.0003   |
|    n_updates       | 435242   |
---------------------------------
---------------------------------
| rollout/           |          |
|    ep_len_mean     | 5.26e+03 |
|    ep_rew_mean     | 3.83e+03 |
| time/              |          |
|    episodes        | 2536     |
|    fps             | 2132     |
|    time_elapsed    | 3273     |
|    total_timesteps | 6980064  |
| train/             |          |
|    actor_loss      | -0.59    |
|    critic_loss     | 0.000268 |
|    ent_coef        | 0.000161 |
|    ent_coef_loss   | 3.31     |
|    learning_rate   | 0.0003   |
|    n_updates       | 436191   |
---------------------------------
---------------------------------
| rollout/           |          |
|    ep_len_mean     | 4.96e+03 |
|    ep_rew_mean     | 3.84e+03 |
| time/              |          |
|    episodes        | 2540     |
|    fps             | 2132     |
|    time_elapsed    | 3281     |
|    total_timesteps | 6997696  |
| train/             |          |
|    actor_loss      | -0.566   |
|    critic_loss     | 0.000117 |
|    ent_coef        | 0.000184 |
|    ent_coef_loss   | -0.276   |
|    learning_rate   | 0.0003   |
|    n_updates       | 437293   |
---------------------------------
---------------------------------
| rollout/           |          |
|    ep_len_mean     | 4.9e+03  |
|    ep_rew_mean     | 3.74e+03 |
| time/              |          |
|    episodes        | 2544     |
|    fps             | 2132     |
|    time_elapsed    | 3285     |
|    total_timesteps | 7006352  |
| train/             |          |
|    actor_loss      | -0.494   |
|    critic_loss     | 0.00883  |
|    ent_coef        | 0.000185 |
|    ent_coef_loss   | 0.403    |
|    learning_rate   | 0.0003   |
|    n_updates       | 437834   |
---------------------------------
---------------------------------
| rollout/           |          |
|    ep_len_mean     | 4.85e+03 |
|    ep_rew_mean     | 3.62e+03 |
| time/              |          |
|    episodes        | 2548     |
|    fps             | 2132     |
|    time_elapsed    | 3289     |
|    total_timesteps | 7013264  |
| train/             |          |
|    actor_loss      | -0.555   |
|    critic_loss     | 0.000105 |
|    ent_coef        | 0.000186 |
|    ent_coef_loss   | 3.8      |
|    learning_rate   | 0.0003   |
|    n_updates       | 438266   |
---------------------------------
---------------------------------
| rollout/           |          |
|    ep_len_mean     | 4.78e+03 |
|    ep_rew_mean     | 3.54e+03 |
| time/              |          |
|    episodes        | 2552     |
|    fps             | 2132     |
|    time_elapsed    | 3290     |
|    total_timesteps | 7017296  |
| train/             |          |
|    actor_loss      | -0.483   |
|    critic_loss     | 0.000436 |
|    ent_coef        | 0.000194 |
|    ent_coef_loss   | -1.54    |
|    learning_rate   | 0.0003   |
|    n_updates       | 438518   |
---------------------------------
---------------------------------
| rollout/           |          |
|    ep_len_mean     | 4.43e+03 |
|    ep_rew_mean     | 3.41e+03 |
| time/              |          |
|    episodes        | 2556     |
|    fps             | 2132     |
|    time_elapsed    | 3293     |
|    total_timesteps | 7022720  |
| train/             |          |
|    actor_loss      | -0.542   |
|    critic_loss     | 0.000404 |
|    ent_coef        | 0.000187 |
|    ent_coef_loss   | 2.7      |
|    learning_rate   | 0.0003   |
|    n_updates       | 438857   |
---------------------------------
---------------------------------
| rollout/           |          |
|    ep_len_mean     | 4.25e+03 |
|    ep_rew_mean     | 3.41e+03 |
| time/              |          |
|    episodes        | 2560     |
|    fps             | 2132     |
|    time_elapsed    | 3295     |
|    total_timesteps | 7027152  |
| train/             |          |
|    actor_loss      | -0.585   |
|    critic_loss     | 0.00476  |
|    ent_coef        | 0.00019  |
|    ent_coef_loss   | -0.902   |
|    learning_rate   | 0.0003   |
|    n_updates       | 439134   |
---------------------------------
---------------------------------
| rollout/           |          |
|    ep_len_mean     | 3.93e+03 |
|    ep_rew_mean     | 3.3e+03  |
| time/              |          |
|    episodes        | 2564     |
|    fps             | 2132     |
|    time_elapsed    | 3302     |
|    total_timesteps | 7041248  |
| train/             |          |
|    actor_loss      | -0.587   |
|    critic_loss     | 0.000525 |
|    ent_coef        | 0.000198 |
|    ent_coef_loss   | 1.06     |
|    learning_rate   | 0.0003   |
|    n_updates       | 440015   |
---------------------------------
---------------------------------
| rollout/           |          |
|    ep_len_mean     | 3.7e+03  |
|    ep_rew_mean     | 3.18e+03 |
| time/              |          |
|    episodes        | 2568     |
|    fps             | 2132     |
|    time_elapsed    | 3303     |
|    total_timesteps | 7042784  |
| train/             |          |
|    actor_loss      | -0.577   |
|    critic_loss     | 0.000593 |
|    ent_coef        | 0.000206 |
|    ent_coef_loss   | 1.84     |
|    learning_rate   | 0.0003   |
|    n_updates       | 440111   |
---------------------------------
---------------------------------
| rollout/           |          |
|    ep_len_mean     | 3.68e+03 |
|    ep_rew_mean     | 3.09e+03 |
| time/              |          |
|    episodes        | 2572     |
|    fps             | 2132     |
|    time_elapsed    | 3310     |
|    total_timesteps | 7058880  |
| train/             |          |
|    actor_loss      | -0.534   |
|    critic_loss     | 0.000207 |
|    ent_coef        | 0.000184 |
|    ent_coef_loss   | 0.494    |
|    learning_rate   | 0.0003   |
|    n_updates       | 441117   |
---------------------------------
---------------------------------
| rollout/           |          |
|    ep_len_mean     | 3.56e+03 |
|    ep_rew_mean     | 2.92e+03 |
| time/              |          |
|    episodes        | 2576     |
|    fps             | 2132     |
|    time_elapsed    | 3318     |
|    total_timesteps | 7076112  |
| train/             |          |
|    actor_loss      | -0.524   |
|    critic_loss     | 0.00129  |
|    ent_coef        | 0.000192 |
|    ent_coef_loss   | -0.221   |
|    learning_rate   | 0.0003   |
|    n_updates       | 442194   |
---------------------------------
---------------------------------
| rollout/           |          |
|    ep_len_mean     | 3.42e+03 |
|    ep_rew_mean     | 2.93e+03 |
| time/              |          |
|    episodes        | 2580     |
|    fps             | 2132     |
|    time_elapsed    | 3319     |
|    total_timesteps | 7077936  |
| train/             |          |
|    actor_loss      | -0.549   |
|    critic_loss     | 0.000135 |
|    ent_coef        | 0.000194 |
|    ent_coef_loss   | -4.03    |
|    learning_rate   | 0.0003   |
|    n_updates       | 442308   |
---------------------------------
---------------------------------
| rollout/           |          |
|    ep_len_mean     | 3.29e+03 |
|    ep_rew_mean     | 2.91e+03 |
| time/              |          |
|    episodes        | 2584     |
|    fps             | 2132     |
|    time_elapsed    | 3327     |
|    total_timesteps | 7094144  |
| train/             |          |
|    actor_loss      | -0.529   |
|    critic_loss     | 0.000223 |
|    ent_coef        | 0.00018  |
|    ent_coef_loss   | 2.76     |
|    learning_rate   | 0.0003   |
|    n_updates       | 443321   |
---------------------------------
---------------------------------
| rollout/           |          |
|    ep_len_mean     | 3.31e+03 |
|    ep_rew_mean     | 2.87e+03 |
| time/              |          |
|    episodes        | 2588     |
|    fps             | 2132     |
|    time_elapsed    | 3341     |
|    total_timesteps | 7124576  |
| train/             |          |
|    actor_loss      | -0.538   |
|    critic_loss     | 0.000104 |
|    ent_coef        | 0.000203 |
|    ent_coef_loss   | 3.66     |
|    learning_rate   | 0.0003   |
|    n_updates       | 445223   |
---------------------------------
---------------------------------
| rollout/           |          |
|    ep_len_mean     | 3.33e+03 |
|    ep_rew_mean     | 2.69e+03 |
| time/              |          |
|    episodes        | 2592     |
|    fps             | 2132     |
|    time_elapsed    | 3354     |
|    total_timesteps | 7152592  |
| train/             |          |
|    actor_loss      | -0.521   |
|    critic_loss     | 0.000191 |
|    ent_coef        | 0.000175 |
|    ent_coef_loss   | 0.525    |
|    learning_rate   | 0.0003   |
|    n_updates       | 446974   |
---------------------------------
---------------------------------
| rollout/           |          |
|    ep_len_mean     | 3.4e+03  |
|    ep_rew_mean     | 2.82e+03 |
| time/              |          |
|    episodes        | 2596     |
|    fps             | 2132     |
|    time_elapsed    | 3357     |
|    total_timesteps | 7158448  |
| train/             |          |
|    actor_loss      | -0.516   |
|    critic_loss     | 0.00165  |
|    ent_coef        | 0.000176 |
|    ent_coef_loss   | 1.74     |
|    learning_rate   | 0.0003   |
|    n_updates       | 447340   |
---------------------------------
---------------------------------
| rollout/           |          |
|    ep_len_mean     | 3.2e+03  |
|    ep_rew_mean     | 2.79e+03 |
| time/              |          |
|    episodes        | 2600     |
|    fps             | 2132     |
|    time_elapsed    | 3357     |
|    total_timesteps | 7160016  |
| train/             |          |
|    actor_loss      | -0.521   |
|    critic_loss     | 0.000173 |
|    ent_coef        | 0.000185 |
|    ent_coef_loss   | 0.828    |
|    learning_rate   | 0.0003   |
|    n_updates       | 447438   |
---------------------------------
---------------------------------
| rollout/           |          |
|    ep_len_mean     | 3.2e+03  |
|    ep_rew_mean     | 2.88e+03 |
| time/              |          |
|    episodes        | 2604     |
|    fps             | 2132     |
|    time_elapsed    | 3373     |
|    total_timesteps | 7193888  |
| train/             |          |
|    actor_loss      | -0.52    |
|    critic_loss     | 9.97e-05 |
|    ent_coef        | 0.000196 |
|    ent_coef_loss   | -5.09    |
|    learning_rate   | 0.0003   |
|    n_updates       | 449555   |
---------------------------------
---------------------------------
| rollout/           |          |
|    ep_len_mean     | 3.27e+03 |
|    ep_rew_mean     | 2.9e+03  |
| time/              |          |
|    episodes        | 2608     |
|    fps             | 2132     |
|    time_elapsed    | 3379     |
|    total_timesteps | 7206368  |
| train/             |          |
|    actor_loss      | -0.435   |
|    critic_loss     | 0.000194 |
|    ent_coef        | 0.000194 |
|    ent_coef_loss   | 2.43     |
|    learning_rate   | 0.0003   |
|    n_updates       | 450335   |
---------------------------------
---------------------------------
| rollout/           |          |
|    ep_len_mean     | 3.44e+03 |
|    ep_rew_mean     | 2.9e+03  |
| time/              |          |
|    episodes        | 2612     |
|    fps             | 2132     |
|    time_elapsed    | 3388     |
|    total_timesteps | 7224592  |
| train/             |          |
|    actor_loss      | -0.512   |
|    critic_loss     | 9.17e-05 |
|    ent_coef        | 0.000213 |
|    ent_coef_loss   | -4.14    |
|    learning_rate   | 0.0003   |
|    n_updates       | 451474   |
---------------------------------
---------------------------------
| rollout/           |          |
|    ep_len_mean     | 3.52e+03 |
|    ep_rew_mean     | 2.94e+03 |
| time/              |          |
|    episodes        | 2616     |
|    fps             | 2132     |
|    time_elapsed    | 3401     |
|    total_timesteps | 7252096  |
| train/             |          |
|    actor_loss      | -0.442   |
|    critic_loss     | 0.0002   |
|    ent_coef        | 0.000174 |
|    ent_coef_loss   | 3.69     |
|    learning_rate   | 0.0003   |
|    n_updates       | 453193   |
---------------------------------
---------------------------------
| rollout/           |          |
|    ep_len_mean     | 3.57e+03 |
|    ep_rew_mean     | 2.72e+03 |
| time/              |          |
|    episodes        | 2620     |
|    fps             | 2132     |
|    time_elapsed    | 3412     |
|    total_timesteps | 7275264  |
| train/             |          |
|    actor_loss      | -0.467   |
|    critic_loss     | 0.000224 |
|    ent_coef        | 0.000209 |
|    ent_coef_loss   | -1.07    |
|    learning_rate   | 0.0003   |
|    n_updates       | 454641   |
---------------------------------
---------------------------------
| rollout/           |          |
|    ep_len_mean     | 3.67e+03 |
|    ep_rew_mean     | 2.95e+03 |
| time/              |          |
|    episodes        | 2624     |
|    fps             | 2132     |
|    time_elapsed    | 3419     |
|    total_timesteps | 7291184  |
| train/             |          |
|    actor_loss      | -0.451   |
|    critic_loss     | 0.000111 |
|    ent_coef        | 0.000182 |
|    ent_coef_loss   | -0.831   |
|    learning_rate   | 0.0003   |
|    n_updates       | 455636   |
---------------------------------
---------------------------------
| rollout/           |          |
|    ep_len_mean     | 3.83e+03 |
|    ep_rew_mean     | 3.14e+03 |
| time/              |          |
|    episodes        | 2628     |
|    fps             | 2132     |
|    time_elapsed    | 3426     |
|    total_timesteps | 7304768  |
| train/             |          |
|    actor_loss      | -0.557   |
|    critic_loss     | 0.000326 |
|    ent_coef        | 0.000175 |
|    ent_coef_loss   | 0.565    |
|    learning_rate   | 0.0003   |
|    n_updates       | 456485   |
---------------------------------
---------------------------------
| rollout/           |          |
|    ep_len_mean     | 3.77e+03 |
|    ep_rew_mean     | 3.13e+03 |
| time/              |          |
|    episodes        | 2632     |
|    fps             | 2131     |
|    time_elapsed    | 3433     |
|    total_timesteps | 7320336  |
| train/             |          |
|    actor_loss      | -0.454   |
|    critic_loss     | 0.000841 |
|    ent_coef        | 0.000183 |
|    ent_coef_loss   | -3.71    |
|    learning_rate   | 0.0003   |
|    n_updates       | 457458   |
---------------------------------
---------------------------------
| rollout/           |          |
|    ep_len_mean     | 3.76e+03 |
|    ep_rew_mean     | 3.05e+03 |
| time/              |          |
|    episodes        | 2636     |
|    fps             | 2131     |
|    time_elapsed    | 3436     |
|    total_timesteps | 7325952  |
| train/             |          |
|    actor_loss      | -0.515   |
|    critic_loss     | 8.64e-05 |
|    ent_coef        | 0.000176 |
|    ent_coef_loss   | -2.92    |
|    learning_rate   | 0.0003   |
|    n_updates       | 457809   |
---------------------------------
---------------------------------
| rollout/           |          |
|    ep_len_mean     | 3.91e+03 |
|    ep_rew_mean     | 3.29e+03 |
| time/              |          |
|    episodes        | 2640     |
|    fps             | 2131     |
|    time_elapsed    | 3441     |
|    total_timesteps | 7337712  |
| train/             |          |
|    actor_loss      | -0.462   |
|    critic_loss     | 0.000185 |
|    ent_coef        | 0.000175 |
|    ent_coef_loss   | 1.38     |
|    learning_rate   | 0.0003   |
|    n_updates       | 458544   |
---------------------------------
---------------------------------
| rollout/           |          |
|    ep_len_mean     | 3.79e+03 |
|    ep_rew_mean     | 3.32e+03 |
| time/              |          |
|    episodes        | 2644     |
|    fps             | 2131     |
|    time_elapsed    | 3445     |
|    total_timesteps | 7345008  |
| train/             |          |
|    actor_loss      | -0.458   |
|    critic_loss     | 0.000151 |
|    ent_coef        | 0.000188 |
|    ent_coef_loss   | -2.64    |
|    learning_rate   | 0.0003   |
|    n_updates       | 459000   |
---------------------------------
---------------------------------
| rollout/           |          |
|    ep_len_mean     | 3.62e+03 |
|    ep_rew_mean     | 3.25e+03 |
| time/              |          |
|    episodes        | 2648     |
|    fps             | 2131     |
|    time_elapsed    | 3446     |
|    total_timesteps | 7348576  |
| train/             |          |
|    actor_loss      | -0.434   |
|    critic_loss     | 0.0114   |
|    ent_coef        | 0.000178 |
|    ent_coef_loss   | -0.249   |
|    learning_rate   | 0.0003   |
|    n_updates       | 459223   |
---------------------------------
---------------------------------
| rollout/           |          |
|    ep_len_mean     | 3.5e+03  |
|    ep_rew_mean     | 3.5e+03  |
| time/              |          |
|    episodes        | 2652     |
|    fps             | 2131     |
|    time_elapsed    | 3457     |
|    total_timesteps | 7371728  |
| train/             |          |
|    actor_loss      | -0.481   |
|    critic_loss     | 0.000434 |
|    ent_coef        | 0.00017  |
|    ent_coef_loss   | 3.22     |
|    learning_rate   | 0.0003   |
|    n_updates       | 460670   |
---------------------------------
---------------------------------
| rollout/           |          |
|    ep_len_mean     | 3.72e+03 |
|    ep_rew_mean     | 3.72e+03 |
| time/              |          |
|    episodes        | 2656     |
|    fps             | 2131     |
|    time_elapsed    | 3478     |
|    total_timesteps | 7415616  |
| train/             |          |
|    actor_loss      | -0.443   |
|    critic_loss     | 0.17     |
|    ent_coef        | 0.000171 |
|    ent_coef_loss   | 0.954    |
|    learning_rate   | 0.0003   |
|    n_updates       | 463413   |
---------------------------------
---------------------------------
| rollout/           |          |
|    ep_len_mean     | 3.87e+03 |
|    ep_rew_mean     | 3.73e+03 |
| time/              |          |
|    episodes        | 2660     |
|    fps             | 2131     |
|    time_elapsed    | 3500     |
|    total_timesteps | 7463136  |
| train/             |          |
|    actor_loss      | -0.475   |
|    critic_loss     | 0.000272 |
|    ent_coef        | 0.000177 |
|    ent_coef_loss   | 0.00413  |
|    learning_rate   | 0.0003   |
|    n_updates       | 466383   |
---------------------------------
---------------------------------
| rollout/           |          |
|    ep_len_mean     | 4.11e+03 |
|    ep_rew_mean     | 3.79e+03 |
| time/              |          |
|    episodes        | 2664     |
|    fps             | 2131     |
|    time_elapsed    | 3507     |
|    total_timesteps | 7476256  |
| train/             |          |
|    actor_loss      | -0.586   |
|    critic_loss     | 0.000368 |
|    ent_coef        | 0.000176 |
|    ent_coef_loss   | 2.17     |
|    learning_rate   | 0.0003   |
|    n_updates       | 467203   |
---------------------------------
---------------------------------
| rollout/           |          |
|    ep_len_mean     | 4.42e+03 |
|    ep_rew_mean     | 3.77e+03 |
| time/              |          |
|    episodes        | 2668     |
|    fps             | 2131     |
|    time_elapsed    | 3515     |
|    total_timesteps | 7494128  |
| train/             |          |
|    actor_loss      | -0.46    |
|    critic_loss     | 0.00119  |
|    ent_coef        | 0.000204 |
|    ent_coef_loss   | -1.94    |
|    learning_rate   | 0.0003   |
|    n_updates       | 468320   |
---------------------------------
---------------------------------
| rollout/           |          |
|    ep_len_mean     | 4.54e+03 |
|    ep_rew_mean     | 3.64e+03 |
| time/              |          |
|    episodes        | 2672     |
|    fps             | 2131     |
|    time_elapsed    | 3535     |
|    total_timesteps | 7534912  |
| train/             |          |
|    actor_loss      | -0.567   |
|    critic_loss     | 0.000107 |
|    ent_coef        | 0.00019  |
|    ent_coef_loss   | -3.59    |
|    learning_rate   | 0.0003   |
|    n_updates       | 470869   |
---------------------------------
---------------------------------
| rollout/           |          |
|    ep_len_mean     | 4.61e+03 |
|    ep_rew_mean     | 3.68e+03 |
| time/              |          |
|    episodes        | 2676     |
|    fps             | 2131     |
|    time_elapsed    | 3564     |
|    total_timesteps | 7598144  |
| train/             |          |
|    actor_loss      | -0.501   |
|    critic_loss     | 0.000605 |
|    ent_coef        | 0.000188 |
|    ent_coef_loss   | 4.26     |
|    learning_rate   | 0.0003   |
|    n_updates       | 474821   |
---------------------------------
---------------------------------
| rollout/           |          |
|    ep_len_mean     | 4.85e+03 |
|    ep_rew_mean     | 3.69e+03 |
| time/              |          |
|    episodes        | 2680     |
|    fps             | 2131     |
|    time_elapsed    | 3570     |
|    total_timesteps | 7610320  |
| train/             |          |
|    actor_loss      | -0.465   |
|    critic_loss     | 0.000395 |
|    ent_coef        | 0.000183 |
|    ent_coef_loss   | -3.2     |
|    learning_rate   | 0.0003   |
|    n_updates       | 475582   |
---------------------------------
---------------------------------
| rollout/           |          |
|    ep_len_mean     | 5.1e+03  |
|    ep_rew_mean     | 3.69e+03 |
| time/              |          |
|    episodes        | 2684     |
|    fps             | 2131     |
|    time_elapsed    | 3576     |
|    total_timesteps | 7623728  |
| train/             |          |
|    actor_loss      | -0.458   |
|    critic_loss     | 0.00257  |
|    ent_coef        | 0.000172 |
|    ent_coef_loss   | 0.573    |
|    learning_rate   | 0.0003   |
|    n_updates       | 476420   |
---------------------------------
---------------------------------
| rollout/           |          |
|    ep_len_mean     | 5.14e+03 |
|    ep_rew_mean     | 3.59e+03 |
| time/              |          |
|    episodes        | 2688     |
|    fps             | 2131     |
|    time_elapsed    | 3584     |
|    total_timesteps | 7639264  |
| train/             |          |
|    actor_loss      | -0.562   |
|    critic_loss     | 0.00016  |
|    ent_coef        | 0.000183 |
|    ent_coef_loss   | -3.29    |
|    learning_rate   | 0.0003   |
|    n_updates       | 477391   |
---------------------------------
---------------------------------
| rollout/           |          |
|    ep_len_mean     | 5.04e+03 |
|    ep_rew_mean     | 3.64e+03 |
| time/              |          |
|    episodes        | 2692     |
|    fps             | 2131     |
|    time_elapsed    | 3585     |
|    total_timesteps | 7642528  |
| train/             |          |
|    actor_loss      | -0.464   |
|    critic_loss     | 0.000257 |
|    ent_coef        | 0.000183 |
|    ent_coef_loss   | 9.19     |
|    learning_rate   | 0.0003   |
|    n_updates       | 477595   |
---------------------------------
---------------------------------
| rollout/           |          |
|    ep_len_mean     | 4.93e+03 |
|    ep_rew_mean     | 3.48e+03 |
| time/              |          |
|    episodes        | 2696     |
|    fps             | 2131     |
|    time_elapsed    | 3587     |
|    total_timesteps | 7647088  |
| train/             |          |
|    actor_loss      | -0.522   |
|    critic_loss     | 0.000168 |
|    ent_coef        | 0.000181 |
|    ent_coef_loss   | 0.39     |
|    learning_rate   | 0.0003   |
|    n_updates       | 477880   |
---------------------------------
---------------------------------
| rollout/           |          |
|    ep_len_mean     | 5.14e+03 |
|    ep_rew_mean     | 3.49e+03 |
| time/              |          |
|    episodes        | 2700     |
|    fps             | 2131     |
|    time_elapsed    | 3590     |
|    total_timesteps | 7651984  |
| train/             |          |
|    actor_loss      | -0.531   |
|    critic_loss     | 0.000379 |
|    ent_coef        | 0.000183 |
|    ent_coef_loss   | -1.93    |
|    learning_rate   | 0.0003   |
|    n_updates       | 478186   |
---------------------------------
---------------------------------
| rollout/           |          |
|    ep_len_mean     | 5.06e+03 |
|    ep_rew_mean     | 3.43e+03 |
| time/              |          |
|    episodes        | 2704     |
|    fps             | 2131     |
|    time_elapsed    | 3595     |
|    total_timesteps | 7663696  |
| train/             |          |
|    actor_loss      | -0.497   |
|    critic_loss     | 0.000286 |
|    ent_coef        | 0.000206 |
|    ent_coef_loss   | -2.26    |
|    learning_rate   | 0.0003   |
|    n_updates       | 478918   |
---------------------------------
---------------------------------
| rollout/           |          |
|    ep_len_mean     | 5.01e+03 |
|    ep_rew_mean     | 3.5e+03  |
| time/              |          |
|    episodes        | 2708     |
|    fps             | 2131     |
|    time_elapsed    | 3600     |
|    total_timesteps | 7673968  |
| train/             |          |
|    actor_loss      | -0.525   |
|    critic_loss     | 0.000405 |
|    ent_coef        | 0.000192 |
|    ent_coef_loss   | -2.07    |
|    learning_rate   | 0.0003   |
|    n_updates       | 479560   |
---------------------------------
---------------------------------
| rollout/           |          |
|    ep_len_mean     | 4.86e+03 |
|    ep_rew_mean     | 3.56e+03 |
| time/              |          |
|    episodes        | 2712     |
|    fps             | 2131     |
|    time_elapsed    | 3613     |
|    total_timesteps | 7701856  |
| train/             |          |
|    actor_loss      | -0.6     |
|    critic_loss     | 0.0001   |
|    ent_coef        | 0.000171 |
|    ent_coef_loss   | -3.72    |
|    learning_rate   | 0.0003   |
|    n_updates       | 481303   |
---------------------------------
---------------------------------
| rollout/           |          |
|    ep_len_mean     | 4.7e+03  |
|    ep_rew_mean     | 3.4e+03  |
| time/              |          |
|    episodes        | 2716     |
|    fps             | 2131     |
|    time_elapsed    | 3618     |
|    total_timesteps | 7713376  |
| train/             |          |
|    actor_loss      | -0.491   |
|    critic_loss     | 0.00759  |
|    ent_coef        | 0.000161 |
|    ent_coef_loss   | 1.38     |
|    learning_rate   | 0.0003   |
|    n_updates       | 482023   |
---------------------------------
---------------------------------
| rollout/           |          |
|    ep_len_mean     | 4.53e+03 |
|    ep_rew_mean     | 3.33e+03 |
| time/              |          |
|    episodes        | 2720     |
|    fps             | 2131     |
|    time_elapsed    | 3624     |
|    total_timesteps | 7724736  |
| train/             |          |
|    actor_loss      | -0.518   |
|    critic_loss     | 0.000597 |
|    ent_coef        | 0.00018  |
|    ent_coef_loss   | -2.44    |
|    learning_rate   | 0.0003   |
|    n_updates       | 482733   |
---------------------------------
---------------------------------
| rollout/           |          |
|    ep_len_mean     | 4.46e+03 |
|    ep_rew_mean     | 3.21e+03 |
| time/              |          |
|    episodes        | 2724     |
|    fps             | 2131     |
|    time_elapsed    | 3626     |
|    total_timesteps | 7729792  |
| train/             |          |
|    actor_loss      | -0.493   |
|    critic_loss     | 0.00014  |
|    ent_coef        | 0.000175 |
|    ent_coef_loss   | 0.56     |
|    learning_rate   | 0.0003   |
|    n_updates       | 483049   |
---------------------------------
---------------------------------
| rollout/           |          |
|    ep_len_mean     | 4.31e+03 |
|    ep_rew_mean     | 3.18e+03 |
| time/              |          |
|    episodes        | 2728     |
|    fps             | 2131     |
|    time_elapsed    | 3630     |
|    total_timesteps | 7738304  |
| train/             |          |
|    actor_loss      | -0.474   |
|    critic_loss     | 0.000391 |
|    ent_coef        | 0.000181 |
|    ent_coef_loss   | -3.23    |
|    learning_rate   | 0.0003   |
|    n_updates       | 483581   |
---------------------------------
---------------------------------
| rollout/           |          |
|    ep_len_mean     | 4.26e+03 |
|    ep_rew_mean     | 3.19e+03 |
| time/              |          |
|    episodes        | 2732     |
|    fps             | 2131     |
|    time_elapsed    | 3635     |
|    total_timesteps | 7747168  |
| train/             |          |
|    actor_loss      | -0.449   |
|    critic_loss     | 0.000151 |
|    ent_coef        | 0.000193 |
|    ent_coef_loss   | 3.97     |
|    learning_rate   | 0.0003   |
|    n_updates       | 484135   |
---------------------------------
---------------------------------
| rollout/           |          |
|    ep_len_mean     | 4.27e+03 |
|    ep_rew_mean     | 3.16e+03 |
| time/              |          |
|    episodes        | 2736     |
|    fps             | 2131     |
|    time_elapsed    | 3641     |
|    total_timesteps | 7761184  |
| train/             |          |
|    actor_loss      | -0.478   |
|    critic_loss     | 0.000238 |
|    ent_coef        | 0.000184 |
|    ent_coef_loss   | -2.89    |
|    learning_rate   | 0.0003   |
|    n_updates       | 485011   |
---------------------------------
---------------------------------
| rollout/           |          |
|    ep_len_mean     | 4.17e+03 |
|    ep_rew_mean     | 2.92e+03 |
| time/              |          |
|    episodes        | 2740     |
|    fps             | 2131     |
|    time_elapsed    | 3647     |
|    total_timesteps | 7772864  |
| train/             |          |
|    actor_loss      | -0.494   |
|    critic_loss     | 0.000197 |
|    ent_coef        | 0.000199 |
|    ent_coef_loss   | 2.95     |
|    learning_rate   | 0.0003   |
|    n_updates       | 485741   |
---------------------------------
---------------------------------
| rollout/           |          |
|    ep_len_mean     | 4.24e+03 |
|    ep_rew_mean     | 2.94e+03 |
| time/              |          |
|    episodes        | 2744     |
|    fps             | 2131     |
|    time_elapsed    | 3654     |
|    total_timesteps | 7787056  |
| train/             |          |
|    actor_loss      | -0.488   |
|    critic_loss     | 0.000268 |
|    ent_coef        | 0.000184 |
|    ent_coef_loss   | -2.99    |
|    learning_rate   | 0.0003   |
|    n_updates       | 486628   |
---------------------------------
---------------------------------
| rollout/           |          |
|    ep_len_mean     | 4.41e+03 |
|    ep_rew_mean     | 3.11e+03 |
| time/              |          |
|    episodes        | 2748     |
|    fps             | 2131     |
|    time_elapsed    | 3657     |
|    total_timesteps | 7793872  |
| train/             |          |
|    actor_loss      | -0.473   |
|    critic_loss     | 0.000172 |
|    ent_coef        | 0.000182 |
|    ent_coef_loss   | 2.64     |
|    learning_rate   | 0.0003   |
|    n_updates       | 487054   |
---------------------------------
---------------------------------
| rollout/           |          |
|    ep_len_mean     | 4.48e+03 |
|    ep_rew_mean     | 3.08e+03 |
| time/              |          |
|    episodes        | 2752     |
|    fps             | 2131     |
|    time_elapsed    | 3671     |
|    total_timesteps | 7824912  |
| train/             |          |
|    actor_loss      | -0.509   |
|    critic_loss     | 0.000259 |
|    ent_coef        | 0.000181 |
|    ent_coef_loss   | 3.86     |
|    learning_rate   | 0.0003   |
|    n_updates       | 488994   |
---------------------------------
---------------------------------
| rollout/           |          |
|    ep_len_mean     | 4.4e+03  |
|    ep_rew_mean     | 3.08e+03 |
| time/              |          |
|    episodes        | 2756     |
|    fps             | 2131     |
|    time_elapsed    | 3676     |
|    total_timesteps | 7835952  |
| train/             |          |
|    actor_loss      | -0.507   |
|    critic_loss     | 0.0255   |
|    ent_coef        | 0.000188 |
|    ent_coef_loss   | -3.61    |
|    learning_rate   | 0.0003   |
|    n_updates       | 489684   |
---------------------------------
---------------------------------
| rollout/           |          |
|    ep_len_mean     | 4.25e+03 |
|    ep_rew_mean     | 3e+03    |
| time/              |          |
|    episodes        | 2760     |
|    fps             | 2131     |
|    time_elapsed    | 3682     |
|    total_timesteps | 7846736  |
| train/             |          |
|    actor_loss      | -0.45    |
|    critic_loss     | 0.00048  |
|    ent_coef        | 0.00019  |
|    ent_coef_loss   | -2.98    |
|    learning_rate   | 0.0003   |
|    n_updates       | 490358   |
---------------------------------
---------------------------------
| rollout/           |          |
|    ep_len_mean     | 4.04e+03 |
|    ep_rew_mean     | 2.94e+03 |
| time/              |          |
|    episodes        | 2764     |
|    fps             | 2131     |
|    time_elapsed    | 3683     |
|    total_timesteps | 7849680  |
| train/             |          |
|    actor_loss      | -0.511   |
|    critic_loss     | 0.00295  |
|    ent_coef        | 0.000188 |
|    ent_coef_loss   | -0.709   |
|    learning_rate   | 0.0003   |
|    n_updates       | 490542   |
---------------------------------
---------------------------------
| rollout/           |          |
|    ep_len_mean     | 3.83e+03 |
|    ep_rew_mean     | 3.11e+03 |
| time/              |          |
|    episodes        | 2768     |
|    fps             | 2131     |
|    time_elapsed    | 3685     |
|    total_timesteps | 7853184  |
| train/             |          |
|    actor_loss      | -0.558   |
|    critic_loss     | 0.000155 |
|    ent_coef        | 0.000193 |
|    ent_coef_loss   | 2.54     |
|    learning_rate   | 0.0003   |
|    n_updates       | 490761   |
---------------------------------
---------------------------------
| rollout/           |          |
|    ep_len_mean     | 3.63e+03 |
|    ep_rew_mean     | 3.21e+03 |
| time/              |          |
|    episodes        | 2772     |
|    fps             | 2130     |
|    time_elapsed    | 3686     |
|    total_timesteps | 7855648  |
| train/             |          |
|    actor_loss      | -0.501   |
|    critic_loss     | 0.000119 |
|    ent_coef        | 0.000205 |
|    ent_coef_loss   | 2.46     |
|    learning_rate   | 0.0003   |
|    n_updates       | 490915   |
---------------------------------
---------------------------------
| rollout/           |          |
|    ep_len_mean     | 3.43e+03 |
|    ep_rew_mean     | 3.05e+03 |
| time/              |          |
|    episodes        | 2776     |
|    fps             | 2130     |
|    time_elapsed    | 3688     |
|    total_timesteps | 7859952  |
| train/             |          |
|    actor_loss      | -0.449   |
|    critic_loss     | 0.00029  |
|    ent_coef        | 0.000225 |
|    ent_coef_loss   | 2.85     |
|    learning_rate   | 0.0003   |
|    n_updates       | 491184   |
---------------------------------
---------------------------------
| rollout/           |          |
|    ep_len_mean     | 3.13e+03 |
|    ep_rew_mean     | 2.83e+03 |
| time/              |          |
|    episodes        | 2780     |
|    fps             | 2130     |
|    time_elapsed    | 3691     |
|    total_timesteps | 7865552  |
| train/             |          |
|    actor_loss      | -0.529   |
|    critic_loss     | 0.000489 |
|    ent_coef        | 0.000234 |
|    ent_coef_loss   | 0.239    |
|    learning_rate   | 0.0003   |
|    n_updates       | 491534   |
---------------------------------
---------------------------------
| rollout/           |          |
|    ep_len_mean     | 2.86e+03 |
|    ep_rew_mean     | 2.75e+03 |
| time/              |          |
|    episodes        | 2784     |
|    fps             | 2130     |
|    time_elapsed    | 3693     |
|    total_timesteps | 7869824  |
| train/             |          |
|    actor_loss      | -0.547   |
|    critic_loss     | 0.000198 |
|    ent_coef        | 0.000233 |
|    ent_coef_loss   | 0.985    |
|    learning_rate   | 0.0003   |
|    n_updates       | 491801   |
---------------------------------
---------------------------------
| rollout/           |          |
|    ep_len_mean     | 2.62e+03 |
|    ep_rew_mean     | 2.72e+03 |
| time/              |          |
|    episodes        | 2788     |
|    fps             | 2130     |
|    time_elapsed    | 3696     |
|    total_timesteps | 7878096  |
| train/             |          |
|    actor_loss      | -0.505   |
|    critic_loss     | 0.000656 |
|    ent_coef        | 0.000233 |
|    ent_coef_loss   | 5.7      |
|    learning_rate   | 0.0003   |
|    n_updates       | 492318   |
---------------------------------
---------------------------------
| rollout/           |          |
|    ep_len_mean     | 2.58e+03 |
|    ep_rew_mean     | 2.68e+03 |
| time/              |          |
|    episodes        | 2792     |
|    fps             | 2130     |
|    time_elapsed    | 3697     |
|    total_timesteps | 7879920  |
| train/             |          |
|    actor_loss      | -0.529   |
|    critic_loss     | 0.000473 |
|    ent_coef        | 0.00024  |
|    ent_coef_loss   | 1.63     |
|    learning_rate   | 0.0003   |
|    n_updates       | 492432   |
---------------------------------
---------------------------------
| rollout/           |          |
|    ep_len_mean     | 2.64e+03 |
|    ep_rew_mean     | 2.75e+03 |
| time/              |          |
|    episodes        | 2796     |
|    fps             | 2130     |
|    time_elapsed    | 3699     |
|    total_timesteps | 7883904  |
| train/             |          |
|    actor_loss      | -0.533   |
|    critic_loss     | 0.000182 |
|    ent_coef        | 0.000237 |
|    ent_coef_loss   | -0.431   |
|    learning_rate   | 0.0003   |
|    n_updates       | 492681   |
---------------------------------
---------------------------------
| rollout/           |          |
|    ep_len_mean     | 2.42e+03 |
|    ep_rew_mean     | 2.74e+03 |
| time/              |          |
|    episodes        | 2800     |
|    fps             | 2131     |
|    time_elapsed    | 3705     |
|    total_timesteps | 7896528  |
| train/             |          |
|    actor_loss      | -0.488   |
|    critic_loss     | 0.000315 |
|    ent_coef        | 0.00022  |
|    ent_coef_loss   | -2.07    |
|    learning_rate   | 0.0003   |
|    n_updates       | 493470   |
---------------------------------
---------------------------------
| rollout/           |          |
|    ep_len_mean     | 2.39e+03 |
|    ep_rew_mean     | 2.65e+03 |
| time/              |          |
|    episodes        | 2804     |
|    fps             | 2131     |
|    time_elapsed    | 3713     |
|    total_timesteps | 7913040  |
| train/             |          |
|    actor_loss      | -0.54    |
|    critic_loss     | 0.000198 |
|    ent_coef        | 0.000212 |
|    ent_coef_loss   | -2.69    |
|    learning_rate   | 0.0003   |
|    n_updates       | 494502   |
---------------------------------
---------------------------------
| rollout/           |          |
|    ep_len_mean     | 2.32e+03 |
|    ep_rew_mean     | 2.51e+03 |
| time/              |          |
|    episodes        | 2808     |
|    fps             | 2131     |
|    time_elapsed    | 3717     |
|    total_timesteps | 7922256  |
| train/             |          |
|    actor_loss      | -0.57    |
|    critic_loss     | 0.00813  |
|    ent_coef        | 0.000207 |
|    ent_coef_loss   | 0.679    |
|    learning_rate   | 0.0003   |
|    n_updates       | 495078   |
---------------------------------
---------------------------------
| rollout/           |          |
|    ep_len_mean     | 2.23e+03 |
|    ep_rew_mean     | 2.37e+03 |
| time/              |          |
|    episodes        | 2812     |
|    fps             | 2131     |
|    time_elapsed    | 3721     |
|    total_timesteps | 7931600  |
| train/             |          |
|    actor_loss      | -0.508   |
|    critic_loss     | 0.000381 |
|    ent_coef        | 0.000233 |
|    ent_coef_loss   | 1.16     |
|    learning_rate   | 0.0003   |
|    n_updates       | 495662   |
---------------------------------
---------------------------------
| rollout/           |          |
|    ep_len_mean     | 2.24e+03 |
|    ep_rew_mean     | 2.45e+03 |
| time/              |          |
|    episodes        | 2816     |
|    fps             | 2131     |
|    time_elapsed    | 3725     |
|    total_timesteps | 7939152  |
| train/             |          |
|    actor_loss      | -0.599   |
|    critic_loss     | 0.00459  |
|    ent_coef        | 0.000227 |
|    ent_coef_loss   | -1.03    |
|    learning_rate   | 0.0003   |
|    n_updates       | 496134   |
---------------------------------
---------------------------------
| rollout/           |          |
|    ep_len_mean     | 2.28e+03 |
|    ep_rew_mean     | 2.55e+03 |
| time/              |          |
|    episodes        | 2820     |
|    fps             | 2131     |
|    time_elapsed    | 3726     |
|    total_timesteps | 7940192  |
| train/             |          |
|    actor_loss      | -0.531   |
|    critic_loss     | 0.00034  |
|    ent_coef        | 0.000228 |
|    ent_coef_loss   | 6.02     |
|    learning_rate   | 0.0003   |
|    n_updates       | 496199   |
---------------------------------
---------------------------------
| rollout/           |          |
|    ep_len_mean     | 2.27e+03 |
|    ep_rew_mean     | 2.49e+03 |
| time/              |          |
|    episodes        | 2824     |
|    fps             | 2130     |
|    time_elapsed    | 3730     |
|    total_timesteps | 7948656  |
| train/             |          |
|    actor_loss      | -0.503   |
|    critic_loss     | 0.000184 |
|    ent_coef        | 0.000225 |
|    ent_coef_loss   | 3.53     |
|    learning_rate   | 0.0003   |
|    n_updates       | 496728   |
---------------------------------
---------------------------------
| rollout/           |          |
|    ep_len_mean     | 2.23e+03 |
|    ep_rew_mean     | 2.45e+03 |
| time/              |          |
|    episodes        | 2828     |
|    fps             | 2130     |
|    time_elapsed    | 3732     |
|    total_timesteps | 7954336  |
| train/             |          |
|    actor_loss      | -0.492   |
|    critic_loss     | 0.000268 |
|    ent_coef        | 0.000229 |
|    ent_coef_loss   | -2.14    |
|    learning_rate   | 0.0003   |
|    n_updates       | 497083   |
---------------------------------
---------------------------------
| rollout/           |          |
|    ep_len_mean     | 2.21e+03 |
|    ep_rew_mean     | 2.37e+03 |
| time/              |          |
|    episodes        | 2832     |
|    fps             | 2130     |
|    time_elapsed    | 3737     |
|    total_timesteps | 7964512  |
| train/             |          |
|    actor_loss      | -0.549   |
|    critic_loss     | 0.000774 |
|    ent_coef        | 0.000222 |
|    ent_coef_loss   | 0.232    |
|    learning_rate   | 0.0003   |
|    n_updates       | 497719   |
---------------------------------
---------------------------------
| rollout/           |          |
|    ep_len_mean     | 2.15e+03 |
|    ep_rew_mean     | 2.35e+03 |
| time/              |          |
|    episodes        | 2836     |
|    fps             | 2130     |
|    time_elapsed    | 3742     |
|    total_timesteps | 7974656  |
| train/             |          |
|    actor_loss      | -0.523   |
|    critic_loss     | 0.000633 |
|    ent_coef        | 0.00021  |
|    ent_coef_loss   | 2.39     |
|    learning_rate   | 0.0003   |
|    n_updates       | 498353   |
---------------------------------
---------------------------------
| rollout/           |          |
|    ep_len_mean     | 2.1e+03  |
|    ep_rew_mean     | 2.35e+03 |
| time/              |          |
|    episodes        | 2840     |
|    fps             | 2130     |
|    time_elapsed    | 3743     |
|    total_timesteps | 7976080  |
| train/             |          |
|    actor_loss      | -0.476   |
|    critic_loss     | 0.000143 |
|    ent_coef        | 0.000209 |
|    ent_coef_loss   | -4.03    |
|    learning_rate   | 0.0003   |
|    n_updates       | 498442   |
---------------------------------
---------------------------------
| rollout/           |          |
|    ep_len_mean     | 2.07e+03 |
|    ep_rew_mean     | 2.43e+03 |
| time/              |          |
|    episodes        | 2844     |
|    fps             | 2130     |
|    time_elapsed    | 3745     |
|    total_timesteps | 7980608  |
| train/             |          |
|    actor_loss      | -0.519   |
|    critic_loss     | 0.000691 |
|    ent_coef        | 0.000209 |
|    ent_coef_loss   | 0.48     |
|    learning_rate   | 0.0003   |
|    n_updates       | 498725   |
---------------------------------
---------------------------------
| rollout/           |          |
|    ep_len_mean     | 1.92e+03 |
|    ep_rew_mean     | 2.3e+03  |
| time/              |          |
|    episodes        | 2848     |
|    fps             | 2130     |
|    time_elapsed    | 3747     |
|    total_timesteps | 7984176  |
| train/             |          |
|    actor_loss      | -0.537   |
|    critic_loss     | 0.000173 |
|    ent_coef        | 0.000214 |
|    ent_coef_loss   | 1.89     |
|    learning_rate   | 0.0003   |
|    n_updates       | 498948   |
---------------------------------
---------------------------------
| rollout/           |          |
|    ep_len_mean     | 1.74e+03 |
|    ep_rew_mean     | 2.13e+03 |
| time/              |          |
|    episodes        | 2852     |
|    fps             | 2130     |
|    time_elapsed    | 3752     |
|    total_timesteps | 7995392  |
| train/             |          |
|    actor_loss      | -0.588   |
|    critic_loss     | 0.00694  |
|    ent_coef        | 0.000218 |
|    ent_coef_loss   | -1.75    |
|    learning_rate   | 0.0003   |
|    n_updates       | 499649   |
---------------------------------
---------------------------------
| rollout/           |          |
|    ep_len_mean     | 1.62e+03 |
|    ep_rew_mean     | 1.99e+03 |
| time/              |          |
|    episodes        | 2856     |
|    fps             | 2130     |
|    time_elapsed    | 3756     |
|    total_timesteps | 8004592  |
| train/             |          |
|    actor_loss      | -0.679   |
|    critic_loss     | 0.000237 |
|    ent_coef        | 0.000231 |
|    ent_coef_loss   | 1.87     |
|    learning_rate   | 0.0003   |
|    n_updates       | 500224   |
---------------------------------
---------------------------------
| rollout/           |          |
|    ep_len_mean     | 1.64e+03 |
|    ep_rew_mean     | 2.08e+03 |
| time/              |          |
|    episodes        | 2860     |
|    fps             | 2130     |
|    time_elapsed    | 3759     |
|    total_timesteps | 8011744  |
| train/             |          |
|    actor_loss      | -0.556   |
|    critic_loss     | 0.243    |
|    ent_coef        | 0.000242 |
|    ent_coef_loss   | 0.358    |
|    learning_rate   | 0.0003   |
|    n_updates       | 500671   |
---------------------------------
---------------------------------
| rollout/           |          |
|    ep_len_mean     | 1.62e+03 |
|    ep_rew_mean     | 2.04e+03 |
| time/              |          |
|    episodes        | 2864     |
|    fps             | 2130     |
|    time_elapsed    | 3764     |
|    total_timesteps | 8022448  |
| train/             |          |
|    actor_loss      | -0.604   |
|    critic_loss     | 0.000145 |
|    ent_coef        | 0.000214 |
|    ent_coef_loss   | -4.05    |
|    learning_rate   | 0.0003   |
|    n_updates       | 501340   |
---------------------------------
---------------------------------
| rollout/           |          |
|    ep_len_mean     | 1.59e+03 |
|    ep_rew_mean     | 1.84e+03 |
| time/              |          |
|    episodes        | 2868     |
|    fps             | 2130     |
|    time_elapsed    | 3767     |
|    total_timesteps | 8027936  |
| train/             |          |
|    actor_loss      | -0.522   |
|    critic_loss     | 0.000138 |
|    ent_coef        | 0.000206 |
|    ent_coef_loss   | -4.8     |
|    learning_rate   | 0.0003   |
|    n_updates       | 501683   |
---------------------------------
---------------------------------
| rollout/           |          |
|    ep_len_mean     | 1.49e+03 |
|    ep_rew_mean     | 1.73e+03 |
| time/              |          |
|    episodes        | 2872     |
|    fps             | 2130     |
|    time_elapsed    | 3772     |
|    total_timesteps | 8038192  |
| train/             |          |
|    actor_loss      | -0.561   |
|    critic_loss     | 0.000349 |
|    ent_coef        | 0.000218 |
|    ent_coef_loss   | 0.11     |
|    learning_rate   | 0.0003   |
|    n_updates       | 502324   |
---------------------------------
---------------------------------
| rollout/           |          |
|    ep_len_mean     | 1.57e+03 |
|    ep_rew_mean     | 1.8e+03  |
| time/              |          |
|    episodes        | 2876     |
|    fps             | 2130     |
|    time_elapsed    | 3781     |
|    total_timesteps | 8057792  |
| train/             |          |
|    actor_loss      | -0.572   |
|    critic_loss     | 0.00145  |
|    ent_coef        | 0.000217 |
|    ent_coef_loss   | 1.71     |
|    learning_rate   | 0.0003   |
|    n_updates       | 503549   |
---------------------------------
---------------------------------
| rollout/           |          |
|    ep_len_mean     | 1.78e+03 |
|    ep_rew_mean     | 1.93e+03 |
| time/              |          |
|    episodes        | 2880     |
|    fps             | 2130     |
|    time_elapsed    | 3795     |
|    total_timesteps | 8086336  |
| train/             |          |
|    actor_loss      | -0.618   |
|    critic_loss     | 0.000183 |
|    ent_coef        | 0.000228 |
|    ent_coef_loss   | -0.311   |
|    learning_rate   | 0.0003   |
|    n_updates       | 505333   |
---------------------------------
---------------------------------
| rollout/           |          |
|    ep_len_mean     | 2.04e+03 |
|    ep_rew_mean     | 2.08e+03 |
| time/              |          |
|    episodes        | 2884     |
|    fps             | 2130     |
|    time_elapsed    | 3806     |
|    total_timesteps | 8111440  |
| train/             |          |
|    actor_loss      | -0.576   |
|    critic_loss     | 0.000278 |
|    ent_coef        | 0.000233 |
|    ent_coef_loss   | -3.5     |
|    learning_rate   | 0.0003   |
|    n_updates       | 506902   |
---------------------------------
---------------------------------
| rollout/           |          |
|    ep_len_mean     | 2.21e+03 |
|    ep_rew_mean     | 2.41e+03 |
| time/              |          |
|    episodes        | 2888     |
|    fps             | 2130     |
|    time_elapsed    | 3809     |
|    total_timesteps | 8117232  |
| train/             |          |
|    actor_loss      | -0.607   |
|    critic_loss     | 0.000159 |
|    ent_coef        | 0.000226 |
|    ent_coef_loss   | 0.051    |
|    learning_rate   | 0.0003   |
|    n_updates       | 507264   |
---------------------------------
---------------------------------
| rollout/           |          |
|    ep_len_mean     | 2.45e+03 |
|    ep_rew_mean     | 2.62e+03 |
| time/              |          |
|    episodes        | 2892     |
|    fps             | 2130     |
|    time_elapsed    | 3829     |
|    total_timesteps | 8159312  |
| train/             |          |
|    actor_loss      | -0.657   |
|    critic_loss     | 0.000255 |
|    ent_coef        | 0.000258 |
|    ent_coef_loss   | -3.01    |
|    learning_rate   | 0.0003   |
|    n_updates       | 509894   |
---------------------------------
---------------------------------
| rollout/           |          |
|    ep_len_mean     | 2.47e+03 |
|    ep_rew_mean     | 2.7e+03  |
| time/              |          |
|    episodes        | 2896     |
|    fps             | 2130     |
|    time_elapsed    | 3833     |
|    total_timesteps | 8167792  |
| train/             |          |
|    actor_loss      | -0.565   |
|    critic_loss     | 0.00163  |
|    ent_coef        | 0.000241 |
|    ent_coef_loss   | -2.75    |
|    learning_rate   | 0.0003   |
|    n_updates       | 510424   |
---------------------------------
---------------------------------
| rollout/           |          |
|    ep_len_mean     | 2.58e+03 |
|    ep_rew_mean     | 2.87e+03 |
| time/              |          |
|    episodes        | 2900     |
|    fps             | 2130     |
|    time_elapsed    | 3837     |
|    total_timesteps | 8174992  |
| train/             |          |
|    actor_loss      | -0.557   |
|    critic_loss     | 0.00124  |
|    ent_coef        | 0.000241 |
|    ent_coef_loss   | -0.163   |
|    learning_rate   | 0.0003   |
|    n_updates       | 510874   |
---------------------------------
---------------------------------
| rollout/           |          |
|    ep_len_mean     | 2.65e+03 |
|    ep_rew_mean     | 2.93e+03 |
| time/              |          |
|    episodes        | 2904     |
|    fps             | 2130     |
|    time_elapsed    | 3844     |
|    total_timesteps | 8189584  |
| train/             |          |
|    actor_loss      | -0.591   |
|    critic_loss     | 0.000298 |
|    ent_coef        | 0.000223 |
|    ent_coef_loss   | -1.52    |
|    learning_rate   | 0.0003   |
|    n_updates       | 511786   |
---------------------------------
---------------------------------
| rollout/           |          |
|    ep_len_mean     | 2.75e+03 |
|    ep_rew_mean     | 3.04e+03 |
| time/              |          |
|    episodes        | 2908     |
|    fps             | 2130     |
|    time_elapsed    | 3848     |
|    total_timesteps | 8198400  |
| train/             |          |
|    actor_loss      | -0.492   |
|    critic_loss     | 0.000527 |
|    ent_coef        | 0.000231 |
|    ent_coef_loss   | 6.85     |
|    learning_rate   | 0.0003   |
|    n_updates       | 512337   |
---------------------------------
---------------------------------
| rollout/           |          |
|    ep_len_mean     | 2.91e+03 |
|    ep_rew_mean     | 3.09e+03 |
| time/              |          |
|    episodes        | 2912     |
|    fps             | 2130     |
|    time_elapsed    | 3857     |
|    total_timesteps | 8217200  |
| train/             |          |
|    actor_loss      | -0.595   |
|    critic_loss     | 0.000285 |
|    ent_coef        | 0.000367 |
|    ent_coef_loss   | 0.217    |
|    learning_rate   | 0.0003   |
|    n_updates       | 513512   |
---------------------------------
---------------------------------
| rollout/           |          |
|    ep_len_mean     | 2.9e+03  |
|    ep_rew_mean     | 3.07e+03 |
| time/              |          |
|    episodes        | 2916     |
|    fps             | 2130     |
|    time_elapsed    | 3866     |
|    total_timesteps | 8236928  |
| train/             |          |
|    actor_loss      | -0.556   |
|    critic_loss     | 0.000672 |
|    ent_coef        | 0.000354 |
|    ent_coef_loss   | -2.97    |
|    learning_rate   | 0.0003   |
|    n_updates       | 514745   |
---------------------------------
---------------------------------
| rollout/           |          |
|    ep_len_mean     | 3.05e+03 |
|    ep_rew_mean     | 2.98e+03 |
| time/              |          |
|    episodes        | 2920     |
|    fps             | 2130     |
|    time_elapsed    | 3872     |
|    total_timesteps | 8249424  |
| train/             |          |
|    actor_loss      | -0.606   |
|    critic_loss     | 0.000267 |
|    ent_coef        | 0.000301 |
|    ent_coef_loss   | -3.79    |
|    learning_rate   | 0.0003   |
|    n_updates       | 515526   |
---------------------------------
---------------------------------
| rollout/           |          |
|    ep_len_mean     | 3.14e+03 |
|    ep_rew_mean     | 2.9e+03  |
| time/              |          |
|    episodes        | 2924     |
|    fps             | 2130     |
|    time_elapsed    | 3888     |
|    total_timesteps | 8283056  |
| train/             |          |
|    actor_loss      | -0.574   |
|    critic_loss     | 0.000295 |
|    ent_coef        | 0.000284 |
|    ent_coef_loss   | 3.97     |
|    learning_rate   | 0.0003   |
|    n_updates       | 517628   |
---------------------------------
---------------------------------
| rollout/           |          |
|    ep_len_mean     | 3.19e+03 |
|    ep_rew_mean     | 2.83e+03 |
| time/              |          |
|    episodes        | 2928     |
|    fps             | 2130     |
|    time_elapsed    | 3892     |
|    total_timesteps | 8291424  |
| train/             |          |
|    actor_loss      | -0.508   |
|    critic_loss     | 0.000408 |
|    ent_coef        | 0.000282 |
|    ent_coef_loss   | 2.9      |
|    learning_rate   | 0.0003   |
|    n_updates       | 518151   |
---------------------------------
---------------------------------
| rollout/           |          |
|    ep_len_mean     | 3.18e+03 |
|    ep_rew_mean     | 2.8e+03  |
| time/              |          |
|    episodes        | 2932     |
|    fps             | 2130     |
|    time_elapsed    | 3897     |
|    total_timesteps | 8301744  |
| train/             |          |
|    actor_loss      | -0.554   |
|    critic_loss     | 0.00626  |
|    ent_coef        | 0.000274 |
|    ent_coef_loss   | -1.61    |
|    learning_rate   | 0.0003   |
|    n_updates       | 518796   |
---------------------------------
---------------------------------
| rollout/           |          |
|    ep_len_mean     | 3.37e+03 |
|    ep_rew_mean     | 2.89e+03 |
| time/              |          |
|    episodes        | 2936     |
|    fps             | 2130     |
|    time_elapsed    | 3899     |
|    total_timesteps | 8306528  |
| train/             |          |
|    actor_loss      | -0.642   |
|    critic_loss     | 0.000341 |
|    ent_coef        | 0.00028  |
|    ent_coef_loss   | 1.31     |
|    learning_rate   | 0.0003   |
|    n_updates       | 519095   |
---------------------------------
---------------------------------
| rollout/           |          |
|    ep_len_mean     | 3.39e+03 |
|    ep_rew_mean     | 2.91e+03 |
| time/              |          |
|    episodes        | 2940     |
|    fps             | 2126     |
|    time_elapsed    | 3909     |
|    total_timesteps | 8312016  |
| train/             |          |
|    actor_loss      | -0.601   |
|    critic_loss     | 0.000233 |
|    ent_coef        | 0.000295 |
|    ent_coef_loss   | -2.14    |
|    learning_rate   | 0.0003   |
|    n_updates       | 519438   |
---------------------------------
---------------------------------
| rollout/           |          |
|    ep_len_mean     | 3.48e+03 |
|    ep_rew_mean     | 2.81e+03 |
| time/              |          |
|    episodes        | 2944     |
|    fps             | 2125     |
|    time_elapsed    | 3911     |
|    total_timesteps | 8314720  |
| train/             |          |
|    actor_loss      | -0.638   |
|    critic_loss     | 0.00038  |
|    ent_coef        | 0.000286 |
|    ent_coef_loss   | 2.37     |
|    learning_rate   | 0.0003   |
|    n_updates       | 519607   |
---------------------------------
---------------------------------
| rollout/           |          |
|    ep_len_mean     | 3.64e+03 |
|    ep_rew_mean     | 2.91e+03 |
| time/              |          |
|    episodes        | 2948     |
|    fps             | 2125     |
|    time_elapsed    | 3921     |
|    total_timesteps | 8335488  |
| train/             |          |
|    actor_loss      | -0.565   |
|    critic_loss     | 0.000272 |
|    ent_coef        | 0.000247 |
|    ent_coef_loss   | -0.59    |
|    learning_rate   | 0.0003   |
|    n_updates       | 520905   |
---------------------------------
---------------------------------
| rollout/           |          |
|    ep_len_mean     | 3.64e+03 |
|    ep_rew_mean     | 2.89e+03 |
| time/              |          |
|    episodes        | 2952     |
|    fps             | 2125     |
|    time_elapsed    | 3921     |
|    total_timesteps | 8335792  |
| train/             |          |
|    actor_loss      | -0.625   |
|    critic_loss     | 0.00504  |
|    ent_coef        | 0.000246 |
|    ent_coef_loss   | -2.41    |
|    learning_rate   | 0.0003   |
|    n_updates       | 520924   |
---------------------------------
---------------------------------
| rollout/           |          |
|    ep_len_mean     | 3.66e+03 |
|    ep_rew_mean     | 2.91e+03 |
| time/              |          |
|    episodes        | 2956     |
|    fps             | 2125     |
|    time_elapsed    | 3922     |
|    total_timesteps | 8338256  |
| train/             |          |
|    actor_loss      | -0.521   |
|    critic_loss     | 0.000434 |
|    ent_coef        | 0.000237 |
|    ent_coef_loss   | -0.566   |
|    learning_rate   | 0.0003   |
|    n_updates       | 521078   |
---------------------------------
---------------------------------
| rollout/           |          |
|    ep_len_mean     | 3.62e+03 |
|    ep_rew_mean     | 2.81e+03 |
| time/              |          |
|    episodes        | 2960     |
|    fps             | 2125     |
|    time_elapsed    | 3929     |
|    total_timesteps | 8353024  |
| train/             |          |
|    actor_loss      | -0.608   |
|    critic_loss     | 0.000172 |
|    ent_coef        | 0.000237 |
|    ent_coef_loss   | 0.11     |
|    learning_rate   | 0.0003   |
|    n_updates       | 522001   |
---------------------------------
---------------------------------
| rollout/           |          |
|    ep_len_mean     | 3.62e+03 |
|    ep_rew_mean     | 2.85e+03 |
| time/              |          |
|    episodes        | 2964     |
|    fps             | 2125     |
|    time_elapsed    | 3934     |
|    total_timesteps | 8362736  |
| train/             |          |
|    actor_loss      | -0.619   |
|    critic_loss     | 0.000139 |
|    ent_coef        | 0.00026  |
|    ent_coef_loss   | -2.96    |
|    learning_rate   | 0.0003   |
|    n_updates       | 522608   |
---------------------------------
---------------------------------
| rollout/           |          |
|    ep_len_mean     | 3.6e+03  |
|    ep_rew_mean     | 2.94e+03 |
| time/              |          |
|    episodes        | 2968     |
|    fps             | 2125     |
|    time_elapsed    | 3940     |
|    total_timesteps | 8376624  |
| train/             |          |
|    actor_loss      | -0.569   |
|    critic_loss     | 0.00128  |
|    ent_coef        | 0.000253 |
|    ent_coef_loss   | -1.58    |
|    learning_rate   | 0.0003   |
|    n_updates       | 523476   |
---------------------------------
---------------------------------
| rollout/           |          |
|    ep_len_mean     | 3.63e+03 |
|    ep_rew_mean     | 3e+03    |
| time/              |          |
|    episodes        | 2972     |
|    fps             | 2125     |
|    time_elapsed    | 3941     |
|    total_timesteps | 8377520  |
| train/             |          |
|    actor_loss      | -0.573   |
|    critic_loss     | 0.0461   |
|    ent_coef        | 0.000248 |
|    ent_coef_loss   | -1.11    |
|    learning_rate   | 0.0003   |
|    n_updates       | 523532   |
---------------------------------
---------------------------------
| rollout/           |          |
|    ep_len_mean     | 3.63e+03 |
|    ep_rew_mean     | 3.1e+03  |
| time/              |          |
|    episodes        | 2976     |
|    fps             | 2125     |
|    time_elapsed    | 3947     |
|    total_timesteps | 8390560  |
| train/             |          |
|    actor_loss      | -0.559   |
|    critic_loss     | 0.000198 |
|    ent_coef        | 0.00024  |
|    ent_coef_loss   | -4.98    |
|    learning_rate   | 0.0003   |
|    n_updates       | 524347   |
---------------------------------
---------------------------------
| rollout/           |          |
|    ep_len_mean     | 3.52e+03 |
|    ep_rew_mean     | 3.2e+03  |
| time/              |          |
|    episodes        | 2980     |
|    fps             | 2125     |
|    time_elapsed    | 3948     |
|    total_timesteps | 8392944  |
| train/             |          |
|    actor_loss      | -0.611   |
|    critic_loss     | 0.00124  |
|    ent_coef        | 0.000227 |
|    ent_coef_loss   | -2.36    |
|    learning_rate   | 0.0003   |
|    n_updates       | 524496   |
---------------------------------
---------------------------------
| rollout/           |          |
|    ep_len_mean     | 3.33e+03 |
|    ep_rew_mean     | 3.12e+03 |
| time/              |          |
|    episodes        | 2984     |
|    fps             | 2125     |
|    time_elapsed    | 3955     |
|    total_timesteps | 8408976  |
| train/             |          |
|    actor_loss      | -0.595   |
|    critic_loss     | 0.00066  |
|    ent_coef        | 0.000212 |
|    ent_coef_loss   | -2.91    |
|    learning_rate   | 0.0003   |
|    n_updates       | 525498   |
---------------------------------
---------------------------------
| rollout/           |          |
|    ep_len_mean     | 3.2e+03  |
|    ep_rew_mean     | 2.91e+03 |
| time/              |          |
|    episodes        | 2988     |
|    fps             | 2125     |
|    time_elapsed    | 3960     |
|    total_timesteps | 8418512  |
| train/             |          |
|    actor_loss      | -0.555   |
|    critic_loss     | 0.000427 |
|    ent_coef        | 0.000211 |
|    ent_coef_loss   | 0.371    |
|    learning_rate   | 0.0003   |
|    n_updates       | 526094   |
---------------------------------
---------------------------------
| rollout/           |          |
|    ep_len_mean     | 3.14e+03 |
|    ep_rew_mean     | 3.04e+03 |
| time/              |          |
|    episodes        | 2992     |
|    fps             | 2125     |
|    time_elapsed    | 3991     |
|    total_timesteps | 8484560  |
| train/             |          |
|    actor_loss      | -0.657   |
|    critic_loss     | 0.000134 |
|    ent_coef        | 0.000197 |
|    ent_coef_loss   | 0.344    |
|    learning_rate   | 0.0003   |
|    n_updates       | 530222   |
---------------------------------
---------------------------------
| rollout/           |          |
|    ep_len_mean     | 3.24e+03 |
|    ep_rew_mean     | 3.04e+03 |
| time/              |          |
|    episodes        | 2996     |
|    fps             | 2125     |
|    time_elapsed    | 3998     |
|    total_timesteps | 8499584  |
| train/             |          |
|    actor_loss      | -0.651   |
|    critic_loss     | 0.000222 |
|    ent_coef        | 0.000186 |
|    ent_coef_loss   | -0.944   |
|    learning_rate   | 0.0003   |
|    n_updates       | 531161   |
---------------------------------
---------------------------------
| rollout/           |          |
|    ep_len_mean     | 3.32e+03 |
|    ep_rew_mean     | 3.04e+03 |
| time/              |          |
|    episodes        | 3000     |
|    fps             | 2125     |
|    time_elapsed    | 4003     |
|    total_timesteps | 8508048  |
| train/             |          |
|    actor_loss      | -0.629   |
|    critic_loss     | 0.000302 |
|    ent_coef        | 0.00018  |
|    ent_coef_loss   | 3.27     |
|    learning_rate   | 0.0003   |
|    n_updates       | 531690   |
---------------------------------
---------------------------------
| rollout/           |          |
|    ep_len_mean     | 3.34e+03 |
|    ep_rew_mean     | 3.03e+03 |
| time/              |          |
|    episodes        | 3004     |
|    fps             | 2125     |
|    time_elapsed    | 4012     |
|    total_timesteps | 8527712  |
| train/             |          |
|    actor_loss      | -0.504   |
|    critic_loss     | 0.000344 |
|    ent_coef        | 0.0002   |
|    ent_coef_loss   | 9.49     |
|    learning_rate   | 0.0003   |
|    n_updates       | 532919   |
---------------------------------
---------------------------------
| rollout/           |          |
|    ep_len_mean     | 3.38e+03 |
|    ep_rew_mean     | 3.01e+03 |
| time/              |          |
|    episodes        | 3008     |
|    fps             | 2125     |
|    time_elapsed    | 4027     |
|    total_timesteps | 8560368  |
| train/             |          |
|    actor_loss      | -0.586   |
|    critic_loss     | 0.000191 |
|    ent_coef        | 0.000172 |
|    ent_coef_loss   | 6.7      |
|    learning_rate   | 0.0003   |
|    n_updates       | 534960   |
---------------------------------
---------------------------------
| rollout/           |          |
|    ep_len_mean     | 3.4e+03  |
|    ep_rew_mean     | 2.9e+03  |
| time/              |          |
|    episodes        | 3012     |
|    fps             | 2125     |
|    time_elapsed    | 4032     |
|    total_timesteps | 8569472  |
| train/             |          |
|    actor_loss      | -0.604   |
|    critic_loss     | 0.000361 |
|    ent_coef        | 0.000175 |
|    ent_coef_loss   | -0.795   |
|    learning_rate   | 0.0003   |
|    n_updates       | 535529   |
---------------------------------
---------------------------------
| rollout/           |          |
|    ep_len_mean     | 3.47e+03 |
|    ep_rew_mean     | 2.86e+03 |
| time/              |          |
|    episodes        | 3016     |
|    fps             | 2125     |
|    time_elapsed    | 4034     |
|    total_timesteps | 8573680  |
| train/             |          |
|    actor_loss      | -0.619   |
|    critic_loss     | 0.000523 |
|    ent_coef        | 0.000178 |
|    ent_coef_loss   | -0.43    |
|    learning_rate   | 0.0003   |
|    n_updates       | 535792   |
---------------------------------
---------------------------------
| rollout/           |          |
|    ep_len_mean     | 3.35e+03 |
|    ep_rew_mean     | 2.92e+03 |
| time/              |          |
|    episodes        | 3020     |
|    fps             | 2125     |
|    time_elapsed    | 4035     |
|    total_timesteps | 8575792  |
| train/             |          |
|    actor_loss      | -0.586   |
|    critic_loss     | 0.000148 |
|    ent_coef        | 0.00018  |
|    ent_coef_loss   | -1.03    |
|    learning_rate   | 0.0003   |
|    n_updates       | 535924   |
---------------------------------
---------------------------------
| rollout/           |          |
|    ep_len_mean     | 3.3e+03  |
|    ep_rew_mean     | 3.08e+03 |
| time/              |          |
|    episodes        | 3024     |
|    fps             | 2125     |
|    time_elapsed    | 4036     |
|    total_timesteps | 8577488  |
| train/             |          |
|    actor_loss      | -0.565   |
|    critic_loss     | 0.000145 |
|    ent_coef        | 0.00018  |
|    ent_coef_loss   | -0.227   |
|    learning_rate   | 0.0003   |
|    n_updates       | 536030   |
---------------------------------
---------------------------------
| rollout/           |          |
|    ep_len_mean     | 3.38e+03 |
|    ep_rew_mean     | 3.27e+03 |
| time/              |          |
|    episodes        | 3028     |
|    fps             | 2125     |
|    time_elapsed    | 4061     |
|    total_timesteps | 8632064  |
| train/             |          |
|    actor_loss      | -0.601   |
|    critic_loss     | 0.000239 |
|    ent_coef        | 0.000178 |
|    ent_coef_loss   | 1.53     |
|    learning_rate   | 0.0003   |
|    n_updates       | 539441   |
---------------------------------
---------------------------------
| rollout/           |          |
|    ep_len_mean     | 3.44e+03 |
|    ep_rew_mean     | 3.52e+03 |
| time/              |          |
|    episodes        | 3032     |
|    fps             | 2125     |
|    time_elapsed    | 4065     |
|    total_timesteps | 8641424  |
| train/             |          |
|    actor_loss      | -0.629   |
|    critic_loss     | 0.00024  |
|    ent_coef        | 0.000175 |
|    ent_coef_loss   | 3.75     |
|    learning_rate   | 0.0003   |
|    n_updates       | 540026   |
---------------------------------
---------------------------------
| rollout/           |          |
|    ep_len_mean     | 3.43e+03 |
|    ep_rew_mean     | 3.57e+03 |
| time/              |          |
|    episodes        | 3036     |
|    fps             | 2125     |
|    time_elapsed    | 4070     |
|    total_timesteps | 8652192  |
| train/             |          |
|    actor_loss      | -0.662   |
|    critic_loss     | 0.000566 |
|    ent_coef        | 0.000189 |
|    ent_coef_loss   | -0.424   |
|    learning_rate   | 0.0003   |
|    n_updates       | 540699   |
---------------------------------
---------------------------------
| rollout/           |          |
|    ep_len_mean     | 3.51e+03 |
|    ep_rew_mean     | 3.66e+03 |
| time/              |          |
|    episodes        | 3040     |
|    fps             | 2125     |
|    time_elapsed    | 4073     |
|    total_timesteps | 8659120  |
| train/             |          |
|    actor_loss      | -0.695   |
|    critic_loss     | 0.000319 |
|    ent_coef        | 0.000181 |
|    ent_coef_loss   | 1.47     |
|    learning_rate   | 0.0003   |
|    n_updates       | 541132   |
---------------------------------
---------------------------------
| rollout/           |          |
|    ep_len_mean     | 3.49e+03 |
|    ep_rew_mean     | 3.71e+03 |
| time/              |          |
|    episodes        | 3044     |
|    fps             | 2125     |
|    time_elapsed    | 4089     |
|    total_timesteps | 8693328  |
| train/             |          |
|    actor_loss      | -0.587   |
|    critic_loss     | 0.00078  |
|    ent_coef        | 0.000171 |
|    ent_coef_loss   | 3.6      |
|    learning_rate   | 0.0003   |
|    n_updates       | 543270   |
---------------------------------
---------------------------------
| rollout/           |          |
|    ep_len_mean     | 3.43e+03 |
|    ep_rew_mean     | 3.71e+03 |
| time/              |          |
|    episodes        | 3048     |
|    fps             | 2125     |
|    time_elapsed    | 4095     |
|    total_timesteps | 8705552  |
| train/             |          |
|    actor_loss      | -0.559   |
|    critic_loss     | 0.158    |
|    ent_coef        | 0.000174 |
|    ent_coef_loss   | 0.109    |
|    learning_rate   | 0.0003   |
|    n_updates       | 544034   |
---------------------------------
---------------------------------
| rollout/           |          |
|    ep_len_mean     | 3.65e+03 |
|    ep_rew_mean     | 3.75e+03 |
| time/              |          |
|    episodes        | 3052     |
|    fps             | 2125     |
|    time_elapsed    | 4100     |
|    total_timesteps | 8716784  |
| train/             |          |
|    actor_loss      | -0.568   |
|    critic_loss     | 0.000556 |
|    ent_coef        | 0.000175 |
|    ent_coef_loss   | -0.952   |
|    learning_rate   | 0.0003   |
|    n_updates       | 544736   |
---------------------------------
---------------------------------
| rollout/           |          |
|    ep_len_mean     | 3.75e+03 |
|    ep_rew_mean     | 3.77e+03 |
| time/              |          |
|    episodes        | 3056     |
|    fps             | 2125     |
|    time_elapsed    | 4107     |
|    total_timesteps | 8732144  |
| train/             |          |
|    actor_loss      | -0.62    |
|    critic_loss     | 0.000248 |
|    ent_coef        | 0.000162 |
|    ent_coef_loss   | 0.908    |
|    learning_rate   | 0.0003   |
|    n_updates       | 545696   |
---------------------------------
---------------------------------
| rollout/           |          |
|    ep_len_mean     | 3.81e+03 |
|    ep_rew_mean     | 3.89e+03 |
| time/              |          |
|    episodes        | 3060     |
|    fps             | 2126     |
|    time_elapsed    | 4113     |
|    total_timesteps | 8744464  |
| train/             |          |
|    actor_loss      | -0.585   |
|    critic_loss     | 0.000163 |
|    ent_coef        | 0.000171 |
|    ent_coef_loss   | 1.09     |
|    learning_rate   | 0.0003   |
|    n_updates       | 546466   |
---------------------------------
---------------------------------
| rollout/           |          |
|    ep_len_mean     | 3.99e+03 |
|    ep_rew_mean     | 4.12e+03 |
| time/              |          |
|    episodes        | 3064     |
|    fps             | 2126     |
|    time_elapsed    | 4137     |
|    total_timesteps | 8797024  |
| train/             |          |
|    actor_loss      | -0.611   |
|    critic_loss     | 0.000151 |
|    ent_coef        | 0.000182 |
|    ent_coef_loss   | -1.25    |
|    learning_rate   | 0.0003   |
|    n_updates       | 549751   |
---------------------------------
---------------------------------
| rollout/           |          |
|    ep_len_mean     | 4.07e+03 |
|    ep_rew_mean     | 4.22e+03 |
| time/              |          |
|    episodes        | 3068     |
|    fps             | 2126     |
|    time_elapsed    | 4143     |
|    total_timesteps | 8810736  |
| train/             |          |
|    actor_loss      | -0.613   |
|    critic_loss     | 0.000368 |
|    ent_coef        | 0.00018  |
|    ent_coef_loss   | 2.92     |
|    learning_rate   | 0.0003   |
|    n_updates       | 550608   |
---------------------------------
---------------------------------
| rollout/           |          |
|    ep_len_mean     | 4.26e+03 |
|    ep_rew_mean     | 4.43e+03 |
| time/              |          |
|    episodes        | 3072     |
|    fps             | 2126     |
|    time_elapsed    | 4166     |
|    total_timesteps | 8860080  |
| train/             |          |
|    actor_loss      | -0.559   |
|    critic_loss     | 0.00023  |
|    ent_coef        | 0.000191 |
|    ent_coef_loss   | -0.0504  |
|    learning_rate   | 0.0003   |
|    n_updates       | 553692   |
---------------------------------
---------------------------------
| rollout/           |          |
|    ep_len_mean     | 4.41e+03 |
|    ep_rew_mean     | 4.47e+03 |
| time/              |          |
|    episodes        | 3076     |
|    fps             | 2126     |
|    time_elapsed    | 4177     |
|    total_timesteps | 8882528  |
| train/             |          |
|    actor_loss      | -0.583   |
|    critic_loss     | 0.000198 |
|    ent_coef        | 0.000205 |
|    ent_coef_loss   | -2.95    |
|    learning_rate   | 0.0003   |
|    n_updates       | 555095   |
---------------------------------
---------------------------------
| rollout/           |          |
|    ep_len_mean     | 4.63e+03 |
|    ep_rew_mean     | 4.54e+03 |
| time/              |          |
|    episodes        | 3080     |
|    fps             | 2126     |
|    time_elapsed    | 4191     |
|    total_timesteps | 8912352  |
| train/             |          |
|    actor_loss      | -0.539   |
|    critic_loss     | 0.000307 |
|    ent_coef        | 0.0002   |
|    ent_coef_loss   | 1.3      |
|    learning_rate   | 0.0003   |
|    n_updates       | 556959   |
---------------------------------
---------------------------------
| rollout/           |          |
|    ep_len_mean     | 4.93e+03 |
|    ep_rew_mean     | 4.67e+03 |
| time/              |          |
|    episodes        | 3084     |
|    fps             | 2126     |
|    time_elapsed    | 4201     |
|    total_timesteps | 8933536  |
| train/             |          |
|    actor_loss      | -0.6     |
|    critic_loss     | 0.000196 |
|    ent_coef        | 0.000219 |
|    ent_coef_loss   | -0.927   |
|    learning_rate   | 0.0003   |
|    n_updates       | 558283   |
---------------------------------
---------------------------------
| rollout/           |          |
|    ep_len_mean     | 4.85e+03 |
|    ep_rew_mean     | 4.43e+03 |
| time/              |          |
|    episodes        | 3088     |
|    fps             | 2126     |
|    time_elapsed    | 4203     |
|    total_timesteps | 8938544  |
| train/             |          |
|    actor_loss      | -0.587   |
|    critic_loss     | 0.000346 |
|    ent_coef        | 0.000221 |
|    ent_coef_loss   | 0.621    |
|    learning_rate   | 0.0003   |
|    n_updates       | 558596   |
---------------------------------
---------------------------------
| rollout/           |          |
|    ep_len_mean     | 4.9e+03  |
|    ep_rew_mean     | 4.28e+03 |
| time/              |          |
|    episodes        | 3092     |
|    fps             | 2126     |
|    time_elapsed    | 4211     |
|    total_timesteps | 8955232  |
| train/             |          |
|    actor_loss      | -0.531   |
|    critic_loss     | 0.000256 |
|    ent_coef        | 0.000244 |
|    ent_coef_loss   | 1.82     |
|    learning_rate   | 0.0003   |
|    n_updates       | 559639   |
---------------------------------
---------------------------------
| rollout/           |          |
|    ep_len_mean     | 4.86e+03 |
|    ep_rew_mean     | 4.4e+03  |
| time/              |          |
|    episodes        | 3096     |
|    fps             | 2126     |
|    time_elapsed    | 4219     |
|    total_timesteps | 8970528  |
| train/             |          |
|    actor_loss      | -0.517   |
|    critic_loss     | 0.169    |
|    ent_coef        | 0.000259 |
|    ent_coef_loss   | 0.653    |
|    learning_rate   | 0.0003   |
|    n_updates       | 560595   |
---------------------------------
---------------------------------
| rollout/           |          |
|    ep_len_mean     | 4.98e+03 |
|    ep_rew_mean     | 4.22e+03 |
| time/              |          |
|    episodes        | 3100     |
|    fps             | 2125     |
|    time_elapsed    | 4246     |
|    total_timesteps | 9027840  |
| train/             |          |
|    actor_loss      | -0.612   |
|    critic_loss     | 0.00017  |
|    ent_coef        | 0.000215 |
|    ent_coef_loss   | -2.53    |
|    learning_rate   | 0.0003   |
|    n_updates       | 564177   |
---------------------------------
---------------------------------
| rollout/           |          |
|    ep_len_mean     | 5e+03    |
|    ep_rew_mean     | 4.29e+03 |
| time/              |          |
|    episodes        | 3104     |
|    fps             | 2125     |
|    time_elapsed    | 4256     |
|    total_timesteps | 9049440  |
| train/             |          |
|    actor_loss      | -0.461   |
|    critic_loss     | 0.0376   |
|    ent_coef        | 0.000213 |
|    ent_coef_loss   | 2.89     |
|    learning_rate   | 0.0003   |
|    n_updates       | 565527   |
---------------------------------
---------------------------------
| rollout/           |          |
|    ep_len_mean     | 5.08e+03 |
|    ep_rew_mean     | 4.4e+03  |
| time/              |          |
|    episodes        | 3108     |
|    fps             | 2125     |
|    time_elapsed    | 4260     |
|    total_timesteps | 9056144  |
| train/             |          |
|    actor_loss      | -0.494   |
|    critic_loss     | 0.000432 |
|    ent_coef        | 0.000211 |
|    ent_coef_loss   | 6.03     |
|    learning_rate   | 0.0003   |
|    n_updates       | 565946   |
---------------------------------
---------------------------------
| rollout/           |          |
|    ep_len_mean     | 5.12e+03 |
|    ep_rew_mean     | 4.5e+03  |
| time/              |          |
|    episodes        | 3112     |
|    fps             | 2125     |
|    time_elapsed    | 4271     |
|    total_timesteps | 9080528  |
| train/             |          |
|    actor_loss      | -0.541   |
|    critic_loss     | 0.000518 |
|    ent_coef        | 0.000229 |
|    ent_coef_loss   | 2.76     |
|    learning_rate   | 0.0003   |
|    n_updates       | 567470   |
---------------------------------
---------------------------------
| rollout/           |          |
|    ep_len_mean     | 5.19e+03 |
|    ep_rew_mean     | 4.49e+03 |
| time/              |          |
|    episodes        | 3116     |
|    fps             | 2125     |
|    time_elapsed    | 4274     |
|    total_timesteps | 9087280  |
| train/             |          |
|    actor_loss      | -0.553   |
|    critic_loss     | 0.000202 |
|    ent_coef        | 0.000226 |
|    ent_coef_loss   | 0.232    |
|    learning_rate   | 0.0003   |
|    n_updates       | 567892   |
---------------------------------
---------------------------------
| rollout/           |          |
|    ep_len_mean     | 5.31e+03 |
|    ep_rew_mean     | 4.47e+03 |
| time/              |          |
|    episodes        | 3120     |
|    fps             | 2125     |
|    time_elapsed    | 4306     |
|    total_timesteps | 9154144  |
| train/             |          |
|    actor_loss      | -0.459   |
|    critic_loss     | 0.000226 |
|    ent_coef        | 0.000233 |
|    ent_coef_loss   | -0.169   |
|    learning_rate   | 0.0003   |
|    n_updates       | 572071   |
---------------------------------
---------------------------------
| rollout/           |          |
|    ep_len_mean     | 5.45e+03 |
|    ep_rew_mean     | 4.43e+03 |
| time/              |          |
|    episodes        | 3124     |
|    fps             | 2125     |
|    time_elapsed    | 4308     |
|    total_timesteps | 9156976  |
| train/             |          |
|    actor_loss      | -0.482   |
|    critic_loss     | 0.000175 |
|    ent_coef        | 0.000233 |
|    ent_coef_loss   | -0.623   |
|    learning_rate   | 0.0003   |
|    n_updates       | 572248   |
---------------------------------
---------------------------------
| rollout/           |          |
|    ep_len_mean     | 5.5e+03  |
|    ep_rew_mean     | 4.28e+03 |
| time/              |          |
|    episodes        | 3128     |
|    fps             | 2125     |
|    time_elapsed    | 4312     |
|    total_timesteps | 9166208  |
| train/             |          |
|    actor_loss      | -0.491   |
|    critic_loss     | 0.000256 |
|    ent_coef        | 0.000229 |
|    ent_coef_loss   | -0.0363  |
|    learning_rate   | 0.0003   |
|    n_updates       | 572825   |
---------------------------------
---------------------------------
| rollout/           |          |
|    ep_len_mean     | 5.45e+03 |
|    ep_rew_mean     | 4.09e+03 |
| time/              |          |
|    episodes        | 3132     |
|    fps             | 2125     |
|    time_elapsed    | 4313     |
|    total_timesteps | 9168688  |
| train/             |          |
|    actor_loss      | -0.471   |
|    critic_loss     | 0.00135  |
|    ent_coef        | 0.000237 |
|    ent_coef_loss   | -2.26    |
|    learning_rate   | 0.0003   |
|    n_updates       | 572980   |
---------------------------------
---------------------------------
| rollout/           |          |
|    ep_len_mean     | 5.48e+03 |
|    ep_rew_mean     | 4.11e+03 |
| time/              |          |
|    episodes        | 3136     |
|    fps             | 2125     |
|    time_elapsed    | 4344     |
|    total_timesteps | 9233408  |
| train/             |          |
|    actor_loss      | -0.571   |
|    critic_loss     | 0.000144 |
|    ent_coef        | 0.000219 |
|    ent_coef_loss   | -1.41    |
|    learning_rate   | 0.0003   |
|    n_updates       | 577025   |
---------------------------------
---------------------------------
| rollout/           |          |
|    ep_len_mean     | 5.62e+03 |
|    ep_rew_mean     | 4.2e+03  |
| time/              |          |
|    episodes        | 3140     |
|    fps             | 2125     |
|    time_elapsed    | 4350     |
|    total_timesteps | 9247248  |
| train/             |          |
|    actor_loss      | -0.568   |
|    critic_loss     | 0.000177 |
|    ent_coef        | 0.000217 |
|    ent_coef_loss   | -1.04    |
|    learning_rate   | 0.0003   |
|    n_updates       | 577890   |
---------------------------------
---------------------------------
| rollout/           |          |
|    ep_len_mean     | 5.62e+03 |
|    ep_rew_mean     | 4.4e+03  |
| time/              |          |
|    episodes        | 3144     |
|    fps             | 2125     |
|    time_elapsed    | 4355     |
|    total_timesteps | 9257024  |
| train/             |          |
|    actor_loss      | -0.572   |
|    critic_loss     | 0.000222 |
|    ent_coef        | 0.000228 |
|    ent_coef_loss   | -2.61    |
|    learning_rate   | 0.0003   |
|    n_updates       | 578501   |
---------------------------------
---------------------------------
| rollout/           |          |
|    ep_len_mean     | 5.56e+03 |
|    ep_rew_mean     | 4.29e+03 |
| time/              |          |
|    episodes        | 3148     |
|    fps             | 2125     |
|    time_elapsed    | 4364     |
|    total_timesteps | 9276672  |
| train/             |          |
|    actor_loss      | -0.583   |
|    critic_loss     | 0.000161 |
|    ent_coef        | 0.000231 |
|    ent_coef_loss   | -0.651   |
|    learning_rate   | 0.0003   |
|    n_updates       | 579729   |
---------------------------------
---------------------------------
| rollout/           |          |
|    ep_len_mean     | 5.53e+03 |
|    ep_rew_mean     | 4.31e+03 |
| time/              |          |
|    episodes        | 3152     |
|    fps             | 2125     |
|    time_elapsed    | 4369     |
|    total_timesteps | 9287536  |
| train/             |          |
|    actor_loss      | -0.497   |
|    critic_loss     | 0.000296 |
|    ent_coef        | 0.000214 |
|    ent_coef_loss   | 0.0825   |
|    learning_rate   | 0.0003   |
|    n_updates       | 580408   |
---------------------------------
---------------------------------
| rollout/           |          |
|    ep_len_mean     | 5.63e+03 |
|    ep_rew_mean     | 4.26e+03 |
| time/              |          |
|    episodes        | 3156     |
|    fps             | 2125     |
|    time_elapsed    | 4373     |
|    total_timesteps | 9296064  |
| train/             |          |
|    actor_loss      | -0.536   |
|    critic_loss     | 0.000208 |
|    ent_coef        | 0.00021  |
|    ent_coef_loss   | -0.707   |
|    learning_rate   | 0.0003   |
|    n_updates       | 580941   |
---------------------------------
---------------------------------
| rollout/           |          |
|    ep_len_mean     | 5.68e+03 |
|    ep_rew_mean     | 4.23e+03 |
| time/              |          |
|    episodes        | 3160     |
|    fps             | 2125     |
|    time_elapsed    | 4386     |
|    total_timesteps | 9324576  |
| train/             |          |
|    actor_loss      | -0.513   |
|    critic_loss     | 0.000201 |
|    ent_coef        | 0.000216 |
|    ent_coef_loss   | -0.299   |
|    learning_rate   | 0.0003   |
|    n_updates       | 582723   |
---------------------------------
---------------------------------
| rollout/           |          |
|    ep_len_mean     | 5.61e+03 |
|    ep_rew_mean     | 3.97e+03 |
| time/              |          |
|    episodes        | 3164     |
|    fps             | 2125     |
|    time_elapsed    | 4394     |
|    total_timesteps | 9341376  |
| train/             |          |
|    actor_loss      | -0.541   |
|    critic_loss     | 0.000295 |
|    ent_coef        | 0.000211 |
|    ent_coef_loss   | -0.175   |
|    learning_rate   | 0.0003   |
|    n_updates       | 583773   |
---------------------------------
---------------------------------
| rollout/           |          |
|    ep_len_mean     | 5.6e+03  |
|    ep_rew_mean     | 3.96e+03 |
| time/              |          |
|    episodes        | 3168     |
|    fps             | 2125     |
|    time_elapsed    | 4398     |
|    total_timesteps | 9348576  |
| train/             |          |
|    actor_loss      | -0.488   |
|    critic_loss     | 0.000811 |
|    ent_coef        | 0.000211 |
|    ent_coef_loss   | 2.17     |
|    learning_rate   | 0.0003   |
|    n_updates       | 584223   |
---------------------------------
---------------------------------
| rollout/           |          |
|    ep_len_mean     | 5.41e+03 |
|    ep_rew_mean     | 3.68e+03 |
| time/              |          |
|    episodes        | 3172     |
|    fps             | 2125     |
|    time_elapsed    | 4402     |
|    total_timesteps | 9357952  |
| train/             |          |
|    actor_loss      | -0.507   |
|    critic_loss     | 0.000286 |
|    ent_coef        | 0.00022  |
|    ent_coef_loss   | 0.00442  |
|    learning_rate   | 0.0003   |
|    n_updates       | 584809   |
---------------------------------
---------------------------------
| rollout/           |          |
|    ep_len_mean     | 5.27e+03 |
|    ep_rew_mean     | 3.62e+03 |
| time/              |          |
|    episodes        | 3176     |
|    fps             | 2125     |
|    time_elapsed    | 4413     |
|    total_timesteps | 9379888  |
| train/             |          |
|    actor_loss      | -0.521   |
|    critic_loss     | 0.000649 |
|    ent_coef        | 0.000224 |
|    ent_coef_loss   | 2.64     |
|    learning_rate   | 0.0003   |
|    n_updates       | 586180   |
---------------------------------
---------------------------------
| rollout/           |          |
|    ep_len_mean     | 5.11e+03 |
|    ep_rew_mean     | 3.67e+03 |
| time/              |          |
|    episodes        | 3180     |
|    fps             | 2125     |
|    time_elapsed    | 4416     |
|    total_timesteps | 9386544  |
| train/             |          |
|    actor_loss      | -0.539   |
|    critic_loss     | 0.00056  |
|    ent_coef        | 0.000218 |
|    ent_coef_loss   | -0.258   |
|    learning_rate   | 0.0003   |
|    n_updates       | 586596   |
---------------------------------
---------------------------------
| rollout/           |          |
|    ep_len_mean     | 4.69e+03 |
|    ep_rew_mean     | 3.37e+03 |
| time/              |          |
|    episodes        | 3184     |
|    fps             | 2125     |
|    time_elapsed    | 4417     |
|    total_timesteps | 9388432  |
| train/             |          |
|    actor_loss      | -0.546   |
|    critic_loss     | 0.00016  |
|    ent_coef        | 0.000219 |
|    ent_coef_loss   | -2.36    |
|    learning_rate   | 0.0003   |
|    n_updates       | 586714   |
---------------------------------
---------------------------------
| rollout/           |          |
|    ep_len_mean     | 4.67e+03 |
|    ep_rew_mean     | 3.39e+03 |
| time/              |          |
|    episodes        | 3188     |
|    fps             | 2125     |
|    time_elapsed    | 4417     |
|    total_timesteps | 9389680  |
| train/             |          |
|    actor_loss      | -0.525   |
|    critic_loss     | 0.000341 |
|    ent_coef        | 0.000218 |
|    ent_coef_loss   | -2.15    |
|    learning_rate   | 0.0003   |
|    n_updates       | 586792   |
---------------------------------
---------------------------------
| rollout/           |          |
|    ep_len_mean     | 4.45e+03 |
|    ep_rew_mean     | 3.23e+03 |
| time/              |          |
|    episodes        | 3192     |
|    fps             | 2125     |
|    time_elapsed    | 4418     |
|    total_timesteps | 9390896  |
| train/             |          |
|    actor_loss      | -0.48    |
|    critic_loss     | 0.00084  |
|    ent_coef        | 0.000216 |
|    ent_coef_loss   | -3.91    |
|    learning_rate   | 0.0003   |
|    n_updates       | 586868   |
---------------------------------
---------------------------------
| rollout/           |          |
|    ep_len_mean     | 4.25e+03 |
|    ep_rew_mean     | 2.89e+03 |
| time/              |          |
|    episodes        | 3196     |
|    fps             | 2125     |
|    time_elapsed    | 4418     |
|    total_timesteps | 9392080  |
| train/             |          |
|    actor_loss      | -0.512   |
|    critic_loss     | 0.000259 |
|    ent_coef        | 0.000214 |
|    ent_coef_loss   | 0.536    |
|    learning_rate   | 0.0003   |
|    n_updates       | 586942   |
---------------------------------
---------------------------------
| rollout/           |          |
|    ep_len_mean     | 3.88e+03 |
|    ep_rew_mean     | 2.83e+03 |
| time/              |          |
|    episodes        | 3200     |
|    fps             | 2125     |
|    time_elapsed    | 4419     |
|    total_timesteps | 9393392  |
| train/             |          |
|    actor_loss      | -0.519   |
|    critic_loss     | 0.000717 |
|    ent_coef        | 0.000212 |
|    ent_coef_loss   | -0.216   |
|    learning_rate   | 0.0003   |
|    n_updates       | 587024   |
---------------------------------
---------------------------------
| rollout/           |          |
|    ep_len_mean     | 3.7e+03  |
|    ep_rew_mean     | 2.58e+03 |
| time/              |          |
|    episodes        | 3204     |
|    fps             | 2125     |
|    time_elapsed    | 4420     |
|    total_timesteps | 9394688  |
| train/             |          |
|    actor_loss      | -0.446   |
|    critic_loss     | 0.000715 |
|    ent_coef        | 0.000215 |
|    ent_coef_loss   | 8.78     |
|    learning_rate   | 0.0003   |
|    n_updates       | 587105   |
---------------------------------
---------------------------------
| rollout/           |          |
|    ep_len_mean     | 3.54e+03 |
|    ep_rew_mean     | 2.54e+03 |
| time/              |          |
|    episodes        | 3208     |
|    fps             | 2125     |
|    time_elapsed    | 4420     |
|    total_timesteps | 9395072  |
| train/             |          |
|    actor_loss      | -0.478   |
|    critic_loss     | 0.000258 |
|    ent_coef        | 0.000221 |
|    ent_coef_loss   | 10.1     |
|    learning_rate   | 0.0003   |
|    n_updates       | 587129   |
---------------------------------
---------------------------------
| rollout/           |          |
|    ep_len_mean     | 3.29e+03 |
|    ep_rew_mean     | 2.42e+03 |
| time/              |          |
|    episodes        | 3212     |
|    fps             | 2125     |
|    time_elapsed    | 4420     |
|    total_timesteps | 9395312  |
| train/             |          |
|    actor_loss      | -0.555   |
|    critic_loss     | 0.000257 |
|    ent_coef        | 0.000225 |
|    ent_coef_loss   | 7.42     |
|    learning_rate   | 0.0003   |
|    n_updates       | 587144   |
---------------------------------
---------------------------------
| rollout/           |          |
|    ep_len_mean     | 2.99e+03 |
|    ep_rew_mean     | 2.3e+03  |
| time/              |          |
|    episodes        | 3216     |
|    fps             | 2125     |
|    time_elapsed    | 4420     |
|    total_timesteps | 9395792  |
| train/             |          |
|    actor_loss      | -0.521   |
|    critic_loss     | 0.000744 |
|    ent_coef        | 0.000229 |
|    ent_coef_loss   | 2.63     |
|    learning_rate   | 0.0003   |
|    n_updates       | 587174   |
---------------------------------
---------------------------------
| rollout/           |          |
|    ep_len_mean     | 2.89e+03 |
|    ep_rew_mean     | 2.3e+03  |
| time/              |          |
|    episodes        | 3220     |
|    fps             | 2125     |
|    time_elapsed    | 4420     |
|    total_timesteps | 9396048  |
| train/             |          |
|    actor_loss      | -0.524   |
|    critic_loss     | 0.000449 |
|    ent_coef        | 0.00023  |
|    ent_coef_loss   | 3.51     |
|    learning_rate   | 0.0003   |
|    n_updates       | 587190   |
---------------------------------
---------------------------------
| rollout/           |          |
|    ep_len_mean     | 2.65e+03 |
|    ep_rew_mean     | 2.24e+03 |
| time/              |          |
|    episodes        | 3224     |
|    fps             | 2125     |
|    time_elapsed    | 4420     |
|    total_timesteps | 9396384  |
| train/             |          |
|    actor_loss      | -0.503   |
|    critic_loss     | 0.000206 |
|    ent_coef        | 0.000231 |
|    ent_coef_loss   | 0.157    |
|    learning_rate   | 0.0003   |
|    n_updates       | 587211   |
---------------------------------
---------------------------------
| rollout/           |          |
|    ep_len_mean     | 2.45e+03 |
|    ep_rew_mean     | 2.15e+03 |
| time/              |          |
|    episodes        | 3228     |
|    fps             | 2125     |
|    time_elapsed    | 4421     |
|    total_timesteps | 9396672  |
| train/             |          |
|    actor_loss      | -0.604   |
|    critic_loss     | 0.000691 |
|    ent_coef        | 0.000231 |
|    ent_coef_loss   | -3.93    |
|    learning_rate   | 0.0003   |
|    n_updates       | 587229   |
---------------------------------
---------------------------------
| rollout/           |          |
|    ep_len_mean     | 2.29e+03 |
|    ep_rew_mean     | 2.01e+03 |
| time/              |          |
|    episodes        | 3232     |
|    fps             | 2125     |
|    time_elapsed    | 4421     |
|    total_timesteps | 9397008  |
| train/             |          |
|    actor_loss      | -0.492   |
|    critic_loss     | 0.000374 |
|    ent_coef        | 0.00023  |
|    ent_coef_loss   | -2.89    |
|    learning_rate   | 0.0003   |
|    n_updates       | 587250   |
---------------------------------
---------------------------------
| rollout/           |          |
|    ep_len_mean     | 2.15e+03 |
|    ep_rew_mean     | 1.87e+03 |
| time/              |          |
|    episodes        | 3236     |
|    fps             | 2125     |
|    time_elapsed    | 4427     |
|    total_timesteps | 9409072  |
| train/             |          |
|    actor_loss      | -0.589   |
|    critic_loss     | 0.000192 |
|    ent_coef        | 0.000251 |
|    ent_coef_loss   | 0.423    |
|    learning_rate   | 0.0003   |
|    n_updates       | 588004   |
---------------------------------
---------------------------------
| rollout/           |          |
|    ep_len_mean     | 1.88e+03 |
|    ep_rew_mean     | 1.62e+03 |
| time/              |          |
|    episodes        | 3240     |
|    fps             | 2125     |
|    time_elapsed    | 4427     |
|    total_timesteps | 9409152  |
| train/             |          |
|    actor_loss      | -0.465   |
|    critic_loss     | 0.000309 |
|    ent_coef        | 0.000251 |
|    ent_coef_loss   | -0.198   |
|    learning_rate   | 0.0003   |
|    n_updates       | 588009   |
---------------------------------
---------------------------------
| rollout/           |          |
|    ep_len_mean     | 1.78e+03 |
|    ep_rew_mean     | 1.43e+03 |
| time/              |          |
|    episodes        | 3244     |
|    fps             | 2125     |
|    time_elapsed    | 4427     |
|    total_timesteps | 9409824  |
| train/             |          |
|    actor_loss      | -0.542   |
|    critic_loss     | 0.00015  |
|    ent_coef        | 0.00025  |
|    ent_coef_loss   | -4.09    |
|    learning_rate   | 0.0003   |
|    n_updates       | 588051   |
---------------------------------
---------------------------------
| rollout/           |          |
|    ep_len_mean     | 1.73e+03 |
|    ep_rew_mean     | 1.41e+03 |
| time/              |          |
|    episodes        | 3248     |
|    fps             | 2125     |
|    time_elapsed    | 4427     |
|    total_timesteps | 9409872  |
| train/             |          |
|    actor_loss      | -0.501   |
|    critic_loss     | 0.000164 |
|    ent_coef        | 0.000249 |
|    ent_coef_loss   | -0.511   |
|    learning_rate   | 0.0003   |
|    n_updates       | 588054   |
---------------------------------
---------------------------------
| rollout/           |          |
|    ep_len_mean     | 1.47e+03 |
|    ep_rew_mean     | 1.28e+03 |
| time/              |          |
|    episodes        | 3252     |
|    fps             | 2125     |
|    time_elapsed    | 4427     |
|    total_timesteps | 9410544  |
| train/             |          |
|    actor_loss      | -0.486   |
|    critic_loss     | 0.000555 |
|    ent_coef        | 0.000248 |
|    ent_coef_loss   | 1.34     |
|    learning_rate   | 0.0003   |
|    n_updates       | 588096   |
---------------------------------
---------------------------------
| rollout/           |          |
|    ep_len_mean     | 1.22e+03 |
|    ep_rew_mean     | 1.24e+03 |
| time/              |          |
|    episodes        | 3256     |
|    fps             | 2125     |
|    time_elapsed    | 4427     |
|    total_timesteps | 9410592  |
| train/             |          |
|    actor_loss      | -0.58    |
|    critic_loss     | 0.000383 |
|    ent_coef        | 0.000248 |
|    ent_coef_loss   | -2.24    |
|    learning_rate   | 0.0003   |
|    n_updates       | 588099   |
---------------------------------
---------------------------------
| rollout/           |          |
|    ep_len_mean     | 1.04e+03 |
|    ep_rew_mean     | 1.08e+03 |
| time/              |          |
|    episodes        | 3260     |
|    fps             | 2125     |
|    time_elapsed    | 4428     |
|    total_timesteps | 9411280  |
| train/             |          |
|    actor_loss      | -0.54    |
|    critic_loss     | 0.000435 |
|    ent_coef        | 0.000247 |
|    ent_coef_loss   | -2.66    |
|    learning_rate   | 0.0003   |
|    n_updates       | 588142   |
---------------------------------
---------------------------------
| rollout/           |          |
|    ep_len_mean     | 859      |
|    ep_rew_mean     | 971      |
| time/              |          |
|    episodes        | 3264     |
|    fps             | 2125     |
|    time_elapsed    | 4428     |
|    total_timesteps | 9411344  |
| train/             |          |
|    actor_loss      | -0.486   |
|    critic_loss     | 0.00136  |
|    ent_coef        | 0.000247 |
|    ent_coef_loss   | -1.96    |
|    learning_rate   | 0.0003   |
|    n_updates       | 588146   |
---------------------------------
---------------------------------
| rollout/           |          |
|    ep_len_mean     | 718      |
|    ep_rew_mean     | 853      |
| time/              |          |
|    episodes        | 3268     |
|    fps             | 2125     |
|    time_elapsed    | 4428     |
|    total_timesteps | 9411968  |
| train/             |          |
|    actor_loss      | -0.533   |
|    critic_loss     | 0.00025  |
|    ent_coef        | 0.000245 |
|    ent_coef_loss   | -2.17    |
|    learning_rate   | 0.0003   |
|    n_updates       | 588185   |
---------------------------------
---------------------------------
| rollout/           |          |
|    ep_len_mean     | 632      |
|    ep_rew_mean     | 804      |
| time/              |          |
|    episodes        | 3272     |
|    fps             | 2125     |
|    time_elapsed    | 4428     |
|    total_timesteps | 9412032  |
| train/             |          |
|    actor_loss      | -0.525   |
|    critic_loss     | 0.000151 |
|    ent_coef        | 0.000245 |
|    ent_coef_loss   | -1.54    |
|    learning_rate   | 0.0003   |
|    n_updates       | 588189   |
---------------------------------
---------------------------------
| rollout/           |          |
|    ep_len_mean     | 534      |
|    ep_rew_mean     | 651      |
| time/              |          |
|    episodes        | 3276     |
|    fps             | 2125     |
|    time_elapsed    | 4432     |
|    total_timesteps | 9419472  |
| train/             |          |
|    actor_loss      | -0.54    |
|    critic_loss     | 0.000234 |
|    ent_coef        | 0.000248 |
|    ent_coef_loss   | -0.735   |
|    learning_rate   | 0.0003   |
|    n_updates       | 588654   |
---------------------------------
---------------------------------
| rollout/           |          |
|    ep_len_mean     | 360      |
|    ep_rew_mean     | 379      |
| time/              |          |
|    episodes        | 3280     |
|    fps             | 2125     |
|    time_elapsed    | 4432     |
|    total_timesteps | 9419632  |
| train/             |          |
|    actor_loss      | -0.56    |
|    critic_loss     | 0.000312 |
|    ent_coef        | 0.000248 |
|    ent_coef_loss   | -1.67    |
|    learning_rate   | 0.0003   |
|    n_updates       | 588664   |
---------------------------------
---------------------------------
| rollout/           |          |
|    ep_len_mean     | 367      |
|    ep_rew_mean     | 450      |
| time/              |          |
|    episodes        | 3284     |
|    fps             | 2125     |
|    time_elapsed    | 4432     |
|    total_timesteps | 9420336  |
| train/             |          |
|    actor_loss      | -0.545   |
|    critic_loss     | 0.000249 |
|    ent_coef        | 0.000248 |
|    ent_coef_loss   | -0.581   |
|    learning_rate   | 0.0003   |
|    n_updates       | 588708   |
---------------------------------
---------------------------------
| rollout/           |          |
|    ep_len_mean     | 368      |
|    ep_rew_mean     | 439      |
| time/              |          |
|    episodes        | 3288     |
|    fps             | 2125     |
|    time_elapsed    | 4432     |
|    total_timesteps | 9420464  |
| train/             |          |
|    actor_loss      | -0.516   |
|    critic_loss     | 0.000458 |
|    ent_coef        | 0.000248 |
|    ent_coef_loss   | -1.82    |
|    learning_rate   | 0.0003   |
|    n_updates       | 588716   |
---------------------------------
---------------------------------
| rollout/           |          |
|    ep_len_mean     | 368      |
|    ep_rew_mean     | 437      |
| time/              |          |
|    episodes        | 3292     |
|    fps             | 2125     |
|    time_elapsed    | 4432     |
|    total_timesteps | 9421232  |
| train/             |          |
|    actor_loss      | -0.459   |
|    critic_loss     | 0.000335 |
|    ent_coef        | 0.000246 |
|    ent_coef_loss   | 2.03     |
|    learning_rate   | 0.0003   |
|    n_updates       | 588764   |
---------------------------------
---------------------------------
| rollout/           |          |
|    ep_len_mean     | 369      |
|    ep_rew_mean     | 438      |
| time/              |          |
|    episodes        | 3296     |
|    fps             | 2125     |
|    time_elapsed    | 4433     |
|    total_timesteps | 9421408  |
| train/             |          |
|    actor_loss      | -0.53    |
|    critic_loss     | 0.00012  |
|    ent_coef        | 0.000246 |
|    ent_coef_loss   | -3.46    |
|    learning_rate   | 0.0003   |
|    n_updates       | 588775   |
---------------------------------
---------------------------------
| rollout/           |          |
|    ep_len_mean     | 387      |
|    ep_rew_mean     | 476      |
| time/              |          |
|    episodes        | 3300     |
|    fps             | 2125     |
|    time_elapsed    | 4437     |
|    total_timesteps | 9431248  |
| train/             |          |
|    actor_loss      | -0.518   |
|    critic_loss     | 0.000351 |
|    ent_coef        | 0.000232 |
|    ent_coef_loss   | 1.97     |
|    learning_rate   | 0.0003   |
|    n_updates       | 589390   |
---------------------------------
---------------------------------
| rollout/           |          |
|    ep_len_mean     | 412      |
|    ep_rew_mean     | 562      |
| time/              |          |
|    episodes        | 3304     |
|    fps             | 2125     |
|    time_elapsed    | 4439     |
|    total_timesteps | 9434800  |
| train/             |          |
|    actor_loss      | -0.523   |
|    critic_loss     | 0.00023  |
|    ent_coef        | 0.000234 |
|    ent_coef_loss   | 3.58     |
|    learning_rate   | 0.0003   |
|    n_updates       | 589612   |
---------------------------------
---------------------------------
| rollout/           |          |
|    ep_len_mean     | 404      |
|    ep_rew_mean     | 515      |
| time/              |          |
|    episodes        | 3308     |
|    fps             | 2125     |
|    time_elapsed    | 4442     |
|    total_timesteps | 9441824  |
| train/             |          |
|    actor_loss      | -0.528   |
|    critic_loss     | 0.0106   |
|    ent_coef        | 0.000238 |
|    ent_coef_loss   | -1.04    |
|    learning_rate   | 0.0003   |
|    n_updates       | 590051   |
---------------------------------
---------------------------------
| rollout/           |          |
|    ep_len_mean     | 451      |
|    ep_rew_mean     | 545      |
| time/              |          |
|    episodes        | 3312     |
|    fps             | 2125     |
|    time_elapsed    | 4444     |
|    total_timesteps | 9445040  |
| train/             |          |
|    actor_loss      | -0.546   |
|    critic_loss     | 0.000284 |
|    ent_coef        | 0.000237 |
|    ent_coef_loss   | 1.32     |
|    learning_rate   | 0.0003   |
|    n_updates       | 590252   |
---------------------------------
---------------------------------
| rollout/           |          |
|    ep_len_mean     | 634      |
|    ep_rew_mean     | 929      |
| time/              |          |
|    episodes        | 3316     |
|    fps             | 2125     |
|    time_elapsed    | 4452     |
|    total_timesteps | 9461520  |
| train/             |          |
|    actor_loss      | -0.48    |
|    critic_loss     | 0.000963 |
|    ent_coef        | 0.000235 |
|    ent_coef_loss   | 5.15     |
|    learning_rate   | 0.0003   |
|    n_updates       | 591282   |
---------------------------------
---------------------------------
| rollout/           |          |
|    ep_len_mean     | 875      |
|    ep_rew_mean     | 934      |
| time/              |          |
|    episodes        | 3320     |
|    fps             | 2125     |
|    time_elapsed    | 4495     |
|    total_timesteps | 9554000  |
| train/             |          |
|    actor_loss      | -0.523   |
|    critic_loss     | 0.000778 |
|    ent_coef        | 0.000228 |
|    ent_coef_loss   | -2.12    |
|    learning_rate   | 0.0003   |
|    n_updates       | 597062   |
---------------------------------
---------------------------------
| rollout/           |          |
|    ep_len_mean     | 1.07e+03 |
|    ep_rew_mean     | 886      |
| time/              |          |
|    episodes        | 3324     |
|    fps             | 2125     |
|    time_elapsed    | 4496     |
|    total_timesteps | 9556416  |
| train/             |          |
|    actor_loss      | -0.468   |
|    critic_loss     | 0.000917 |
|    ent_coef        | 0.00023  |
|    ent_coef_loss   | -0.108   |
|    learning_rate   | 0.0003   |
|    n_updates       | 597213   |
---------------------------------
---------------------------------
| rollout/           |          |
|    ep_len_mean     | 1.29e+03 |
|    ep_rew_mean     | 1.01e+03 |
| time/              |          |
|    episodes        | 3328     |
|    fps             | 2125     |
|    time_elapsed    | 4508     |
|    total_timesteps | 9581696  |
| train/             |          |
|    actor_loss      | -0.526   |
|    critic_loss     | 0.000534 |
|    ent_coef        | 0.000235 |
|    ent_coef_loss   | -0.529   |
|    learning_rate   | 0.0003   |
|    n_updates       | 598793   |
---------------------------------
---------------------------------
| rollout/           |          |
|    ep_len_mean     | 1.67e+03 |
|    ep_rew_mean     | 1.01e+03 |
| time/              |          |
|    episodes        | 3332     |
|    fps             | 2125     |
|    time_elapsed    | 4512     |
|    total_timesteps | 9589984  |
| train/             |          |
|    actor_loss      | -0.469   |
|    critic_loss     | 0.000319 |
|    ent_coef        | 0.000246 |
|    ent_coef_loss   | -0.384   |
|    learning_rate   | 0.0003   |
|    n_updates       | 599311   |
---------------------------------
---------------------------------
| rollout/           |          |
|    ep_len_mean     | 1.83e+03 |
|    ep_rew_mean     | 1.1e+03  |
| time/              |          |
|    episodes        | 3336     |
|    fps             | 2125     |
|    time_elapsed    | 4519     |
|    total_timesteps | 9605056  |
| train/             |          |
|    actor_loss      | -0.513   |
|    critic_loss     | 0.000266 |
|    ent_coef        | 0.00023  |
|    ent_coef_loss   | 0.639    |
|    learning_rate   | 0.0003   |
|    n_updates       | 600253   |
---------------------------------
---------------------------------
| rollout/           |          |
|    ep_len_mean     | 2.1e+03  |
|    ep_rew_mean     | 1.41e+03 |
| time/              |          |
|    episodes        | 3340     |
|    fps             | 2125     |
|    time_elapsed    | 4536     |
|    total_timesteps | 9640976  |
| train/             |          |
|    actor_loss      | -0.521   |
|    critic_loss     | 0.000459 |
|    ent_coef        | 0.000227 |
|    ent_coef_loss   | 2.49     |
|    learning_rate   | 0.0003   |
|    n_updates       | 602498   |
---------------------------------
---------------------------------
| rollout/           |          |
|    ep_len_mean     | 2.2e+03  |
|    ep_rew_mean     | 1.47e+03 |
| time/              |          |
|    episodes        | 3344     |
|    fps             | 2125     |
|    time_elapsed    | 4539     |
|    total_timesteps | 9647440  |
| train/             |          |
|    actor_loss      | -0.501   |
|    critic_loss     | 0.000769 |
|    ent_coef        | 0.000239 |
|    ent_coef_loss   | 0.347    |
|    learning_rate   | 0.0003   |
|    n_updates       | 602902   |
---------------------------------
---------------------------------
| rollout/           |          |
|    ep_len_mean     | 2.28e+03 |
|    ep_rew_mean     | 1.62e+03 |
| time/              |          |
|    episodes        | 3348     |
|    fps             | 2125     |
|    time_elapsed    | 4541     |
|    total_timesteps | 9652304  |
| train/             |          |
|    actor_loss      | -0.473   |
|    critic_loss     | 0.000226 |
|    ent_coef        | 0.000248 |
|    ent_coef_loss   | -0.365   |
|    learning_rate   | 0.0003   |
|    n_updates       | 603206   |
---------------------------------
---------------------------------
| rollout/           |          |
|    ep_len_mean     | 2.48e+03 |
|    ep_rew_mean     | 1.91e+03 |
| time/              |          |
|    episodes        | 3352     |
|    fps             | 2125     |
|    time_elapsed    | 4546     |
|    total_timesteps | 9660944  |
| train/             |          |
|    actor_loss      | -0.529   |
|    critic_loss     | 0.000333 |
|    ent_coef        | 0.000229 |
|    ent_coef_loss   | 0.611    |
|    learning_rate   | 0.0003   |
|    n_updates       | 603746   |
---------------------------------
---------------------------------
| rollout/           |          |
|    ep_len_mean     | 2.58e+03 |
|    ep_rew_mean     | 2.01e+03 |
| time/              |          |
|    episodes        | 3356     |
|    fps             | 2125     |
|    time_elapsed    | 4558     |
|    total_timesteps | 9688000  |
| train/             |          |
|    actor_loss      | -0.498   |
|    critic_loss     | 0.000159 |
|    ent_coef        | 0.000235 |
|    ent_coef_loss   | -1.91    |
|    learning_rate   | 0.0003   |
|    n_updates       | 605437   |
---------------------------------
---------------------------------
| rollout/           |          |
|    ep_len_mean     | 2.64e+03 |
|    ep_rew_mean     | 2.04e+03 |
| time/              |          |
|    episodes        | 3360     |
|    fps             | 2125     |
|    time_elapsed    | 4560     |
|    total_timesteps | 9692656  |
| train/             |          |
|    actor_loss      | -0.54    |
|    critic_loss     | 0.000784 |
|    ent_coef        | 0.000228 |
|    ent_coef_loss   | -3.15    |
|    learning_rate   | 0.0003   |
|    n_updates       | 605728   |
---------------------------------
---------------------------------
| rollout/           |          |
|    ep_len_mean     | 2.67e+03 |
|    ep_rew_mean     | 2.07e+03 |
| time/              |          |
|    episodes        | 3364     |
|    fps             | 2125     |
|    time_elapsed    | 4564     |
|    total_timesteps | 9701024  |
| train/             |          |
|    actor_loss      | -0.543   |
|    critic_loss     | 0.000225 |
|    ent_coef        | 0.000216 |
|    ent_coef_loss   | -2.69    |
|    learning_rate   | 0.0003   |
|    n_updates       | 606251   |
---------------------------------
---------------------------------
| rollout/           |          |
|    ep_len_mean     | 2.84e+03 |
|    ep_rew_mean     | 2.16e+03 |
| time/              |          |
|    episodes        | 3368     |
|    fps             | 2125     |
|    time_elapsed    | 4567     |
|    total_timesteps | 9706160  |
| train/             |          |
|    actor_loss      | -0.476   |
|    critic_loss     | 0.000969 |
|    ent_coef        | 0.000216 |
|    ent_coef_loss   | 1.79     |
|    learning_rate   | 0.0003   |
|    n_updates       | 606572   |
---------------------------------
---------------------------------
| rollout/           |          |
|    ep_len_mean     | 3.12e+03 |
|    ep_rew_mean     | 2.38e+03 |
| time/              |          |
|    episodes        | 3372     |
|    fps             | 2125     |
|    time_elapsed    | 4585     |
|    total_timesteps | 9745776  |
| train/             |          |
|    actor_loss      | -0.502   |
|    critic_loss     | 0.000623 |
|    ent_coef        | 0.000215 |
|    ent_coef_loss   | -0.985   |
|    learning_rate   | 0.0003   |
|    n_updates       | 609048   |
---------------------------------
---------------------------------
| rollout/           |          |
|    ep_len_mean     | 3.3e+03  |
|    ep_rew_mean     | 2.57e+03 |
| time/              |          |
|    episodes        | 3376     |
|    fps             | 2125     |
|    time_elapsed    | 4598     |
|    total_timesteps | 9773088  |
| train/             |          |
|    actor_loss      | -0.523   |
|    critic_loss     | 0.000513 |
|    ent_coef        | 0.000216 |
|    ent_coef_loss   | -1.15    |
|    learning_rate   | 0.0003   |
|    n_updates       | 610755   |
---------------------------------
---------------------------------
| rollout/           |          |
|    ep_len_mean     | 3.4e+03  |
|    ep_rew_mean     | 2.7e+03  |
| time/              |          |
|    episodes        | 3380     |
|    fps             | 2125     |
|    time_elapsed    | 4603     |
|    total_timesteps | 9782816  |
| train/             |          |
|    actor_loss      | -0.456   |
|    critic_loss     | 0.000188 |
|    ent_coef        | 0.000234 |
|    ent_coef_loss   | 0.969    |
|    learning_rate   | 0.0003   |
|    n_updates       | 611363   |
---------------------------------
---------------------------------
| rollout/           |          |
|    ep_len_mean     | 3.51e+03 |
|    ep_rew_mean     | 2.83e+03 |
| time/              |          |
|    episodes        | 3384     |
|    fps             | 2125     |
|    time_elapsed    | 4604     |
|    total_timesteps | 9784944  |
| train/             |          |
|    actor_loss      | -0.448   |
|    critic_loss     | 0.000585 |
|    ent_coef        | 0.000233 |
|    ent_coef_loss   | 3.59     |
|    learning_rate   | 0.0003   |
|    n_updates       | 611496   |
---------------------------------
---------------------------------
| rollout/           |          |
|    ep_len_mean     | 3.6e+03  |
|    ep_rew_mean     | 2.92e+03 |
| time/              |          |
|    episodes        | 3388     |
|    fps             | 2125     |
|    time_elapsed    | 4606     |
|    total_timesteps | 9789792  |
| train/             |          |
|    actor_loss      | -0.526   |
|    critic_loss     | 0.000322 |
|    ent_coef        | 0.000233 |
|    ent_coef_loss   | -3.09    |
|    learning_rate   | 0.0003   |
|    n_updates       | 611799   |
---------------------------------
---------------------------------
| rollout/           |          |
|    ep_len_mean     | 3.69e+03 |
|    ep_rew_mean     | 3.01e+03 |
| time/              |          |
|    episodes        | 3392     |
|    fps             | 2125     |
|    time_elapsed    | 4613     |
|    total_timesteps | 9803440  |
| train/             |          |
|    actor_loss      | -0.501   |
|    critic_loss     | 0.000239 |
|    ent_coef        | 0.000258 |
|    ent_coef_loss   | -2.14    |
|    learning_rate   | 0.0003   |
|    n_updates       | 612652   |
---------------------------------
---------------------------------
| rollout/           |          |
|    ep_len_mean     | 3.74e+03 |
|    ep_rew_mean     | 3.04e+03 |
| time/              |          |
|    episodes        | 3396     |
|    fps             | 2125     |
|    time_elapsed    | 4614     |
|    total_timesteps | 9807472  |
| train/             |          |
|    actor_loss      | -0.433   |
|    critic_loss     | 0.000443 |
|    ent_coef        | 0.00024  |
|    ent_coef_loss   | -0.733   |
|    learning_rate   | 0.0003   |
|    n_updates       | 612904   |
---------------------------------
---------------------------------
| rollout/           |          |
|    ep_len_mean     | 4.03e+03 |
|    ep_rew_mean     | 3.08e+03 |
| time/              |          |
|    episodes        | 3400     |
|    fps             | 2125     |
|    time_elapsed    | 4621     |
|    total_timesteps | 9822096  |
| train/             |          |
|    actor_loss      | -0.458   |
|    critic_loss     | 0.000312 |
|    ent_coef        | 0.000235 |
|    ent_coef_loss   | 0.944    |
|    learning_rate   | 0.0003   |
|    n_updates       | 613818   |
---------------------------------
---------------------------------
| rollout/           |          |
|    ep_len_mean     | 4.13e+03 |
|    ep_rew_mean     | 3.1e+03  |
| time/              |          |
|    episodes        | 3404     |
|    fps             | 2125     |
|    time_elapsed    | 4623     |
|    total_timesteps | 9825792  |
| train/             |          |
|    actor_loss      | -0.46    |
|    critic_loss     | 0.000628 |
|    ent_coef        | 0.000232 |
|    ent_coef_loss   | 0.0517   |
|    learning_rate   | 0.0003   |
|    n_updates       | 614049   |
---------------------------------
---------------------------------
| rollout/           |          |
|    ep_len_mean     | 4.15e+03 |
|    ep_rew_mean     | 3.09e+03 |
| time/              |          |
|    episodes        | 3408     |
|    fps             | 2125     |
|    time_elapsed    | 4630     |
|    total_timesteps | 9841232  |
| train/             |          |
|    actor_loss      | -0.518   |
|    critic_loss     | 0.00029  |
|    ent_coef        | 0.000257 |
|    ent_coef_loss   | -1.76    |
|    learning_rate   | 0.0003   |
|    n_updates       | 615014   |
---------------------------------
---------------------------------
| rollout/           |          |
|    ep_len_mean     | 4.17e+03 |
|    ep_rew_mean     | 3.16e+03 |
| time/              |          |
|    episodes        | 3412     |
|    fps             | 2125     |
|    time_elapsed    | 4636     |
|    total_timesteps | 9853968  |
| train/             |          |
|    actor_loss      | -0.492   |
|    critic_loss     | 0.000517 |
|    ent_coef        | 0.000245 |
|    ent_coef_loss   | 0.515    |
|    learning_rate   | 0.0003   |
|    n_updates       | 615810   |
---------------------------------
---------------------------------
| rollout/           |          |
|    ep_len_mean     | 4.19e+03 |
|    ep_rew_mean     | 3.01e+03 |
| time/              |          |
|    episodes        | 3416     |
|    fps             | 2124     |
|    time_elapsed    | 4663     |
|    total_timesteps | 9908672  |
| train/             |          |
|    actor_loss      | -0.565   |
|    critic_loss     | 0.000208 |
|    ent_coef        | 0.000225 |
|    ent_coef_loss   | -0.21    |
|    learning_rate   | 0.0003   |
|    n_updates       | 619229   |
---------------------------------
---------------------------------
| rollout/           |          |
|    ep_len_mean     | 4.09e+03 |
|    ep_rew_mean     | 3.17e+03 |
| time/              |          |
|    episodes        | 3420     |
|    fps             | 2124     |
|    time_elapsed    | 4668     |
|    total_timesteps | 9920928  |
| train/             |          |
|    actor_loss      | -0.492   |
|    critic_loss     | 0.000297 |
|    ent_coef        | 0.000231 |
|    ent_coef_loss   | -1.09    |
|    learning_rate   | 0.0003   |
|    n_updates       | 619995   |
---------------------------------
---------------------------------
| rollout/           |          |
|    ep_len_mean     | 4.07e+03 |
|    ep_rew_mean     | 3.36e+03 |
| time/              |          |
|    episodes        | 3424     |
|    fps             | 2124     |
|    time_elapsed    | 4673     |
|    total_timesteps | 9930192  |
| train/             |          |
|    actor_loss      | -0.581   |
|    critic_loss     | 0.000391 |
|    ent_coef        | 0.000225 |
|    ent_coef_loss   | -3.75    |
|    learning_rate   | 0.0003   |
|    n_updates       | 620574   |
---------------------------------
---------------------------------
| rollout/           |          |
|    ep_len_mean     | 4.09e+03 |
|    ep_rew_mean     | 3.44e+03 |
| time/              |          |
|    episodes        | 3428     |
|    fps             | 2124     |
|    time_elapsed    | 4685     |
|    total_timesteps | 9955696  |
| train/             |          |
|    actor_loss      | -0.482   |
|    critic_loss     | 0.000193 |
|    ent_coef        | 0.000209 |
|    ent_coef_loss   | -1.51    |
|    learning_rate   | 0.0003   |
|    n_updates       | 622168   |
---------------------------------
---------------------------------
| rollout/           |          |
|    ep_len_mean     | 3.83e+03 |
|    ep_rew_mean     | 3.57e+03 |
| time/              |          |
|    episodes        | 3432     |
|    fps             | 2124     |
|    time_elapsed    | 4699     |
|    total_timesteps | 9985760  |
| train/             |          |
|    actor_loss      | -0.447   |
|    critic_loss     | 0.000151 |
|    ent_coef        | 0.000221 |
|    ent_coef_loss   | -1.1     |
|    learning_rate   | 0.0003   |
|    n_updates       | 624047   |
---------------------------------
---------------------------------
| rollout/           |          |
|    ep_len_mean     | 3.84e+03 |
|    ep_rew_mean     | 3.63e+03 |
| time/              |          |
|    episodes        | 3436     |
|    fps             | 2124     |
|    time_elapsed    | 4702     |
|    total_timesteps | 9991344  |
| train/             |          |
|    actor_loss      | -0.499   |
|    critic_loss     | 0.000174 |
|    ent_coef        | 0.000215 |
|    ent_coef_loss   | -0.356   |
|    learning_rate   | 0.0003   |
|    n_updates       | 624396   |
---------------------------------
--> [Worker 5] Attempting to load FlightEnvironment from .so file...
--> [Worker 5] FlightEnvironment loaded successfully!
--> [Worker 6] Attempting to load FlightEnvironment from .so file...
--> [Worker 6] FlightEnvironment loaded successfully!
--> [Worker 3] Attempting to load FlightEnvironment from .so file...
--> [Worker 3] FlightEnvironment loaded successfully!
--> [Worker 9] Attempting to load FlightEnvironment from .so file...
--> [Worker 9] FlightEnvironment loaded successfully!
--> [Worker 1] Attempting to load FlightEnvironment from .so file...
--> [Worker 1] FlightEnvironment loaded successfully!
--> [Worker 0] Attempting to load FlightEnvironment from .so file...
--> [Worker 0] FlightEnvironment loaded successfully!
--> [Worker 13] Attempting to load FlightEnvironment from .so file...
--> [Worker 13] FlightEnvironment loaded successfully!
--> [Worker 2] Attempting to load FlightEnvironment from .so file...
--> [Worker 2] FlightEnvironment loaded successfully!
--> [Worker 11] Attempting to load FlightEnvironment from .so file...
--> [Worker 11] FlightEnvironment loaded successfully!
--> [Worker 4] Attempting to load FlightEnvironment from .so file...
--> [Worker 4] FlightEnvironment loaded successfully!
--> [Worker 14] Attempting to load FlightEnvironment from .so file...
--> [Worker 14] FlightEnvironment loaded successfully!
--> [Worker 15] Attempting to load FlightEnvironment from .so file...
--> [Worker 15] FlightEnvironment loaded successfully!
--> [Worker 8] Attempting to load FlightEnvironment from .so file...
--> [Worker 8] FlightEnvironment loaded successfully!
--> [Worker 10] Attempting to load FlightEnvironment from .so file...
--> [Worker 10] FlightEnvironment loaded successfully!
--> [Worker 12] Attempting to load FlightEnvironment from .so file...
--> [Worker 12] FlightEnvironment loaded successfully!
--> [Worker 7] Attempting to load FlightEnvironment from .so file...
--> [Worker 7] FlightEnvironment loaded successfully!
Training completed.
