/var/spool/torque/mom_priv/jobs/37794.vegabk.head.cm.vega.erau.edu.SC: line 36: source: /apps/spack/share: is a directory
Currently working in: /scratch/zubyka/RL_Thesis
Checking GPU allocation...
CUDA_VISIBLE_DEVICES: 0
Sat Feb 28 15:33:51 2026       
+---------------------------------------------------------------------------------------+
| NVIDIA-SMI 535.129.03             Driver Version: 535.129.03   CUDA Version: 12.2     |
|-----------------------------------------+----------------------+----------------------+
| GPU  Name                 Persistence-M | Bus-Id        Disp.A | Volatile Uncorr. ECC |
| Fan  Temp   Perf          Pwr:Usage/Cap |         Memory-Usage | GPU-Util  Compute M. |
|                                         |                      |               MIG M. |
|=========================================+======================+======================|
|   0  NVIDIA H100 PCIe               On  | 00000000:02:00.0 Off |                    0 |
| N/A   34C    P0              49W / 350W |     72MiB / 81559MiB |      0%      Default |
|                                         |                      |             Disabled |
+-----------------------------------------+----------------------+----------------------+
|   1  NVIDIA H100 PCIe               On  | 00000000:64:00.0 Off |                    0 |
| N/A   31C    P0              46W / 350W |     72MiB / 81559MiB |      0%      Default |
|                                         |                      |             Disabled |
+-----------------------------------------+----------------------+----------------------+
|   2  NVIDIA H100 PCIe               On  | 00000000:82:00.0 Off |                    0 |
| N/A   36C    P0              51W / 350W |     72MiB / 81559MiB |      0%      Default |
|                                         |                      |             Disabled |
+-----------------------------------------+----------------------+----------------------+
|   3  NVIDIA H100 PCIe               On  | 00000000:E3:00.0 Off |                    0 |
| N/A   34C    P0              45W / 350W |     72MiB / 81559MiB |      0%      Default |
|                                         |                      |             Disabled |
+-----------------------------------------+----------------------+----------------------+
                                                                                         
+---------------------------------------------------------------------------------------+
| Processes:                                                                            |
|  GPU   GI   CI        PID   Type   Process name                            GPU Memory |
|        ID   ID                                                             Usage      |
|=======================================================================================|
|    0   N/A  N/A   3839687      C   nvidia-cuda-mps-server                       60MiB |
|    1   N/A  N/A   3839687      C   nvidia-cuda-mps-server                       60MiB |
|    2   N/A  N/A   3839687      C   nvidia-cuda-mps-server                       60MiB |
|    3   N/A  N/A   3839687      C   nvidia-cuda-mps-server                       60MiB |
+---------------------------------------------------------------------------------------+
GPU check complete.
--- Starting Training Run: Feb28_15-33 ---
Using cuda device
Starting training...
Logging to /scratch/zubyka/RL_Thesis/logs/SAC_8
---------------------------------
| rollout/           |          |
|    ep_len_mean     | 76.8     |
|    ep_rew_mean     | 582      |
| time/              |          |
|    episodes        | 4        |
|    fps             | 2002     |
|    time_elapsed    | 0        |
|    total_timesteps | 1552     |
| train/             |          |
|    actor_loss      | -5.19    |
|    critic_loss     | 1.19     |
|    ent_coef        | 0.99     |
|    ent_coef_loss   | -0.0669  |
|    learning_rate   | 0.0003   |
|    n_updates       | 34       |
---------------------------------
---------------------------------
| rollout/           |          |
|    ep_len_mean     | 95.8     |
|    ep_rew_mean     | 639      |
| time/              |          |
|    episodes        | 8        |
|    fps             | 2088     |
|    time_elapsed    | 0        |
|    total_timesteps | 2016     |
| train/             |          |
|    actor_loss      | -5.36    |
|    critic_loss     | 0.334    |
|    ent_coef        | 0.982    |
|    ent_coef_loss   | -0.125   |
|    learning_rate   | 0.0003   |
|    n_updates       | 63       |
---------------------------------
---------------------------------
| rollout/           |          |
|    ep_len_mean     | 93.1     |
|    ep_rew_mean     | 506      |
| time/              |          |
|    episodes        | 12       |
|    fps             | 2186     |
|    time_elapsed    | 1        |
|    total_timesteps | 2800     |
| train/             |          |
|    actor_loss      | -5.92    |
|    critic_loss     | 0.265    |
|    ent_coef        | 0.967    |
|    ent_coef_loss   | -0.226   |
|    learning_rate   | 0.0003   |
|    n_updates       | 112      |
---------------------------------
---------------------------------
| rollout/           |          |
|    ep_len_mean     | 114      |
|    ep_rew_mean     | 552      |
| time/              |          |
|    episodes        | 16       |
|    fps             | 2228     |
|    time_elapsed    | 1        |
|    total_timesteps | 3360     |
| train/             |          |
|    actor_loss      | -6.2     |
|    critic_loss     | 0.318    |
|    ent_coef        | 0.957    |
|    ent_coef_loss   | -0.296   |
|    learning_rate   | 0.0003   |
|    n_updates       | 147      |
---------------------------------
---------------------------------
| rollout/           |          |
|    ep_len_mean     | 119      |
|    ep_rew_mean     | 542      |
| time/              |          |
|    episodes        | 20       |
|    fps             | 2242     |
|    time_elapsed    | 1        |
|    total_timesteps | 3696     |
| train/             |          |
|    actor_loss      | -6.31    |
|    critic_loss     | 0.356    |
|    ent_coef        | 0.951    |
|    ent_coef_loss   | -0.337   |
|    learning_rate   | 0.0003   |
|    n_updates       | 168      |
---------------------------------
---------------------------------
| rollout/           |          |
|    ep_len_mean     | 124      |
|    ep_rew_mean     | 487      |
| time/              |          |
|    episodes        | 24       |
|    fps             | 2296     |
|    time_elapsed    | 2        |
|    total_timesteps | 4784     |
| train/             |          |
|    actor_loss      | -6.87    |
|    critic_loss     | 0.117    |
|    ent_coef        | 0.932    |
|    ent_coef_loss   | -0.473   |
|    learning_rate   | 0.0003   |
|    n_updates       | 236      |
---------------------------------
---------------------------------
| rollout/           |          |
|    ep_len_mean     | 141      |
|    ep_rew_mean     | 513      |
| time/              |          |
|    episodes        | 28       |
|    fps             | 2295     |
|    time_elapsed    | 2        |
|    total_timesteps | 5072     |
| train/             |          |
|    actor_loss      | -6.99    |
|    critic_loss     | 0.525    |
|    ent_coef        | 0.927    |
|    ent_coef_loss   | -0.509   |
|    learning_rate   | 0.0003   |
|    n_updates       | 254      |
---------------------------------
---------------------------------
| rollout/           |          |
|    ep_len_mean     | 148      |
|    ep_rew_mean     | 492      |
| time/              |          |
|    episodes        | 32       |
|    fps             | 2298     |
|    time_elapsed    | 2        |
|    total_timesteps | 6368     |
| train/             |          |
|    actor_loss      | -7.7     |
|    critic_loss     | 0.0852   |
|    ent_coef        | 0.905    |
|    ent_coef_loss   | -0.673   |
|    learning_rate   | 0.0003   |
|    n_updates       | 335      |
---------------------------------
---------------------------------
| rollout/           |          |
|    ep_len_mean     | 150      |
|    ep_rew_mean     | 471      |
| time/              |          |
|    episodes        | 36       |
|    fps             | 2287     |
|    time_elapsed    | 2        |
|    total_timesteps | 6688     |
| train/             |          |
|    actor_loss      | -7.85    |
|    critic_loss     | 0.254    |
|    ent_coef        | 0.899    |
|    ent_coef_loss   | -0.711   |
|    learning_rate   | 0.0003   |
|    n_updates       | 355      |
---------------------------------
---------------------------------
| rollout/           |          |
|    ep_len_mean     | 148      |
|    ep_rew_mean     | 439      |
| time/              |          |
|    episodes        | 40       |
|    fps             | 2275     |
|    time_elapsed    | 3        |
|    total_timesteps | 7872     |
| train/             |          |
|    actor_loss      | -8.5     |
|    critic_loss     | 0.0994   |
|    ent_coef        | 0.879    |
|    ent_coef_loss   | -0.864   |
|    learning_rate   | 0.0003   |
|    n_updates       | 429      |
---------------------------------
---------------------------------
| rollout/           |          |
|    ep_len_mean     | 154      |
|    ep_rew_mean     | 429      |
| time/              |          |
|    episodes        | 44       |
|    fps             | 2260     |
|    time_elapsed    | 4        |
|    total_timesteps | 9424     |
| train/             |          |
|    actor_loss      | -9.27    |
|    critic_loss     | 0.506    |
|    ent_coef        | 0.854    |
|    ent_coef_loss   | -1.06    |
|    learning_rate   | 0.0003   |
|    n_updates       | 526      |
---------------------------------
---------------------------------
| rollout/           |          |
|    ep_len_mean     | 157      |
|    ep_rew_mean     | 423      |
| time/              |          |
|    episodes        | 48       |
|    fps             | 2253     |
|    time_elapsed    | 4        |
|    total_timesteps | 10912    |
| train/             |          |
|    actor_loss      | -10      |
|    critic_loss     | 0.464    |
|    ent_coef        | 0.831    |
|    ent_coef_loss   | -1.24    |
|    learning_rate   | 0.0003   |
|    n_updates       | 619      |
---------------------------------
---------------------------------
| rollout/           |          |
|    ep_len_mean     | 171      |
|    ep_rew_mean     | 440      |
| time/              |          |
|    episodes        | 52       |
|    fps             | 2250     |
|    time_elapsed    | 5        |
|    total_timesteps | 11728    |
| train/             |          |
|    actor_loss      | -10.5    |
|    critic_loss     | 0.409    |
|    ent_coef        | 0.818    |
|    ent_coef_loss   | -1.35    |
|    learning_rate   | 0.0003   |
|    n_updates       | 670      |
---------------------------------
---------------------------------
| rollout/           |          |
|    ep_len_mean     | 169      |
|    ep_rew_mean     | 426      |
| time/              |          |
|    episodes        | 56       |
|    fps             | 2237     |
|    time_elapsed    | 5        |
|    total_timesteps | 13328    |
| train/             |          |
|    actor_loss      | -11.2    |
|    critic_loss     | 0.0849   |
|    ent_coef        | 0.794    |
|    ent_coef_loss   | -1.56    |
|    learning_rate   | 0.0003   |
|    n_updates       | 770      |
---------------------------------
---------------------------------
| rollout/           |          |
|    ep_len_mean     | 180      |
|    ep_rew_mean     | 441      |
| time/              |          |
|    episodes        | 60       |
|    fps             | 2227     |
|    time_elapsed    | 6        |
|    total_timesteps | 13776    |
| train/             |          |
|    actor_loss      | -11.4    |
|    critic_loss     | 0.851    |
|    ent_coef        | 0.787    |
|    ent_coef_loss   | -1.61    |
|    learning_rate   | 0.0003   |
|    n_updates       | 798      |
---------------------------------
---------------------------------
| rollout/           |          |
|    ep_len_mean     | 178      |
|    ep_rew_mean     | 425      |
| time/              |          |
|    episodes        | 64       |
|    fps             | 2223     |
|    time_elapsed    | 6        |
|    total_timesteps | 14480    |
| train/             |          |
|    actor_loss      | -11.6    |
|    critic_loss     | 0.473    |
|    ent_coef        | 0.777    |
|    ent_coef_loss   | -1.7     |
|    learning_rate   | 0.0003   |
|    n_updates       | 842      |
---------------------------------
---------------------------------
| rollout/           |          |
|    ep_len_mean     | 177      |
|    ep_rew_mean     | 415      |
| time/              |          |
|    episodes        | 68       |
|    fps             | 2217     |
|    time_elapsed    | 7        |
|    total_timesteps | 15920    |
| train/             |          |
|    actor_loss      | -12.3    |
|    critic_loss     | 0.0769   |
|    ent_coef        | 0.756    |
|    ent_coef_loss   | -1.87    |
|    learning_rate   | 0.0003   |
|    n_updates       | 932      |
---------------------------------
---------------------------------
| rollout/           |          |
|    ep_len_mean     | 190      |
|    ep_rew_mean     | 438      |
| time/              |          |
|    episodes        | 72       |
|    fps             | 2215     |
|    time_elapsed    | 7        |
|    total_timesteps | 16304    |
| train/             |          |
|    actor_loss      | -12.5    |
|    critic_loss     | 0.386    |
|    ent_coef        | 0.751    |
|    ent_coef_loss   | -1.92    |
|    learning_rate   | 0.0003   |
|    n_updates       | 956      |
---------------------------------
---------------------------------
| rollout/           |          |
|    ep_len_mean     | 197      |
|    ep_rew_mean     | 448      |
| time/              |          |
|    episodes        | 76       |
|    fps             | 2215     |
|    time_elapsed    | 8        |
|    total_timesteps | 17936    |
| train/             |          |
|    actor_loss      | -13.2    |
|    critic_loss     | 1.03     |
|    ent_coef        | 0.728    |
|    ent_coef_loss   | -2.13    |
|    learning_rate   | 0.0003   |
|    n_updates       | 1058     |
---------------------------------
---------------------------------
| rollout/           |          |
|    ep_len_mean     | 201      |
|    ep_rew_mean     | 446      |
| time/              |          |
|    episodes        | 80       |
|    fps             | 2213     |
|    time_elapsed    | 8        |
|    total_timesteps | 18848    |
| train/             |          |
|    actor_loss      | -13.6    |
|    critic_loss     | 0.969    |
|    ent_coef        | 0.716    |
|    ent_coef_loss   | -2.25    |
|    learning_rate   | 0.0003   |
|    n_updates       | 1115     |
---------------------------------
---------------------------------
| rollout/           |          |
|    ep_len_mean     | 201      |
|    ep_rew_mean     | 441      |
| time/              |          |
|    episodes        | 84       |
|    fps             | 2208     |
|    time_elapsed    | 8        |
|    total_timesteps | 19760    |
| train/             |          |
|    actor_loss      | -14      |
|    critic_loss     | 0.84     |
|    ent_coef        | 0.704    |
|    ent_coef_loss   | -2.36    |
|    learning_rate   | 0.0003   |
|    n_updates       | 1172     |
---------------------------------
---------------------------------
| rollout/           |          |
|    ep_len_mean     | 203      |
|    ep_rew_mean     | 435      |
| time/              |          |
|    episodes        | 88       |
|    fps             | 2199     |
|    time_elapsed    | 9        |
|    total_timesteps | 21056    |
| train/             |          |
|    actor_loss      | -14.7    |
|    critic_loss     | 0.0694   |
|    ent_coef        | 0.687    |
|    ent_coef_loss   | -2.53    |
|    learning_rate   | 0.0003   |
|    n_updates       | 1253     |
---------------------------------
---------------------------------
| rollout/           |          |
|    ep_len_mean     | 203      |
|    ep_rew_mean     | 428      |
| time/              |          |
|    episodes        | 92       |
|    fps             | 2194     |
|    time_elapsed    | 9        |
|    total_timesteps | 21696    |
| train/             |          |
|    actor_loss      | -14.8    |
|    critic_loss     | 1.29     |
|    ent_coef        | 0.679    |
|    ent_coef_loss   | -2.6     |
|    learning_rate   | 0.0003   |
|    n_updates       | 1293     |
---------------------------------
---------------------------------
| rollout/           |          |
|    ep_len_mean     | 204      |
|    ep_rew_mean     | 425      |
| time/              |          |
|    episodes        | 96       |
|    fps             | 2192     |
|    time_elapsed    | 10       |
|    total_timesteps | 23168    |
| train/             |          |
|    actor_loss      | -15.4    |
|    critic_loss     | 0.698    |
|    ent_coef        | 0.66     |
|    ent_coef_loss   | -2.79    |
|    learning_rate   | 0.0003   |
|    n_updates       | 1385     |
---------------------------------
---------------------------------
| rollout/           |          |
|    ep_len_mean     | 205      |
|    ep_rew_mean     | 425      |
| time/              |          |
|    episodes        | 100      |
|    fps             | 2193     |
|    time_elapsed    | 11       |
|    total_timesteps | 24720    |
| train/             |          |
|    actor_loss      | -15.9    |
|    critic_loss     | 0.123    |
|    ent_coef        | 0.641    |
|    ent_coef_loss   | -2.99    |
|    learning_rate   | 0.0003   |
|    n_updates       | 1482     |
---------------------------------
---------------------------------
| rollout/           |          |
|    ep_len_mean     | 216      |
|    ep_rew_mean     | 428      |
| time/              |          |
|    episodes        | 104      |
|    fps             | 2191     |
|    time_elapsed    | 11       |
|    total_timesteps | 25040    |
| train/             |          |
|    actor_loss      | -16.2    |
|    critic_loss     | 0.858    |
|    ent_coef        | 0.637    |
|    ent_coef_loss   | -3.02    |
|    learning_rate   | 0.0003   |
|    n_updates       | 1502     |
---------------------------------
---------------------------------
| rollout/           |          |
|    ep_len_mean     | 222      |
|    ep_rew_mean     | 418      |
| time/              |          |
|    episodes        | 108      |
|    fps             | 2191     |
|    time_elapsed    | 12       |
|    total_timesteps | 26816    |
| train/             |          |
|    actor_loss      | -16.7    |
|    critic_loss     | 2.25     |
|    ent_coef        | 0.616    |
|    ent_coef_loss   | -3.26    |
|    learning_rate   | 0.0003   |
|    n_updates       | 1613     |
---------------------------------
---------------------------------
| rollout/           |          |
|    ep_len_mean     | 230      |
|    ep_rew_mean     | 430      |
| time/              |          |
|    episodes        | 112      |
|    fps             | 2192     |
|    time_elapsed    | 12       |
|    total_timesteps | 28176    |
| train/             |          |
|    actor_loss      | -17.5    |
|    critic_loss     | 0.0641   |
|    ent_coef        | 0.601    |
|    ent_coef_loss   | -3.44    |
|    learning_rate   | 0.0003   |
|    n_updates       | 1698     |
---------------------------------
---------------------------------
| rollout/           |          |
|    ep_len_mean     | 232      |
|    ep_rew_mean     | 416      |
| time/              |          |
|    episodes        | 116      |
|    fps             | 2188     |
|    time_elapsed    | 13       |
|    total_timesteps | 29360    |
| train/             |          |
|    actor_loss      | -17.7    |
|    critic_loss     | 0.148    |
|    ent_coef        | 0.588    |
|    ent_coef_loss   | -3.57    |
|    learning_rate   | 0.0003   |
|    n_updates       | 1772     |
---------------------------------
---------------------------------
| rollout/           |          |
|    ep_len_mean     | 238      |
|    ep_rew_mean     | 417      |
| time/              |          |
|    episodes        | 120      |
|    fps             | 2189     |
|    time_elapsed    | 13       |
|    total_timesteps | 30320    |
| train/             |          |
|    actor_loss      | -18.1    |
|    critic_loss     | 0.0668   |
|    ent_coef        | 0.577    |
|    ent_coef_loss   | -3.7     |
|    learning_rate   | 0.0003   |
|    n_updates       | 1832     |
---------------------------------
---------------------------------
| rollout/           |          |
|    ep_len_mean     | 244      |
|    ep_rew_mean     | 424      |
| time/              |          |
|    episodes        | 124      |
|    fps             | 2184     |
|    time_elapsed    | 14       |
|    total_timesteps | 31968    |
| train/             |          |
|    actor_loss      | -18.5    |
|    critic_loss     | 0.192    |
|    ent_coef        | 0.56     |
|    ent_coef_loss   | -3.91    |
|    learning_rate   | 0.0003   |
|    n_updates       | 1935     |
---------------------------------
---------------------------------
| rollout/           |          |
|    ep_len_mean     | 258      |
|    ep_rew_mean     | 406      |
| time/              |          |
|    episodes        | 128      |
|    fps             | 2180     |
|    time_elapsed    | 15       |
|    total_timesteps | 33328    |
| train/             |          |
|    actor_loss      | -18.9    |
|    critic_loss     | 0.87     |
|    ent_coef        | 0.546    |
|    ent_coef_loss   | -4.08    |
|    learning_rate   | 0.0003   |
|    n_updates       | 2020     |
---------------------------------
---------------------------------
| rollout/           |          |
|    ep_len_mean     | 262      |
|    ep_rew_mean     | 412      |
| time/              |          |
|    episodes        | 132      |
|    fps             | 2175     |
|    time_elapsed    | 16       |
|    total_timesteps | 35472    |
| train/             |          |
|    actor_loss      | -19.8    |
|    critic_loss     | 0.11     |
|    ent_coef        | 0.524    |
|    ent_coef_loss   | -4.34    |
|    learning_rate   | 0.0003   |
|    n_updates       | 2154     |
---------------------------------
---------------------------------
| rollout/           |          |
|    ep_len_mean     | 268      |
|    ep_rew_mean     | 416      |
| time/              |          |
|    episodes        | 136      |
|    fps             | 2172     |
|    time_elapsed    | 16       |
|    total_timesteps | 36608    |
| train/             |          |
|    actor_loss      | -20.1    |
|    critic_loss     | 1.16     |
|    ent_coef        | 0.513    |
|    ent_coef_loss   | -4.5     |
|    learning_rate   | 0.0003   |
|    n_updates       | 2225     |
---------------------------------
---------------------------------
| rollout/           |          |
|    ep_len_mean     | 272      |
|    ep_rew_mean     | 421      |
| time/              |          |
|    episodes        | 140      |
|    fps             | 2171     |
|    time_elapsed    | 18       |
|    total_timesteps | 39152    |
| train/             |          |
|    actor_loss      | -20.6    |
|    critic_loss     | 0.986    |
|    ent_coef        | 0.489    |
|    ent_coef_loss   | -4.8     |
|    learning_rate   | 0.0003   |
|    n_updates       | 2384     |
---------------------------------
---------------------------------
| rollout/           |          |
|    ep_len_mean     | 281      |
|    ep_rew_mean     | 435      |
| time/              |          |
|    episodes        | 144      |
|    fps             | 2168     |
|    time_elapsed    | 18       |
|    total_timesteps | 40352    |
| train/             |          |
|    actor_loss      | -21      |
|    critic_loss     | 1.52     |
|    ent_coef        | 0.478    |
|    ent_coef_loss   | -4.95    |
|    learning_rate   | 0.0003   |
|    n_updates       | 2459     |
---------------------------------
---------------------------------
| rollout/           |          |
|    ep_len_mean     | 285      |
|    ep_rew_mean     | 438      |
| time/              |          |
|    episodes        | 148      |
|    fps             | 2164     |
|    time_elapsed    | 19       |
|    total_timesteps | 41552    |
| train/             |          |
|    actor_loss      | -21.1    |
|    critic_loss     | 0.149    |
|    ent_coef        | 0.468    |
|    ent_coef_loss   | -5.09    |
|    learning_rate   | 0.0003   |
|    n_updates       | 2534     |
---------------------------------
---------------------------------
| rollout/           |          |
|    ep_len_mean     | 285      |
|    ep_rew_mean     | 434      |
| time/              |          |
|    episodes        | 152      |
|    fps             | 2163     |
|    time_elapsed    | 20       |
|    total_timesteps | 43872    |
| train/             |          |
|    actor_loss      | -21.8    |
|    critic_loss     | 0.292    |
|    ent_coef        | 0.448    |
|    ent_coef_loss   | -5.39    |
|    learning_rate   | 0.0003   |
|    n_updates       | 2679     |
---------------------------------
---------------------------------
| rollout/           |          |
|    ep_len_mean     | 288      |
|    ep_rew_mean     | 437      |
| time/              |          |
|    episodes        | 156      |
|    fps             | 2160     |
|    time_elapsed    | 21       |
|    total_timesteps | 45552    |
| train/             |          |
|    actor_loss      | -22.1    |
|    critic_loss     | 1.14     |
|    ent_coef        | 0.434    |
|    ent_coef_loss   | -5.6     |
|    learning_rate   | 0.0003   |
|    n_updates       | 2784     |
---------------------------------
---------------------------------
| rollout/           |          |
|    ep_len_mean     | 284      |
|    ep_rew_mean     | 426      |
| time/              |          |
|    episodes        | 160      |
|    fps             | 2160     |
|    time_elapsed    | 21       |
|    total_timesteps | 47248    |
| train/             |          |
|    actor_loss      | -22.4    |
|    critic_loss     | 1.56     |
|    ent_coef        | 0.42     |
|    ent_coef_loss   | -5.81    |
|    learning_rate   | 0.0003   |
|    n_updates       | 2890     |
---------------------------------
---------------------------------
| rollout/           |          |
|    ep_len_mean     | 305      |
|    ep_rew_mean     | 457      |
| time/              |          |
|    episodes        | 164      |
|    fps             | 2158     |
|    time_elapsed    | 23       |
|    total_timesteps | 50864    |
| train/             |          |
|    actor_loss      | -23      |
|    critic_loss     | 3.23     |
|    ent_coef        | 0.393    |
|    ent_coef_loss   | -6.26    |
|    learning_rate   | 0.0003   |
|    n_updates       | 3116     |
---------------------------------
---------------------------------
| rollout/           |          |
|    ep_len_mean     | 330      |
|    ep_rew_mean     | 498      |
| time/              |          |
|    episodes        | 168      |
|    fps             | 2157     |
|    time_elapsed    | 23       |
|    total_timesteps | 51360    |
| train/             |          |
|    actor_loss      | -23.5    |
|    critic_loss     | 0.0861   |
|    ent_coef        | 0.389    |
|    ent_coef_loss   | -6.34    |
|    learning_rate   | 0.0003   |
|    n_updates       | 3147     |
---------------------------------
---------------------------------
| rollout/           |          |
|    ep_len_mean     | 337      |
|    ep_rew_mean     | 505      |
| time/              |          |
|    episodes        | 172      |
|    fps             | 2156     |
|    time_elapsed    | 25       |
|    total_timesteps | 54496    |
| train/             |          |
|    actor_loss      | -23.7    |
|    critic_loss     | 3.87     |
|    ent_coef        | 0.367    |
|    ent_coef_loss   | -6.73    |
|    learning_rate   | 0.0003   |
|    n_updates       | 3343     |
---------------------------------
---------------------------------
| rollout/           |          |
|    ep_len_mean     | 357      |
|    ep_rew_mean     | 522      |
| time/              |          |
|    episodes        | 176      |
|    fps             | 2154     |
|    time_elapsed    | 26       |
|    total_timesteps | 58160    |
| train/             |          |
|    actor_loss      | -24.2    |
|    critic_loss     | 1.71     |
|    ent_coef        | 0.343    |
|    ent_coef_loss   | -7.17    |
|    learning_rate   | 0.0003   |
|    n_updates       | 3572     |
---------------------------------
---------------------------------
| rollout/           |          |
|    ep_len_mean     | 362      |
|    ep_rew_mean     | 524      |
| time/              |          |
|    episodes        | 180      |
|    fps             | 2155     |
|    time_elapsed    | 27       |
|    total_timesteps | 60192    |
| train/             |          |
|    actor_loss      | -24.3    |
|    critic_loss     | 1.22     |
|    ent_coef        | 0.33     |
|    ent_coef_loss   | -7.44    |
|    learning_rate   | 0.0003   |
|    n_updates       | 3699     |
---------------------------------
---------------------------------
| rollout/           |          |
|    ep_len_mean     | 380      |
|    ep_rew_mean     | 554      |
| time/              |          |
|    episodes        | 184      |
|    fps             | 2154     |
|    time_elapsed    | 29       |
|    total_timesteps | 62640    |
| train/             |          |
|    actor_loss      | -25      |
|    critic_loss     | 0.455    |
|    ent_coef        | 0.315    |
|    ent_coef_loss   | -7.66    |
|    learning_rate   | 0.0003   |
|    n_updates       | 3852     |
---------------------------------
---------------------------------
| rollout/           |          |
|    ep_len_mean     | 398      |
|    ep_rew_mean     | 593      |
| time/              |          |
|    episodes        | 188      |
|    fps             | 2154     |
|    time_elapsed    | 32       |
|    total_timesteps | 69760    |
| train/             |          |
|    actor_loss      | -25.4    |
|    critic_loss     | 0.956    |
|    ent_coef        | 0.276    |
|    ent_coef_loss   | -8.59    |
|    learning_rate   | 0.0003   |
|    n_updates       | 4297     |
---------------------------------
---------------------------------
| rollout/           |          |
|    ep_len_mean     | 426      |
|    ep_rew_mean     | 610      |
| time/              |          |
|    episodes        | 192      |
|    fps             | 2154     |
|    time_elapsed    | 34       |
|    total_timesteps | 73408    |
| train/             |          |
|    actor_loss      | -25.6    |
|    critic_loss     | 1.68     |
|    ent_coef        | 0.258    |
|    ent_coef_loss   | -9.08    |
|    learning_rate   | 0.0003   |
|    n_updates       | 4525     |
---------------------------------
---------------------------------
| rollout/           |          |
|    ep_len_mean     | 459      |
|    ep_rew_mean     | 635      |
| time/              |          |
|    episodes        | 196      |
|    fps             | 2152     |
|    time_elapsed    | 35       |
|    total_timesteps | 77152    |
| train/             |          |
|    actor_loss      | -26.2    |
|    critic_loss     | 0.44     |
|    ent_coef        | 0.24     |
|    ent_coef_loss   | -9.36    |
|    learning_rate   | 0.0003   |
|    n_updates       | 4759     |
---------------------------------
---------------------------------
| rollout/           |          |
|    ep_len_mean     | 494      |
|    ep_rew_mean     | 615      |
| time/              |          |
|    episodes        | 200      |
|    fps             | 2154     |
|    time_elapsed    | 38       |
|    total_timesteps | 83872    |
| train/             |          |
|    actor_loss      | -26.2    |
|    critic_loss     | 1.7      |
|    ent_coef        | 0.212    |
|    ent_coef_loss   | -10.3    |
|    learning_rate   | 0.0003   |
|    n_updates       | 5179     |
---------------------------------
---------------------------------
| rollout/           |          |
|    ep_len_mean     | 552      |
|    ep_rew_mean     | 612      |
| time/              |          |
|    episodes        | 204      |
|    fps             | 2153     |
|    time_elapsed    | 40       |
|    total_timesteps | 86672    |
| train/             |          |
|    actor_loss      | -26.1    |
|    critic_loss     | 0.218    |
|    ent_coef        | 0.201    |
|    ent_coef_loss   | -10.4    |
|    learning_rate   | 0.0003   |
|    n_updates       | 5354     |
---------------------------------
---------------------------------
| rollout/           |          |
|    ep_len_mean     | 578      |
|    ep_rew_mean     | 650      |
| time/              |          |
|    episodes        | 208      |
|    fps             | 2153     |
|    time_elapsed    | 43       |
|    total_timesteps | 94480    |
| train/             |          |
|    actor_loss      | -26.6    |
|    critic_loss     | 0.61     |
|    ent_coef        | 0.174    |
|    ent_coef_loss   | -11.5    |
|    learning_rate   | 0.0003   |
|    n_updates       | 5842     |
---------------------------------
---------------------------------
| rollout/           |          |
|    ep_len_mean     | 620      |
|    ep_rew_mean     | 686      |
| time/              |          |
|    episodes        | 212      |
|    fps             | 2153     |
|    time_elapsed    | 47       |
|    total_timesteps | 101296   |
| train/             |          |
|    actor_loss      | -26.3    |
|    critic_loss     | 2.18     |
|    ent_coef        | 0.153    |
|    ent_coef_loss   | -12.3    |
|    learning_rate   | 0.0003   |
|    n_updates       | 6268     |
---------------------------------
---------------------------------
| rollout/           |          |
|    ep_len_mean     | 679      |
|    ep_rew_mean     | 694      |
| time/              |          |
|    episodes        | 216      |
|    fps             | 2152     |
|    time_elapsed    | 48       |
|    total_timesteps | 104064   |
| train/             |          |
|    actor_loss      | -26.7    |
|    critic_loss     | 0.128    |
|    ent_coef        | 0.146    |
|    ent_coef_loss   | -12.5    |
|    learning_rate   | 0.0003   |
|    n_updates       | 6441     |
---------------------------------
---------------------------------
| rollout/           |          |
|    ep_len_mean     | 703      |
|    ep_rew_mean     | 709      |
| time/              |          |
|    episodes        | 220      |
|    fps             | 2152     |
|    time_elapsed    | 48       |
|    total_timesteps | 105456   |
| train/             |          |
|    actor_loss      | -26.3    |
|    critic_loss     | 1.29     |
|    ent_coef        | 0.142    |
|    ent_coef_loss   | -12.7    |
|    learning_rate   | 0.0003   |
|    n_updates       | 6528     |
---------------------------------
---------------------------------
| rollout/           |          |
|    ep_len_mean     | 734      |
|    ep_rew_mean     | 753      |
| time/              |          |
|    episodes        | 224      |
|    fps             | 2154     |
|    time_elapsed    | 50       |
|    total_timesteps | 108704   |
| train/             |          |
|    actor_loss      | -26.5    |
|    critic_loss     | 0.125    |
|    ent_coef        | 0.134    |
|    ent_coef_loss   | -13.2    |
|    learning_rate   | 0.0003   |
|    n_updates       | 6731     |
---------------------------------
---------------------------------
| rollout/           |          |
|    ep_len_mean     | 754      |
|    ep_rew_mean     | 794      |
| time/              |          |
|    episodes        | 228      |
|    fps             | 2153     |
|    time_elapsed    | 51       |
|    total_timesteps | 111440   |
| train/             |          |
|    actor_loss      | -26.5    |
|    critic_loss     | 1.41     |
|    ent_coef        | 0.127    |
|    ent_coef_loss   | -13.3    |
|    learning_rate   | 0.0003   |
|    n_updates       | 6902     |
---------------------------------
---------------------------------
| rollout/           |          |
|    ep_len_mean     | 756      |
|    ep_rew_mean     | 800      |
| time/              |          |
|    episodes        | 232      |
|    fps             | 2154     |
|    time_elapsed    | 52       |
|    total_timesteps | 112816   |
| train/             |          |
|    actor_loss      | -26.5    |
|    critic_loss     | 0.661    |
|    ent_coef        | 0.124    |
|    ent_coef_loss   | -13.5    |
|    learning_rate   | 0.0003   |
|    n_updates       | 6988     |
---------------------------------
---------------------------------
| rollout/           |          |
|    ep_len_mean     | 764      |
|    ep_rew_mean     | 812      |
| time/              |          |
|    episodes        | 236      |
|    fps             | 2157     |
|    time_elapsed    | 54       |
|    total_timesteps | 117600   |
| train/             |          |
|    actor_loss      | -26.5    |
|    critic_loss     | 0.0933   |
|    ent_coef        | 0.113    |
|    ent_coef_loss   | -13.9    |
|    learning_rate   | 0.0003   |
|    n_updates       | 7287     |
---------------------------------
---------------------------------
| rollout/           |          |
|    ep_len_mean     | 781      |
|    ep_rew_mean     | 850      |
| time/              |          |
|    episodes        | 240      |
|    fps             | 2156     |
|    time_elapsed    | 55       |
|    total_timesteps | 120384   |
| train/             |          |
|    actor_loss      | -26.4    |
|    critic_loss     | 0.126    |
|    ent_coef        | 0.108    |
|    ent_coef_loss   | -14.3    |
|    learning_rate   | 0.0003   |
|    n_updates       | 7461     |
---------------------------------
---------------------------------
| rollout/           |          |
|    ep_len_mean     | 811      |
|    ep_rew_mean     | 889      |
| time/              |          |
|    episodes        | 244      |
|    fps             | 2155     |
|    time_elapsed    | 57       |
|    total_timesteps | 123600   |
| train/             |          |
|    actor_loss      | -25.9    |
|    critic_loss     | 0.324    |
|    ent_coef        | 0.101    |
|    ent_coef_loss   | -14.7    |
|    learning_rate   | 0.0003   |
|    n_updates       | 7662     |
---------------------------------
---------------------------------
| rollout/           |          |
|    ep_len_mean     | 835      |
|    ep_rew_mean     | 908      |
| time/              |          |
|    episodes        | 248      |
|    fps             | 2156     |
|    time_elapsed    | 59       |
|    total_timesteps | 129008   |
| train/             |          |
|    actor_loss      | -25.7    |
|    critic_loss     | 0.102    |
|    ent_coef        | 0.0919   |
|    ent_coef_loss   | -15.2    |
|    learning_rate   | 0.0003   |
|    n_updates       | 8000     |
---------------------------------
---------------------------------
| rollout/           |          |
|    ep_len_mean     | 864      |
|    ep_rew_mean     | 956      |
| time/              |          |
|    episodes        | 252      |
|    fps             | 2156     |
|    time_elapsed    | 61       |
|    total_timesteps | 133136   |
| train/             |          |
|    actor_loss      | -25.6    |
|    critic_loss     | 1.04     |
|    ent_coef        | 0.0852   |
|    ent_coef_loss   | -15.7    |
|    learning_rate   | 0.0003   |
|    n_updates       | 8258     |
---------------------------------
---------------------------------
| rollout/           |          |
|    ep_len_mean     | 881      |
|    ep_rew_mean     | 982      |
| time/              |          |
|    episodes        | 256      |
|    fps             | 2157     |
|    time_elapsed    | 63       |
|    total_timesteps | 136192   |
| train/             |          |
|    actor_loss      | -25.6    |
|    critic_loss     | 0.0917   |
|    ent_coef        | 0.0805   |
|    ent_coef_loss   | -15.9    |
|    learning_rate   | 0.0003   |
|    n_updates       | 8449     |
---------------------------------
---------------------------------
| rollout/           |          |
|    ep_len_mean     | 907      |
|    ep_rew_mean     | 1.02e+03 |
| time/              |          |
|    episodes        | 260      |
|    fps             | 2156     |
|    time_elapsed    | 66       |
|    total_timesteps | 143888   |
| train/             |          |
|    actor_loss      | -25      |
|    critic_loss     | 0.354    |
|    ent_coef        | 0.0699   |
|    ent_coef_loss   | -16      |
|    learning_rate   | 0.0003   |
|    n_updates       | 8930     |
---------------------------------
---------------------------------
| rollout/           |          |
|    ep_len_mean     | 924      |
|    ep_rew_mean     | 1.03e+03 |
| time/              |          |
|    episodes        | 264      |
|    fps             | 2156     |
|    time_elapsed    | 69       |
|    total_timesteps | 148944   |
| train/             |          |
|    actor_loss      | -24.8    |
|    critic_loss     | 2        |
|    ent_coef        | 0.0637   |
|    ent_coef_loss   | -16.7    |
|    learning_rate   | 0.0003   |
|    n_updates       | 9246     |
---------------------------------
---------------------------------
| rollout/           |          |
|    ep_len_mean     | 930      |
|    ep_rew_mean     | 1.02e+03 |
| time/              |          |
|    episodes        | 268      |
|    fps             | 2156     |
|    time_elapsed    | 71       |
|    total_timesteps | 153648   |
| train/             |          |
|    actor_loss      | -24.9    |
|    critic_loss     | 0.0926   |
|    ent_coef        | 0.0585   |
|    ent_coef_loss   | -17.4    |
|    learning_rate   | 0.0003   |
|    n_updates       | 9540     |
---------------------------------
---------------------------------
| rollout/           |          |
|    ep_len_mean     | 991      |
|    ep_rew_mean     | 1.06e+03 |
| time/              |          |
|    episodes        | 272      |
|    fps             | 2159     |
|    time_elapsed    | 74       |
|    total_timesteps | 161920   |
| train/             |          |
|    actor_loss      | -24.5    |
|    critic_loss     | 0.457    |
|    ent_coef        | 0.0503   |
|    ent_coef_loss   | -18.3    |
|    learning_rate   | 0.0003   |
|    n_updates       | 10057    |
---------------------------------
---------------------------------
| rollout/           |          |
|    ep_len_mean     | 1e+03    |
|    ep_rew_mean     | 1.09e+03 |
| time/              |          |
|    episodes        | 276      |
|    fps             | 2159     |
|    time_elapsed    | 76       |
|    total_timesteps | 164192   |
| train/             |          |
|    actor_loss      | -24.2    |
|    critic_loss     | 0.0787   |
|    ent_coef        | 0.0483   |
|    ent_coef_loss   | -17.8    |
|    learning_rate   | 0.0003   |
|    n_updates       | 10199    |
---------------------------------
---------------------------------
| rollout/           |          |
|    ep_len_mean     | 1.03e+03 |
|    ep_rew_mean     | 1.09e+03 |
| time/              |          |
|    episodes        | 280      |
|    fps             | 2159     |
|    time_elapsed    | 76       |
|    total_timesteps | 165888   |
| train/             |          |
|    actor_loss      | -24.1    |
|    critic_loss     | 0.726    |
|    ent_coef        | 0.0468   |
|    ent_coef_loss   | -17.7    |
|    learning_rate   | 0.0003   |
|    n_updates       | 10305    |
---------------------------------
---------------------------------
| rollout/           |          |
|    ep_len_mean     | 1.05e+03 |
|    ep_rew_mean     | 1.08e+03 |
| time/              |          |
|    episodes        | 284      |
|    fps             | 2158     |
|    time_elapsed    | 80       |
|    total_timesteps | 173040   |
| train/             |          |
|    actor_loss      | -23.4    |
|    critic_loss     | 0.11     |
|    ent_coef        | 0.0412   |
|    ent_coef_loss   | -17.8    |
|    learning_rate   | 0.0003   |
|    n_updates       | 10752    |
---------------------------------
---------------------------------
| rollout/           |          |
|    ep_len_mean     | 1.04e+03 |
|    ep_rew_mean     | 1.06e+03 |
| time/              |          |
|    episodes        | 288      |
|    fps             | 2158     |
|    time_elapsed    | 82       |
|    total_timesteps | 177808   |
| train/             |          |
|    actor_loss      | -23.3    |
|    critic_loss     | 1.32     |
|    ent_coef        | 0.0378   |
|    ent_coef_loss   | -19      |
|    learning_rate   | 0.0003   |
|    n_updates       | 11050    |
---------------------------------
---------------------------------
| rollout/           |          |
|    ep_len_mean     | 1.07e+03 |
|    ep_rew_mean     | 1.12e+03 |
| time/              |          |
|    episodes        | 292      |
|    fps             | 2160     |
|    time_elapsed    | 84       |
|    total_timesteps | 182080   |
| train/             |          |
|    actor_loss      | -23      |
|    critic_loss     | 0.0781   |
|    ent_coef        | 0.035    |
|    ent_coef_loss   | -18.7    |
|    learning_rate   | 0.0003   |
|    n_updates       | 11317    |
---------------------------------
---------------------------------
| rollout/           |          |
|    ep_len_mean     | 1.12e+03 |
|    ep_rew_mean     | 1.15e+03 |
| time/              |          |
|    episodes        | 296      |
|    fps             | 2159     |
|    time_elapsed    | 87       |
|    total_timesteps | 189232   |
| train/             |          |
|    actor_loss      | -22.8    |
|    critic_loss     | 1.59     |
|    ent_coef        | 0.0308   |
|    ent_coef_loss   | -19      |
|    learning_rate   | 0.0003   |
|    n_updates       | 11764    |
---------------------------------
---------------------------------
| rollout/           |          |
|    ep_len_mean     | 1.11e+03 |
|    ep_rew_mean     | 1.2e+03  |
| time/              |          |
|    episodes        | 300      |
|    fps             | 2160     |
|    time_elapsed    | 90       |
|    total_timesteps | 195056   |
| train/             |          |
|    actor_loss      | -22.1    |
|    critic_loss     | 0.0705   |
|    ent_coef        | 0.0277   |
|    ent_coef_loss   | -19.3    |
|    learning_rate   | 0.0003   |
|    n_updates       | 12128    |
---------------------------------
---------------------------------
| rollout/           |          |
|    ep_len_mean     | 1.1e+03  |
|    ep_rew_mean     | 1.18e+03 |
| time/              |          |
|    episodes        | 304      |
|    fps             | 2159     |
|    time_elapsed    | 93       |
|    total_timesteps | 200928   |
| train/             |          |
|    actor_loss      | -22      |
|    critic_loss     | 1.9      |
|    ent_coef        | 0.025    |
|    ent_coef_loss   | -19.8    |
|    learning_rate   | 0.0003   |
|    n_updates       | 12495    |
---------------------------------
---------------------------------
| rollout/           |          |
|    ep_len_mean     | 1.14e+03 |
|    ep_rew_mean     | 1.19e+03 |
| time/              |          |
|    episodes        | 308      |
|    fps             | 2162     |
|    time_elapsed    | 99       |
|    total_timesteps | 214352   |
| train/             |          |
|    actor_loss      | -21.1    |
|    critic_loss     | 1.08     |
|    ent_coef        | 0.0197   |
|    ent_coef_loss   | -19      |
|    learning_rate   | 0.0003   |
|    n_updates       | 13334    |
---------------------------------
---------------------------------
| rollout/           |          |
|    ep_len_mean     | 1.16e+03 |
|    ep_rew_mean     | 1.22e+03 |
| time/              |          |
|    episodes        | 312      |
|    fps             | 2162     |
|    time_elapsed    | 101      |
|    total_timesteps | 218864   |
| train/             |          |
|    actor_loss      | -21      |
|    critic_loss     | 0.0478   |
|    ent_coef        | 0.0183   |
|    ent_coef_loss   | -17.8    |
|    learning_rate   | 0.0003   |
|    n_updates       | 13616    |
---------------------------------
---------------------------------
| rollout/           |          |
|    ep_len_mean     | 1.15e+03 |
|    ep_rew_mean     | 1.23e+03 |
| time/              |          |
|    episodes        | 316      |
|    fps             | 2161     |
|    time_elapsed    | 102      |
|    total_timesteps | 222464   |
| train/             |          |
|    actor_loss      | -20.9    |
|    critic_loss     | 1.07     |
|    ent_coef        | 0.0172   |
|    ent_coef_loss   | -18.8    |
|    learning_rate   | 0.0003   |
|    n_updates       | 13841    |
---------------------------------
---------------------------------
| rollout/           |          |
|    ep_len_mean     | 1.17e+03 |
|    ep_rew_mean     | 1.26e+03 |
| time/              |          |
|    episodes        | 320      |
|    fps             | 2162     |
|    time_elapsed    | 105      |
|    total_timesteps | 227504   |
| train/             |          |
|    actor_loss      | -20.2    |
|    critic_loss     | 1.38     |
|    ent_coef        | 0.0157   |
|    ent_coef_loss   | -19.1    |
|    learning_rate   | 0.0003   |
|    n_updates       | 14156    |
---------------------------------
---------------------------------
| rollout/           |          |
|    ep_len_mean     | 1.19e+03 |
|    ep_rew_mean     | 1.26e+03 |
| time/              |          |
|    episodes        | 324      |
|    fps             | 2161     |
|    time_elapsed    | 107      |
|    total_timesteps | 232144   |
| train/             |          |
|    actor_loss      | -20.2    |
|    critic_loss     | 0.0813   |
|    ent_coef        | 0.0145   |
|    ent_coef_loss   | -18.7    |
|    learning_rate   | 0.0003   |
|    n_updates       | 14446    |
---------------------------------
---------------------------------
| rollout/           |          |
|    ep_len_mean     | 1.18e+03 |
|    ep_rew_mean     | 1.26e+03 |
| time/              |          |
|    episodes        | 328      |
|    fps             | 2161     |
|    time_elapsed    | 110      |
|    total_timesteps | 239136   |
| train/             |          |
|    actor_loss      | -19.9    |
|    critic_loss     | 0.0336   |
|    ent_coef        | 0.0129   |
|    ent_coef_loss   | -18.6    |
|    learning_rate   | 0.0003   |
|    n_updates       | 14883    |
---------------------------------
---------------------------------
| rollout/           |          |
|    ep_len_mean     | 1.2e+03  |
|    ep_rew_mean     | 1.26e+03 |
| time/              |          |
|    episodes        | 332      |
|    fps             | 2160     |
|    time_elapsed    | 111      |
|    total_timesteps | 241232   |
| train/             |          |
|    actor_loss      | -19.7    |
|    critic_loss     | 0.048    |
|    ent_coef        | 0.0124   |
|    ent_coef_loss   | -19.8    |
|    learning_rate   | 0.0003   |
|    n_updates       | 15014    |
---------------------------------
---------------------------------
| rollout/           |          |
|    ep_len_mean     | 1.25e+03 |
|    ep_rew_mean     | 1.27e+03 |
| time/              |          |
|    episodes        | 336      |
|    fps             | 2160     |
|    time_elapsed    | 113      |
|    total_timesteps | 245680   |
| train/             |          |
|    actor_loss      | -19.4    |
|    critic_loss     | 0.0532   |
|    ent_coef        | 0.0115   |
|    ent_coef_loss   | -18.4    |
|    learning_rate   | 0.0003   |
|    n_updates       | 15292    |
---------------------------------
---------------------------------
| rollout/           |          |
|    ep_len_mean     | 1.24e+03 |
|    ep_rew_mean     | 1.25e+03 |
| time/              |          |
|    episodes        | 340      |
|    fps             | 2160     |
|    time_elapsed    | 114      |
|    total_timesteps | 247536   |
| train/             |          |
|    actor_loss      | -19.1    |
|    critic_loss     | 0.461    |
|    ent_coef        | 0.0111   |
|    ent_coef_loss   | -18.6    |
|    learning_rate   | 0.0003   |
|    n_updates       | 15408    |
---------------------------------
---------------------------------
| rollout/           |          |
|    ep_len_mean     | 1.21e+03 |
|    ep_rew_mean     | 1.21e+03 |
| time/              |          |
|    episodes        | 344      |
|    fps             | 2160     |
|    time_elapsed    | 115      |
|    total_timesteps | 249408   |
| train/             |          |
|    actor_loss      | -19.1    |
|    critic_loss     | 0.0347   |
|    ent_coef        | 0.0108   |
|    ent_coef_loss   | -15.8    |
|    learning_rate   | 0.0003   |
|    n_updates       | 15525    |
---------------------------------
---------------------------------
| rollout/           |          |
|    ep_len_mean     | 1.21e+03 |
|    ep_rew_mean     | 1.2e+03  |
| time/              |          |
|    episodes        | 348      |
|    fps             | 2160     |
|    time_elapsed    | 117      |
|    total_timesteps | 253536   |
| train/             |          |
|    actor_loss      | -19.1    |
|    critic_loss     | 0.127    |
|    ent_coef        | 0.01     |
|    ent_coef_loss   | -17.4    |
|    learning_rate   | 0.0003   |
|    n_updates       | 15783    |
---------------------------------
---------------------------------
| rollout/           |          |
|    ep_len_mean     | 1.22e+03 |
|    ep_rew_mean     | 1.13e+03 |
| time/              |          |
|    episodes        | 352      |
|    fps             | 2160     |
|    time_elapsed    | 117      |
|    total_timesteps | 254640   |
| train/             |          |
|    actor_loss      | -19      |
|    critic_loss     | 0.0565   |
|    ent_coef        | 0.00984  |
|    ent_coef_loss   | -19.4    |
|    learning_rate   | 0.0003   |
|    n_updates       | 15852    |
---------------------------------
---------------------------------
| rollout/           |          |
|    ep_len_mean     | 1.2e+03  |
|    ep_rew_mean     | 1.11e+03 |
| time/              |          |
|    episodes        | 356      |
|    fps             | 2160     |
|    time_elapsed    | 118      |
|    total_timesteps | 255616   |
| train/             |          |
|    actor_loss      | -18.8    |
|    critic_loss     | 0.657    |
|    ent_coef        | 0.00967  |
|    ent_coef_loss   | -18.8    |
|    learning_rate   | 0.0003   |
|    n_updates       | 15913    |
---------------------------------
---------------------------------
| rollout/           |          |
|    ep_len_mean     | 1.21e+03 |
|    ep_rew_mean     | 1.1e+03  |
| time/              |          |
|    episodes        | 360      |
|    fps             | 2160     |
|    time_elapsed    | 120      |
|    total_timesteps | 259488   |
| train/             |          |
|    actor_loss      | -18.5    |
|    critic_loss     | 0.915    |
|    ent_coef        | 0.00904  |
|    ent_coef_loss   | -18.5    |
|    learning_rate   | 0.0003   |
|    n_updates       | 16155    |
---------------------------------
---------------------------------
| rollout/           |          |
|    ep_len_mean     | 1.21e+03 |
|    ep_rew_mean     | 1.1e+03  |
| time/              |          |
|    episodes        | 364      |
|    fps             | 2160     |
|    time_elapsed    | 120      |
|    total_timesteps | 260416   |
| train/             |          |
|    actor_loss      | -18.6    |
|    critic_loss     | 0.0352   |
|    ent_coef        | 0.0089   |
|    ent_coef_loss   | -18.4    |
|    learning_rate   | 0.0003   |
|    n_updates       | 16213    |
---------------------------------
---------------------------------
| rollout/           |          |
|    ep_len_mean     | 1.2e+03  |
|    ep_rew_mean     | 1.1e+03  |
| time/              |          |
|    episodes        | 368      |
|    fps             | 2159     |
|    time_elapsed    | 121      |
|    total_timesteps | 263104   |
| train/             |          |
|    actor_loss      | -18.6    |
|    critic_loss     | 0.0465   |
|    ent_coef        | 0.0085   |
|    ent_coef_loss   | -18.8    |
|    learning_rate   | 0.0003   |
|    n_updates       | 16381    |
---------------------------------
---------------------------------
| rollout/           |          |
|    ep_len_mean     | 1.13e+03 |
|    ep_rew_mean     | 1.05e+03 |
| time/              |          |
|    episodes        | 372      |
|    fps             | 2159     |
|    time_elapsed    | 122      |
|    total_timesteps | 264400   |
| train/             |          |
|    actor_loss      | -18.8    |
|    critic_loss     | 0.031    |
|    ent_coef        | 0.00832  |
|    ent_coef_loss   | -16.8    |
|    learning_rate   | 0.0003   |
|    n_updates       | 16462    |
---------------------------------
---------------------------------
| rollout/           |          |
|    ep_len_mean     | 1.11e+03 |
|    ep_rew_mean     | 1.01e+03 |
| time/              |          |
|    episodes        | 376      |
|    fps             | 2159     |
|    time_elapsed    | 123      |
|    total_timesteps | 267184   |
| train/             |          |
|    actor_loss      | -18.4    |
|    critic_loss     | 0.0371   |
|    ent_coef        | 0.00795  |
|    ent_coef_loss   | -18.4    |
|    learning_rate   | 0.0003   |
|    n_updates       | 16636    |
---------------------------------
---------------------------------
| rollout/           |          |
|    ep_len_mean     | 1.08e+03 |
|    ep_rew_mean     | 1.02e+03 |
| time/              |          |
|    episodes        | 380      |
|    fps             | 2159     |
|    time_elapsed    | 124      |
|    total_timesteps | 269408   |
| train/             |          |
|    actor_loss      | -18.2    |
|    critic_loss     | 0.634    |
|    ent_coef        | 0.00767  |
|    ent_coef_loss   | -15.8    |
|    learning_rate   | 0.0003   |
|    n_updates       | 16775    |
---------------------------------
---------------------------------
| rollout/           |          |
|    ep_len_mean     | 1.06e+03 |
|    ep_rew_mean     | 1.02e+03 |
| time/              |          |
|    episodes        | 384      |
|    fps             | 2158     |
|    time_elapsed    | 124      |
|    total_timesteps | 269664   |
| train/             |          |
|    actor_loss      | -18.2    |
|    critic_loss     | 0.0439   |
|    ent_coef        | 0.00763  |
|    ent_coef_loss   | -17.9    |
|    learning_rate   | 0.0003   |
|    n_updates       | 16791    |
---------------------------------
---------------------------------
| rollout/           |          |
|    ep_len_mean     | 1.07e+03 |
|    ep_rew_mean     | 1.03e+03 |
| time/              |          |
|    episodes        | 388      |
|    fps             | 2158     |
|    time_elapsed    | 125      |
|    total_timesteps | 270784   |
| train/             |          |
|    actor_loss      | -18.2    |
|    critic_loss     | 0.493    |
|    ent_coef        | 0.00749  |
|    ent_coef_loss   | -16.8    |
|    learning_rate   | 0.0003   |
|    n_updates       | 16861    |
---------------------------------
---------------------------------
| rollout/           |          |
|    ep_len_mean     | 1.02e+03 |
|    ep_rew_mean     | 971      |
| time/              |          |
|    episodes        | 392      |
|    fps             | 2158     |
|    time_elapsed    | 128      |
|    total_timesteps | 277936   |
| train/             |          |
|    actor_loss      | -18      |
|    critic_loss     | 0.0357   |
|    ent_coef        | 0.00665  |
|    ent_coef_loss   | -16.7    |
|    learning_rate   | 0.0003   |
|    n_updates       | 17308    |
---------------------------------
---------------------------------
| rollout/           |          |
|    ep_len_mean     | 955      |
|    ep_rew_mean     | 945      |
| time/              |          |
|    episodes        | 396      |
|    fps             | 2158     |
|    time_elapsed    | 128      |
|    total_timesteps | 278176   |
| train/             |          |
|    actor_loss      | -17.8    |
|    critic_loss     | 1.25     |
|    ent_coef        | 0.00662  |
|    ent_coef_loss   | -13.9    |
|    learning_rate   | 0.0003   |
|    n_updates       | 17323    |
---------------------------------
---------------------------------
| rollout/           |          |
|    ep_len_mean     | 946      |
|    ep_rew_mean     | 939      |
| time/              |          |
|    episodes        | 400      |
|    fps             | 2158     |
|    time_elapsed    | 129      |
|    total_timesteps | 280016   |
| train/             |          |
|    actor_loss      | -17.6    |
|    critic_loss     | 0.719    |
|    ent_coef        | 0.00643  |
|    ent_coef_loss   | -16.7    |
|    learning_rate   | 0.0003   |
|    n_updates       | 17438    |
---------------------------------
---------------------------------
| rollout/           |          |
|    ep_len_mean     | 910      |
|    ep_rew_mean     | 995      |
| time/              |          |
|    episodes        | 404      |
|    fps             | 2156     |
|    time_elapsed    | 130      |
|    total_timesteps | 282464   |
| train/             |          |
|    actor_loss      | -17.4    |
|    critic_loss     | 0.0396   |
|    ent_coef        | 0.00617  |
|    ent_coef_loss   | -14.9    |
|    learning_rate   | 0.0003   |
|    n_updates       | 17591    |
---------------------------------
---------------------------------
| rollout/           |          |
|    ep_len_mean     | 861      |
|    ep_rew_mean     | 979      |
| time/              |          |
|    episodes        | 408      |
|    fps             | 2156     |
|    time_elapsed    | 132      |
|    total_timesteps | 286320   |
| train/             |          |
|    actor_loss      | -17.3    |
|    critic_loss     | 0.0227   |
|    ent_coef        | 0.00581  |
|    ent_coef_loss   | -14.5    |
|    learning_rate   | 0.0003   |
|    n_updates       | 17832    |
---------------------------------
---------------------------------
| rollout/           |          |
|    ep_len_mean     | 809      |
|    ep_rew_mean     | 925      |
| time/              |          |
|    episodes        | 412      |
|    fps             | 2156     |
|    time_elapsed    | 134      |
|    total_timesteps | 290368   |
| train/             |          |
|    actor_loss      | -17.1    |
|    critic_loss     | 0.966    |
|    ent_coef        | 0.00545  |
|    ent_coef_loss   | -13.7    |
|    learning_rate   | 0.0003   |
|    n_updates       | 18085    |
---------------------------------
---------------------------------
| rollout/           |          |
|    ep_len_mean     | 772      |
|    ep_rew_mean     | 926      |
| time/              |          |
|    episodes        | 416      |
|    fps             | 2155     |
|    time_elapsed    | 136      |
|    total_timesteps | 293440   |
| train/             |          |
|    actor_loss      | -16.9    |
|    critic_loss     | 1.24     |
|    ent_coef        | 0.00518  |
|    ent_coef_loss   | -13.7    |
|    learning_rate   | 0.0003   |
|    n_updates       | 18277    |
---------------------------------
---------------------------------
| rollout/           |          |
|    ep_len_mean     | 752      |
|    ep_rew_mean     | 929      |
| time/              |          |
|    episodes        | 420      |
|    fps             | 2155     |
|    time_elapsed    | 136      |
|    total_timesteps | 294864   |
| train/             |          |
|    actor_loss      | -16.9    |
|    critic_loss     | 0.595    |
|    ent_coef        | 0.00506  |
|    ent_coef_loss   | -17.6    |
|    learning_rate   | 0.0003   |
|    n_updates       | 18366    |
---------------------------------
---------------------------------
| rollout/           |          |
|    ep_len_mean     | 721      |
|    ep_rew_mean     | 908      |
| time/              |          |
|    episodes        | 424      |
|    fps             | 2156     |
|    time_elapsed    | 137      |
|    total_timesteps | 297392   |
| train/             |          |
|    actor_loss      | -16.8    |
|    critic_loss     | 0.0344   |
|    ent_coef        | 0.00488  |
|    ent_coef_loss   | -10.1    |
|    learning_rate   | 0.0003   |
|    n_updates       | 18524    |
---------------------------------
---------------------------------
| rollout/           |          |
|    ep_len_mean     | 723      |
|    ep_rew_mean     | 888      |
| time/              |          |
|    episodes        | 428      |
|    fps             | 2156     |
|    time_elapsed    | 139      |
|    total_timesteps | 301760   |
| train/             |          |
|    actor_loss      | -16.9    |
|    critic_loss     | 0.633    |
|    ent_coef        | 0.00462  |
|    ent_coef_loss   | -10.2    |
|    learning_rate   | 0.0003   |
|    n_updates       | 18797    |
---------------------------------
---------------------------------
| rollout/           |          |
|    ep_len_mean     | 709      |
|    ep_rew_mean     | 898      |
| time/              |          |
|    episodes        | 432      |
|    fps             | 2156     |
|    time_elapsed    | 140      |
|    total_timesteps | 303200   |
| train/             |          |
|    actor_loss      | -16.5    |
|    critic_loss     | 0.0335   |
|    ent_coef        | 0.00454  |
|    ent_coef_loss   | -10      |
|    learning_rate   | 0.0003   |
|    n_updates       | 18887    |
---------------------------------
---------------------------------
| rollout/           |          |
|    ep_len_mean     | 666      |
|    ep_rew_mean     | 917      |
| time/              |          |
|    episodes        | 436      |
|    fps             | 2155     |
|    time_elapsed    | 141      |
|    total_timesteps | 306016   |
| train/             |          |
|    actor_loss      | -16.6    |
|    critic_loss     | 0.0199   |
|    ent_coef        | 0.00438  |
|    ent_coef_loss   | -12.8    |
|    learning_rate   | 0.0003   |
|    n_updates       | 19063    |
---------------------------------
---------------------------------
| rollout/           |          |
|    ep_len_mean     | 666      |
|    ep_rew_mean     | 919      |
| time/              |          |
|    episodes        | 440      |
|    fps             | 2155     |
|    time_elapsed    | 142      |
|    total_timesteps | 306336   |
| train/             |          |
|    actor_loss      | -16.4    |
|    critic_loss     | 0.0362   |
|    ent_coef        | 0.00436  |
|    ent_coef_loss   | -11.6    |
|    learning_rate   | 0.0003   |
|    n_updates       | 19083    |
---------------------------------
---------------------------------
| rollout/           |          |
|    ep_len_mean     | 684      |
|    ep_rew_mean     | 924      |
| time/              |          |
|    episodes        | 444      |
|    fps             | 2156     |
|    time_elapsed    | 143      |
|    total_timesteps | 309936   |
| train/             |          |
|    actor_loss      | -16.1    |
|    critic_loss     | 0.0305   |
|    ent_coef        | 0.00412  |
|    ent_coef_loss   | -12.4    |
|    learning_rate   | 0.0003   |
|    n_updates       | 19308    |
---------------------------------
---------------------------------
| rollout/           |          |
|    ep_len_mean     | 671      |
|    ep_rew_mean     | 939      |
| time/              |          |
|    episodes        | 448      |
|    fps             | 2156     |
|    time_elapsed    | 146      |
|    total_timesteps | 315744   |
| train/             |          |
|    actor_loss      | -16      |
|    critic_loss     | 0.317    |
|    ent_coef        | 0.00378  |
|    ent_coef_loss   | -10      |
|    learning_rate   | 0.0003   |
|    n_updates       | 19671    |
---------------------------------
---------------------------------
| rollout/           |          |
|    ep_len_mean     | 648      |
|    ep_rew_mean     | 964      |
| time/              |          |
|    episodes        | 452      |
|    fps             | 2156     |
|    time_elapsed    | 148      |
|    total_timesteps | 319488   |
| train/             |          |
|    actor_loss      | -15.8    |
|    critic_loss     | 0.312    |
|    ent_coef        | 0.00361  |
|    ent_coef_loss   | -9.26    |
|    learning_rate   | 0.0003   |
|    n_updates       | 19905    |
---------------------------------
---------------------------------
| rollout/           |          |
|    ep_len_mean     | 667      |
|    ep_rew_mean     | 996      |
| time/              |          |
|    episodes        | 456      |
|    fps             | 2156     |
|    time_elapsed    | 148      |
|    total_timesteps | 321008   |
| train/             |          |
|    actor_loss      | -16      |
|    critic_loss     | 0.0307   |
|    ent_coef        | 0.00354  |
|    ent_coef_loss   | -12.5    |
|    learning_rate   | 0.0003   |
|    n_updates       | 20000    |
---------------------------------
---------------------------------
| rollout/           |          |
|    ep_len_mean     | 672      |
|    ep_rew_mean     | 1.03e+03 |
| time/              |          |
|    episodes        | 460      |
|    fps             | 2156     |
|    time_elapsed    | 150      |
|    total_timesteps | 324320   |
| train/             |          |
|    actor_loss      | -15.6    |
|    critic_loss     | 0.0384   |
|    ent_coef        | 0.00337  |
|    ent_coef_loss   | -10.1    |
|    learning_rate   | 0.0003   |
|    n_updates       | 20207    |
---------------------------------
---------------------------------
| rollout/           |          |
|    ep_len_mean     | 671      |
|    ep_rew_mean     | 1e+03    |
| time/              |          |
|    episodes        | 464      |
|    fps             | 2155     |
|    time_elapsed    | 153      |
|    total_timesteps | 330784   |
| train/             |          |
|    actor_loss      | -15.4    |
|    critic_loss     | 0.527    |
|    ent_coef        | 0.0031   |
|    ent_coef_loss   | -7.35    |
|    learning_rate   | 0.0003   |
|    n_updates       | 20611    |
---------------------------------
---------------------------------
| rollout/           |          |
|    ep_len_mean     | 668      |
|    ep_rew_mean     | 1.01e+03 |
| time/              |          |
|    episodes        | 468      |
|    fps             | 2155     |
|    time_elapsed    | 154      |
|    total_timesteps | 332512   |
| train/             |          |
|    actor_loss      | -15.6    |
|    critic_loss     | 0.301    |
|    ent_coef        | 0.00306  |
|    ent_coef_loss   | -2.08    |
|    learning_rate   | 0.0003   |
|    n_updates       | 20719    |
---------------------------------
---------------------------------
| rollout/           |          |
|    ep_len_mean     | 668      |
|    ep_rew_mean     | 995      |
| time/              |          |
|    episodes        | 472      |
|    fps             | 2155     |
|    time_elapsed    | 155      |
|    total_timesteps | 335136   |
| train/             |          |
|    actor_loss      | -15.1    |
|    critic_loss     | 0.0402   |
|    ent_coef        | 0.00298  |
|    ent_coef_loss   | -0.0823  |
|    learning_rate   | 0.0003   |
|    n_updates       | 20883    |
---------------------------------
---------------------------------
| rollout/           |          |
|    ep_len_mean     | 700      |
|    ep_rew_mean     | 1.02e+03 |
| time/              |          |
|    episodes        | 476      |
|    fps             | 2155     |
|    time_elapsed    | 157      |
|    total_timesteps | 339248   |
| train/             |          |
|    actor_loss      | -14.9    |
|    critic_loss     | 0.0555   |
|    ent_coef        | 0.00293  |
|    ent_coef_loss   | 0.293    |
|    learning_rate   | 0.0003   |
|    n_updates       | 21140    |
---------------------------------
---------------------------------
| rollout/           |          |
|    ep_len_mean     | 713      |
|    ep_rew_mean     | 995      |
| time/              |          |
|    episodes        | 480      |
|    fps             | 2155     |
|    time_elapsed    | 159      |
|    total_timesteps | 343088   |
| train/             |          |
|    actor_loss      | -15.2    |
|    critic_loss     | 0.0207   |
|    ent_coef        | 0.0029   |
|    ent_coef_loss   | -2.85    |
|    learning_rate   | 0.0003   |
|    n_updates       | 21380    |
---------------------------------
---------------------------------
| rollout/           |          |
|    ep_len_mean     | 707      |
|    ep_rew_mean     | 992      |
| time/              |          |
|    episodes        | 484      |
|    fps             | 2155     |
|    time_elapsed    | 160      |
|    total_timesteps | 344992   |
| train/             |          |
|    actor_loss      | -15      |
|    critic_loss     | 0.267    |
|    ent_coef        | 0.00284  |
|    ent_coef_loss   | -5.5     |
|    learning_rate   | 0.0003   |
|    n_updates       | 21499    |
---------------------------------
---------------------------------
| rollout/           |          |
|    ep_len_mean     | 703      |
|    ep_rew_mean     | 980      |
| time/              |          |
|    episodes        | 488      |
|    fps             | 2155     |
|    time_elapsed    | 161      |
|    total_timesteps | 348096   |
| train/             |          |
|    actor_loss      | -14.7    |
|    critic_loss     | 0.625    |
|    ent_coef        | 0.00276  |
|    ent_coef_loss   | -5.26    |
|    learning_rate   | 0.0003   |
|    n_updates       | 21693    |
---------------------------------
---------------------------------
| rollout/           |          |
|    ep_len_mean     | 730      |
|    ep_rew_mean     | 1.03e+03 |
| time/              |          |
|    episodes        | 492      |
|    fps             | 2154     |
|    time_elapsed    | 163      |
|    total_timesteps | 353232   |
| train/             |          |
|    actor_loss      | -14.5    |
|    critic_loss     | 0.0196   |
|    ent_coef        | 0.00261  |
|    ent_coef_loss   | -2.12    |
|    learning_rate   | 0.0003   |
|    n_updates       | 22014    |
---------------------------------
---------------------------------
| rollout/           |          |
|    ep_len_mean     | 732      |
|    ep_rew_mean     | 1.01e+03 |
| time/              |          |
|    episodes        | 496      |
|    fps             | 2154     |
|    time_elapsed    | 166      |
|    total_timesteps | 359328   |
| train/             |          |
|    actor_loss      | -14.1    |
|    critic_loss     | 0.311    |
|    ent_coef        | 0.00252  |
|    ent_coef_loss   | -7.09    |
|    learning_rate   | 0.0003   |
|    n_updates       | 22395    |
---------------------------------
---------------------------------
| rollout/           |          |
|    ep_len_mean     | 760      |
|    ep_rew_mean     | 1.04e+03 |
| time/              |          |
|    episodes        | 500      |
|    fps             | 2154     |
|    time_elapsed    | 167      |
|    total_timesteps | 360112   |
| train/             |          |
|    actor_loss      | -14.3    |
|    critic_loss     | 0.502    |
|    ent_coef        | 0.00248  |
|    ent_coef_loss   | -6.45    |
|    learning_rate   | 0.0003   |
|    n_updates       | 22444    |
---------------------------------
---------------------------------
| rollout/           |          |
|    ep_len_mean     | 764      |
|    ep_rew_mean     | 1.03e+03 |
| time/              |          |
|    episodes        | 504      |
|    fps             | 2154     |
|    time_elapsed    | 167      |
|    total_timesteps | 360576   |
| train/             |          |
|    actor_loss      | -14.2    |
|    critic_loss     | 0.64     |
|    ent_coef        | 0.00246  |
|    ent_coef_loss   | -2.32    |
|    learning_rate   | 0.0003   |
|    n_updates       | 22473    |
---------------------------------
---------------------------------
| rollout/           |          |
|    ep_len_mean     | 767      |
|    ep_rew_mean     | 1.01e+03 |
| time/              |          |
|    episodes        | 508      |
|    fps             | 2154     |
|    time_elapsed    | 167      |
|    total_timesteps | 361552   |
| train/             |          |
|    actor_loss      | -14.2    |
|    critic_loss     | 0.028    |
|    ent_coef        | 0.00243  |
|    ent_coef_loss   | -6.53    |
|    learning_rate   | 0.0003   |
|    n_updates       | 22534    |
---------------------------------
---------------------------------
| rollout/           |          |
|    ep_len_mean     | 746      |
|    ep_rew_mean     | 970      |
| time/              |          |
|    episodes        | 512      |
|    fps             | 2153     |
|    time_elapsed    | 168      |
|    total_timesteps | 361888   |
| train/             |          |
|    actor_loss      | -14.1    |
|    critic_loss     | 0.0223   |
|    ent_coef        | 0.00242  |
|    ent_coef_loss   | -4.82    |
|    learning_rate   | 0.0003   |
|    n_updates       | 22555    |
---------------------------------
---------------------------------
| rollout/           |          |
|    ep_len_mean     | 736      |
|    ep_rew_mean     | 954      |
| time/              |          |
|    episodes        | 516      |
|    fps             | 2153     |
|    time_elapsed    | 168      |
|    total_timesteps | 362928   |
| train/             |          |
|    actor_loss      | -14.2    |
|    critic_loss     | 0.384    |
|    ent_coef        | 0.00239  |
|    ent_coef_loss   | -1.53    |
|    learning_rate   | 0.0003   |
|    n_updates       | 22620    |
---------------------------------
---------------------------------
| rollout/           |          |
|    ep_len_mean     | 710      |
|    ep_rew_mean     | 904      |
| time/              |          |
|    episodes        | 520      |
|    fps             | 2153     |
|    time_elapsed    | 169      |
|    total_timesteps | 364128   |
| train/             |          |
|    actor_loss      | -14.1    |
|    critic_loss     | 0.0355   |
|    ent_coef        | 0.00236  |
|    ent_coef_loss   | -1.68    |
|    learning_rate   | 0.0003   |
|    n_updates       | 22695    |
---------------------------------
---------------------------------
| rollout/           |          |
|    ep_len_mean     | 686      |
|    ep_rew_mean     | 870      |
| time/              |          |
|    episodes        | 524      |
|    fps             | 2153     |
|    time_elapsed    | 169      |
|    total_timesteps | 365360   |
| train/             |          |
|    actor_loss      | -13.9    |
|    critic_loss     | 0.0374   |
|    ent_coef        | 0.00234  |
|    ent_coef_loss   | -6.65    |
|    learning_rate   | 0.0003   |
|    n_updates       | 22772    |
---------------------------------
---------------------------------
| rollout/           |          |
|    ep_len_mean     | 665      |
|    ep_rew_mean     | 849      |
| time/              |          |
|    episodes        | 528      |
|    fps             | 2153     |
|    time_elapsed    | 170      |
|    total_timesteps | 366288   |
| train/             |          |
|    actor_loss      | -14.1    |
|    critic_loss     | 0.761    |
|    ent_coef        | 0.00232  |
|    ent_coef_loss   | 0.619    |
|    learning_rate   | 0.0003   |
|    n_updates       | 22830    |
---------------------------------
---------------------------------
| rollout/           |          |
|    ep_len_mean     | 658      |
|    ep_rew_mean     | 832      |
| time/              |          |
|    episodes        | 532      |
|    fps             | 2153     |
|    time_elapsed    | 170      |
|    total_timesteps | 367296   |
| train/             |          |
|    actor_loss      | -14      |
|    critic_loss     | 0.196    |
|    ent_coef        | 0.0023   |
|    ent_coef_loss   | 0.654    |
|    learning_rate   | 0.0003   |
|    n_updates       | 22893    |
---------------------------------
---------------------------------
| rollout/           |          |
|    ep_len_mean     | 636      |
|    ep_rew_mean     | 787      |
| time/              |          |
|    episodes        | 536      |
|    fps             | 2153     |
|    time_elapsed    | 170      |
|    total_timesteps | 367584   |
| train/             |          |
|    actor_loss      | -14.2    |
|    critic_loss     | 0.226    |
|    ent_coef        | 0.00229  |
|    ent_coef_loss   | 0.102    |
|    learning_rate   | 0.0003   |
|    n_updates       | 22911    |
---------------------------------
---------------------------------
| rollout/           |          |
|    ep_len_mean     | 610      |
|    ep_rew_mean     | 744      |
| time/              |          |
|    episodes        | 540      |
|    fps             | 2153     |
|    time_elapsed    | 170      |
|    total_timesteps | 367824   |
| train/             |          |
|    actor_loss      | -14      |
|    critic_loss     | 0.0219   |
|    ent_coef        | 0.00229  |
|    ent_coef_loss   | -3.18    |
|    learning_rate   | 0.0003   |
|    n_updates       | 22926    |
---------------------------------
---------------------------------
| rollout/           |          |
|    ep_len_mean     | 584      |
|    ep_rew_mean     | 723      |
| time/              |          |
|    episodes        | 544      |
|    fps             | 2153     |
|    time_elapsed    | 170      |
|    total_timesteps | 367968   |
| train/             |          |
|    actor_loss      | -14      |
|    critic_loss     | 1.11     |
|    ent_coef        | 0.00229  |
|    ent_coef_loss   | 0.924    |
|    learning_rate   | 0.0003   |
|    n_updates       | 22935    |
---------------------------------
---------------------------------
| rollout/           |          |
|    ep_len_mean     | 564      |
|    ep_rew_mean     | 682      |
| time/              |          |
|    episodes        | 548      |
|    fps             | 2153     |
|    time_elapsed    | 170      |
|    total_timesteps | 368080   |
| train/             |          |
|    actor_loss      | -13.9    |
|    critic_loss     | 0.608    |
|    ent_coef        | 0.00229  |
|    ent_coef_loss   | -4.04    |
|    learning_rate   | 0.0003   |
|    n_updates       | 22942    |
---------------------------------
---------------------------------
| rollout/           |          |
|    ep_len_mean     | 540      |
|    ep_rew_mean     | 654      |
| time/              |          |
|    episodes        | 552      |
|    fps             | 2153     |
|    time_elapsed    | 171      |
|    total_timesteps | 368224   |
| train/             |          |
|    actor_loss      | -14      |
|    critic_loss     | 0.305    |
|    ent_coef        | 0.00229  |
|    ent_coef_loss   | -1.49    |
|    learning_rate   | 0.0003   |
|    n_updates       | 22951    |
---------------------------------
---------------------------------
| rollout/           |          |
|    ep_len_mean     | 512      |
|    ep_rew_mean     | 606      |
| time/              |          |
|    episodes        | 556      |
|    fps             | 2153     |
|    time_elapsed    | 171      |
|    total_timesteps | 368400   |
| train/             |          |
|    actor_loss      | -13.7    |
|    critic_loss     | 0.792    |
|    ent_coef        | 0.00229  |
|    ent_coef_loss   | -0.361   |
|    learning_rate   | 0.0003   |
|    n_updates       | 22962    |
---------------------------------
---------------------------------
| rollout/           |          |
|    ep_len_mean     | 478      |
|    ep_rew_mean     | 541      |
| time/              |          |
|    episodes        | 560      |
|    fps             | 2152     |
|    time_elapsed    | 171      |
|    total_timesteps | 369984   |
| train/             |          |
|    actor_loss      | -13.8    |
|    critic_loss     | 0.437    |
|    ent_coef        | 0.00225  |
|    ent_coef_loss   | -2.48    |
|    learning_rate   | 0.0003   |
|    n_updates       | 23061    |
---------------------------------
---------------------------------
| rollout/           |          |
|    ep_len_mean     | 445      |
|    ep_rew_mean     | 524      |
| time/              |          |
|    episodes        | 564      |
|    fps             | 2152     |
|    time_elapsed    | 171      |
|    total_timesteps | 370048   |
| train/             |          |
|    actor_loss      | -13.9    |
|    critic_loss     | 0.0825   |
|    ent_coef        | 0.00225  |
|    ent_coef_loss   | -1.87    |
|    learning_rate   | 0.0003   |
|    n_updates       | 23065    |
---------------------------------
---------------------------------
| rollout/           |          |
|    ep_len_mean     | 436      |
|    ep_rew_mean     | 517      |
| time/              |          |
|    episodes        | 568      |
|    fps             | 2152     |
|    time_elapsed    | 172      |
|    total_timesteps | 371776   |
| train/             |          |
|    actor_loss      | -13.9    |
|    critic_loss     | 0.0259   |
|    ent_coef        | 0.00222  |
|    ent_coef_loss   | -1.05    |
|    learning_rate   | 0.0003   |
|    n_updates       | 23173    |
---------------------------------
---------------------------------
| rollout/           |          |
|    ep_len_mean     | 443      |
|    ep_rew_mean     | 535      |
| time/              |          |
|    episodes        | 572      |
|    fps             | 2152     |
|    time_elapsed    | 175      |
|    total_timesteps | 376992   |
| train/             |          |
|    actor_loss      | -13.7    |
|    critic_loss     | 0.0176   |
|    ent_coef        | 0.00207  |
|    ent_coef_loss   | -7.62    |
|    learning_rate   | 0.0003   |
|    n_updates       | 23499    |
---------------------------------
---------------------------------
| rollout/           |          |
|    ep_len_mean     | 400      |
|    ep_rew_mean     | 486      |
| time/              |          |
|    episodes        | 576      |
|    fps             | 2152     |
|    time_elapsed    | 176      |
|    total_timesteps | 379168   |
| train/             |          |
|    actor_loss      | -13.4    |
|    critic_loss     | 0.236    |
|    ent_coef        | 0.002    |
|    ent_coef_loss   | -1.72    |
|    learning_rate   | 0.0003   |
|    n_updates       | 23635    |
---------------------------------
---------------------------------
| rollout/           |          |
|    ep_len_mean     | 387      |
|    ep_rew_mean     | 510      |
| time/              |          |
|    episodes        | 580      |
|    fps             | 2151     |
|    time_elapsed    | 176      |
|    total_timesteps | 379552   |
| train/             |          |
|    actor_loss      | -13.2    |
|    critic_loss     | 0.0679   |
|    ent_coef        | 0.002    |
|    ent_coef_loss   | -3.15    |
|    learning_rate   | 0.0003   |
|    n_updates       | 23659    |
---------------------------------
---------------------------------
| rollout/           |          |
|    ep_len_mean     | 390      |
|    ep_rew_mean     | 505      |
| time/              |          |
|    episodes        | 584      |
|    fps             | 2151     |
|    time_elapsed    | 177      |
|    total_timesteps | 382448   |
| train/             |          |
|    actor_loss      | -13.5    |
|    critic_loss     | 0.015    |
|    ent_coef        | 0.00193  |
|    ent_coef_loss   | -4.32    |
|    learning_rate   | 0.0003   |
|    n_updates       | 23840    |
---------------------------------
---------------------------------
| rollout/           |          |
|    ep_len_mean     | 408      |
|    ep_rew_mean     | 515      |
| time/              |          |
|    episodes        | 588      |
|    fps             | 2151     |
|    time_elapsed    | 179      |
|    total_timesteps | 386176   |
| train/             |          |
|    actor_loss      | -13.2    |
|    critic_loss     | 0.0177   |
|    ent_coef        | 0.00184  |
|    ent_coef_loss   | -5.47    |
|    learning_rate   | 0.0003   |
|    n_updates       | 24073    |
---------------------------------
---------------------------------
| rollout/           |          |
|    ep_len_mean     | 388      |
|    ep_rew_mean     | 473      |
| time/              |          |
|    episodes        | 592      |
|    fps             | 2151     |
|    time_elapsed    | 181      |
|    total_timesteps | 390960   |
| train/             |          |
|    actor_loss      | -13.2    |
|    critic_loss     | 0.0144   |
|    ent_coef        | 0.00177  |
|    ent_coef_loss   | 1.87     |
|    learning_rate   | 0.0003   |
|    n_updates       | 24372    |
---------------------------------
---------------------------------
| rollout/           |          |
|    ep_len_mean     | 392      |
|    ep_rew_mean     | 497      |
| time/              |          |
|    episodes        | 596      |
|    fps             | 2149     |
|    time_elapsed    | 181      |
|    total_timesteps | 391088   |
| train/             |          |
|    actor_loss      | -13.2    |
|    critic_loss     | 0.0518   |
|    ent_coef        | 0.00177  |
|    ent_coef_loss   | 4.51     |
|    learning_rate   | 0.0003   |
|    n_updates       | 24380    |
---------------------------------
---------------------------------
| rollout/           |          |
|    ep_len_mean     | 350      |
|    ep_rew_mean     | 433      |
| time/              |          |
|    episodes        | 600      |
|    fps             | 2149     |
|    time_elapsed    | 182      |
|    total_timesteps | 391360   |
| train/             |          |
|    actor_loss      | -13.1    |
|    critic_loss     | 0.138    |
|    ent_coef        | 0.00177  |
|    ent_coef_loss   | -4.58    |
|    learning_rate   | 0.0003   |
|    n_updates       | 24397    |
---------------------------------
---------------------------------
| rollout/           |          |
|    ep_len_mean     | 322      |
|    ep_rew_mean     | 393      |
| time/              |          |
|    episodes        | 604      |
|    fps             | 2149     |
|    time_elapsed    | 182      |
|    total_timesteps | 391712   |
| train/             |          |
|    actor_loss      | -12.9    |
|    critic_loss     | 0.227    |
|    ent_coef        | 0.00177  |
|    ent_coef_loss   | 0.674    |
|    learning_rate   | 0.0003   |
|    n_updates       | 24419    |
---------------------------------
---------------------------------
| rollout/           |          |
|    ep_len_mean     | 293      |
|    ep_rew_mean     | 353      |
| time/              |          |
|    episodes        | 608      |
|    fps             | 2149     |
|    time_elapsed    | 182      |
|    total_timesteps | 392848   |
| train/             |          |
|    actor_loss      | -13      |
|    critic_loss     | 0.0158   |
|    ent_coef        | 0.00177  |
|    ent_coef_loss   | 0.368    |
|    learning_rate   | 0.0003   |
|    n_updates       | 24490    |
---------------------------------
---------------------------------
| rollout/           |          |
|    ep_len_mean     | 325      |
|    ep_rew_mean     | 415      |
| time/              |          |
|    episodes        | 612      |
|    fps             | 2149     |
|    time_elapsed    | 183      |
|    total_timesteps | 394832   |
| train/             |          |
|    actor_loss      | -12.9    |
|    critic_loss     | 0.197    |
|    ent_coef        | 0.00175  |
|    ent_coef_loss   | -2.97    |
|    learning_rate   | 0.0003   |
|    n_updates       | 24614    |
---------------------------------
---------------------------------
| rollout/           |          |
|    ep_len_mean     | 327      |
|    ep_rew_mean     | 416      |
| time/              |          |
|    episodes        | 616      |
|    fps             | 2149     |
|    time_elapsed    | 184      |
|    total_timesteps | 396736   |
| train/             |          |
|    actor_loss      | -13      |
|    critic_loss     | 0.577    |
|    ent_coef        | 0.00169  |
|    ent_coef_loss   | -0.769   |
|    learning_rate   | 0.0003   |
|    n_updates       | 24733    |
---------------------------------
---------------------------------
| rollout/           |          |
|    ep_len_mean     | 347      |
|    ep_rew_mean     | 449      |
| time/              |          |
|    episodes        | 620      |
|    fps             | 2147     |
|    time_elapsed    | 187      |
|    total_timesteps | 402464   |
| train/             |          |
|    actor_loss      | -12.6    |
|    critic_loss     | 0.0189   |
|    ent_coef        | 0.00161  |
|    ent_coef_loss   | 0.249    |
|    learning_rate   | 0.0003   |
|    n_updates       | 25091    |
---------------------------------
---------------------------------
| rollout/           |          |
|    ep_len_mean     | 378      |
|    ep_rew_mean     | 497      |
| time/              |          |
|    episodes        | 624      |
|    fps             | 2148     |
|    time_elapsed    | 191      |
|    total_timesteps | 410912   |
| train/             |          |
|    actor_loss      | -12.5    |
|    critic_loss     | 0.111    |
|    ent_coef        | 0.00156  |
|    ent_coef_loss   | -0.0987  |
|    learning_rate   | 0.0003   |
|    n_updates       | 25619    |
---------------------------------
---------------------------------
| rollout/           |          |
|    ep_len_mean     | 413      |
|    ep_rew_mean     | 541      |
| time/              |          |
|    episodes        | 628      |
|    fps             | 2147     |
|    time_elapsed    | 195      |
|    total_timesteps | 418976   |
| train/             |          |
|    actor_loss      | -12      |
|    critic_loss     | 0.506    |
|    ent_coef        | 0.00155  |
|    ent_coef_loss   | 1.26     |
|    learning_rate   | 0.0003   |
|    n_updates       | 26123    |
---------------------------------
---------------------------------
| rollout/           |          |
|    ep_len_mean     | 459      |
|    ep_rew_mean     | 597      |
| time/              |          |
|    episodes        | 632      |
|    fps             | 2146     |
|    time_elapsed    | 197      |
|    total_timesteps | 423520   |
| train/             |          |
|    actor_loss      | -12.1    |
|    critic_loss     | 0.0284   |
|    ent_coef        | 0.00161  |
|    ent_coef_loss   | -1.41    |
|    learning_rate   | 0.0003   |
|    n_updates       | 26407    |
---------------------------------
---------------------------------
| rollout/           |          |
|    ep_len_mean     | 503      |
|    ep_rew_mean     | 653      |
| time/              |          |
|    episodes        | 636      |
|    fps             | 2146     |
|    time_elapsed    | 198      |
|    total_timesteps | 425936   |
| train/             |          |
|    actor_loss      | -11.9    |
|    critic_loss     | 0.186    |
|    ent_coef        | 0.00165  |
|    ent_coef_loss   | 0.0907   |
|    learning_rate   | 0.0003   |
|    n_updates       | 26558    |
---------------------------------
---------------------------------
| rollout/           |          |
|    ep_len_mean     | 559      |
|    ep_rew_mean     | 711      |
| time/              |          |
|    episodes        | 640      |
|    fps             | 2145     |
|    time_elapsed    | 200      |
|    total_timesteps | 429488   |
| train/             |          |
|    actor_loss      | -11.7    |
|    critic_loss     | 0.0331   |
|    ent_coef        | 0.00168  |
|    ent_coef_loss   | 0.418    |
|    learning_rate   | 0.0003   |
|    n_updates       | 26780    |
---------------------------------
---------------------------------
| rollout/           |          |
|    ep_len_mean     | 587      |
|    ep_rew_mean     | 754      |
| time/              |          |
|    episodes        | 644      |
|    fps             | 2144     |
|    time_elapsed    | 200      |
|    total_timesteps | 431104   |
| train/             |          |
|    actor_loss      | -11.6    |
|    critic_loss     | 0.235    |
|    ent_coef        | 0.00171  |
|    ent_coef_loss   | 9.04     |
|    learning_rate   | 0.0003   |
|    n_updates       | 26881    |
---------------------------------
---------------------------------
| rollout/           |          |
|    ep_len_mean     | 619      |
|    ep_rew_mean     | 797      |
| time/              |          |
|    episodes        | 648      |
|    fps             | 2144     |
|    time_elapsed    | 201      |
|    total_timesteps | 432928   |
| train/             |          |
|    actor_loss      | -11.6    |
|    critic_loss     | 0.0176   |
|    ent_coef        | 0.00177  |
|    ent_coef_loss   | 3.44     |
|    learning_rate   | 0.0003   |
|    n_updates       | 26995    |
---------------------------------
---------------------------------
| rollout/           |          |
|    ep_len_mean     | 662      |
|    ep_rew_mean     | 811      |
| time/              |          |
|    episodes        | 652      |
|    fps             | 2144     |
|    time_elapsed    | 203      |
|    total_timesteps | 435920   |
| train/             |          |
|    actor_loss      | -11.8    |
|    critic_loss     | 0.0178   |
|    ent_coef        | 0.0017   |
|    ent_coef_loss   | -4.69    |
|    learning_rate   | 0.0003   |
|    n_updates       | 27182    |
---------------------------------
---------------------------------
| rollout/           |          |
|    ep_len_mean     | 705      |
|    ep_rew_mean     | 816      |
| time/              |          |
|    episodes        | 656      |
|    fps             | 2143     |
|    time_elapsed    | 207      |
|    total_timesteps | 444816   |
| train/             |          |
|    actor_loss      | -11.4    |
|    critic_loss     | 0.0156   |
|    ent_coef        | 0.00159  |
|    ent_coef_loss   | -5.88    |
|    learning_rate   | 0.0003   |
|    n_updates       | 27738    |
---------------------------------
---------------------------------
| rollout/           |          |
|    ep_len_mean     | 737      |
|    ep_rew_mean     | 869      |
| time/              |          |
|    episodes        | 660      |
|    fps             | 2142     |
|    time_elapsed    | 211      |
|    total_timesteps | 453568   |
| train/             |          |
|    actor_loss      | -11.1    |
|    critic_loss     | 0.0162   |
|    ent_coef        | 0.00137  |
|    ent_coef_loss   | -3.13    |
|    learning_rate   | 0.0003   |
|    n_updates       | 28285    |
---------------------------------
---------------------------------
| rollout/           |          |
|    ep_len_mean     | 804      |
|    ep_rew_mean     | 927      |
| time/              |          |
|    episodes        | 664      |
|    fps             | 2140     |
|    time_elapsed    | 221      |
|    total_timesteps | 473504   |
| train/             |          |
|    actor_loss      | -10.3    |
|    critic_loss     | 0.159    |
|    ent_coef        | 0.00118  |
|    ent_coef_loss   | -0.038   |
|    learning_rate   | 0.0003   |
|    n_updates       | 29531    |
---------------------------------
---------------------------------
| rollout/           |          |
|    ep_len_mean     | 874      |
|    ep_rew_mean     | 940      |
| time/              |          |
|    episodes        | 668      |
|    fps             | 2139     |
|    time_elapsed    | 223      |
|    total_timesteps | 477296   |
| train/             |          |
|    actor_loss      | -10.3    |
|    critic_loss     | 0.0193   |
|    ent_coef        | 0.00118  |
|    ent_coef_loss   | -0.00544 |
|    learning_rate   | 0.0003   |
|    n_updates       | 29768    |
---------------------------------
---------------------------------
| rollout/           |          |
|    ep_len_mean     | 944      |
|    ep_rew_mean     | 947      |
| time/              |          |
|    episodes        | 672      |
|    fps             | 2139     |
|    time_elapsed    | 224      |
|    total_timesteps | 479488   |
| train/             |          |
|    actor_loss      | -10.1    |
|    critic_loss     | 0.0218   |
|    ent_coef        | 0.00113  |
|    ent_coef_loss   | -1.81    |
|    learning_rate   | 0.0003   |
|    n_updates       | 29905    |
---------------------------------
---------------------------------
| rollout/           |          |
|    ep_len_mean     | 996      |
|    ep_rew_mean     | 946      |
| time/              |          |
|    episodes        | 676      |
|    fps             | 2138     |
|    time_elapsed    | 225      |
|    total_timesteps | 482048   |
| train/             |          |
|    actor_loss      | -9.95    |
|    critic_loss     | 0.33     |
|    ent_coef        | 0.00116  |
|    ent_coef_loss   | 2.44     |
|    learning_rate   | 0.0003   |
|    n_updates       | 30065    |
---------------------------------
---------------------------------
| rollout/           |          |
|    ep_len_mean     | 992      |
|    ep_rew_mean     | 951      |
| time/              |          |
|    episodes        | 680      |
|    fps             | 2138     |
|    time_elapsed    | 225      |
|    total_timesteps | 482144   |
| train/             |          |
|    actor_loss      | -10.3    |
|    critic_loss     | 0.277    |
|    ent_coef        | 0.00117  |
|    ent_coef_loss   | 1.98     |
|    learning_rate   | 0.0003   |
|    n_updates       | 30071    |
---------------------------------
---------------------------------
| rollout/           |          |
|    ep_len_mean     | 979      |
|    ep_rew_mean     | 961      |
| time/              |          |
|    episodes        | 684      |
|    fps             | 2138     |
|    time_elapsed    | 225      |
|    total_timesteps | 482944   |
| train/             |          |
|    actor_loss      | -10.3    |
|    critic_loss     | 0.0292   |
|    ent_coef        | 0.00118  |
|    ent_coef_loss   | -3.59    |
|    learning_rate   | 0.0003   |
|    n_updates       | 30121    |
---------------------------------
---------------------------------
| rollout/           |          |
|    ep_len_mean     | 1e+03    |
|    ep_rew_mean     | 930      |
| time/              |          |
|    episodes        | 688      |
|    fps             | 2137     |
|    time_elapsed    | 229      |
|    total_timesteps | 490592   |
| train/             |          |
|    actor_loss      | -9.83    |
|    critic_loss     | 0.124    |
|    ent_coef        | 0.00127  |
|    ent_coef_loss   | 3.13     |
|    learning_rate   | 0.0003   |
|    n_updates       | 30599    |
---------------------------------
---------------------------------
| rollout/           |          |
|    ep_len_mean     | 1.02e+03 |
|    ep_rew_mean     | 949      |
| time/              |          |
|    episodes        | 692      |
|    fps             | 2137     |
|    time_elapsed    | 231      |
|    total_timesteps | 494912   |
| train/             |          |
|    actor_loss      | -9.87    |
|    critic_loss     | 0.0115   |
|    ent_coef        | 0.00135  |
|    ent_coef_loss   | -0.123   |
|    learning_rate   | 0.0003   |
|    n_updates       | 30869    |
---------------------------------
---------------------------------
| rollout/           |          |
|    ep_len_mean     | 1.03e+03 |
|    ep_rew_mean     | 964      |
| time/              |          |
|    episodes        | 696      |
|    fps             | 2136     |
|    time_elapsed    | 233      |
|    total_timesteps | 499808   |
| train/             |          |
|    actor_loss      | -9.59    |
|    critic_loss     | 0.0745   |
|    ent_coef        | 0.00138  |
|    ent_coef_loss   | -0.236   |
|    learning_rate   | 0.0003   |
|    n_updates       | 31175    |
---------------------------------
---------------------------------
| rollout/           |          |
|    ep_len_mean     | 1.1e+03  |
|    ep_rew_mean     | 1.03e+03 |
| time/              |          |
|    episodes        | 700      |
|    fps             | 2136     |
|    time_elapsed    | 235      |
|    total_timesteps | 502576   |
| train/             |          |
|    actor_loss      | -9.66    |
|    critic_loss     | 0.0165   |
|    ent_coef        | 0.00143  |
|    ent_coef_loss   | -1.33    |
|    learning_rate   | 0.0003   |
|    n_updates       | 31348    |
---------------------------------
---------------------------------
| rollout/           |          |
|    ep_len_mean     | 1.13e+03 |
|    ep_rew_mean     | 1.07e+03 |
| time/              |          |
|    episodes        | 704      |
|    fps             | 2136     |
|    time_elapsed    | 237      |
|    total_timesteps | 507776   |
| train/             |          |
|    actor_loss      | -9.53    |
|    critic_loss     | 0.0129   |
|    ent_coef        | 0.00146  |
|    ent_coef_loss   | 0.18     |
|    learning_rate   | 0.0003   |
|    n_updates       | 31673    |
---------------------------------
---------------------------------
| rollout/           |          |
|    ep_len_mean     | 1.17e+03 |
|    ep_rew_mean     | 1.14e+03 |
| time/              |          |
|    episodes        | 708      |
|    fps             | 2136     |
|    time_elapsed    | 242      |
|    total_timesteps | 518832   |
| train/             |          |
|    actor_loss      | -9.26    |
|    critic_loss     | 0.0241   |
|    ent_coef        | 0.00138  |
|    ent_coef_loss   | -3.53    |
|    learning_rate   | 0.0003   |
|    n_updates       | 32364    |
---------------------------------
---------------------------------
| rollout/           |          |
|    ep_len_mean     | 1.19e+03 |
|    ep_rew_mean     | 1.16e+03 |
| time/              |          |
|    episodes        | 712      |
|    fps             | 2136     |
|    time_elapsed    | 244      |
|    total_timesteps | 522736   |
| train/             |          |
|    actor_loss      | -9.1     |
|    critic_loss     | 0.108    |
|    ent_coef        | 0.00133  |
|    ent_coef_loss   | -5.9     |
|    learning_rate   | 0.0003   |
|    n_updates       | 32608    |
---------------------------------
---------------------------------
| rollout/           |          |
|    ep_len_mean     | 1.21e+03 |
|    ep_rew_mean     | 1.2e+03  |
| time/              |          |
|    episodes        | 716      |
|    fps             | 2136     |
|    time_elapsed    | 248      |
|    total_timesteps | 531504   |
| train/             |          |
|    actor_loss      | -8.89    |
|    critic_loss     | 0.00809  |
|    ent_coef        | 0.00124  |
|    ent_coef_loss   | -0.444   |
|    learning_rate   | 0.0003   |
|    n_updates       | 33156    |
---------------------------------
---------------------------------
| rollout/           |          |
|    ep_len_mean     | 1.25e+03 |
|    ep_rew_mean     | 1.23e+03 |
| time/              |          |
|    episodes        | 720      |
|    fps             | 2136     |
|    time_elapsed    | 249      |
|    total_timesteps | 533088   |
| train/             |          |
|    actor_loss      | -8.93    |
|    critic_loss     | 0.0134   |
|    ent_coef        | 0.00124  |
|    ent_coef_loss   | 2.86     |
|    learning_rate   | 0.0003   |
|    n_updates       | 33255    |
---------------------------------
---------------------------------
| rollout/           |          |
|    ep_len_mean     | 1.28e+03 |
|    ep_rew_mean     | 1.2e+03  |
| time/              |          |
|    episodes        | 724      |
|    fps             | 2136     |
|    time_elapsed    | 251      |
|    total_timesteps | 536192   |
| train/             |          |
|    actor_loss      | -8.94    |
|    critic_loss     | 0.0155   |
|    ent_coef        | 0.00123  |
|    ent_coef_loss   | -2.69    |
|    learning_rate   | 0.0003   |
|    n_updates       | 33449    |
---------------------------------
---------------------------------
| rollout/           |          |
|    ep_len_mean     | 1.3e+03  |
|    ep_rew_mean     | 1.26e+03 |
| time/              |          |
|    episodes        | 728      |
|    fps             | 2135     |
|    time_elapsed    | 253      |
|    total_timesteps | 540496   |
| train/             |          |
|    actor_loss      | -8.81    |
|    critic_loss     | 0.00586  |
|    ent_coef        | 0.0012   |
|    ent_coef_loss   | 1.49     |
|    learning_rate   | 0.0003   |
|    n_updates       | 33718    |
---------------------------------
---------------------------------
| rollout/           |          |
|    ep_len_mean     | 1.27e+03 |
|    ep_rew_mean     | 1.21e+03 |
| time/              |          |
|    episodes        | 732      |
|    fps             | 2135     |
|    time_elapsed    | 254      |
|    total_timesteps | 544128   |
| train/             |          |
|    actor_loss      | -8.63    |
|    critic_loss     | 0.0552   |
|    ent_coef        | 0.0012   |
|    ent_coef_loss   | -1.64    |
|    learning_rate   | 0.0003   |
|    n_updates       | 33945    |
---------------------------------
---------------------------------
| rollout/           |          |
|    ep_len_mean     | 1.28e+03 |
|    ep_rew_mean     | 1.27e+03 |
| time/              |          |
|    episodes        | 736      |
|    fps             | 2134     |
|    time_elapsed    | 260      |
|    total_timesteps | 555744   |
| train/             |          |
|    actor_loss      | -8.34    |
|    critic_loss     | 0.0258   |
|    ent_coef        | 0.00122  |
|    ent_coef_loss   | -0.832   |
|    learning_rate   | 0.0003   |
|    n_updates       | 34671    |
---------------------------------
---------------------------------
| rollout/           |          |
|    ep_len_mean     | 1.27e+03 |
|    ep_rew_mean     | 1.24e+03 |
| time/              |          |
|    episodes        | 740      |
|    fps             | 2134     |
|    time_elapsed    | 261      |
|    total_timesteps | 557536   |
| train/             |          |
|    actor_loss      | -8.32    |
|    critic_loss     | 0.0113   |
|    ent_coef        | 0.00122  |
|    ent_coef_loss   | 1.99     |
|    learning_rate   | 0.0003   |
|    n_updates       | 34783    |
---------------------------------
---------------------------------
| rollout/           |          |
|    ep_len_mean     | 1.26e+03 |
|    ep_rew_mean     | 1.23e+03 |
| time/              |          |
|    episodes        | 744      |
|    fps             | 2134     |
|    time_elapsed    | 261      |
|    total_timesteps | 558496   |
| train/             |          |
|    actor_loss      | -8.3     |
|    critic_loss     | 0.155    |
|    ent_coef        | 0.0012   |
|    ent_coef_loss   | -6.44    |
|    learning_rate   | 0.0003   |
|    n_updates       | 34843    |
---------------------------------
---------------------------------
| rollout/           |          |
|    ep_len_mean     | 1.23e+03 |
|    ep_rew_mean     | 1.18e+03 |
| time/              |          |
|    episodes        | 748      |
|    fps             | 2134     |
|    time_elapsed    | 262      |
|    total_timesteps | 559488   |
| train/             |          |
|    actor_loss      | -8.25    |
|    critic_loss     | 0.0788   |
|    ent_coef        | 0.00119  |
|    ent_coef_loss   | -0.529   |
|    learning_rate   | 0.0003   |
|    n_updates       | 34905    |
---------------------------------
---------------------------------
| rollout/           |          |
|    ep_len_mean     | 1.21e+03 |
|    ep_rew_mean     | 1.16e+03 |
| time/              |          |
|    episodes        | 752      |
|    fps             | 2134     |
|    time_elapsed    | 262      |
|    total_timesteps | 560800   |
| train/             |          |
|    actor_loss      | -8.32    |
|    critic_loss     | 0.00713  |
|    ent_coef        | 0.00117  |
|    ent_coef_loss   | -2.46    |
|    learning_rate   | 0.0003   |
|    n_updates       | 34987    |
---------------------------------
---------------------------------
| rollout/           |          |
|    ep_len_mean     | 1.18e+03 |
|    ep_rew_mean     | 1.19e+03 |
| time/              |          |
|    episodes        | 756      |
|    fps             | 2134     |
|    time_elapsed    | 263      |
|    total_timesteps | 562656   |
| train/             |          |
|    actor_loss      | -8.37    |
|    critic_loss     | 0.0121   |
|    ent_coef        | 0.00115  |
|    ent_coef_loss   | 0.665    |
|    learning_rate   | 0.0003   |
|    n_updates       | 35103    |
---------------------------------
---------------------------------
| rollout/           |          |
|    ep_len_mean     | 1.15e+03 |
|    ep_rew_mean     | 1.13e+03 |
| time/              |          |
|    episodes        | 760      |
|    fps             | 2134     |
|    time_elapsed    | 264      |
|    total_timesteps | 564416   |
| train/             |          |
|    actor_loss      | -8.27    |
|    critic_loss     | 0.0736   |
|    ent_coef        | 0.00113  |
|    ent_coef_loss   | -1.89    |
|    learning_rate   | 0.0003   |
|    n_updates       | 35213    |
---------------------------------
---------------------------------
| rollout/           |          |
|    ep_len_mean     | 1.1e+03  |
|    ep_rew_mean     | 1.08e+03 |
| time/              |          |
|    episodes        | 764      |
|    fps             | 2135     |
|    time_elapsed    | 265      |
|    total_timesteps | 567760   |
| train/             |          |
|    actor_loss      | -8.18    |
|    critic_loss     | 0.0104   |
|    ent_coef        | 0.00114  |
|    ent_coef_loss   | -2.5     |
|    learning_rate   | 0.0003   |
|    n_updates       | 35422    |
---------------------------------
---------------------------------
| rollout/           |          |
|    ep_len_mean     | 1.04e+03 |
|    ep_rew_mean     | 1.06e+03 |
| time/              |          |
|    episodes        | 768      |
|    fps             | 2135     |
|    time_elapsed    | 267      |
|    total_timesteps | 570240   |
| train/             |          |
|    actor_loss      | -8.09    |
|    critic_loss     | 0.00538  |
|    ent_coef        | 0.00114  |
|    ent_coef_loss   | 1.17     |
|    learning_rate   | 0.0003   |
|    n_updates       | 35577    |
---------------------------------
---------------------------------
| rollout/           |          |
|    ep_len_mean     | 989      |
|    ep_rew_mean     | 1.09e+03 |
| time/              |          |
|    episodes        | 772      |
|    fps             | 2135     |
|    time_elapsed    | 267      |
|    total_timesteps | 570896   |
| train/             |          |
|    actor_loss      | -8.09    |
|    critic_loss     | 0.0162   |
|    ent_coef        | 0.00114  |
|    ent_coef_loss   | 1.97     |
|    learning_rate   | 0.0003   |
|    n_updates       | 35618    |
---------------------------------
---------------------------------
| rollout/           |          |
|    ep_len_mean     | 951      |
|    ep_rew_mean     | 1.11e+03 |
| time/              |          |
|    episodes        | 776      |
|    fps             | 2135     |
|    time_elapsed    | 267      |
|    total_timesteps | 572032   |
| train/             |          |
|    actor_loss      | -8.14    |
|    critic_loss     | 0.0226   |
|    ent_coef        | 0.00114  |
|    ent_coef_loss   | -1.3     |
|    learning_rate   | 0.0003   |
|    n_updates       | 35689    |
---------------------------------
---------------------------------
| rollout/           |          |
|    ep_len_mean     | 954      |
|    ep_rew_mean     | 1.08e+03 |
| time/              |          |
|    episodes        | 780      |
|    fps             | 2135     |
|    time_elapsed    | 268      |
|    total_timesteps | 574032   |
| train/             |          |
|    actor_loss      | -7.87    |
|    critic_loss     | 0.00693  |
|    ent_coef        | 0.0011   |
|    ent_coef_loss   | -0.505   |
|    learning_rate   | 0.0003   |
|    n_updates       | 35814    |
---------------------------------
---------------------------------
| rollout/           |          |
|    ep_len_mean     | 989      |
|    ep_rew_mean     | 1.13e+03 |
| time/              |          |
|    episodes        | 784      |
|    fps             | 2135     |
|    time_elapsed    | 269      |
|    total_timesteps | 575264   |
| train/             |          |
|    actor_loss      | -7.9     |
|    critic_loss     | 0.00988  |
|    ent_coef        | 0.0011   |
|    ent_coef_loss   | 3        |
|    learning_rate   | 0.0003   |
|    n_updates       | 35891    |
---------------------------------
---------------------------------
| rollout/           |          |
|    ep_len_mean     | 946      |
|    ep_rew_mean     | 1.15e+03 |
| time/              |          |
|    episodes        | 788      |
|    fps             | 2135     |
|    time_elapsed    | 271      |
|    total_timesteps | 580912   |
| train/             |          |
|    actor_loss      | -7.96    |
|    critic_loss     | 0.00589  |
|    ent_coef        | 0.00106  |
|    ent_coef_loss   | -4.85    |
|    learning_rate   | 0.0003   |
|    n_updates       | 36244    |
---------------------------------
---------------------------------
| rollout/           |          |
|    ep_len_mean     | 931      |
|    ep_rew_mean     | 1.13e+03 |
| time/              |          |
|    episodes        | 792      |
|    fps             | 2135     |
|    time_elapsed    | 273      |
|    total_timesteps | 583328   |
| train/             |          |
|    actor_loss      | -7.82    |
|    critic_loss     | 0.139    |
|    ent_coef        | 0.00106  |
|    ent_coef_loss   | 0.885    |
|    learning_rate   | 0.0003   |
|    n_updates       | 36395    |
---------------------------------
---------------------------------
| rollout/           |          |
|    ep_len_mean     | 909      |
|    ep_rew_mean     | 1.09e+03 |
| time/              |          |
|    episodes        | 796      |
|    fps             | 2135     |
|    time_elapsed    | 273      |
|    total_timesteps | 584448   |
| train/             |          |
|    actor_loss      | -7.61    |
|    critic_loss     | 0.00555  |
|    ent_coef        | 0.00106  |
|    ent_coef_loss   | 1.99     |
|    learning_rate   | 0.0003   |
|    n_updates       | 36465    |
---------------------------------
---------------------------------
| rollout/           |          |
|    ep_len_mean     | 854      |
|    ep_rew_mean     | 1.04e+03 |
| time/              |          |
|    episodes        | 800      |
|    fps             | 2135     |
|    time_elapsed    | 273      |
|    total_timesteps | 585104   |
| train/             |          |
|    actor_loss      | -7.71    |
|    critic_loss     | 0.0086   |
|    ent_coef        | 0.00108  |
|    ent_coef_loss   | 1.53     |
|    learning_rate   | 0.0003   |
|    n_updates       | 36506    |
---------------------------------
---------------------------------
| rollout/           |          |
|    ep_len_mean     | 827      |
|    ep_rew_mean     | 1e+03    |
| time/              |          |
|    episodes        | 804      |
|    fps             | 2135     |
|    time_elapsed    | 274      |
|    total_timesteps | 586656   |
| train/             |          |
|    actor_loss      | -7.76    |
|    critic_loss     | 0.0162   |
|    ent_coef        | 0.0011   |
|    ent_coef_loss   | -1.49    |
|    learning_rate   | 0.0003   |
|    n_updates       | 36603    |
---------------------------------
---------------------------------
| rollout/           |          |
|    ep_len_mean     | 788      |
|    ep_rew_mean     | 926      |
| time/              |          |
|    episodes        | 808      |
|    fps             | 2135     |
|    time_elapsed    | 274      |
|    total_timesteps | 586800   |
| train/             |          |
|    actor_loss      | -7.77    |
|    critic_loss     | 0.0198   |
|    ent_coef        | 0.00109  |
|    ent_coef_loss   | -0.352   |
|    learning_rate   | 0.0003   |
|    n_updates       | 36612    |
---------------------------------
---------------------------------
| rollout/           |          |
|    ep_len_mean     | 763      |
|    ep_rew_mean     | 884      |
| time/              |          |
|    episodes        | 812      |
|    fps             | 2135     |
|    time_elapsed    | 274      |
|    total_timesteps | 586928   |
| train/             |          |
|    actor_loss      | -7.62    |
|    critic_loss     | 0.00639  |
|    ent_coef        | 0.00109  |
|    ent_coef_loss   | -0.371   |
|    learning_rate   | 0.0003   |
|    n_updates       | 36620    |
---------------------------------
---------------------------------
| rollout/           |          |
|    ep_len_mean     | 730      |
|    ep_rew_mean     | 822      |
| time/              |          |
|    episodes        | 816      |
|    fps             | 2135     |
|    time_elapsed    | 275      |
|    total_timesteps | 589232   |
| train/             |          |
|    actor_loss      | -7.58    |
|    critic_loss     | 0.00474  |
|    ent_coef        | 0.00111  |
|    ent_coef_loss   | 1.74     |
|    learning_rate   | 0.0003   |
|    n_updates       | 36764    |
---------------------------------
---------------------------------
| rollout/           |          |
|    ep_len_mean     | 688      |
|    ep_rew_mean     | 783      |
| time/              |          |
|    episodes        | 820      |
|    fps             | 2135     |
|    time_elapsed    | 277      |
|    total_timesteps | 593520   |
| train/             |          |
|    actor_loss      | -7.58    |
|    critic_loss     | 0.458    |
|    ent_coef        | 0.00111  |
|    ent_coef_loss   | -4.21    |
|    learning_rate   | 0.0003   |
|    n_updates       | 37032    |
---------------------------------
---------------------------------
| rollout/           |          |
|    ep_len_mean     | 639      |
|    ep_rew_mean     | 777      |
| time/              |          |
|    episodes        | 824      |
|    fps             | 2136     |
|    time_elapsed    | 278      |
|    total_timesteps | 594112   |
| train/             |          |
|    actor_loss      | -7.46    |
|    critic_loss     | 0.244    |
|    ent_coef        | 0.0011   |
|    ent_coef_loss   | -1.25    |
|    learning_rate   | 0.0003   |
|    n_updates       | 37069    |
---------------------------------
---------------------------------
| rollout/           |          |
|    ep_len_mean     | 585      |
|    ep_rew_mean     | 687      |
| time/              |          |
|    episodes        | 828      |
|    fps             | 2135     |
|    time_elapsed    | 278      |
|    total_timesteps | 594816   |
| train/             |          |
|    actor_loss      | -7.58    |
|    critic_loss     | 0.00564  |
|    ent_coef        | 0.0011   |
|    ent_coef_loss   | 1.68     |
|    learning_rate   | 0.0003   |
|    n_updates       | 37113    |
---------------------------------
---------------------------------
| rollout/           |          |
|    ep_len_mean     | 578      |
|    ep_rew_mean     | 695      |
| time/              |          |
|    episodes        | 832      |
|    fps             | 2135     |
|    time_elapsed    | 279      |
|    total_timesteps | 596192   |
| train/             |          |
|    actor_loss      | -7.53    |
|    critic_loss     | 0.033    |
|    ent_coef        | 0.0011   |
|    ent_coef_loss   | -4.09    |
|    learning_rate   | 0.0003   |
|    n_updates       | 37199    |
---------------------------------
---------------------------------
| rollout/           |          |
|    ep_len_mean     | 532      |
|    ep_rew_mean     | 596      |
| time/              |          |
|    episodes        | 836      |
|    fps             | 2136     |
|    time_elapsed    | 281      |
|    total_timesteps | 601024   |
| train/             |          |
|    actor_loss      | -7.42    |
|    critic_loss     | 0.141    |
|    ent_coef        | 0.00103  |
|    ent_coef_loss   | 0.395    |
|    learning_rate   | 0.0003   |
|    n_updates       | 37501    |
---------------------------------
---------------------------------
| rollout/           |          |
|    ep_len_mean     | 510      |
|    ep_rew_mean     | 581      |
| time/              |          |
|    episodes        | 840      |
|    fps             | 2136     |
|    time_elapsed    | 281      |
|    total_timesteps | 601680   |
| train/             |          |
|    actor_loss      | -7.33    |
|    critic_loss     | 0.0582   |
|    ent_coef        | 0.00103  |
|    ent_coef_loss   | -2.28    |
|    learning_rate   | 0.0003   |
|    n_updates       | 37542    |
---------------------------------
---------------------------------
| rollout/           |          |
|    ep_len_mean     | 511      |
|    ep_rew_mean     | 590      |
| time/              |          |
|    episodes        | 844      |
|    fps             | 2136     |
|    time_elapsed    | 282      |
|    total_timesteps | 603056   |
| train/             |          |
|    actor_loss      | -7.56    |
|    critic_loss     | 0.0124   |
|    ent_coef        | 0.00102  |
|    ent_coef_loss   | 0.103    |
|    learning_rate   | 0.0003   |
|    n_updates       | 37628    |
---------------------------------
---------------------------------
| rollout/           |          |
|    ep_len_mean     | 526      |
|    ep_rew_mean     | 593      |
| time/              |          |
|    episodes        | 848      |
|    fps             | 2136     |
|    time_elapsed    | 282      |
|    total_timesteps | 604272   |
| train/             |          |
|    actor_loss      | -7.34    |
|    critic_loss     | 0.00705  |
|    ent_coef        | 0.00104  |
|    ent_coef_loss   | 3.07     |
|    learning_rate   | 0.0003   |
|    n_updates       | 37704    |
---------------------------------
---------------------------------
| rollout/           |          |
|    ep_len_mean     | 517      |
|    ep_rew_mean     | 614      |
| time/              |          |
|    episodes        | 852      |
|    fps             | 2136     |
|    time_elapsed    | 284      |
|    total_timesteps | 608208   |
| train/             |          |
|    actor_loss      | -7.22    |
|    critic_loss     | 0.0278   |
|    ent_coef        | 0.0011   |
|    ent_coef_loss   | 1.61     |
|    learning_rate   | 0.0003   |
|    n_updates       | 37950    |
---------------------------------
---------------------------------
| rollout/           |          |
|    ep_len_mean     | 522      |
|    ep_rew_mean     | 630      |
| time/              |          |
|    episodes        | 856      |
|    fps             | 2136     |
|    time_elapsed    | 284      |
|    total_timesteps | 608496   |
| train/             |          |
|    actor_loss      | -7.3     |
|    critic_loss     | 0.00668  |
|    ent_coef        | 0.0011   |
|    ent_coef_loss   | -2.01    |
|    learning_rate   | 0.0003   |
|    n_updates       | 37968    |
---------------------------------
---------------------------------
| rollout/           |          |
|    ep_len_mean     | 531      |
|    ep_rew_mean     | 657      |
| time/              |          |
|    episodes        | 860      |
|    fps             | 2136     |
|    time_elapsed    | 285      |
|    total_timesteps | 609488   |
| train/             |          |
|    actor_loss      | -7.18    |
|    critic_loss     | 0.0621   |
|    ent_coef        | 0.0011   |
|    ent_coef_loss   | -2.28    |
|    learning_rate   | 0.0003   |
|    n_updates       | 38030    |
---------------------------------
---------------------------------
| rollout/           |          |
|    ep_len_mean     | 526      |
|    ep_rew_mean     | 668      |
| time/              |          |
|    episodes        | 864      |
|    fps             | 2135     |
|    time_elapsed    | 288      |
|    total_timesteps | 616144   |
| train/             |          |
|    actor_loss      | -7.1     |
|    critic_loss     | 0.089    |
|    ent_coef        | 0.00109  |
|    ent_coef_loss   | 2.69     |
|    learning_rate   | 0.0003   |
|    n_updates       | 38446    |
---------------------------------
---------------------------------
| rollout/           |          |
|    ep_len_mean     | 516      |
|    ep_rew_mean     | 667      |
| time/              |          |
|    episodes        | 868      |
|    fps             | 2135     |
|    time_elapsed    | 288      |
|    total_timesteps | 616320   |
| train/             |          |
|    actor_loss      | -7.01    |
|    critic_loss     | 0.0595   |
|    ent_coef        | 0.00109  |
|    ent_coef_loss   | 7.32     |
|    learning_rate   | 0.0003   |
|    n_updates       | 38457    |
---------------------------------
---------------------------------
| rollout/           |          |
|    ep_len_mean     | 496      |
|    ep_rew_mean     | 645      |
| time/              |          |
|    episodes        | 872      |
|    fps             | 2135     |
|    time_elapsed    | 289      |
|    total_timesteps | 617456   |
| train/             |          |
|    actor_loss      | -7.25    |
|    critic_loss     | 0.153    |
|    ent_coef        | 0.00113  |
|    ent_coef_loss   | -1.01    |
|    learning_rate   | 0.0003   |
|    n_updates       | 38528    |
---------------------------------
---------------------------------
| rollout/           |          |
|    ep_len_mean     | 496      |
|    ep_rew_mean     | 658      |
| time/              |          |
|    episodes        | 876      |
|    fps             | 2135     |
|    time_elapsed    | 289      |
|    total_timesteps | 618496   |
| train/             |          |
|    actor_loss      | -7.04    |
|    critic_loss     | 0.00656  |
|    ent_coef        | 0.00112  |
|    ent_coef_loss   | 0.301    |
|    learning_rate   | 0.0003   |
|    n_updates       | 38593    |
---------------------------------
---------------------------------
| rollout/           |          |
|    ep_len_mean     | 499      |
|    ep_rew_mean     | 678      |
| time/              |          |
|    episodes        | 880      |
|    fps             | 2132     |
|    time_elapsed    | 291      |
|    total_timesteps | 621552   |
| train/             |          |
|    actor_loss      | -6.98    |
|    critic_loss     | 0.0028   |
|    ent_coef        | 0.00109  |
|    ent_coef_loss   | 6.54     |
|    learning_rate   | 0.0003   |
|    n_updates       | 38784    |
---------------------------------
---------------------------------
| rollout/           |          |
|    ep_len_mean     | 467      |
|    ep_rew_mean     | 602      |
| time/              |          |
|    episodes        | 884      |
|    fps             | 2132     |
|    time_elapsed    | 292      |
|    total_timesteps | 623904   |
| train/             |          |
|    actor_loss      | -7       |
|    critic_loss     | 0.0112   |
|    ent_coef        | 0.00105  |
|    ent_coef_loss   | -3.41    |
|    learning_rate   | 0.0003   |
|    n_updates       | 38931    |
---------------------------------
---------------------------------
| rollout/           |          |
|    ep_len_mean     | 464      |
|    ep_rew_mean     | 601      |
| time/              |          |
|    episodes        | 888      |
|    fps             | 2132     |
|    time_elapsed    | 292      |
|    total_timesteps | 624480   |
| train/             |          |
|    actor_loss      | -6.96    |
|    critic_loss     | 0.00581  |
|    ent_coef        | 0.00105  |
|    ent_coef_loss   | 0.885    |
|    learning_rate   | 0.0003   |
|    n_updates       | 38967    |
---------------------------------
---------------------------------
| rollout/           |          |
|    ep_len_mean     | 456      |
|    ep_rew_mean     | 590      |
| time/              |          |
|    episodes        | 892      |
|    fps             | 2132     |
|    time_elapsed    | 292      |
|    total_timesteps | 624816   |
| train/             |          |
|    actor_loss      | -6.92    |
|    critic_loss     | 0.0163   |
|    ent_coef        | 0.00105  |
|    ent_coef_loss   | -0.639   |
|    learning_rate   | 0.0003   |
|    n_updates       | 38988    |
---------------------------------
---------------------------------
| rollout/           |          |
|    ep_len_mean     | 458      |
|    ep_rew_mean     | 584      |
| time/              |          |
|    episodes        | 896      |
|    fps             | 2133     |
|    time_elapsed    | 296      |
|    total_timesteps | 632176   |
| train/             |          |
|    actor_loss      | -6.75    |
|    critic_loss     | 0.137    |
|    ent_coef        | 0.000997 |
|    ent_coef_loss   | 1.91     |
|    learning_rate   | 0.0003   |
|    n_updates       | 39448    |
---------------------------------
---------------------------------
| rollout/           |          |
|    ep_len_mean     | 467      |
|    ep_rew_mean     | 608      |
| time/              |          |
|    episodes        | 900      |
|    fps             | 2133     |
|    time_elapsed    | 296      |
|    total_timesteps | 632896   |
| train/             |          |
|    actor_loss      | -6.88    |
|    critic_loss     | 0.0118   |
|    ent_coef        | 0.000994 |
|    ent_coef_loss   | -3.22    |
|    learning_rate   | 0.0003   |
|    n_updates       | 39493    |
---------------------------------
---------------------------------
| rollout/           |          |
|    ep_len_mean     | 480      |
|    ep_rew_mean     | 632      |
| time/              |          |
|    episodes        | 904      |
|    fps             | 2132     |
|    time_elapsed    | 297      |
|    total_timesteps | 634544   |
| train/             |          |
|    actor_loss      | -6.85    |
|    critic_loss     | 0.00355  |
|    ent_coef        | 0.000994 |
|    ent_coef_loss   | 5.61     |
|    learning_rate   | 0.0003   |
|    n_updates       | 39596    |
---------------------------------
---------------------------------
| rollout/           |          |
|    ep_len_mean     | 487      |
|    ep_rew_mean     | 655      |
| time/              |          |
|    episodes        | 908      |
|    fps             | 2132     |
|    time_elapsed    | 297      |
|    total_timesteps | 635568   |
| train/             |          |
|    actor_loss      | -6.82    |
|    critic_loss     | 0.00809  |
|    ent_coef        | 0.00101  |
|    ent_coef_loss   | 2.33     |
|    learning_rate   | 0.0003   |
|    n_updates       | 39660    |
---------------------------------
---------------------------------
| rollout/           |          |
|    ep_len_mean     | 496      |
|    ep_rew_mean     | 667      |
| time/              |          |
|    episodes        | 912      |
|    fps             | 2132     |
|    time_elapsed    | 300      |
|    total_timesteps | 641296   |
| train/             |          |
|    actor_loss      | -6.78    |
|    critic_loss     | 0.0044   |
|    ent_coef        | 0.000982 |
|    ent_coef_loss   | -3.06    |
|    learning_rate   | 0.0003   |
|    n_updates       | 40018    |
---------------------------------
---------------------------------
| rollout/           |          |
|    ep_len_mean     | 512      |
|    ep_rew_mean     | 699      |
| time/              |          |
|    episodes        | 916      |
|    fps             | 2132     |
|    time_elapsed    | 301      |
|    total_timesteps | 642160   |
| train/             |          |
|    actor_loss      | -6.64    |
|    critic_loss     | 0.0567   |
|    ent_coef        | 0.000977 |
|    ent_coef_loss   | 3.1      |
|    learning_rate   | 0.0003   |
|    n_updates       | 40072    |
---------------------------------
---------------------------------
| rollout/           |          |
|    ep_len_mean     | 513      |
|    ep_rew_mean     | 711      |
| time/              |          |
|    episodes        | 920      |
|    fps             | 2132     |
|    time_elapsed    | 302      |
|    total_timesteps | 644624   |
| train/             |          |
|    actor_loss      | -6.71    |
|    critic_loss     | 0.00418  |
|    ent_coef        | 0.000954 |
|    ent_coef_loss   | -3.84    |
|    learning_rate   | 0.0003   |
|    n_updates       | 40226    |
---------------------------------
---------------------------------
| rollout/           |          |
|    ep_len_mean     | 520      |
|    ep_rew_mean     | 721      |
| time/              |          |
|    episodes        | 924      |
|    fps             | 2132     |
|    time_elapsed    | 303      |
|    total_timesteps | 646512   |
| train/             |          |
|    actor_loss      | -6.71    |
|    critic_loss     | 0.231    |
|    ent_coef        | 0.000942 |
|    ent_coef_loss   | 1.26     |
|    learning_rate   | 0.0003   |
|    n_updates       | 40344    |
---------------------------------
---------------------------------
| rollout/           |          |
|    ep_len_mean     | 526      |
|    ep_rew_mean     | 741      |
| time/              |          |
|    episodes        | 928      |
|    fps             | 2132     |
|    time_elapsed    | 303      |
|    total_timesteps | 647856   |
| train/             |          |
|    actor_loss      | -6.58    |
|    critic_loss     | 0.0876   |
|    ent_coef        | 0.000925 |
|    ent_coef_loss   | -2.74    |
|    learning_rate   | 0.0003   |
|    n_updates       | 40428    |
---------------------------------
---------------------------------
| rollout/           |          |
|    ep_len_mean     | 521      |
|    ep_rew_mean     | 738      |
| time/              |          |
|    episodes        | 932      |
|    fps             | 2131     |
|    time_elapsed    | 304      |
|    total_timesteps | 649776   |
| train/             |          |
|    actor_loss      | -6.55    |
|    critic_loss     | 0.00454  |
|    ent_coef        | 0.000916 |
|    ent_coef_loss   | -1.99    |
|    learning_rate   | 0.0003   |
|    n_updates       | 40548    |
---------------------------------
---------------------------------
| rollout/           |          |
|    ep_len_mean     | 523      |
|    ep_rew_mean     | 736      |
| time/              |          |
|    episodes        | 936      |
|    fps             | 2131     |
|    time_elapsed    | 305      |
|    total_timesteps | 650368   |
| train/             |          |
|    actor_loss      | -6.53    |
|    critic_loss     | 0.00357  |
|    ent_coef        | 0.000918 |
|    ent_coef_loss   | -2.39    |
|    learning_rate   | 0.0003   |
|    n_updates       | 40585    |
---------------------------------
---------------------------------
| rollout/           |          |
|    ep_len_mean     | 517      |
|    ep_rew_mean     | 734      |
| time/              |          |
|    episodes        | 940      |
|    fps             | 2131     |
|    time_elapsed    | 306      |
|    total_timesteps | 653616   |
| train/             |          |
|    actor_loss      | -6.49    |
|    critic_loss     | 0.134    |
|    ent_coef        | 0.000932 |
|    ent_coef_loss   | 6.7      |
|    learning_rate   | 0.0003   |
|    n_updates       | 40788    |
---------------------------------
---------------------------------
| rollout/           |          |
|    ep_len_mean     | 516      |
|    ep_rew_mean     | 728      |
| time/              |          |
|    episodes        | 944      |
|    fps             | 2131     |
|    time_elapsed    | 307      |
|    total_timesteps | 656224   |
| train/             |          |
|    actor_loss      | -6.41    |
|    critic_loss     | 0.211    |
|    ent_coef        | 0.000978 |
|    ent_coef_loss   | -0.569   |
|    learning_rate   | 0.0003   |
|    n_updates       | 40951    |
---------------------------------
---------------------------------
| rollout/           |          |
|    ep_len_mean     | 516      |
|    ep_rew_mean     | 753      |
| time/              |          |
|    episodes        | 948      |
|    fps             | 2131     |
|    time_elapsed    | 308      |
|    total_timesteps | 657824   |
| train/             |          |
|    actor_loss      | -6.37    |
|    critic_loss     | 0.00642  |
|    ent_coef        | 0.000997 |
|    ent_coef_loss   | 4.95     |
|    learning_rate   | 0.0003   |
|    n_updates       | 41051    |
---------------------------------
---------------------------------
| rollout/           |          |
|    ep_len_mean     | 522      |
|    ep_rew_mean     | 761      |
| time/              |          |
|    episodes        | 952      |
|    fps             | 2131     |
|    time_elapsed    | 309      |
|    total_timesteps | 659824   |
| train/             |          |
|    actor_loss      | -6.41    |
|    critic_loss     | 0.219    |
|    ent_coef        | 0.000987 |
|    ent_coef_loss   | -0.871   |
|    learning_rate   | 0.0003   |
|    n_updates       | 41176    |
---------------------------------
---------------------------------
| rollout/           |          |
|    ep_len_mean     | 514      |
|    ep_rew_mean     | 739      |
| time/              |          |
|    episodes        | 956      |
|    fps             | 2131     |
|    time_elapsed    | 310      |
|    total_timesteps | 661072   |
| train/             |          |
|    actor_loss      | -6.42    |
|    critic_loss     | 0.0111   |
|    ent_coef        | 0.000994 |
|    ent_coef_loss   | 0.98     |
|    learning_rate   | 0.0003   |
|    n_updates       | 41254    |
---------------------------------
---------------------------------
| rollout/           |          |
|    ep_len_mean     | 511      |
|    ep_rew_mean     | 728      |
| time/              |          |
|    episodes        | 960      |
|    fps             | 2131     |
|    time_elapsed    | 310      |
|    total_timesteps | 661344   |
| train/             |          |
|    actor_loss      | -6.48    |
|    critic_loss     | 0.00424  |
|    ent_coef        | 0.000997 |
|    ent_coef_loss   | 1.99     |
|    learning_rate   | 0.0003   |
|    n_updates       | 41271    |
---------------------------------
---------------------------------
| rollout/           |          |
|    ep_len_mean     | 506      |
|    ep_rew_mean     | 714      |
| time/              |          |
|    episodes        | 964      |
|    fps             | 2130     |
|    time_elapsed    | 311      |
|    total_timesteps | 663200   |
| train/             |          |
|    actor_loss      | -6.41    |
|    critic_loss     | 0.116    |
|    ent_coef        | 0.000992 |
|    ent_coef_loss   | -0.33    |
|    learning_rate   | 0.0003   |
|    n_updates       | 41387    |
---------------------------------
---------------------------------
| rollout/           |          |
|    ep_len_mean     | 509      |
|    ep_rew_mean     | 717      |
| time/              |          |
|    episodes        | 968      |
|    fps             | 2131     |
|    time_elapsed    | 312      |
|    total_timesteps | 665728   |
| train/             |          |
|    actor_loss      | -6.3     |
|    critic_loss     | 0.0046   |
|    ent_coef        | 0.000986 |
|    ent_coef_loss   | 0.799    |
|    learning_rate   | 0.0003   |
|    n_updates       | 41545    |
---------------------------------
---------------------------------
| rollout/           |          |
|    ep_len_mean     | 495      |
|    ep_rew_mean     | 681      |
| time/              |          |
|    episodes        | 972      |
|    fps             | 2130     |
|    time_elapsed    | 312      |
|    total_timesteps | 666016   |
| train/             |          |
|    actor_loss      | -6.32    |
|    critic_loss     | 0.00647  |
|    ent_coef        | 0.000986 |
|    ent_coef_loss   | 0.323    |
|    learning_rate   | 0.0003   |
|    n_updates       | 41563    |
---------------------------------
---------------------------------
| rollout/           |          |
|    ep_len_mean     | 488      |
|    ep_rew_mean     | 672      |
| time/              |          |
|    episodes        | 976      |
|    fps             | 2130     |
|    time_elapsed    | 312      |
|    total_timesteps | 666096   |
| train/             |          |
|    actor_loss      | -6.31    |
|    critic_loss     | 0.0376   |
|    ent_coef        | 0.000987 |
|    ent_coef_loss   | 2.88     |
|    learning_rate   | 0.0003   |
|    n_updates       | 41568    |
---------------------------------
---------------------------------
| rollout/           |          |
|    ep_len_mean     | 481      |
|    ep_rew_mean     | 667      |
| time/              |          |
|    episodes        | 980      |
|    fps             | 2130     |
|    time_elapsed    | 313      |
|    total_timesteps | 668704   |
| train/             |          |
|    actor_loss      | -6.29    |
|    critic_loss     | 0.00512  |
|    ent_coef        | 0.000976 |
|    ent_coef_loss   | -3.62    |
|    learning_rate   | 0.0003   |
|    n_updates       | 41731    |
---------------------------------
---------------------------------
| rollout/           |          |
|    ep_len_mean     | 479      |
|    ep_rew_mean     | 669      |
| time/              |          |
|    episodes        | 984      |
|    fps             | 2131     |
|    time_elapsed    | 315      |
|    total_timesteps | 671632   |
| train/             |          |
|    actor_loss      | -6.29    |
|    critic_loss     | 0.00762  |
|    ent_coef        | 0.000926 |
|    ent_coef_loss   | -4.16    |
|    learning_rate   | 0.0003   |
|    n_updates       | 41914    |
---------------------------------
---------------------------------
| rollout/           |          |
|    ep_len_mean     | 475      |
|    ep_rew_mean     | 675      |
| time/              |          |
|    episodes        | 988      |
|    fps             | 2131     |
|    time_elapsed    | 315      |
|    total_timesteps | 671648   |
| train/             |          |
|    actor_loss      | -6.24    |
|    critic_loss     | 0.00738  |
|    ent_coef        | 0.000926 |
|    ent_coef_loss   | -0.384   |
|    learning_rate   | 0.0003   |
|    n_updates       | 41915    |
---------------------------------
---------------------------------
| rollout/           |          |
|    ep_len_mean     | 472      |
|    ep_rew_mean     | 668      |
| time/              |          |
|    episodes        | 992      |
|    fps             | 2131     |
|    time_elapsed    | 315      |
|    total_timesteps | 671664   |
| train/             |          |
|    actor_loss      | -6.17    |
|    critic_loss     | 0.00697  |
|    ent_coef        | 0.000926 |
|    ent_coef_loss   | -2.18    |
|    learning_rate   | 0.0003   |
|    n_updates       | 41916    |
---------------------------------
---------------------------------
| rollout/           |          |
|    ep_len_mean     | 465      |
|    ep_rew_mean     | 679      |
| time/              |          |
|    episodes        | 996      |
|    fps             | 2131     |
|    time_elapsed    | 316      |
|    total_timesteps | 673808   |
| train/             |          |
|    actor_loss      | -6.13    |
|    critic_loss     | 0.00575  |
|    ent_coef        | 0.000891 |
|    ent_coef_loss   | -3.79    |
|    learning_rate   | 0.0003   |
|    n_updates       | 42050    |
---------------------------------
---------------------------------
| rollout/           |          |
|    ep_len_mean     | 453      |
|    ep_rew_mean     | 652      |
| time/              |          |
|    episodes        | 1000     |
|    fps             | 2131     |
|    time_elapsed    | 316      |
|    total_timesteps | 675536   |
| train/             |          |
|    actor_loss      | -6.11    |
|    critic_loss     | 0.00392  |
|    ent_coef        | 0.000874 |
|    ent_coef_loss   | 5.71     |
|    learning_rate   | 0.0003   |
|    n_updates       | 42158    |
---------------------------------
---------------------------------
| rollout/           |          |
|    ep_len_mean     | 436      |
|    ep_rew_mean     | 625      |
| time/              |          |
|    episodes        | 1004     |
|    fps             | 2131     |
|    time_elapsed    | 317      |
|    total_timesteps | 675632   |
| train/             |          |
|    actor_loss      | -6.04    |
|    critic_loss     | 0.009    |
|    ent_coef        | 0.000875 |
|    ent_coef_loss   | 0.946    |
|    learning_rate   | 0.0003   |
|    n_updates       | 42164    |
---------------------------------
---------------------------------
| rollout/           |          |
|    ep_len_mean     | 417      |
|    ep_rew_mean     | 587      |
| time/              |          |
|    episodes        | 1008     |
|    fps             | 2131     |
|    time_elapsed    | 317      |
|    total_timesteps | 675712   |
| train/             |          |
|    actor_loss      | -6.2     |
|    critic_loss     | 0.00897  |
|    ent_coef        | 0.000876 |
|    ent_coef_loss   | 3.98     |
|    learning_rate   | 0.0003   |
|    n_updates       | 42169    |
---------------------------------
---------------------------------
| rollout/           |          |
|    ep_len_mean     | 404      |
|    ep_rew_mean     | 577      |
| time/              |          |
|    episodes        | 1012     |
|    fps             | 2130     |
|    time_elapsed    | 317      |
|    total_timesteps | 676000   |
| train/             |          |
|    actor_loss      | -6.1     |
|    critic_loss     | 0.0228   |
|    ent_coef        | 0.00088  |
|    ent_coef_loss   | 2.91     |
|    learning_rate   | 0.0003   |
|    n_updates       | 42187    |
---------------------------------
---------------------------------
| rollout/           |          |
|    ep_len_mean     | 392      |
|    ep_rew_mean     | 554      |
| time/              |          |
|    episodes        | 1016     |
|    fps             | 2131     |
|    time_elapsed    | 319      |
|    total_timesteps | 680768   |
| train/             |          |
|    actor_loss      | -6.07    |
|    critic_loss     | 0.00354  |
|    ent_coef        | 0.00087  |
|    ent_coef_loss   | -1.3     |
|    learning_rate   | 0.0003   |
|    n_updates       | 42485    |
---------------------------------
---------------------------------
| rollout/           |          |
|    ep_len_mean     | 377      |
|    ep_rew_mean     | 540      |
| time/              |          |
|    episodes        | 1020     |
|    fps             | 2131     |
|    time_elapsed    | 319      |
|    total_timesteps | 680832   |
| train/             |          |
|    actor_loss      | -5.96    |
|    critic_loss     | 0.0117   |
|    ent_coef        | 0.00087  |
|    ent_coef_loss   | -0.12    |
|    learning_rate   | 0.0003   |
|    n_updates       | 42489    |
---------------------------------
---------------------------------
| rollout/           |          |
|    ep_len_mean     | 367      |
|    ep_rew_mean     | 527      |
| time/              |          |
|    episodes        | 1024     |
|    fps             | 2131     |
|    time_elapsed    | 319      |
|    total_timesteps | 681184   |
| train/             |          |
|    actor_loss      | -6.13    |
|    critic_loss     | 0.00318  |
|    ent_coef        | 0.000866 |
|    ent_coef_loss   | -6.39    |
|    learning_rate   | 0.0003   |
|    n_updates       | 42511    |
---------------------------------
---------------------------------
| rollout/           |          |
|    ep_len_mean     | 356      |
|    ep_rew_mean     | 508      |
| time/              |          |
|    episodes        | 1028     |
|    fps             | 2131     |
|    time_elapsed    | 320      |
|    total_timesteps | 682320   |
| train/             |          |
|    actor_loss      | -6.17    |
|    critic_loss     | 0.00653  |
|    ent_coef        | 0.000863 |
|    ent_coef_loss   | 1.14     |
|    learning_rate   | 0.0003   |
|    n_updates       | 42582    |
---------------------------------
---------------------------------
| rollout/           |          |
|    ep_len_mean     | 358      |
|    ep_rew_mean     | 519      |
| time/              |          |
|    episodes        | 1032     |
|    fps             | 2130     |
|    time_elapsed    | 322      |
|    total_timesteps | 686288   |
| train/             |          |
|    actor_loss      | -6.04    |
|    critic_loss     | 0.0254   |
|    ent_coef        | 0.000874 |
|    ent_coef_loss   | -1.1     |
|    learning_rate   | 0.0003   |
|    n_updates       | 42830    |
---------------------------------
---------------------------------
| rollout/           |          |
|    ep_len_mean     | 354      |
|    ep_rew_mean     | 513      |
| time/              |          |
|    episodes        | 1036     |
|    fps             | 2130     |
|    time_elapsed    | 322      |
|    total_timesteps | 686304   |
| train/             |          |
|    actor_loss      | -6.06    |
|    critic_loss     | 0.0037   |
|    ent_coef        | 0.000874 |
|    ent_coef_loss   | -1.07    |
|    learning_rate   | 0.0003   |
|    n_updates       | 42831    |
---------------------------------
---------------------------------
| rollout/           |          |
|    ep_len_mean     | 355      |
|    ep_rew_mean     | 512      |
| time/              |          |
|    episodes        | 1040     |
|    fps             | 2130     |
|    time_elapsed    | 322      |
|    total_timesteps | 687792   |
| train/             |          |
|    actor_loss      | -5.98    |
|    critic_loss     | 0.0987   |
|    ent_coef        | 0.000866 |
|    ent_coef_loss   | 2.9      |
|    learning_rate   | 0.0003   |
|    n_updates       | 42924    |
---------------------------------
---------------------------------
| rollout/           |          |
|    ep_len_mean     | 356      |
|    ep_rew_mean     | 503      |
| time/              |          |
|    episodes        | 1044     |
|    fps             | 2130     |
|    time_elapsed    | 323      |
|    total_timesteps | 689840   |
| train/             |          |
|    actor_loss      | -5.98    |
|    critic_loss     | 0.0057   |
|    ent_coef        | 0.000858 |
|    ent_coef_loss   | 1.73     |
|    learning_rate   | 0.0003   |
|    n_updates       | 43052    |
---------------------------------
---------------------------------
| rollout/           |          |
|    ep_len_mean     | 342      |
|    ep_rew_mean     | 487      |
| time/              |          |
|    episodes        | 1048     |
|    fps             | 2130     |
|    time_elapsed    | 324      |
|    total_timesteps | 691936   |
| train/             |          |
|    actor_loss      | -5.89    |
|    critic_loss     | 0.00653  |
|    ent_coef        | 0.000869 |
|    ent_coef_loss   | -0.0945  |
|    learning_rate   | 0.0003   |
|    n_updates       | 43183    |
---------------------------------
---------------------------------
| rollout/           |          |
|    ep_len_mean     | 332      |
|    ep_rew_mean     | 465      |
| time/              |          |
|    episodes        | 1052     |
|    fps             | 2130     |
|    time_elapsed    | 325      |
|    total_timesteps | 692704   |
| train/             |          |
|    actor_loss      | -6.01    |
|    critic_loss     | 0.0509   |
|    ent_coef        | 0.000866 |
|    ent_coef_loss   | -1.64    |
|    learning_rate   | 0.0003   |
|    n_updates       | 43231    |
---------------------------------
---------------------------------
| rollout/           |          |
|    ep_len_mean     | 339      |
|    ep_rew_mean     | 490      |
| time/              |          |
|    episodes        | 1056     |
|    fps             | 2130     |
|    time_elapsed    | 325      |
|    total_timesteps | 692880   |
| train/             |          |
|    actor_loss      | -5.92    |
|    critic_loss     | 0.283    |
|    ent_coef        | 0.000865 |
|    ent_coef_loss   | 0.255    |
|    learning_rate   | 0.0003   |
|    n_updates       | 43242    |
---------------------------------
---------------------------------
| rollout/           |          |
|    ep_len_mean     | 341      |
|    ep_rew_mean     | 492      |
| time/              |          |
|    episodes        | 1060     |
|    fps             | 2130     |
|    time_elapsed    | 325      |
|    total_timesteps | 693456   |
| train/             |          |
|    actor_loss      | -5.8     |
|    critic_loss     | 0.00512  |
|    ent_coef        | 0.000863 |
|    ent_coef_loss   | -0.246   |
|    learning_rate   | 0.0003   |
|    n_updates       | 43278    |
---------------------------------
---------------------------------
| rollout/           |          |
|    ep_len_mean     | 331      |
|    ep_rew_mean     | 473      |
| time/              |          |
|    episodes        | 1064     |
|    fps             | 2130     |
|    time_elapsed    | 326      |
|    total_timesteps | 695504   |
| train/             |          |
|    actor_loss      | -5.91    |
|    critic_loss     | 0.037    |
|    ent_coef        | 0.000855 |
|    ent_coef_loss   | -1.82    |
|    learning_rate   | 0.0003   |
|    n_updates       | 43406    |
---------------------------------
---------------------------------
| rollout/           |          |
|    ep_len_mean     | 317      |
|    ep_rew_mean     | 445      |
| time/              |          |
|    episodes        | 1068     |
|    fps             | 2130     |
|    time_elapsed    | 327      |
|    total_timesteps | 697920   |
| train/             |          |
|    actor_loss      | -5.77    |
|    critic_loss     | 0.00645  |
|    ent_coef        | 0.000853 |
|    ent_coef_loss   | 0.545    |
|    learning_rate   | 0.0003   |
|    n_updates       | 43557    |
---------------------------------
---------------------------------
| rollout/           |          |
|    ep_len_mean     | 314      |
|    ep_rew_mean     | 440      |
| time/              |          |
|    episodes        | 1072     |
|    fps             | 2130     |
|    time_elapsed    | 328      |
|    total_timesteps | 700672   |
| train/             |          |
|    actor_loss      | -5.88    |
|    critic_loss     | 0.00557  |
|    ent_coef        | 0.00086  |
|    ent_coef_loss   | -2.04    |
|    learning_rate   | 0.0003   |
|    n_updates       | 43729    |
---------------------------------
---------------------------------
| rollout/           |          |
|    ep_len_mean     | 314      |
|    ep_rew_mean     | 442      |
| time/              |          |
|    episodes        | 1076     |
|    fps             | 2130     |
|    time_elapsed    | 329      |
|    total_timesteps | 701792   |
| train/             |          |
|    actor_loss      | -5.76    |
|    critic_loss     | 0.0254   |
|    ent_coef        | 0.000859 |
|    ent_coef_loss   | -2.98    |
|    learning_rate   | 0.0003   |
|    n_updates       | 43799    |
---------------------------------
---------------------------------
| rollout/           |          |
|    ep_len_mean     | 324      |
|    ep_rew_mean     | 450      |
| time/              |          |
|    episodes        | 1080     |
|    fps             | 2130     |
|    time_elapsed    | 329      |
|    total_timesteps | 702112   |
| train/             |          |
|    actor_loss      | -5.84    |
|    critic_loss     | 0.118    |
|    ent_coef        | 0.00085  |
|    ent_coef_loss   | -5.58    |
|    learning_rate   | 0.0003   |
|    n_updates       | 43819    |
---------------------------------
---------------------------------
| rollout/           |          |
|    ep_len_mean     | 334      |
|    ep_rew_mean     | 474      |
| time/              |          |
|    episodes        | 1084     |
|    fps             | 2130     |
|    time_elapsed    | 330      |
|    total_timesteps | 703232   |
| train/             |          |
|    actor_loss      | -5.68    |
|    critic_loss     | 0.00473  |
|    ent_coef        | 0.000833 |
|    ent_coef_loss   | 1.13     |
|    learning_rate   | 0.0003   |
|    n_updates       | 43889    |
---------------------------------
---------------------------------
| rollout/           |          |
|    ep_len_mean     | 337      |
|    ep_rew_mean     | 461      |
| time/              |          |
|    episodes        | 1088     |
|    fps             | 2130     |
|    time_elapsed    | 330      |
|    total_timesteps | 704704   |
| train/             |          |
|    actor_loss      | -5.76    |
|    critic_loss     | 0.00381  |
|    ent_coef        | 0.000835 |
|    ent_coef_loss   | -1.77    |
|    learning_rate   | 0.0003   |
|    n_updates       | 43981    |
---------------------------------
---------------------------------
| rollout/           |          |
|    ep_len_mean     | 332      |
|    ep_rew_mean     | 449      |
| time/              |          |
|    episodes        | 1092     |
|    fps             | 2130     |
|    time_elapsed    | 330      |
|    total_timesteps | 705168   |
| train/             |          |
|    actor_loss      | -5.71    |
|    critic_loss     | 0.128    |
|    ent_coef        | 0.000829 |
|    ent_coef_loss   | -3.66    |
|    learning_rate   | 0.0003   |
|    n_updates       | 44010    |
---------------------------------
---------------------------------
| rollout/           |          |
|    ep_len_mean     | 322      |
|    ep_rew_mean     | 423      |
| time/              |          |
|    episodes        | 1096     |
|    fps             | 2130     |
|    time_elapsed    | 331      |
|    total_timesteps | 705680   |
| train/             |          |
|    actor_loss      | -5.73    |
|    critic_loss     | 0.00684  |
|    ent_coef        | 0.000824 |
|    ent_coef_loss   | -2.7     |
|    learning_rate   | 0.0003   |
|    n_updates       | 44042    |
---------------------------------
---------------------------------
| rollout/           |          |
|    ep_len_mean     | 323      |
|    ep_rew_mean     | 426      |
| time/              |          |
|    episodes        | 1100     |
|    fps             | 2130     |
|    time_elapsed    | 331      |
|    total_timesteps | 705984   |
| train/             |          |
|    actor_loss      | -5.77    |
|    critic_loss     | 0.0756   |
|    ent_coef        | 0.000822 |
|    ent_coef_loss   | 0.0587   |
|    learning_rate   | 0.0003   |
|    n_updates       | 44061    |
---------------------------------
---------------------------------
| rollout/           |          |
|    ep_len_mean     | 318      |
|    ep_rew_mean     | 416      |
| time/              |          |
|    episodes        | 1104     |
|    fps             | 2130     |
|    time_elapsed    | 331      |
|    total_timesteps | 706832   |
| train/             |          |
|    actor_loss      | -5.77    |
|    critic_loss     | 0.0288   |
|    ent_coef        | 0.000816 |
|    ent_coef_loss   | -3.93    |
|    learning_rate   | 0.0003   |
|    n_updates       | 44114    |
---------------------------------
---------------------------------
| rollout/           |          |
|    ep_len_mean     | 318      |
|    ep_rew_mean     | 419      |
| time/              |          |
|    episodes        | 1108     |
|    fps             | 2130     |
|    time_elapsed    | 332      |
|    total_timesteps | 707952   |
| train/             |          |
|    actor_loss      | -5.63    |
|    critic_loss     | 0.00311  |
|    ent_coef        | 0.000806 |
|    ent_coef_loss   | -0.366   |
|    learning_rate   | 0.0003   |
|    n_updates       | 44184    |
---------------------------------
---------------------------------
| rollout/           |          |
|    ep_len_mean     | 322      |
|    ep_rew_mean     | 432      |
| time/              |          |
|    episodes        | 1112     |
|    fps             | 2130     |
|    time_elapsed    | 334      |
|    total_timesteps | 711952   |
| train/             |          |
|    actor_loss      | -5.53    |
|    critic_loss     | 0.00965  |
|    ent_coef        | 0.000828 |
|    ent_coef_loss   | 3.01     |
|    learning_rate   | 0.0003   |
|    n_updates       | 44434    |
---------------------------------
---------------------------------
| rollout/           |          |
|    ep_len_mean     | 331      |
|    ep_rew_mean     | 436      |
| time/              |          |
|    episodes        | 1116     |
|    fps             | 2130     |
|    time_elapsed    | 335      |
|    total_timesteps | 713840   |
| train/             |          |
|    actor_loss      | -5.62    |
|    critic_loss     | 0.0479   |
|    ent_coef        | 0.000818 |
|    ent_coef_loss   | -1.8     |
|    learning_rate   | 0.0003   |
|    n_updates       | 44552    |
---------------------------------
---------------------------------
| rollout/           |          |
|    ep_len_mean     | 338      |
|    ep_rew_mean     | 438      |
| time/              |          |
|    episodes        | 1120     |
|    fps             | 2130     |
|    time_elapsed    | 335      |
|    total_timesteps | 714656   |
| train/             |          |
|    actor_loss      | -5.7     |
|    critic_loss     | 0.0628   |
|    ent_coef        | 0.000802 |
|    ent_coef_loss   | -3.66    |
|    learning_rate   | 0.0003   |
|    n_updates       | 44603    |
---------------------------------
---------------------------------
| rollout/           |          |
|    ep_len_mean     | 347      |
|    ep_rew_mean     | 461      |
| time/              |          |
|    episodes        | 1124     |
|    fps             | 2130     |
|    time_elapsed    | 336      |
|    total_timesteps | 717856   |
| train/             |          |
|    actor_loss      | -5.51    |
|    critic_loss     | 0.0771   |
|    ent_coef        | 0.000789 |
|    ent_coef_loss   | -2.42    |
|    learning_rate   | 0.0003   |
|    n_updates       | 44803    |
---------------------------------
---------------------------------
| rollout/           |          |
|    ep_len_mean     | 352      |
|    ep_rew_mean     | 463      |
| time/              |          |
|    episodes        | 1128     |
|    fps             | 2130     |
|    time_elapsed    | 337      |
|    total_timesteps | 718032   |
| train/             |          |
|    actor_loss      | -5.46    |
|    critic_loss     | 0.00388  |
|    ent_coef        | 0.000787 |
|    ent_coef_loss   | -0.636   |
|    learning_rate   | 0.0003   |
|    n_updates       | 44814    |
---------------------------------
---------------------------------
| rollout/           |          |
|    ep_len_mean     | 351      |
|    ep_rew_mean     | 452      |
| time/              |          |
|    episodes        | 1132     |
|    fps             | 2130     |
|    time_elapsed    | 338      |
|    total_timesteps | 721776   |
| train/             |          |
|    actor_loss      | -5.54    |
|    critic_loss     | 0.00362  |
|    ent_coef        | 0.00076  |
|    ent_coef_loss   | 0.921    |
|    learning_rate   | 0.0003   |
|    n_updates       | 45048    |
---------------------------------
---------------------------------
| rollout/           |          |
|    ep_len_mean     | 348      |
|    ep_rew_mean     | 446      |
| time/              |          |
|    episodes        | 1136     |
|    fps             | 2130     |
|    time_elapsed    | 338      |
|    total_timesteps | 721920   |
| train/             |          |
|    actor_loss      | -5.47    |
|    critic_loss     | 0.00407  |
|    ent_coef        | 0.00076  |
|    ent_coef_loss   | -0.479   |
|    learning_rate   | 0.0003   |
|    n_updates       | 45057    |
---------------------------------
---------------------------------
| rollout/           |          |
|    ep_len_mean     | 342      |
|    ep_rew_mean     | 437      |
| time/              |          |
|    episodes        | 1140     |
|    fps             | 2129     |
|    time_elapsed    | 339      |
|    total_timesteps | 724096   |
| train/             |          |
|    actor_loss      | -5.51    |
|    critic_loss     | 0.237    |
|    ent_coef        | 0.000747 |
|    ent_coef_loss   | 2.5      |
|    learning_rate   | 0.0003   |
|    n_updates       | 45193    |
---------------------------------
---------------------------------
| rollout/           |          |
|    ep_len_mean     | 332      |
|    ep_rew_mean     | 428      |
| time/              |          |
|    episodes        | 1144     |
|    fps             | 2129     |
|    time_elapsed    | 339      |
|    total_timesteps | 724112   |
| train/             |          |
|    actor_loss      | -5.49    |
|    critic_loss     | 0.233    |
|    ent_coef        | 0.000748 |
|    ent_coef_loss   | 2.81     |
|    learning_rate   | 0.0003   |
|    n_updates       | 45194    |
---------------------------------
---------------------------------
| rollout/           |          |
|    ep_len_mean     | 333      |
|    ep_rew_mean     | 432      |
| time/              |          |
|    episodes        | 1148     |
|    fps             | 2129     |
|    time_elapsed    | 340      |
|    total_timesteps | 724400   |
| train/             |          |
|    actor_loss      | -5.48    |
|    critic_loss     | 0.113    |
|    ent_coef        | 0.00075  |
|    ent_coef_loss   | 2.82     |
|    learning_rate   | 0.0003   |
|    n_updates       | 45212    |
---------------------------------
---------------------------------
| rollout/           |          |
|    ep_len_mean     | 323      |
|    ep_rew_mean     | 414      |
| time/              |          |
|    episodes        | 1152     |
|    fps             | 2129     |
|    time_elapsed    | 340      |
|    total_timesteps | 725984   |
| train/             |          |
|    actor_loss      | -5.43    |
|    critic_loss     | 0.0493   |
|    ent_coef        | 0.00075  |
|    ent_coef_loss   | 5.14     |
|    learning_rate   | 0.0003   |
|    n_updates       | 45311    |
---------------------------------
---------------------------------
| rollout/           |          |
|    ep_len_mean     | 332      |
|    ep_rew_mean     | 430      |
| time/              |          |
|    episodes        | 1156     |
|    fps             | 2129     |
|    time_elapsed    | 341      |
|    total_timesteps | 728016   |
| train/             |          |
|    actor_loss      | -5.43    |
|    critic_loss     | 0.00318  |
|    ent_coef        | 0.000748 |
|    ent_coef_loss   | -1.09    |
|    learning_rate   | 0.0003   |
|    n_updates       | 45438    |
---------------------------------
---------------------------------
| rollout/           |          |
|    ep_len_mean     | 340      |
|    ep_rew_mean     | 448      |
| time/              |          |
|    episodes        | 1160     |
|    fps             | 2128     |
|    time_elapsed    | 343      |
|    total_timesteps | 731696   |
| train/             |          |
|    actor_loss      | -5.31    |
|    critic_loss     | 0.0325   |
|    ent_coef        | 0.000754 |
|    ent_coef_loss   | 4.52     |
|    learning_rate   | 0.0003   |
|    n_updates       | 45668    |
---------------------------------
---------------------------------
| rollout/           |          |
|    ep_len_mean     | 352      |
|    ep_rew_mean     | 477      |
| time/              |          |
|    episodes        | 1164     |
|    fps             | 2128     |
|    time_elapsed    | 344      |
|    total_timesteps | 732672   |
| train/             |          |
|    actor_loss      | -5.28    |
|    critic_loss     | 0.00392  |
|    ent_coef        | 0.000751 |
|    ent_coef_loss   | -0.16    |
|    learning_rate   | 0.0003   |
|    n_updates       | 45729    |
---------------------------------
---------------------------------
| rollout/           |          |
|    ep_len_mean     | 365      |
|    ep_rew_mean     | 505      |
| time/              |          |
|    episodes        | 1168     |
|    fps             | 2128     |
|    time_elapsed    | 344      |
|    total_timesteps | 732928   |
| train/             |          |
|    actor_loss      | -5.42    |
|    critic_loss     | 0.0491   |
|    ent_coef        | 0.000751 |
|    ent_coef_loss   | 0.155    |
|    learning_rate   | 0.0003   |
|    n_updates       | 45745    |
---------------------------------
---------------------------------
| rollout/           |          |
|    ep_len_mean     | 364      |
|    ep_rew_mean     | 491      |
| time/              |          |
|    episodes        | 1172     |
|    fps             | 2128     |
|    time_elapsed    | 345      |
|    total_timesteps | 734544   |
| train/             |          |
|    actor_loss      | -5.4     |
|    critic_loss     | 0.186    |
|    ent_coef        | 0.000753 |
|    ent_coef_loss   | -0.723   |
|    learning_rate   | 0.0003   |
|    n_updates       | 45846    |
---------------------------------
---------------------------------
| rollout/           |          |
|    ep_len_mean     | 359      |
|    ep_rew_mean     | 476      |
| time/              |          |
|    episodes        | 1176     |
|    fps             | 2128     |
|    time_elapsed    | 345      |
|    total_timesteps | 734816   |
| train/             |          |
|    actor_loss      | -5.34    |
|    critic_loss     | 0.0564   |
|    ent_coef        | 0.000752 |
|    ent_coef_loss   | 1.1      |
|    learning_rate   | 0.0003   |
|    n_updates       | 45863    |
---------------------------------
---------------------------------
| rollout/           |          |
|    ep_len_mean     | 345      |
|    ep_rew_mean     | 456      |
| time/              |          |
|    episodes        | 1180     |
|    fps             | 2128     |
|    time_elapsed    | 345      |
|    total_timesteps | 734896   |
| train/             |          |
|    actor_loss      | -5.34    |
|    critic_loss     | 0.00871  |
|    ent_coef        | 0.000751 |
|    ent_coef_loss   | -2.36    |
|    learning_rate   | 0.0003   |
|    n_updates       | 45868    |
---------------------------------
---------------------------------
| rollout/           |          |
|    ep_len_mean     | 339      |
|    ep_rew_mean     | 441      |
| time/              |          |
|    episodes        | 1184     |
|    fps             | 2127     |
|    time_elapsed    | 345      |
|    total_timesteps | 736208   |
| train/             |          |
|    actor_loss      | -5.22    |
|    critic_loss     | 0.0206   |
|    ent_coef        | 0.000753 |
|    ent_coef_loss   | 4.82     |
|    learning_rate   | 0.0003   |
|    n_updates       | 45950    |
---------------------------------
---------------------------------
| rollout/           |          |
|    ep_len_mean     | 335      |
|    ep_rew_mean     | 450      |
| time/              |          |
|    episodes        | 1188     |
|    fps             | 2127     |
|    time_elapsed    | 347      |
|    total_timesteps | 739424   |
| train/             |          |
|    actor_loss      | -5.26    |
|    critic_loss     | 0.00491  |
|    ent_coef        | 0.000767 |
|    ent_coef_loss   | -2.44    |
|    learning_rate   | 0.0003   |
|    n_updates       | 46151    |
---------------------------------
---------------------------------
| rollout/           |          |
|    ep_len_mean     | 338      |
|    ep_rew_mean     | 457      |
| time/              |          |
|    episodes        | 1192     |
|    fps             | 2127     |
|    time_elapsed    | 347      |
|    total_timesteps | 739552   |
| train/             |          |
|    actor_loss      | -5.28    |
|    critic_loss     | 0.018    |
|    ent_coef        | 0.000766 |
|    ent_coef_loss   | 1.07     |
|    learning_rate   | 0.0003   |
|    n_updates       | 46159    |
---------------------------------
---------------------------------
| rollout/           |          |
|    ep_len_mean     | 344      |
|    ep_rew_mean     | 478      |
| time/              |          |
|    episodes        | 1196     |
|    fps             | 2127     |
|    time_elapsed    | 347      |
|    total_timesteps | 739664   |
| train/             |          |
|    actor_loss      | -5.25    |
|    critic_loss     | 0.00334  |
|    ent_coef        | 0.000766 |
|    ent_coef_loss   | -0.212   |
|    learning_rate   | 0.0003   |
|    n_updates       | 46166    |
---------------------------------
---------------------------------
| rollout/           |          |
|    ep_len_mean     | 346      |
|    ep_rew_mean     | 486      |
| time/              |          |
|    episodes        | 1200     |
|    fps             | 2127     |
|    time_elapsed    | 349      |
|    total_timesteps | 743504   |
| train/             |          |
|    actor_loss      | -5.16    |
|    critic_loss     | 0.00285  |
|    ent_coef        | 0.000767 |
|    ent_coef_loss   | -3.75    |
|    learning_rate   | 0.0003   |
|    n_updates       | 46406    |
---------------------------------
---------------------------------
| rollout/           |          |
|    ep_len_mean     | 361      |
|    ep_rew_mean     | 514      |
| time/              |          |
|    episodes        | 1204     |
|    fps             | 2126     |
|    time_elapsed    | 351      |
|    total_timesteps | 748256   |
| train/             |          |
|    actor_loss      | -5.23    |
|    critic_loss     | 0.00737  |
|    ent_coef        | 0.000765 |
|    ent_coef_loss   | -1.85    |
|    learning_rate   | 0.0003   |
|    n_updates       | 46703    |
---------------------------------
---------------------------------
| rollout/           |          |
|    ep_len_mean     | 377      |
|    ep_rew_mean     | 544      |
| time/              |          |
|    episodes        | 1208     |
|    fps             | 2126     |
|    time_elapsed    | 351      |
|    total_timesteps | 748464   |
| train/             |          |
|    actor_loss      | -5.21    |
|    critic_loss     | 0.0075   |
|    ent_coef        | 0.000762 |
|    ent_coef_loss   | 0.101    |
|    learning_rate   | 0.0003   |
|    n_updates       | 46716    |
---------------------------------
---------------------------------
| rollout/           |          |
|    ep_len_mean     | 386      |
|    ep_rew_mean     | 558      |
| time/              |          |
|    episodes        | 1212     |
|    fps             | 2126     |
|    time_elapsed    | 352      |
|    total_timesteps | 748768   |
| train/             |          |
|    actor_loss      | -5.13    |
|    critic_loss     | 0.00303  |
|    ent_coef        | 0.000762 |
|    ent_coef_loss   | 3.32     |
|    learning_rate   | 0.0003   |
|    n_updates       | 46735    |
---------------------------------
---------------------------------
| rollout/           |          |
|    ep_len_mean     | 381      |
|    ep_rew_mean     | 553      |
| time/              |          |
|    episodes        | 1216     |
|    fps             | 2126     |
|    time_elapsed    | 352      |
|    total_timesteps | 749920   |
| train/             |          |
|    actor_loss      | -5.18    |
|    critic_loss     | 0.0432   |
|    ent_coef        | 0.000751 |
|    ent_coef_loss   | -1.94    |
|    learning_rate   | 0.0003   |
|    n_updates       | 46807    |
---------------------------------
---------------------------------
| rollout/           |          |
|    ep_len_mean     | 370      |
|    ep_rew_mean     | 540      |
| time/              |          |
|    episodes        | 1220     |
|    fps             | 2126     |
|    time_elapsed    | 353      |
|    total_timesteps | 752384   |
| train/             |          |
|    actor_loss      | -5.13    |
|    critic_loss     | 0.0909   |
|    ent_coef        | 0.000737 |
|    ent_coef_loss   | 0.114    |
|    learning_rate   | 0.0003   |
|    n_updates       | 46961    |
---------------------------------
---------------------------------
| rollout/           |          |
|    ep_len_mean     | 369      |
|    ep_rew_mean     | 531      |
| time/              |          |
|    episodes        | 1224     |
|    fps             | 2126     |
|    time_elapsed    | 356      |
|    total_timesteps | 757392   |
| train/             |          |
|    actor_loss      | -4.97    |
|    critic_loss     | 0.00352  |
|    ent_coef        | 0.000706 |
|    ent_coef_loss   | -1.65    |
|    learning_rate   | 0.0003   |
|    n_updates       | 47274    |
---------------------------------
---------------------------------
| rollout/           |          |
|    ep_len_mean     | 374      |
|    ep_rew_mean     | 548      |
| time/              |          |
|    episodes        | 1228     |
|    fps             | 2126     |
|    time_elapsed    | 356      |
|    total_timesteps | 758336   |
| train/             |          |
|    actor_loss      | -5.12    |
|    critic_loss     | 0.038    |
|    ent_coef        | 0.0007   |
|    ent_coef_loss   | -3.21    |
|    learning_rate   | 0.0003   |
|    n_updates       | 47333    |
---------------------------------
---------------------------------
| rollout/           |          |
|    ep_len_mean     | 385      |
|    ep_rew_mean     | 571      |
| time/              |          |
|    episodes        | 1232     |
|    fps             | 2126     |
|    time_elapsed    | 357      |
|    total_timesteps | 760256   |
| train/             |          |
|    actor_loss      | -5.03    |
|    critic_loss     | 0.00214  |
|    ent_coef        | 0.000684 |
|    ent_coef_loss   | -3.69    |
|    learning_rate   | 0.0003   |
|    n_updates       | 47453    |
---------------------------------
---------------------------------
| rollout/           |          |
|    ep_len_mean     | 395      |
|    ep_rew_mean     | 598      |
| time/              |          |
|    episodes        | 1236     |
|    fps             | 2126     |
|    time_elapsed    | 358      |
|    total_timesteps | 761440   |
| train/             |          |
|    actor_loss      | -5.11    |
|    critic_loss     | 0.0123   |
|    ent_coef        | 0.000686 |
|    ent_coef_loss   | 0.531    |
|    learning_rate   | 0.0003   |
|    n_updates       | 47527    |
---------------------------------
---------------------------------
| rollout/           |          |
|    ep_len_mean     | 403      |
|    ep_rew_mean     | 619      |
| time/              |          |
|    episodes        | 1240     |
|    fps             | 2126     |
|    time_elapsed    | 358      |
|    total_timesteps | 762576   |
| train/             |          |
|    actor_loss      | -5.05    |
|    critic_loss     | 0.0771   |
|    ent_coef        | 0.000701 |
|    ent_coef_loss   | 2.27     |
|    learning_rate   | 0.0003   |
|    n_updates       | 47598    |
---------------------------------
---------------------------------
| rollout/           |          |
|    ep_len_mean     | 414      |
|    ep_rew_mean     | 623      |
| time/              |          |
|    episodes        | 1244     |
|    fps             | 2126     |
|    time_elapsed    | 358      |
|    total_timesteps | 762928   |
| train/             |          |
|    actor_loss      | -4.91    |
|    critic_loss     | 0.0355   |
|    ent_coef        | 0.000703 |
|    ent_coef_loss   | -2.14    |
|    learning_rate   | 0.0003   |
|    n_updates       | 47620    |
---------------------------------
---------------------------------
| rollout/           |          |
|    ep_len_mean     | 413      |
|    ep_rew_mean     | 614      |
| time/              |          |
|    episodes        | 1248     |
|    fps             | 2126     |
|    time_elapsed    | 359      |
|    total_timesteps | 764704   |
| train/             |          |
|    actor_loss      | -4.84    |
|    critic_loss     | 0.00345  |
|    ent_coef        | 0.000689 |
|    ent_coef_loss   | 0.84     |
|    learning_rate   | 0.0003   |
|    n_updates       | 47731    |
---------------------------------
---------------------------------
| rollout/           |          |
|    ep_len_mean     | 417      |
|    ep_rew_mean     | 624      |
| time/              |          |
|    episodes        | 1252     |
|    fps             | 2126     |
|    time_elapsed    | 360      |
|    total_timesteps | 766528   |
| train/             |          |
|    actor_loss      | -4.85    |
|    critic_loss     | 0.00252  |
|    ent_coef        | 0.000679 |
|    ent_coef_loss   | -4.07    |
|    learning_rate   | 0.0003   |
|    n_updates       | 47845    |
---------------------------------
---------------------------------
| rollout/           |          |
|    ep_len_mean     | 401      |
|    ep_rew_mean     | 594      |
| time/              |          |
|    episodes        | 1256     |
|    fps             | 2126     |
|    time_elapsed    | 361      |
|    total_timesteps | 769104   |
| train/             |          |
|    actor_loss      | -4.95    |
|    critic_loss     | 0.0449   |
|    ent_coef        | 0.000649 |
|    ent_coef_loss   | -2.8     |
|    learning_rate   | 0.0003   |
|    n_updates       | 48006    |
---------------------------------
---------------------------------
| rollout/           |          |
|    ep_len_mean     | 384      |
|    ep_rew_mean     | 558      |
| time/              |          |
|    episodes        | 1260     |
|    fps             | 2126     |
|    time_elapsed    | 362      |
|    total_timesteps | 769920   |
| train/             |          |
|    actor_loss      | -5.01    |
|    critic_loss     | 0.0315   |
|    ent_coef        | 0.00064  |
|    ent_coef_loss   | -5.48    |
|    learning_rate   | 0.0003   |
|    n_updates       | 48057    |
---------------------------------
---------------------------------
| rollout/           |          |
|    ep_len_mean     | 373      |
|    ep_rew_mean     | 535      |
| time/              |          |
|    episodes        | 1264     |
|    fps             | 2126     |
|    time_elapsed    | 362      |
|    total_timesteps | 770448   |
| train/             |          |
|    actor_loss      | -4.99    |
|    critic_loss     | 0.0646   |
|    ent_coef        | 0.000633 |
|    ent_coef_loss   | -3.47    |
|    learning_rate   | 0.0003   |
|    n_updates       | 48090    |
---------------------------------
---------------------------------
| rollout/           |          |
|    ep_len_mean     | 359      |
|    ep_rew_mean     | 507      |
| time/              |          |
|    episodes        | 1268     |
|    fps             | 2126     |
|    time_elapsed    | 362      |
|    total_timesteps | 771472   |
| train/             |          |
|    actor_loss      | -4.82    |
|    critic_loss     | 0.0266   |
|    ent_coef        | 0.000631 |
|    ent_coef_loss   | 4.52     |
|    learning_rate   | 0.0003   |
|    n_updates       | 48154    |
---------------------------------
---------------------------------
| rollout/           |          |
|    ep_len_mean     | 370      |
|    ep_rew_mean     | 537      |
| time/              |          |
|    episodes        | 1272     |
|    fps             | 2126     |
|    time_elapsed    | 362      |
|    total_timesteps | 771840   |
| train/             |          |
|    actor_loss      | -4.88    |
|    critic_loss     | 0.00199  |
|    ent_coef        | 0.000632 |
|    ent_coef_loss   | -0.145   |
|    learning_rate   | 0.0003   |
|    n_updates       | 48177    |
---------------------------------
---------------------------------
| rollout/           |          |
|    ep_len_mean     | 379      |
|    ep_rew_mean     | 558      |
| time/              |          |
|    episodes        | 1276     |
|    fps             | 2126     |
|    time_elapsed    | 363      |
|    total_timesteps | 772304   |
| train/             |          |
|    actor_loss      | -4.93    |
|    critic_loss     | 0.00272  |
|    ent_coef        | 0.000632 |
|    ent_coef_loss   | -3.5     |
|    learning_rate   | 0.0003   |
|    n_updates       | 48206    |
---------------------------------
---------------------------------
| rollout/           |          |
|    ep_len_mean     | 389      |
|    ep_rew_mean     | 580      |
| time/              |          |
|    episodes        | 1280     |
|    fps             | 2126     |
|    time_elapsed    | 363      |
|    total_timesteps | 773392   |
| train/             |          |
|    actor_loss      | -4.88    |
|    critic_loss     | 0.0111   |
|    ent_coef        | 0.00064  |
|    ent_coef_loss   | -0.48    |
|    learning_rate   | 0.0003   |
|    n_updates       | 48274    |
---------------------------------
---------------------------------
| rollout/           |          |
|    ep_len_mean     | 377      |
|    ep_rew_mean     | 564      |
| time/              |          |
|    episodes        | 1284     |
|    fps             | 2126     |
|    time_elapsed    | 363      |
|    total_timesteps | 773504   |
| train/             |          |
|    actor_loss      | -4.8     |
|    critic_loss     | 0.0669   |
|    ent_coef        | 0.00064  |
|    ent_coef_loss   | 2.54     |
|    learning_rate   | 0.0003   |
|    n_updates       | 48281    |
---------------------------------
---------------------------------
| rollout/           |          |
|    ep_len_mean     | 369      |
|    ep_rew_mean     | 546      |
| time/              |          |
|    episodes        | 1288     |
|    fps             | 2126     |
|    time_elapsed    | 364      |
|    total_timesteps | 774256   |
| train/             |          |
|    actor_loss      | -4.81    |
|    critic_loss     | 0.00303  |
|    ent_coef        | 0.00064  |
|    ent_coef_loss   | -2.53    |
|    learning_rate   | 0.0003   |
|    n_updates       | 48328    |
---------------------------------
---------------------------------
| rollout/           |          |
|    ep_len_mean     | 363      |
|    ep_rew_mean     | 534      |
| time/              |          |
|    episodes        | 1292     |
|    fps             | 2126     |
|    time_elapsed    | 364      |
|    total_timesteps | 775056   |
| train/             |          |
|    actor_loss      | -4.89    |
|    critic_loss     | 0.00226  |
|    ent_coef        | 0.000632 |
|    ent_coef_loss   | -0.417   |
|    learning_rate   | 0.0003   |
|    n_updates       | 48378    |
---------------------------------
---------------------------------
| rollout/           |          |
|    ep_len_mean     | 356      |
|    ep_rew_mean     | 511      |
| time/              |          |
|    episodes        | 1296     |
|    fps             | 2126     |
|    time_elapsed    | 364      |
|    total_timesteps | 776064   |
| train/             |          |
|    actor_loss      | -4.88    |
|    critic_loss     | 0.0288   |
|    ent_coef        | 0.000631 |
|    ent_coef_loss   | -0.982   |
|    learning_rate   | 0.0003   |
|    n_updates       | 48441    |
---------------------------------
---------------------------------
| rollout/           |          |
|    ep_len_mean     | 350      |
|    ep_rew_mean     | 500      |
| time/              |          |
|    episodes        | 1300     |
|    fps             | 2126     |
|    time_elapsed    | 365      |
|    total_timesteps | 776736   |
| train/             |          |
|    actor_loss      | -4.88    |
|    critic_loss     | 0.113    |
|    ent_coef        | 0.000633 |
|    ent_coef_loss   | -0.333   |
|    learning_rate   | 0.0003   |
|    n_updates       | 48483    |
---------------------------------
---------------------------------
| rollout/           |          |
|    ep_len_mean     | 348      |
|    ep_rew_mean     | 504      |
| time/              |          |
|    episodes        | 1304     |
|    fps             | 2126     |
|    time_elapsed    | 367      |
|    total_timesteps | 781200   |
| train/             |          |
|    actor_loss      | -4.84    |
|    critic_loss     | 0.00724  |
|    ent_coef        | 0.000637 |
|    ent_coef_loss   | -2.97    |
|    learning_rate   | 0.0003   |
|    n_updates       | 48762    |
---------------------------------
---------------------------------
| rollout/           |          |
|    ep_len_mean     | 342      |
|    ep_rew_mean     | 499      |
| time/              |          |
|    episodes        | 1308     |
|    fps             | 2126     |
|    time_elapsed    | 368      |
|    total_timesteps | 782672   |
| train/             |          |
|    actor_loss      | -4.68    |
|    critic_loss     | 0.0138   |
|    ent_coef        | 0.000634 |
|    ent_coef_loss   | -3.35    |
|    learning_rate   | 0.0003   |
|    n_updates       | 48854    |
---------------------------------
---------------------------------
| rollout/           |          |
|    ep_len_mean     | 342      |
|    ep_rew_mean     | 499      |
| time/              |          |
|    episodes        | 1312     |
|    fps             | 2126     |
|    time_elapsed    | 369      |
|    total_timesteps | 785600   |
| train/             |          |
|    actor_loss      | -4.74    |
|    critic_loss     | 0.0786   |
|    ent_coef        | 0.000622 |
|    ent_coef_loss   | 0.827    |
|    learning_rate   | 0.0003   |
|    n_updates       | 49037    |
---------------------------------
---------------------------------
| rollout/           |          |
|    ep_len_mean     | 359      |
|    ep_rew_mean     | 533      |
| time/              |          |
|    episodes        | 1316     |
|    fps             | 2127     |
|    time_elapsed    | 370      |
|    total_timesteps | 788176   |
| train/             |          |
|    actor_loss      | -4.68    |
|    critic_loss     | 0.0161   |
|    ent_coef        | 0.000615 |
|    ent_coef_loss   | 2.69     |
|    learning_rate   | 0.0003   |
|    n_updates       | 49198    |
---------------------------------
---------------------------------
| rollout/           |          |
|    ep_len_mean     | 369      |
|    ep_rew_mean     | 551      |
| time/              |          |
|    episodes        | 1320     |
|    fps             | 2127     |
|    time_elapsed    | 371      |
|    total_timesteps | 789536   |
| train/             |          |
|    actor_loss      | -4.59    |
|    critic_loss     | 0.0021   |
|    ent_coef        | 0.000616 |
|    ent_coef_loss   | 3.3      |
|    learning_rate   | 0.0003   |
|    n_updates       | 49283    |
---------------------------------
---------------------------------
| rollout/           |          |
|    ep_len_mean     | 355      |
|    ep_rew_mean     | 520      |
| time/              |          |
|    episodes        | 1324     |
|    fps             | 2126     |
|    time_elapsed    | 371      |
|    total_timesteps | 790944   |
| train/             |          |
|    actor_loss      | -4.73    |
|    critic_loss     | 0.00375  |
|    ent_coef        | 0.000625 |
|    ent_coef_loss   | -2.87    |
|    learning_rate   | 0.0003   |
|    n_updates       | 49371    |
---------------------------------
---------------------------------
| rollout/           |          |
|    ep_len_mean     | 347      |
|    ep_rew_mean     | 495      |
| time/              |          |
|    episodes        | 1328     |
|    fps             | 2126     |
|    time_elapsed    | 372      |
|    total_timesteps | 792240   |
| train/             |          |
|    actor_loss      | -4.66    |
|    critic_loss     | 0.00456  |
|    ent_coef        | 0.000634 |
|    ent_coef_loss   | 2.96     |
|    learning_rate   | 0.0003   |
|    n_updates       | 49452    |
---------------------------------
---------------------------------
| rollout/           |          |
|    ep_len_mean     | 344      |
|    ep_rew_mean     | 482      |
| time/              |          |
|    episodes        | 1332     |
|    fps             | 2126     |
|    time_elapsed    | 373      |
|    total_timesteps | 793904   |
| train/             |          |
|    actor_loss      | -4.67    |
|    critic_loss     | 0.0109   |
|    ent_coef        | 0.000647 |
|    ent_coef_loss   | 0.808    |
|    learning_rate   | 0.0003   |
|    n_updates       | 49556    |
---------------------------------
---------------------------------
| rollout/           |          |
|    ep_len_mean     | 327      |
|    ep_rew_mean     | 442      |
| time/              |          |
|    episodes        | 1336     |
|    fps             | 2126     |
|    time_elapsed    | 373      |
|    total_timesteps | 794304   |
| train/             |          |
|    actor_loss      | -4.65    |
|    critic_loss     | 0.0781   |
|    ent_coef        | 0.000648 |
|    ent_coef_loss   | -0.914   |
|    learning_rate   | 0.0003   |
|    n_updates       | 49581    |
---------------------------------
---------------------------------
| rollout/           |          |
|    ep_len_mean     | 329      |
|    ep_rew_mean     | 440      |
| time/              |          |
|    episodes        | 1340     |
|    fps             | 2127     |
|    time_elapsed    | 374      |
|    total_timesteps | 796720   |
| train/             |          |
|    actor_loss      | -4.63    |
|    critic_loss     | 0.00434  |
|    ent_coef        | 0.000648 |
|    ent_coef_loss   | -1.02    |
|    learning_rate   | 0.0003   |
|    n_updates       | 49732    |
---------------------------------
---------------------------------
| rollout/           |          |
|    ep_len_mean     | 331      |
|    ep_rew_mean     | 457      |
| time/              |          |
|    episodes        | 1344     |
|    fps             | 2126     |
|    time_elapsed    | 375      |
|    total_timesteps | 797632   |
| train/             |          |
|    actor_loss      | -4.54    |
|    critic_loss     | 0.00677  |
|    ent_coef        | 0.000645 |
|    ent_coef_loss   | 1.77     |
|    learning_rate   | 0.0003   |
|    n_updates       | 49789    |
---------------------------------
---------------------------------
| rollout/           |          |
|    ep_len_mean     | 327      |
|    ep_rew_mean     | 451      |
| time/              |          |
|    episodes        | 1348     |
|    fps             | 2126     |
|    time_elapsed    | 375      |
|    total_timesteps | 799536   |
| train/             |          |
|    actor_loss      | -4.55    |
|    critic_loss     | 0.00322  |
|    ent_coef        | 0.000653 |
|    ent_coef_loss   | 4.69     |
|    learning_rate   | 0.0003   |
|    n_updates       | 49908    |
---------------------------------
---------------------------------
| rollout/           |          |
|    ep_len_mean     | 325      |
|    ep_rew_mean     | 448      |
| time/              |          |
|    episodes        | 1352     |
|    fps             | 2126     |
|    time_elapsed    | 377      |
|    total_timesteps | 802352   |
| train/             |          |
|    actor_loss      | -4.62    |
|    critic_loss     | 0.0468   |
|    ent_coef        | 0.000656 |
|    ent_coef_loss   | -8.02    |
|    learning_rate   | 0.0003   |
|    n_updates       | 50084    |
---------------------------------
---------------------------------
| rollout/           |          |
|    ep_len_mean     | 343      |
|    ep_rew_mean     | 481      |
| time/              |          |
|    episodes        | 1356     |
|    fps             | 2126     |
|    time_elapsed    | 379      |
|    total_timesteps | 806736   |
| train/             |          |
|    actor_loss      | -4.54    |
|    critic_loss     | 0.0028   |
|    ent_coef        | 0.000674 |
|    ent_coef_loss   | 0.255    |
|    learning_rate   | 0.0003   |
|    n_updates       | 50358    |
---------------------------------
---------------------------------
| rollout/           |          |
|    ep_len_mean     | 366      |
|    ep_rew_mean     | 521      |
| time/              |          |
|    episodes        | 1360     |
|    fps             | 2126     |
|    time_elapsed    | 379      |
|    total_timesteps | 807472   |
| train/             |          |
|    actor_loss      | -4.55    |
|    critic_loss     | 0.0049   |
|    ent_coef        | 0.000671 |
|    ent_coef_loss   | -2.21    |
|    learning_rate   | 0.0003   |
|    n_updates       | 50404    |
---------------------------------
---------------------------------
| rollout/           |          |
|    ep_len_mean     | 380      |
|    ep_rew_mean     | 543      |
| time/              |          |
|    episodes        | 1364     |
|    fps             | 2127     |
|    time_elapsed    | 380      |
|    total_timesteps | 809280   |
| train/             |          |
|    actor_loss      | -4.52    |
|    critic_loss     | 0.0127   |
|    ent_coef        | 0.000664 |
|    ent_coef_loss   | 3.45     |
|    learning_rate   | 0.0003   |
|    n_updates       | 50517    |
---------------------------------
---------------------------------
| rollout/           |          |
|    ep_len_mean     | 378      |
|    ep_rew_mean     | 532      |
| time/              |          |
|    episodes        | 1368     |
|    fps             | 2126     |
|    time_elapsed    | 380      |
|    total_timesteps | 810272   |
| train/             |          |
|    actor_loss      | -4.41    |
|    critic_loss     | 0.0909   |
|    ent_coef        | 0.000663 |
|    ent_coef_loss   | 6.91     |
|    learning_rate   | 0.0003   |
|    n_updates       | 50579    |
---------------------------------
---------------------------------
| rollout/           |          |
|    ep_len_mean     | 386      |
|    ep_rew_mean     | 552      |
| time/              |          |
|    episodes        | 1372     |
|    fps             | 2126     |
|    time_elapsed    | 381      |
|    total_timesteps | 812160   |
| train/             |          |
|    actor_loss      | -4.47    |
|    critic_loss     | 0.00238  |
|    ent_coef        | 0.000658 |
|    ent_coef_loss   | -1.51    |
|    learning_rate   | 0.0003   |
|    n_updates       | 50697    |
---------------------------------
---------------------------------
| rollout/           |          |
|    ep_len_mean     | 389      |
|    ep_rew_mean     | 561      |
| time/              |          |
|    episodes        | 1376     |
|    fps             | 2121     |
|    time_elapsed    | 383      |
|    total_timesteps | 814352   |
| train/             |          |
|    actor_loss      | -4.48    |
|    critic_loss     | 0.0017   |
|    ent_coef        | 0.000651 |
|    ent_coef_loss   | 0.762    |
|    learning_rate   | 0.0003   |
|    n_updates       | 50834    |
---------------------------------
---------------------------------
| rollout/           |          |
|    ep_len_mean     | 383      |
|    ep_rew_mean     | 550      |
| time/              |          |
|    episodes        | 1380     |
|    fps             | 2121     |
|    time_elapsed    | 384      |
|    total_timesteps | 814672   |
| train/             |          |
|    actor_loss      | -4.4     |
|    critic_loss     | 0.0875   |
|    ent_coef        | 0.00065  |
|    ent_coef_loss   | -1.56    |
|    learning_rate   | 0.0003   |
|    n_updates       | 50854    |
---------------------------------
---------------------------------
| rollout/           |          |
|    ep_len_mean     | 399      |
|    ep_rew_mean     | 561      |
| time/              |          |
|    episodes        | 1384     |
|    fps             | 2121     |
|    time_elapsed    | 385      |
|    total_timesteps | 816784   |
| train/             |          |
|    actor_loss      | -4.44    |
|    critic_loss     | 0.0197   |
|    ent_coef        | 0.000623 |
|    ent_coef_loss   | -2.76    |
|    learning_rate   | 0.0003   |
|    n_updates       | 50986    |
---------------------------------
---------------------------------
| rollout/           |          |
|    ep_len_mean     | 426      |
|    ep_rew_mean     | 611      |
| time/              |          |
|    episodes        | 1388     |
|    fps             | 2121     |
|    time_elapsed    | 386      |
|    total_timesteps | 819760   |
| train/             |          |
|    actor_loss      | -4.5     |
|    critic_loss     | 0.00809  |
|    ent_coef        | 0.000608 |
|    ent_coef_loss   | -5.53    |
|    learning_rate   | 0.0003   |
|    n_updates       | 51172    |
---------------------------------
---------------------------------
| rollout/           |          |
|    ep_len_mean     | 434      |
|    ep_rew_mean     | 623      |
| time/              |          |
|    episodes        | 1392     |
|    fps             | 2121     |
|    time_elapsed    | 387      |
|    total_timesteps | 821136   |
| train/             |          |
|    actor_loss      | -4.43    |
|    critic_loss     | 0.0207   |
|    ent_coef        | 0.000602 |
|    ent_coef_loss   | 1.23     |
|    learning_rate   | 0.0003   |
|    n_updates       | 51258    |
---------------------------------
---------------------------------
| rollout/           |          |
|    ep_len_mean     | 446      |
|    ep_rew_mean     | 648      |
| time/              |          |
|    episodes        | 1396     |
|    fps             | 2121     |
|    time_elapsed    | 387      |
|    total_timesteps | 821184   |
| train/             |          |
|    actor_loss      | -4.3     |
|    critic_loss     | 0.119    |
|    ent_coef        | 0.000603 |
|    ent_coef_loss   | 3.28     |
|    learning_rate   | 0.0003   |
|    n_updates       | 51261    |
---------------------------------
---------------------------------
| rollout/           |          |
|    ep_len_mean     | 448      |
|    ep_rew_mean     | 649      |
| time/              |          |
|    episodes        | 1400     |
|    fps             | 2121     |
|    time_elapsed    | 387      |
|    total_timesteps | 821376   |
| train/             |          |
|    actor_loss      | -4.28    |
|    critic_loss     | 0.124    |
|    ent_coef        | 0.000604 |
|    ent_coef_loss   | 1.68     |
|    learning_rate   | 0.0003   |
|    n_updates       | 51273    |
---------------------------------
---------------------------------
| rollout/           |          |
|    ep_len_mean     | 430      |
|    ep_rew_mean     | 604      |
| time/              |          |
|    episodes        | 1404     |
|    fps             | 2121     |
|    time_elapsed    | 387      |
|    total_timesteps | 821440   |
| train/             |          |
|    actor_loss      | -4.36    |
|    critic_loss     | 0.0102   |
|    ent_coef        | 0.000604 |
|    ent_coef_loss   | -2.76    |
|    learning_rate   | 0.0003   |
|    n_updates       | 51277    |
---------------------------------
---------------------------------
| rollout/           |          |
|    ep_len_mean     | 414      |
|    ep_rew_mean     | 568      |
| time/              |          |
|    episodes        | 1408     |
|    fps             | 2121     |
|    time_elapsed    | 387      |
|    total_timesteps | 821696   |
| train/             |          |
|    actor_loss      | -4.48    |
|    critic_loss     | 0.0027   |
|    ent_coef        | 0.000603 |
|    ent_coef_loss   | -5.78    |
|    learning_rate   | 0.0003   |
|    n_updates       | 51293    |
---------------------------------
---------------------------------
| rollout/           |          |
|    ep_len_mean     | 399      |
|    ep_rew_mean     | 539      |
| time/              |          |
|    episodes        | 1412     |
|    fps             | 2121     |
|    time_elapsed    | 387      |
|    total_timesteps | 822272   |
| train/             |          |
|    actor_loss      | -4.31    |
|    critic_loss     | 0.00511  |
|    ent_coef        | 0.000595 |
|    ent_coef_loss   | -2.9     |
|    learning_rate   | 0.0003   |
|    n_updates       | 51329    |
---------------------------------
---------------------------------
| rollout/           |          |
|    ep_len_mean     | 389      |
|    ep_rew_mean     | 508      |
| time/              |          |
|    episodes        | 1416     |
|    fps             | 2120     |
|    time_elapsed    | 389      |
|    total_timesteps | 826896   |
| train/             |          |
|    actor_loss      | -4.27    |
|    critic_loss     | 0.0353   |
|    ent_coef        | 0.000595 |
|    ent_coef_loss   | 0.879    |
|    learning_rate   | 0.0003   |
|    n_updates       | 51618    |
---------------------------------
---------------------------------
| rollout/           |          |
|    ep_len_mean     | 387      |
|    ep_rew_mean     | 508      |
| time/              |          |
|    episodes        | 1420     |
|    fps             | 2120     |
|    time_elapsed    | 390      |
|    total_timesteps | 828768   |
| train/             |          |
|    actor_loss      | -4.28    |
|    critic_loss     | 0.00415  |
|    ent_coef        | 0.000605 |
|    ent_coef_loss   | 0.358    |
|    learning_rate   | 0.0003   |
|    n_updates       | 51735    |
---------------------------------
---------------------------------
| rollout/           |          |
|    ep_len_mean     | 398      |
|    ep_rew_mean     | 534      |
| time/              |          |
|    episodes        | 1424     |
|    fps             | 2120     |
|    time_elapsed    | 390      |
|    total_timesteps | 829040   |
| train/             |          |
|    actor_loss      | -4.28    |
|    critic_loss     | 0.00334  |
|    ent_coef        | 0.000605 |
|    ent_coef_loss   | 1.7      |
|    learning_rate   | 0.0003   |
|    n_updates       | 51752    |
---------------------------------
---------------------------------
| rollout/           |          |
|    ep_len_mean     | 402      |
|    ep_rew_mean     | 545      |
| time/              |          |
|    episodes        | 1428     |
|    fps             | 2120     |
|    time_elapsed    | 391      |
|    total_timesteps | 829744   |
| train/             |          |
|    actor_loss      | -4.32    |
|    critic_loss     | 0.0236   |
|    ent_coef        | 0.000604 |
|    ent_coef_loss   | -2.51    |
|    learning_rate   | 0.0003   |
|    n_updates       | 51796    |
---------------------------------
---------------------------------
| rollout/           |          |
|    ep_len_mean     | 396      |
|    ep_rew_mean     | 542      |
| time/              |          |
|    episodes        | 1432     |
|    fps             | 2120     |
|    time_elapsed    | 392      |
|    total_timesteps | 833216   |
| train/             |          |
|    actor_loss      | -4.27    |
|    critic_loss     | 0.161    |
|    ent_coef        | 0.000581 |
|    ent_coef_loss   | -2.06    |
|    learning_rate   | 0.0003   |
|    n_updates       | 52013    |
---------------------------------
---------------------------------
| rollout/           |          |
|    ep_len_mean     | 401      |
|    ep_rew_mean     | 556      |
| time/              |          |
|    episodes        | 1436     |
|    fps             | 2120     |
|    time_elapsed    | 394      |
|    total_timesteps | 836272   |
| train/             |          |
|    actor_loss      | -4.21    |
|    critic_loss     | 0.00642  |
|    ent_coef        | 0.000562 |
|    ent_coef_loss   | -4.24    |
|    learning_rate   | 0.0003   |
|    n_updates       | 52204    |
---------------------------------
---------------------------------
| rollout/           |          |
|    ep_len_mean     | 386      |
|    ep_rew_mean     | 535      |
| time/              |          |
|    episodes        | 1440     |
|    fps             | 2120     |
|    time_elapsed    | 394      |
|    total_timesteps | 837184   |
| train/             |          |
|    actor_loss      | -4.29    |
|    critic_loss     | 0.00491  |
|    ent_coef        | 0.00056  |
|    ent_coef_loss   | 1.82     |
|    learning_rate   | 0.0003   |
|    n_updates       | 52261    |
---------------------------------
---------------------------------
| rollout/           |          |
|    ep_len_mean     | 372      |
|    ep_rew_mean     | 510      |
| time/              |          |
|    episodes        | 1444     |
|    fps             | 2120     |
|    time_elapsed    | 395      |
|    total_timesteps | 837552   |
| train/             |          |
|    actor_loss      | -4.27    |
|    critic_loss     | 0.00299  |
|    ent_coef        | 0.000563 |
|    ent_coef_loss   | 0.149    |
|    learning_rate   | 0.0003   |
|    n_updates       | 52284    |
---------------------------------
---------------------------------
| rollout/           |          |
|    ep_len_mean     | 366      |
|    ep_rew_mean     | 505      |
| time/              |          |
|    episodes        | 1448     |
|    fps             | 2120     |
|    time_elapsed    | 395      |
|    total_timesteps | 838096   |
| train/             |          |
|    actor_loss      | -4.33    |
|    critic_loss     | 0.00762  |
|    ent_coef        | 0.000565 |
|    ent_coef_loss   | 0.466    |
|    learning_rate   | 0.0003   |
|    n_updates       | 52318    |
---------------------------------
---------------------------------
| rollout/           |          |
|    ep_len_mean     | 365      |
|    ep_rew_mean     | 502      |
| time/              |          |
|    episodes        | 1452     |
|    fps             | 2120     |
|    time_elapsed    | 395      |
|    total_timesteps | 838400   |
| train/             |          |
|    actor_loss      | -4.15    |
|    critic_loss     | 0.00546  |
|    ent_coef        | 0.000565 |
|    ent_coef_loss   | 3.35     |
|    learning_rate   | 0.0003   |
|    n_updates       | 52337    |
---------------------------------
---------------------------------
| rollout/           |          |
|    ep_len_mean     | 337      |
|    ep_rew_mean     | 450      |
| time/              |          |
|    episodes        | 1456     |
|    fps             | 2120     |
|    time_elapsed    | 395      |
|    total_timesteps | 838704   |
| train/             |          |
|    actor_loss      | -4.23    |
|    critic_loss     | 0.00786  |
|    ent_coef        | 0.000568 |
|    ent_coef_loss   | 1.54     |
|    learning_rate   | 0.0003   |
|    n_updates       | 52356    |
---------------------------------
---------------------------------
| rollout/           |          |
|    ep_len_mean     | 319      |
|    ep_rew_mean     | 423      |
| time/              |          |
|    episodes        | 1460     |
|    fps             | 2120     |
|    time_elapsed    | 397      |
|    total_timesteps | 842848   |
| train/             |          |
|    actor_loss      | -4.21    |
|    critic_loss     | 0.012    |
|    ent_coef        | 0.000566 |
|    ent_coef_loss   | -0.977   |
|    learning_rate   | 0.0003   |
|    n_updates       | 52615    |
---------------------------------
---------------------------------
| rollout/           |          |
|    ep_len_mean     | 334      |
|    ep_rew_mean     | 462      |
| time/              |          |
|    episodes        | 1464     |
|    fps             | 2120     |
|    time_elapsed    | 398      |
|    total_timesteps | 845008   |
| train/             |          |
|    actor_loss      | -4.13    |
|    critic_loss     | 0.00306  |
|    ent_coef        | 0.000576 |
|    ent_coef_loss   | -0.158   |
|    learning_rate   | 0.0003   |
|    n_updates       | 52750    |
---------------------------------
---------------------------------
| rollout/           |          |
|    ep_len_mean     | 340      |
|    ep_rew_mean     | 482      |
| time/              |          |
|    episodes        | 1468     |
|    fps             | 2120     |
|    time_elapsed    | 398      |
|    total_timesteps | 845376   |
| train/             |          |
|    actor_loss      | -4.14    |
|    critic_loss     | 0.0163   |
|    ent_coef        | 0.000577 |
|    ent_coef_loss   | -0.457   |
|    learning_rate   | 0.0003   |
|    n_updates       | 52773    |
---------------------------------
---------------------------------
| rollout/           |          |
|    ep_len_mean     | 359      |
|    ep_rew_mean     | 481      |
| time/              |          |
|    episodes        | 1472     |
|    fps             | 2119     |
|    time_elapsed    | 400      |
|    total_timesteps | 849248   |
| train/             |          |
|    actor_loss      | -4.09    |
|    critic_loss     | 0.00332  |
|    ent_coef        | 0.000543 |
|    ent_coef_loss   | -2       |
|    learning_rate   | 0.0003   |
|    n_updates       | 53015    |
---------------------------------
---------------------------------
| rollout/           |          |
|    ep_len_mean     | 386      |
|    ep_rew_mean     | 495      |
| time/              |          |
|    episodes        | 1476     |
|    fps             | 2119     |
|    time_elapsed    | 401      |
|    total_timesteps | 850912   |
| train/             |          |
|    actor_loss      | -4.16    |
|    critic_loss     | 0.0024   |
|    ent_coef        | 0.00054  |
|    ent_coef_loss   | -2.38    |
|    learning_rate   | 0.0003   |
|    n_updates       | 53119    |
---------------------------------
---------------------------------
| rollout/           |          |
|    ep_len_mean     | 385      |
|    ep_rew_mean     | 487      |
| time/              |          |
|    episodes        | 1480     |
|    fps             | 2120     |
|    time_elapsed    | 401      |
|    total_timesteps | 851856   |
| train/             |          |
|    actor_loss      | -4.13    |
|    critic_loss     | 0.00461  |
|    ent_coef        | 0.000535 |
|    ent_coef_loss   | -1.76    |
|    learning_rate   | 0.0003   |
|    n_updates       | 53178    |
---------------------------------
---------------------------------
| rollout/           |          |
|    ep_len_mean     | 381      |
|    ep_rew_mean     | 489      |
| time/              |          |
|    episodes        | 1484     |
|    fps             | 2119     |
|    time_elapsed    | 401      |
|    total_timesteps | 852224   |
| train/             |          |
|    actor_loss      | -4.13    |
|    critic_loss     | 0.00287  |
|    ent_coef        | 0.000535 |
|    ent_coef_loss   | 0.812    |
|    learning_rate   | 0.0003   |
|    n_updates       | 53201    |
---------------------------------
---------------------------------
| rollout/           |          |
|    ep_len_mean     | 367      |
|    ep_rew_mean     | 458      |
| time/              |          |
|    episodes        | 1488     |
|    fps             | 2120     |
|    time_elapsed    | 404      |
|    total_timesteps | 856928   |
| train/             |          |
|    actor_loss      | -4.23    |
|    critic_loss     | 0.0732   |
|    ent_coef        | 0.000542 |
|    ent_coef_loss   | -3.47    |
|    learning_rate   | 0.0003   |
|    n_updates       | 53495    |
---------------------------------
---------------------------------
| rollout/           |          |
|    ep_len_mean     | 372      |
|    ep_rew_mean     | 455      |
| time/              |          |
|    episodes        | 1492     |
|    fps             | 2120     |
|    time_elapsed    | 404      |
|    total_timesteps | 857264   |
| train/             |          |
|    actor_loss      | -4.07    |
|    critic_loss     | 0.0323   |
|    ent_coef        | 0.00054  |
|    ent_coef_loss   | 0.047    |
|    learning_rate   | 0.0003   |
|    n_updates       | 53516    |
---------------------------------
---------------------------------
| rollout/           |          |
|    ep_len_mean     | 372      |
|    ep_rew_mean     | 448      |
| time/              |          |
|    episodes        | 1496     |
|    fps             | 2120     |
|    time_elapsed    | 404      |
|    total_timesteps | 858080   |
| train/             |          |
|    actor_loss      | -4.08    |
|    critic_loss     | 0.00221  |
|    ent_coef        | 0.000541 |
|    ent_coef_loss   | 2.79     |
|    learning_rate   | 0.0003   |
|    n_updates       | 53567    |
---------------------------------
---------------------------------
| rollout/           |          |
|    ep_len_mean     | 379      |
|    ep_rew_mean     | 455      |
| time/              |          |
|    episodes        | 1500     |
|    fps             | 2120     |
|    time_elapsed    | 405      |
|    total_timesteps | 858768   |
| train/             |          |
|    actor_loss      | -4.07    |
|    critic_loss     | 0.00455  |
|    ent_coef        | 0.000547 |
|    ent_coef_loss   | 2.4      |
|    learning_rate   | 0.0003   |
|    n_updates       | 53610    |
---------------------------------
---------------------------------
| rollout/           |          |
|    ep_len_mean     | 397      |
|    ep_rew_mean     | 489      |
| time/              |          |
|    episodes        | 1504     |
|    fps             | 2120     |
|    time_elapsed    | 406      |
|    total_timesteps | 862688   |
| train/             |          |
|    actor_loss      | -3.96    |
|    critic_loss     | 0.00329  |
|    ent_coef        | 0.000558 |
|    ent_coef_loss   | 5.21     |
|    learning_rate   | 0.0003   |
|    n_updates       | 53855    |
---------------------------------
---------------------------------
| rollout/           |          |
|    ep_len_mean     | 412      |
|    ep_rew_mean     | 514      |
| time/              |          |
|    episodes        | 1508     |
|    fps             | 2120     |
|    time_elapsed    | 407      |
|    total_timesteps | 863456   |
| train/             |          |
|    actor_loss      | -4.06    |
|    critic_loss     | 0.151    |
|    ent_coef        | 0.000562 |
|    ent_coef_loss   | 5.04     |
|    learning_rate   | 0.0003   |
|    n_updates       | 53903    |
---------------------------------
---------------------------------
| rollout/           |          |
|    ep_len_mean     | 412      |
|    ep_rew_mean     | 512      |
| time/              |          |
|    episodes        | 1512     |
|    fps             | 2120     |
|    time_elapsed    | 407      |
|    total_timesteps | 863728   |
| train/             |          |
|    actor_loss      | -4.01    |
|    critic_loss     | 0.00344  |
|    ent_coef        | 0.000564 |
|    ent_coef_loss   | -2.08    |
|    learning_rate   | 0.0003   |
|    n_updates       | 53920    |
---------------------------------
---------------------------------
| rollout/           |          |
|    ep_len_mean     | 411      |
|    ep_rew_mean     | 525      |
| time/              |          |
|    episodes        | 1516     |
|    fps             | 2120     |
|    time_elapsed    | 408      |
|    total_timesteps | 866256   |
| train/             |          |
|    actor_loss      | -3.91    |
|    critic_loss     | 0.0494   |
|    ent_coef        | 0.00055  |
|    ent_coef_loss   | 4.84     |
|    learning_rate   | 0.0003   |
|    n_updates       | 54078    |
---------------------------------
---------------------------------
| rollout/           |          |
|    ep_len_mean     | 399      |
|    ep_rew_mean     | 499      |
| time/              |          |
|    episodes        | 1520     |
|    fps             | 2120     |
|    time_elapsed    | 408      |
|    total_timesteps | 866416   |
| train/             |          |
|    actor_loss      | -3.88    |
|    critic_loss     | 0.0294   |
|    ent_coef        | 0.000552 |
|    ent_coef_loss   | 7.96     |
|    learning_rate   | 0.0003   |
|    n_updates       | 54088    |
---------------------------------
---------------------------------
| rollout/           |          |
|    ep_len_mean     | 386      |
|    ep_rew_mean     | 471      |
| time/              |          |
|    episodes        | 1524     |
|    fps             | 2120     |
|    time_elapsed    | 408      |
|    total_timesteps | 866448   |
| train/             |          |
|    actor_loss      | -3.93    |
|    critic_loss     | 0.00265  |
|    ent_coef        | 0.000552 |
|    ent_coef_loss   | 5.33     |
|    learning_rate   | 0.0003   |
|    n_updates       | 54090    |
---------------------------------
---------------------------------
| rollout/           |          |
|    ep_len_mean     | 368      |
|    ep_rew_mean     | 428      |
| time/              |          |
|    episodes        | 1528     |
|    fps             | 2120     |
|    time_elapsed    | 408      |
|    total_timesteps | 866672   |
| train/             |          |
|    actor_loss      | -4.06    |
|    critic_loss     | 0.00321  |
|    ent_coef        | 0.000556 |
|    ent_coef_loss   | 3.25     |
|    learning_rate   | 0.0003   |
|    n_updates       | 54104    |
---------------------------------
---------------------------------
| rollout/           |          |
|    ep_len_mean     | 352      |
|    ep_rew_mean     | 399      |
| time/              |          |
|    episodes        | 1532     |
|    fps             | 2120     |
|    time_elapsed    | 408      |
|    total_timesteps | 866704   |
| train/             |          |
|    actor_loss      | -3.96    |
|    critic_loss     | 0.00581  |
|    ent_coef        | 0.000556 |
|    ent_coef_loss   | 2.74     |
|    learning_rate   | 0.0003   |
|    n_updates       | 54106    |
---------------------------------
---------------------------------
| rollout/           |          |
|    ep_len_mean     | 358      |
|    ep_rew_mean     | 411      |
| time/              |          |
|    episodes        | 1536     |
|    fps             | 2120     |
|    time_elapsed    | 409      |
|    total_timesteps | 868848   |
| train/             |          |
|    actor_loss      | -3.97    |
|    critic_loss     | 0.00269  |
|    ent_coef        | 0.000551 |
|    ent_coef_loss   | -4.8     |
|    learning_rate   | 0.0003   |
|    n_updates       | 54240    |
---------------------------------
---------------------------------
| rollout/           |          |
|    ep_len_mean     | 369      |
|    ep_rew_mean     | 433      |
| time/              |          |
|    episodes        | 1540     |
|    fps             | 2120     |
|    time_elapsed    | 412      |
|    total_timesteps | 873824   |
| train/             |          |
|    actor_loss      | -3.87    |
|    critic_loss     | 0.0309   |
|    ent_coef        | 0.000536 |
|    ent_coef_loss   | 1.89     |
|    learning_rate   | 0.0003   |
|    n_updates       | 54551    |
---------------------------------
---------------------------------
| rollout/           |          |
|    ep_len_mean     | 382      |
|    ep_rew_mean     | 453      |
| time/              |          |
|    episodes        | 1544     |
|    fps             | 2120     |
|    time_elapsed    | 412      |
|    total_timesteps | 875232   |
| train/             |          |
|    actor_loss      | -3.91    |
|    critic_loss     | 0.026    |
|    ent_coef        | 0.000531 |
|    ent_coef_loss   | -3.2     |
|    learning_rate   | 0.0003   |
|    n_updates       | 54639    |
---------------------------------
---------------------------------
| rollout/           |          |
|    ep_len_mean     | 402      |
|    ep_rew_mean     | 489      |
| time/              |          |
|    episodes        | 1548     |
|    fps             | 2120     |
|    time_elapsed    | 414      |
|    total_timesteps | 878992   |
| train/             |          |
|    actor_loss      | -3.83    |
|    critic_loss     | 0.00458  |
|    ent_coef        | 0.000547 |
|    ent_coef_loss   | 2.55     |
|    learning_rate   | 0.0003   |
|    n_updates       | 54874    |
---------------------------------
---------------------------------
| rollout/           |          |
|    ep_len_mean     | 418      |
|    ep_rew_mean     | 517      |
| time/              |          |
|    episodes        | 1552     |
|    fps             | 2120     |
|    time_elapsed    | 414      |
|    total_timesteps | 880016   |
| train/             |          |
|    actor_loss      | -3.93    |
|    critic_loss     | 0.00278  |
|    ent_coef        | 0.000556 |
|    ent_coef_loss   | 5.93     |
|    learning_rate   | 0.0003   |
|    n_updates       | 54938    |
---------------------------------
---------------------------------
| rollout/           |          |
|    ep_len_mean     | 425      |
|    ep_rew_mean     | 528      |
| time/              |          |
|    episodes        | 1556     |
|    fps             | 2120     |
|    time_elapsed    | 415      |
|    total_timesteps | 880208   |
| train/             |          |
|    actor_loss      | -3.81    |
|    critic_loss     | 0.0469   |
|    ent_coef        | 0.000561 |
|    ent_coef_loss   | 4.46     |
|    learning_rate   | 0.0003   |
|    n_updates       | 54950    |
---------------------------------
---------------------------------
| rollout/           |          |
|    ep_len_mean     | 428      |
|    ep_rew_mean     | 523      |
| time/              |          |
|    episodes        | 1560     |
|    fps             | 2120     |
|    time_elapsed    | 415      |
|    total_timesteps | 880576   |
| train/             |          |
|    actor_loss      | -3.82    |
|    critic_loss     | 0.0708   |
|    ent_coef        | 0.000568 |
|    ent_coef_loss   | 0.718    |
|    learning_rate   | 0.0003   |
|    n_updates       | 54973    |
---------------------------------
---------------------------------
| rollout/           |          |
|    ep_len_mean     | 427      |
|    ep_rew_mean     | 515      |
| time/              |          |
|    episodes        | 1564     |
|    fps             | 2120     |
|    time_elapsed    | 417      |
|    total_timesteps | 885872   |
| train/             |          |
|    actor_loss      | -3.75    |
|    critic_loss     | 0.0133   |
|    ent_coef        | 0.000541 |
|    ent_coef_loss   | 0.976    |
|    learning_rate   | 0.0003   |
|    n_updates       | 55304    |
---------------------------------
---------------------------------
| rollout/           |          |
|    ep_len_mean     | 426      |
|    ep_rew_mean     | 508      |
| time/              |          |
|    episodes        | 1568     |
|    fps             | 2120     |
|    time_elapsed    | 418      |
|    total_timesteps | 886576   |
| train/             |          |
|    actor_loss      | -3.84    |
|    critic_loss     | 0.0767   |
|    ent_coef        | 0.00054  |
|    ent_coef_loss   | 0.451    |
|    learning_rate   | 0.0003   |
|    n_updates       | 55348    |
---------------------------------
---------------------------------
| rollout/           |          |
|    ep_len_mean     | 407      |
|    ep_rew_mean     | 493      |
| time/              |          |
|    episodes        | 1572     |
|    fps             | 2120     |
|    time_elapsed    | 419      |
|    total_timesteps | 889440   |
| train/             |          |
|    actor_loss      | -3.83    |
|    critic_loss     | 0.00149  |
|    ent_coef        | 0.00052  |
|    ent_coef_loss   | 0.585    |
|    learning_rate   | 0.0003   |
|    n_updates       | 55527    |
---------------------------------
---------------------------------
| rollout/           |          |
|    ep_len_mean     | 393      |
|    ep_rew_mean     | 497      |
| time/              |          |
|    episodes        | 1576     |
|    fps             | 2120     |
|    time_elapsed    | 420      |
|    total_timesteps | 892592   |
| train/             |          |
|    actor_loss      | -3.71    |
|    critic_loss     | 0.0381   |
|    ent_coef        | 0.000501 |
|    ent_coef_loss   | 3.88     |
|    learning_rate   | 0.0003   |
|    n_updates       | 55724    |
---------------------------------
---------------------------------
| rollout/           |          |
|    ep_len_mean     | 413      |
|    ep_rew_mean     | 521      |
| time/              |          |
|    episodes        | 1580     |
|    fps             | 2120     |
|    time_elapsed    | 422      |
|    total_timesteps | 896224   |
| train/             |          |
|    actor_loss      | -3.77    |
|    critic_loss     | 0.00733  |
|    ent_coef        | 0.000505 |
|    ent_coef_loss   | -0.768   |
|    learning_rate   | 0.0003   |
|    n_updates       | 55951    |
---------------------------------
---------------------------------
| rollout/           |          |
|    ep_len_mean     | 426      |
|    ep_rew_mean     | 537      |
| time/              |          |
|    episodes        | 1584     |
|    fps             | 2120     |
|    time_elapsed    | 423      |
|    total_timesteps | 898768   |
| train/             |          |
|    actor_loss      | -3.67    |
|    critic_loss     | 0.00235  |
|    ent_coef        | 0.000494 |
|    ent_coef_loss   | -2.33    |
|    learning_rate   | 0.0003   |
|    n_updates       | 56110    |
---------------------------------
---------------------------------
| rollout/           |          |
|    ep_len_mean     | 438      |
|    ep_rew_mean     | 549      |
| time/              |          |
|    episodes        | 1588     |
|    fps             | 2120     |
|    time_elapsed    | 425      |
|    total_timesteps | 901552   |
| train/             |          |
|    actor_loss      | -3.8     |
|    critic_loss     | 0.0024   |
|    ent_coef        | 0.000487 |
|    ent_coef_loss   | 1.54     |
|    learning_rate   | 0.0003   |
|    n_updates       | 56284    |
---------------------------------
---------------------------------
| rollout/           |          |
|    ep_len_mean     | 441      |
|    ep_rew_mean     | 563      |
| time/              |          |
|    episodes        | 1592     |
|    fps             | 2120     |
|    time_elapsed    | 425      |
|    total_timesteps | 902160   |
| train/             |          |
|    actor_loss      | -3.67    |
|    critic_loss     | 0.0445   |
|    ent_coef        | 0.000488 |
|    ent_coef_loss   | 5.53     |
|    learning_rate   | 0.0003   |
|    n_updates       | 56322    |
---------------------------------
---------------------------------
| rollout/           |          |
|    ep_len_mean     | 438      |
|    ep_rew_mean     | 556      |
| time/              |          |
|    episodes        | 1596     |
|    fps             | 2120     |
|    time_elapsed    | 426      |
|    total_timesteps | 903392   |
| train/             |          |
|    actor_loss      | -3.72    |
|    critic_loss     | 0.0194   |
|    ent_coef        | 0.000496 |
|    ent_coef_loss   | 1.9      |
|    learning_rate   | 0.0003   |
|    n_updates       | 56399    |
---------------------------------
---------------------------------
| rollout/           |          |
|    ep_len_mean     | 431      |
|    ep_rew_mean     | 542      |
| time/              |          |
|    episodes        | 1600     |
|    fps             | 2120     |
|    time_elapsed    | 426      |
|    total_timesteps | 903472   |
| train/             |          |
|    actor_loss      | -3.64    |
|    critic_loss     | 0.0478   |
|    ent_coef        | 0.000496 |
|    ent_coef_loss   | -3.49    |
|    learning_rate   | 0.0003   |
|    n_updates       | 56404    |
---------------------------------
---------------------------------
| rollout/           |          |
|    ep_len_mean     | 423      |
|    ep_rew_mean     | 524      |
| time/              |          |
|    episodes        | 1604     |
|    fps             | 2120     |
|    time_elapsed    | 426      |
|    total_timesteps | 903600   |
| train/             |          |
|    actor_loss      | -3.71    |
|    critic_loss     | 0.0244   |
|    ent_coef        | 0.000495 |
|    ent_coef_loss   | 0.121    |
|    learning_rate   | 0.0003   |
|    n_updates       | 56412    |
---------------------------------
---------------------------------
| rollout/           |          |
|    ep_len_mean     | 428      |
|    ep_rew_mean     | 528      |
| time/              |          |
|    episodes        | 1608     |
|    fps             | 2120     |
|    time_elapsed    | 426      |
|    total_timesteps | 904368   |
| train/             |          |
|    actor_loss      | -3.68    |
|    critic_loss     | 0.0408   |
|    ent_coef        | 0.000489 |
|    ent_coef_loss   | -2.2     |
|    learning_rate   | 0.0003   |
|    n_updates       | 56460    |
---------------------------------
---------------------------------
| rollout/           |          |
|    ep_len_mean     | 436      |
|    ep_rew_mean     | 536      |
| time/              |          |
|    episodes        | 1612     |
|    fps             | 2120     |
|    time_elapsed    | 429      |
|    total_timesteps | 911248   |
| train/             |          |
|    actor_loss      | -3.64    |
|    critic_loss     | 0.00134  |
|    ent_coef        | 0.000466 |
|    ent_coef_loss   | -0.574   |
|    learning_rate   | 0.0003   |
|    n_updates       | 56890    |
---------------------------------
---------------------------------
| rollout/           |          |
|    ep_len_mean     | 434      |
|    ep_rew_mean     | 533      |
| time/              |          |
|    episodes        | 1616     |
|    fps             | 2120     |
|    time_elapsed    | 430      |
|    total_timesteps | 911920   |
| train/             |          |
|    actor_loss      | -3.57    |
|    critic_loss     | 0.00303  |
|    ent_coef        | 0.000467 |
|    ent_coef_loss   | -1.03    |
|    learning_rate   | 0.0003   |
|    n_updates       | 56932    |
---------------------------------
---------------------------------
| rollout/           |          |
|    ep_len_mean     | 434      |
|    ep_rew_mean     | 533      |
| time/              |          |
|    episodes        | 1620     |
|    fps             | 2120     |
|    time_elapsed    | 430      |
|    total_timesteps | 912592   |
| train/             |          |
|    actor_loss      | -3.68    |
|    critic_loss     | 0.0247   |
|    ent_coef        | 0.000465 |
|    ent_coef_loss   | 2.68     |
|    learning_rate   | 0.0003   |
|    n_updates       | 56974    |
---------------------------------
---------------------------------
| rollout/           |          |
|    ep_len_mean     | 432      |
|    ep_rew_mean     | 536      |
| time/              |          |
|    episodes        | 1624     |
|    fps             | 2120     |
|    time_elapsed    | 430      |
|    total_timesteps | 912848   |
| train/             |          |
|    actor_loss      | -3.65    |
|    critic_loss     | 0.0542   |
|    ent_coef        | 0.000466 |
|    ent_coef_loss   | -0.581   |
|    learning_rate   | 0.0003   |
|    n_updates       | 56990    |
---------------------------------
---------------------------------
| rollout/           |          |
|    ep_len_mean     | 430      |
|    ep_rew_mean     | 538      |
| time/              |          |
|    episodes        | 1628     |
|    fps             | 2120     |
|    time_elapsed    | 430      |
|    total_timesteps | 913152   |
| train/             |          |
|    actor_loss      | -3.57    |
|    critic_loss     | 0.0659   |
|    ent_coef        | 0.000467 |
|    ent_coef_loss   | -2.77    |
|    learning_rate   | 0.0003   |
|    n_updates       | 57009    |
---------------------------------
---------------------------------
| rollout/           |          |
|    ep_len_mean     | 449      |
|    ep_rew_mean     | 568      |
| time/              |          |
|    episodes        | 1632     |
|    fps             | 2120     |
|    time_elapsed    | 432      |
|    total_timesteps | 917424   |
| train/             |          |
|    actor_loss      | -3.59    |
|    critic_loss     | 0.0498   |
|    ent_coef        | 0.000468 |
|    ent_coef_loss   | 2.67     |
|    learning_rate   | 0.0003   |
|    n_updates       | 57276    |
---------------------------------
---------------------------------
| rollout/           |          |
|    ep_len_mean     | 472      |
|    ep_rew_mean     | 617      |
| time/              |          |
|    episodes        | 1636     |
|    fps             | 2120     |
|    time_elapsed    | 432      |
|    total_timesteps | 917744   |
| train/             |          |
|    actor_loss      | -3.7     |
|    critic_loss     | 0.0268   |
|    ent_coef        | 0.00047  |
|    ent_coef_loss   | -5.36    |
|    learning_rate   | 0.0003   |
|    n_updates       | 57296    |
---------------------------------
---------------------------------
| rollout/           |          |
|    ep_len_mean     | 484      |
|    ep_rew_mean     | 625      |
| time/              |          |
|    episodes        | 1640     |
|    fps             | 2120     |
|    time_elapsed    | 436      |
|    total_timesteps | 925696   |
| train/             |          |
|    actor_loss      | -3.42    |
|    critic_loss     | 0.00157  |
|    ent_coef        | 0.000502 |
|    ent_coef_loss   | 1.02     |
|    learning_rate   | 0.0003   |
|    n_updates       | 57793    |
---------------------------------
---------------------------------
| rollout/           |          |
|    ep_len_mean     | 499      |
|    ep_rew_mean     | 647      |
| time/              |          |
|    episodes        | 1644     |
|    fps             | 2120     |
|    time_elapsed    | 436      |
|    total_timesteps | 926592   |
| train/             |          |
|    actor_loss      | -3.53    |
|    critic_loss     | 0.00133  |
|    ent_coef        | 0.000495 |
|    ent_coef_loss   | -5.94    |
|    learning_rate   | 0.0003   |
|    n_updates       | 57849    |
---------------------------------
---------------------------------
| rollout/           |          |
|    ep_len_mean     | 486      |
|    ep_rew_mean     | 607      |
| time/              |          |
|    episodes        | 1648     |
|    fps             | 2120     |
|    time_elapsed    | 437      |
|    total_timesteps | 927072   |
| train/             |          |
|    actor_loss      | -3.55    |
|    critic_loss     | 0.0258   |
|    ent_coef        | 0.00049  |
|    ent_coef_loss   | -2.98    |
|    learning_rate   | 0.0003   |
|    n_updates       | 57879    |
---------------------------------
---------------------------------
| rollout/           |          |
|    ep_len_mean     | 481      |
|    ep_rew_mean     | 604      |
| time/              |          |
|    episodes        | 1652     |
|    fps             | 2120     |
|    time_elapsed    | 438      |
|    total_timesteps | 929840   |
| train/             |          |
|    actor_loss      | -3.59    |
|    critic_loss     | 0.00182  |
|    ent_coef        | 0.00048  |
|    ent_coef_loss   | -1.36    |
|    learning_rate   | 0.0003   |
|    n_updates       | 58052    |
---------------------------------
---------------------------------
| rollout/           |          |
|    ep_len_mean     | 502      |
|    ep_rew_mean     | 637      |
| time/              |          |
|    episodes        | 1656     |
|    fps             | 2120     |
|    time_elapsed    | 438      |
|    total_timesteps | 930352   |
| train/             |          |
|    actor_loss      | -3.53    |
|    critic_loss     | 0.0144   |
|    ent_coef        | 0.000476 |
|    ent_coef_loss   | -3.1     |
|    learning_rate   | 0.0003   |
|    n_updates       | 58084    |
---------------------------------
---------------------------------
| rollout/           |          |
|    ep_len_mean     | 501      |
|    ep_rew_mean     | 637      |
| time/              |          |
|    episodes        | 1660     |
|    fps             | 2121     |
|    time_elapsed    | 439      |
|    total_timesteps | 933136   |
| train/             |          |
|    actor_loss      | -3.49    |
|    critic_loss     | 0.0732   |
|    ent_coef        | 0.000458 |
|    ent_coef_loss   | -1.98    |
|    learning_rate   | 0.0003   |
|    n_updates       | 58258    |
---------------------------------
---------------------------------
| rollout/           |          |
|    ep_len_mean     | 493      |
|    ep_rew_mean     | 612      |
| time/              |          |
|    episodes        | 1664     |
|    fps             | 2121     |
|    time_elapsed    | 441      |
|    total_timesteps | 936800   |
| train/             |          |
|    actor_loss      | -3.53    |
|    critic_loss     | 0.00245  |
|    ent_coef        | 0.00045  |
|    ent_coef_loss   | -1.86    |
|    learning_rate   | 0.0003   |
|    n_updates       | 58487    |
---------------------------------
---------------------------------
| rollout/           |          |
|    ep_len_mean     | 504      |
|    ep_rew_mean     | 624      |
| time/              |          |
|    episodes        | 1668     |
|    fps             | 2121     |
|    time_elapsed    | 442      |
|    total_timesteps | 938432   |
| train/             |          |
|    actor_loss      | -3.42    |
|    critic_loss     | 0.0573   |
|    ent_coef        | 0.000445 |
|    ent_coef_loss   | 1.21     |
|    learning_rate   | 0.0003   |
|    n_updates       | 58589    |
---------------------------------
---------------------------------
| rollout/           |          |
|    ep_len_mean     | 491      |
|    ep_rew_mean     | 608      |
| time/              |          |
|    episodes        | 1672     |
|    fps             | 2121     |
|    time_elapsed    | 442      |
|    total_timesteps | 939568   |
| train/             |          |
|    actor_loss      | -3.52    |
|    critic_loss     | 0.00171  |
|    ent_coef        | 0.000449 |
|    ent_coef_loss   | -1.61    |
|    learning_rate   | 0.0003   |
|    n_updates       | 58660    |
---------------------------------
---------------------------------
| rollout/           |          |
|    ep_len_mean     | 508      |
|    ep_rew_mean     | 635      |
| time/              |          |
|    episodes        | 1676     |
|    fps             | 2121     |
|    time_elapsed    | 445      |
|    total_timesteps | 945520   |
| train/             |          |
|    actor_loss      | -3.45    |
|    critic_loss     | 0.0173   |
|    ent_coef        | 0.000469 |
|    ent_coef_loss   | -1.01    |
|    learning_rate   | 0.0003   |
|    n_updates       | 59032    |
---------------------------------
---------------------------------
| rollout/           |          |
|    ep_len_mean     | 498      |
|    ep_rew_mean     | 629      |
| time/              |          |
|    episodes        | 1680     |
|    fps             | 2121     |
|    time_elapsed    | 446      |
|    total_timesteps | 946160   |
| train/             |          |
|    actor_loss      | -3.39    |
|    critic_loss     | 0.00309  |
|    ent_coef        | 0.000474 |
|    ent_coef_loss   | 2.65     |
|    learning_rate   | 0.0003   |
|    n_updates       | 59072    |
---------------------------------
---------------------------------
| rollout/           |          |
|    ep_len_mean     | 506      |
|    ep_rew_mean     | 645      |
| time/              |          |
|    episodes        | 1684     |
|    fps             | 2121     |
|    time_elapsed    | 447      |
|    total_timesteps | 949488   |
| train/             |          |
|    actor_loss      | -3.41    |
|    critic_loss     | 0.00932  |
|    ent_coef        | 0.000473 |
|    ent_coef_loss   | -1.58    |
|    learning_rate   | 0.0003   |
|    n_updates       | 59280    |
---------------------------------
---------------------------------
| rollout/           |          |
|    ep_len_mean     | 519      |
|    ep_rew_mean     | 677      |
| time/              |          |
|    episodes        | 1688     |
|    fps             | 2121     |
|    time_elapsed    | 452      |
|    total_timesteps | 960320   |
| train/             |          |
|    actor_loss      | -3.19    |
|    critic_loss     | 0.00409  |
|    ent_coef        | 0.000433 |
|    ent_coef_loss   | -3.69    |
|    learning_rate   | 0.0003   |
|    n_updates       | 59957    |
---------------------------------
---------------------------------
| rollout/           |          |
|    ep_len_mean     | 535      |
|    ep_rew_mean     | 697      |
| time/              |          |
|    episodes        | 1692     |
|    fps             | 2121     |
|    time_elapsed    | 452      |
|    total_timesteps | 960640   |
| train/             |          |
|    actor_loss      | -3.28    |
|    critic_loss     | 0.00113  |
|    ent_coef        | 0.000432 |
|    ent_coef_loss   | 2.57     |
|    learning_rate   | 0.0003   |
|    n_updates       | 59977    |
---------------------------------
---------------------------------
| rollout/           |          |
|    ep_len_mean     | 559      |
|    ep_rew_mean     | 746      |
| time/              |          |
|    episodes        | 1696     |
|    fps             | 2121     |
|    time_elapsed    | 452      |
|    total_timesteps | 960800   |
| train/             |          |
|    actor_loss      | -3.25    |
|    critic_loss     | 0.0149   |
|    ent_coef        | 0.000433 |
|    ent_coef_loss   | 3.37     |
|    learning_rate   | 0.0003   |
|    n_updates       | 59987    |
---------------------------------
---------------------------------
| rollout/           |          |
|    ep_len_mean     | 589      |
|    ep_rew_mean     | 798      |
| time/              |          |
|    episodes        | 1700     |
|    fps             | 2121     |
|    time_elapsed    | 453      |
|    total_timesteps | 963072   |
| train/             |          |
|    actor_loss      | -3.18    |
|    critic_loss     | 0.00254  |
|    ent_coef        | 0.000427 |
|    ent_coef_loss   | 0.217    |
|    learning_rate   | 0.0003   |
|    n_updates       | 60129    |
---------------------------------
---------------------------------
| rollout/           |          |
|    ep_len_mean     | 605      |
|    ep_rew_mean     | 827      |
| time/              |          |
|    episodes        | 1704     |
|    fps             | 2121     |
|    time_elapsed    | 456      |
|    total_timesteps | 969200   |
| train/             |          |
|    actor_loss      | -3.19    |
|    critic_loss     | 0.094    |
|    ent_coef        | 0.000427 |
|    ent_coef_loss   | 1.19     |
|    learning_rate   | 0.0003   |
|    n_updates       | 60512    |
---------------------------------
---------------------------------
| rollout/           |          |
|    ep_len_mean     | 609      |
|    ep_rew_mean     | 833      |
| time/              |          |
|    episodes        | 1708     |
|    fps             | 2121     |
|    time_elapsed    | 456      |
|    total_timesteps | 969584   |
| train/             |          |
|    actor_loss      | -3.17    |
|    critic_loss     | 0.112    |
|    ent_coef        | 0.000426 |
|    ent_coef_loss   | -0.799   |
|    learning_rate   | 0.0003   |
|    n_updates       | 60536    |
---------------------------------
---------------------------------
| rollout/           |          |
|    ep_len_mean     | 612      |
|    ep_rew_mean     | 832      |
| time/              |          |
|    episodes        | 1712     |
|    fps             | 2121     |
|    time_elapsed    | 458      |
|    total_timesteps | 973648   |
| train/             |          |
|    actor_loss      | -3.15    |
|    critic_loss     | 0.00247  |
|    ent_coef        | 0.000413 |
|    ent_coef_loss   | -3.01    |
|    learning_rate   | 0.0003   |
|    n_updates       | 60790    |
---------------------------------
---------------------------------
| rollout/           |          |
|    ep_len_mean     | 632      |
|    ep_rew_mean     | 858      |
| time/              |          |
|    episodes        | 1716     |
|    fps             | 2121     |
|    time_elapsed    | 460      |
|    total_timesteps | 977376   |
| train/             |          |
|    actor_loss      | -3.17    |
|    critic_loss     | 0.00155  |
|    ent_coef        | 0.000395 |
|    ent_coef_loss   | -2.91    |
|    learning_rate   | 0.0003   |
|    n_updates       | 61023    |
---------------------------------
---------------------------------
| rollout/           |          |
|    ep_len_mean     | 653      |
|    ep_rew_mean     | 893      |
| time/              |          |
|    episodes        | 1720     |
|    fps             | 2121     |
|    time_elapsed    | 462      |
|    total_timesteps | 980832   |
| train/             |          |
|    actor_loss      | -3.08    |
|    critic_loss     | 0.0408   |
|    ent_coef        | 0.000391 |
|    ent_coef_loss   | 0.324    |
|    learning_rate   | 0.0003   |
|    n_updates       | 61239    |
---------------------------------
---------------------------------
| rollout/           |          |
|    ep_len_mean     | 671      |
|    ep_rew_mean     | 912      |
| time/              |          |
|    episodes        | 1724     |
|    fps             | 2122     |
|    time_elapsed    | 463      |
|    total_timesteps | 984256   |
| train/             |          |
|    actor_loss      | -3.13    |
|    critic_loss     | 0.0206   |
|    ent_coef        | 0.000391 |
|    ent_coef_loss   | 2.52     |
|    learning_rate   | 0.0003   |
|    n_updates       | 61453    |
---------------------------------
---------------------------------
| rollout/           |          |
|    ep_len_mean     | 692      |
|    ep_rew_mean     | 946      |
| time/              |          |
|    episodes        | 1728     |
|    fps             | 2122     |
|    time_elapsed    | 464      |
|    total_timesteps | 984896   |
| train/             |          |
|    actor_loss      | -3.15    |
|    critic_loss     | 0.00163  |
|    ent_coef        | 0.000395 |
|    ent_coef_loss   | 1.25     |
|    learning_rate   | 0.0003   |
|    n_updates       | 61493    |
---------------------------------
---------------------------------
| rollout/           |          |
|    ep_len_mean     | 724      |
|    ep_rew_mean     | 992      |
| time/              |          |
|    episodes        | 1732     |
|    fps             | 2122     |
|    time_elapsed    | 465      |
|    total_timesteps | 987792   |
| train/             |          |
|    actor_loss      | -3.04    |
|    critic_loss     | 0.0288   |
|    ent_coef        | 0.000397 |
|    ent_coef_loss   | 7.26     |
|    learning_rate   | 0.0003   |
|    n_updates       | 61674    |
---------------------------------
---------------------------------
| rollout/           |          |
|    ep_len_mean     | 726      |
|    ep_rew_mean     | 985      |
| time/              |          |
|    episodes        | 1736     |
|    fps             | 2122     |
|    time_elapsed    | 468      |
|    total_timesteps | 993536   |
| train/             |          |
|    actor_loss      | -3.15    |
|    critic_loss     | 0.00162  |
|    ent_coef        | 0.000402 |
|    ent_coef_loss   | -3.24    |
|    learning_rate   | 0.0003   |
|    n_updates       | 62033    |
---------------------------------
---------------------------------
| rollout/           |          |
|    ep_len_mean     | 718      |
|    ep_rew_mean     | 956      |
| time/              |          |
|    episodes        | 1740     |
|    fps             | 2122     |
|    time_elapsed    | 468      |
|    total_timesteps | 994432   |
| train/             |          |
|    actor_loss      | -3.1     |
|    critic_loss     | 0.0139   |
|    ent_coef        | 0.000404 |
|    ent_coef_loss   | 1.41     |
|    learning_rate   | 0.0003   |
|    n_updates       | 62089    |
---------------------------------
---------------------------------
| rollout/           |          |
|    ep_len_mean     | 700      |
|    ep_rew_mean     | 926      |
| time/              |          |
|    episodes        | 1744     |
|    fps             | 2122     |
|    time_elapsed    | 469      |
|    total_timesteps | 995488   |
| train/             |          |
|    actor_loss      | -3.08    |
|    critic_loss     | 0.00776  |
|    ent_coef        | 0.000406 |
|    ent_coef_loss   | -3.46    |
|    learning_rate   | 0.0003   |
|    n_updates       | 62155    |
---------------------------------
---------------------------------
| rollout/           |          |
|    ep_len_mean     | 708      |
|    ep_rew_mean     | 950      |
| time/              |          |
|    episodes        | 1748     |
|    fps             | 2122     |
|    time_elapsed    | 469      |
|    total_timesteps | 996096   |
| train/             |          |
|    actor_loss      | -3.03    |
|    critic_loss     | 0.0611   |
|    ent_coef        | 0.000405 |
|    ent_coef_loss   | 2.41     |
|    learning_rate   | 0.0003   |
|    n_updates       | 62193    |
---------------------------------
---------------------------------
| rollout/           |          |
|    ep_len_mean     | 696      |
|    ep_rew_mean     | 920      |
| time/              |          |
|    episodes        | 1752     |
|    fps             | 2122     |
|    time_elapsed    | 469      |
|    total_timesteps | 996960   |
| train/             |          |
|    actor_loss      | -3.08    |
|    critic_loss     | 0.0183   |
|    ent_coef        | 0.000409 |
|    ent_coef_loss   | 2.09     |
|    learning_rate   | 0.0003   |
|    n_updates       | 62247    |
---------------------------------
---------------------------------
| rollout/           |          |
|    ep_len_mean     | 681      |
|    ep_rew_mean     | 897      |
| time/              |          |
|    episodes        | 1756     |
|    fps             | 2122     |
|    time_elapsed    | 470      |
|    total_timesteps | 998128   |
| train/             |          |
|    actor_loss      | -3.03    |
|    critic_loss     | 0.00681  |
|    ent_coef        | 0.000403 |
|    ent_coef_loss   | -2.41    |
|    learning_rate   | 0.0003   |
|    n_updates       | 62320    |
---------------------------------
---------------------------------
| rollout/           |          |
|    ep_len_mean     | 681      |
|    ep_rew_mean     | 902      |
| time/              |          |
|    episodes        | 1760     |
|    fps             | 2122     |
|    time_elapsed    | 471      |
|    total_timesteps | 1000256  |
| train/             |          |
|    actor_loss      | -3.02    |
|    critic_loss     | 0.0204   |
|    ent_coef        | 0.0004   |
|    ent_coef_loss   | -0.78    |
|    learning_rate   | 0.0003   |
|    n_updates       | 62453    |
---------------------------------
---------------------------------
| rollout/           |          |
|    ep_len_mean     | 674      |
|    ep_rew_mean     | 901      |
| time/              |          |
|    episodes        | 1764     |
|    fps             | 2122     |
|    time_elapsed    | 472      |
|    total_timesteps | 1002032  |
| train/             |          |
|    actor_loss      | -3.08    |
|    critic_loss     | 0.00101  |
|    ent_coef        | 0.000397 |
|    ent_coef_loss   | -0.652   |
|    learning_rate   | 0.0003   |
|    n_updates       | 62564    |
---------------------------------
---------------------------------
| rollout/           |          |
|    ep_len_mean     | 668      |
|    ep_rew_mean     | 898      |
| time/              |          |
|    episodes        | 1768     |
|    fps             | 2122     |
|    time_elapsed    | 473      |
|    total_timesteps | 1004576  |
| train/             |          |
|    actor_loss      | -2.99    |
|    critic_loss     | 0.0141   |
|    ent_coef        | 0.000405 |
|    ent_coef_loss   | 3.41     |
|    learning_rate   | 0.0003   |
|    n_updates       | 62723    |
---------------------------------
---------------------------------
| rollout/           |          |
|    ep_len_mean     | 676      |
|    ep_rew_mean     | 899      |
| time/              |          |
|    episodes        | 1772     |
|    fps             | 2122     |
|    time_elapsed    | 473      |
|    total_timesteps | 1005520  |
| train/             |          |
|    actor_loss      | -3.07    |
|    critic_loss     | 0.00746  |
|    ent_coef        | 0.000406 |
|    ent_coef_loss   | -0.939   |
|    learning_rate   | 0.0003   |
|    n_updates       | 62782    |
---------------------------------
---------------------------------
| rollout/           |          |
|    ep_len_mean     | 637      |
|    ep_rew_mean     | 830      |
| time/              |          |
|    episodes        | 1776     |
|    fps             | 2122     |
|    time_elapsed    | 474      |
|    total_timesteps | 1007728  |
| train/             |          |
|    actor_loss      | -3.05    |
|    critic_loss     | 0.00277  |
|    ent_coef        | 0.000404 |
|    ent_coef_loss   | 1.91     |
|    learning_rate   | 0.0003   |
|    n_updates       | 62920    |
---------------------------------
---------------------------------
| rollout/           |          |
|    ep_len_mean     | 643      |
|    ep_rew_mean     | 836      |
| time/              |          |
|    episodes        | 1780     |
|    fps             | 2122     |
|    time_elapsed    | 478      |
|    total_timesteps | 1014544  |
| train/             |          |
|    actor_loss      | -2.97    |
|    critic_loss     | 0.00403  |
|    ent_coef        | 0.000407 |
|    ent_coef_loss   | -0.453   |
|    learning_rate   | 0.0003   |
|    n_updates       | 63346    |
---------------------------------
---------------------------------
| rollout/           |          |
|    ep_len_mean     | 649      |
|    ep_rew_mean     | 841      |
| time/              |          |
|    episodes        | 1784     |
|    fps             | 2122     |
|    time_elapsed    | 478      |
|    total_timesteps | 1015616  |
| train/             |          |
|    actor_loss      | -2.97    |
|    critic_loss     | 0.0145   |
|    ent_coef        | 0.000407 |
|    ent_coef_loss   | -2.55    |
|    learning_rate   | 0.0003   |
|    n_updates       | 63413    |
---------------------------------
---------------------------------
| rollout/           |          |
|    ep_len_mean     | 638      |
|    ep_rew_mean     | 834      |
| time/              |          |
|    episodes        | 1788     |
|    fps             | 2122     |
|    time_elapsed    | 480      |
|    total_timesteps | 1019312  |
| train/             |          |
|    actor_loss      | -2.88    |
|    critic_loss     | 0.00295  |
|    ent_coef        | 0.000385 |
|    ent_coef_loss   | -2.3     |
|    learning_rate   | 0.0003   |
|    n_updates       | 63644    |
---------------------------------
---------------------------------
| rollout/           |          |
|    ep_len_mean     | 629      |
|    ep_rew_mean     | 820      |
| time/              |          |
|    episodes        | 1792     |
|    fps             | 2118     |
|    time_elapsed    | 481      |
|    total_timesteps | 1021296  |
| train/             |          |
|    actor_loss      | -2.99    |
|    critic_loss     | 0.0282   |
|    ent_coef        | 0.00038  |
|    ent_coef_loss   | -3.85    |
|    learning_rate   | 0.0003   |
|    n_updates       | 63768    |
---------------------------------
---------------------------------
| rollout/           |          |
|    ep_len_mean     | 616      |
|    ep_rew_mean     | 792      |
| time/              |          |
|    episodes        | 1796     |
|    fps             | 2119     |
|    time_elapsed    | 483      |
|    total_timesteps | 1024688  |
| train/             |          |
|    actor_loss      | -2.84    |
|    critic_loss     | 0.00175  |
|    ent_coef        | 0.000384 |
|    ent_coef_loss   | -2.61    |
|    learning_rate   | 0.0003   |
|    n_updates       | 63980    |
---------------------------------
---------------------------------
| rollout/           |          |
|    ep_len_mean     | 596      |
|    ep_rew_mean     | 759      |
| time/              |          |
|    episodes        | 1800     |
|    fps             | 2119     |
|    time_elapsed    | 484      |
|    total_timesteps | 1027664  |
| train/             |          |
|    actor_loss      | -2.88    |
|    critic_loss     | 0.0027   |
|    ent_coef        | 0.000393 |
|    ent_coef_loss   | 0.834    |
|    learning_rate   | 0.0003   |
|    n_updates       | 64166    |
---------------------------------
---------------------------------
| rollout/           |          |
|    ep_len_mean     | 571      |
|    ep_rew_mean     | 720      |
| time/              |          |
|    episodes        | 1804     |
|    fps             | 2119     |
|    time_elapsed    | 485      |
|    total_timesteps | 1028656  |
| train/             |          |
|    actor_loss      | -2.78    |
|    critic_loss     | 0.00182  |
|    ent_coef        | 0.000395 |
|    ent_coef_loss   | 3.83     |
|    learning_rate   | 0.0003   |
|    n_updates       | 64228    |
---------------------------------
---------------------------------
| rollout/           |          |
|    ep_len_mean     | 597      |
|    ep_rew_mean     | 732      |
| time/              |          |
|    episodes        | 1808     |
|    fps             | 2118     |
|    time_elapsed    | 487      |
|    total_timesteps | 1032800  |
| train/             |          |
|    actor_loss      | -2.86    |
|    critic_loss     | 0.00782  |
|    ent_coef        | 0.000393 |
|    ent_coef_loss   | -3.19    |
|    learning_rate   | 0.0003   |
|    n_updates       | 64487    |
---------------------------------
---------------------------------
| rollout/           |          |
|    ep_len_mean     | 601      |
|    ep_rew_mean     | 741      |
| time/              |          |
|    episodes        | 1812     |
|    fps             | 2118     |
|    time_elapsed    | 488      |
|    total_timesteps | 1034016  |
| train/             |          |
|    actor_loss      | -2.84    |
|    critic_loss     | 0.043    |
|    ent_coef        | 0.000389 |
|    ent_coef_loss   | 3.64     |
|    learning_rate   | 0.0003   |
|    n_updates       | 64563    |
---------------------------------
---------------------------------
| rollout/           |          |
|    ep_len_mean     | 576      |
|    ep_rew_mean     | 706      |
| time/              |          |
|    episodes        | 1816     |
|    fps             | 2118     |
|    time_elapsed    | 488      |
|    total_timesteps | 1034688  |
| train/             |          |
|    actor_loss      | -2.81    |
|    critic_loss     | 0.00988  |
|    ent_coef        | 0.00039  |
|    ent_coef_loss   | -0.309   |
|    learning_rate   | 0.0003   |
|    n_updates       | 64605    |
---------------------------------
---------------------------------
| rollout/           |          |
|    ep_len_mean     | 587      |
|    ep_rew_mean     | 714      |
| time/              |          |
|    episodes        | 1820     |
|    fps             | 2118     |
|    time_elapsed    | 488      |
|    total_timesteps | 1035504  |
| train/             |          |
|    actor_loss      | -2.8     |
|    critic_loss     | 0.00166  |
|    ent_coef        | 0.000388 |
|    ent_coef_loss   | 0.833    |
|    learning_rate   | 0.0003   |
|    n_updates       | 64656    |
---------------------------------
---------------------------------
| rollout/           |          |
|    ep_len_mean     | 599      |
|    ep_rew_mean     | 735      |
| time/              |          |
|    episodes        | 1824     |
|    fps             | 2118     |
|    time_elapsed    | 493      |
|    total_timesteps | 1044912  |
| train/             |          |
|    actor_loss      | -2.86    |
|    critic_loss     | 0.00106  |
|    ent_coef        | 0.000395 |
|    ent_coef_loss   | -0.64    |
|    learning_rate   | 0.0003   |
|    n_updates       | 65244    |
---------------------------------
---------------------------------
| rollout/           |          |
|    ep_len_mean     | 578      |
|    ep_rew_mean     | 697      |
| time/              |          |
|    episodes        | 1828     |
|    fps             | 2118     |
|    time_elapsed    | 493      |
|    total_timesteps | 1045856  |
| train/             |          |
|    actor_loss      | -2.79    |
|    critic_loss     | 0.000764 |
|    ent_coef        | 0.00039  |
|    ent_coef_loss   | -2.66    |
|    learning_rate   | 0.0003   |
|    n_updates       | 65303    |
---------------------------------
---------------------------------
| rollout/           |          |
|    ep_len_mean     | 537      |
|    ep_rew_mean     | 642      |
| time/              |          |
|    episodes        | 1832     |
|    fps             | 2118     |
|    time_elapsed    | 495      |
|    total_timesteps | 1049744  |
| train/             |          |
|    actor_loss      | -2.68    |
|    critic_loss     | 0.00353  |
|    ent_coef        | 0.000375 |
|    ent_coef_loss   | -1.25    |
|    learning_rate   | 0.0003   |
|    n_updates       | 65546    |
---------------------------------
---------------------------------
| rollout/           |          |
|    ep_len_mean     | 513      |
|    ep_rew_mean     | 599      |
| time/              |          |
|    episodes        | 1836     |
|    fps             | 2118     |
|    time_elapsed    | 496      |
|    total_timesteps | 1051792  |
| train/             |          |
|    actor_loss      | -2.74    |
|    critic_loss     | 0.0239   |
|    ent_coef        | 0.000376 |
|    ent_coef_loss   | 0.426    |
|    learning_rate   | 0.0003   |
|    n_updates       | 65674    |
---------------------------------
---------------------------------
| rollout/           |          |
|    ep_len_mean     | 544      |
|    ep_rew_mean     | 694      |
| time/              |          |
|    episodes        | 1840     |
|    fps             | 2118     |
|    time_elapsed    | 496      |
|    total_timesteps | 1052592  |
| train/             |          |
|    actor_loss      | -2.75    |
|    critic_loss     | 0.00114  |
|    ent_coef        | 0.000373 |
|    ent_coef_loss   | -2.24    |
|    learning_rate   | 0.0003   |
|    n_updates       | 65724    |
---------------------------------
---------------------------------
| rollout/           |          |
|    ep_len_mean     | 578      |
|    ep_rew_mean     | 743      |
| time/              |          |
|    episodes        | 1844     |
|    fps             | 2118     |
|    time_elapsed    | 497      |
|    total_timesteps | 1053312  |
| train/             |          |
|    actor_loss      | -2.71    |
|    critic_loss     | 0.015    |
|    ent_coef        | 0.000369 |
|    ent_coef_loss   | -3.67    |
|    learning_rate   | 0.0003   |
|    n_updates       | 65769    |
---------------------------------
---------------------------------
| rollout/           |          |
|    ep_len_mean     | 615      |
|    ep_rew_mean     | 782      |
| time/              |          |
|    episodes        | 1848     |
|    fps             | 2117     |
|    time_elapsed    | 502      |
|    total_timesteps | 1063344  |
| train/             |          |
|    actor_loss      | -2.64    |
|    critic_loss     | 0.0017   |
|    ent_coef        | 0.000356 |
|    ent_coef_loss   | 1.69     |
|    learning_rate   | 0.0003   |
|    n_updates       | 66396    |
---------------------------------
---------------------------------
| rollout/           |          |
|    ep_len_mean     | 653      |
|    ep_rew_mean     | 835      |
| time/              |          |
|    episodes        | 1852     |
|    fps             | 2117     |
|    time_elapsed    | 504      |
|    total_timesteps | 1068928  |
| train/             |          |
|    actor_loss      | -2.65    |
|    critic_loss     | 0.0014   |
|    ent_coef        | 0.000344 |
|    ent_coef_loss   | -0.0384  |
|    learning_rate   | 0.0003   |
|    n_updates       | 66745    |
---------------------------------
---------------------------------
| rollout/           |          |
|    ep_len_mean     | 683      |
|    ep_rew_mean     | 856      |
| time/              |          |
|    episodes        | 1856     |
|    fps             | 2117     |
|    time_elapsed    | 505      |
|    total_timesteps | 1071216  |
| train/             |          |
|    actor_loss      | -2.62    |
|    critic_loss     | 0.00192  |
|    ent_coef        | 0.000341 |
|    ent_coef_loss   | -1.26    |
|    learning_rate   | 0.0003   |
|    n_updates       | 66888    |
---------------------------------
---------------------------------
| rollout/           |          |
|    ep_len_mean     | 717      |
|    ep_rew_mean     | 903      |
| time/              |          |
|    episodes        | 1860     |
|    fps             | 2117     |
|    time_elapsed    | 507      |
|    total_timesteps | 1073712  |
| train/             |          |
|    actor_loss      | -2.63    |
|    critic_loss     | 0.00136  |
|    ent_coef        | 0.000341 |
|    ent_coef_loss   | 6.29     |
|    learning_rate   | 0.0003   |
|    n_updates       | 67044    |
---------------------------------
---------------------------------
| rollout/           |          |
|    ep_len_mean     | 740      |
|    ep_rew_mean     | 912      |
| time/              |          |
|    episodes        | 1864     |
|    fps             | 2117     |
|    time_elapsed    | 509      |
|    total_timesteps | 1079136  |
| train/             |          |
|    actor_loss      | -2.69    |
|    critic_loss     | 0.0153   |
|    ent_coef        | 0.00035  |
|    ent_coef_loss   | -1.51    |
|    learning_rate   | 0.0003   |
|    n_updates       | 67383    |
---------------------------------
---------------------------------
| rollout/           |          |
|    ep_len_mean     | 753      |
|    ep_rew_mean     | 890      |
| time/              |          |
|    episodes        | 1868     |
|    fps             | 2117     |
|    time_elapsed    | 510      |
|    total_timesteps | 1080240  |
| train/             |          |
|    actor_loss      | -2.6     |
|    critic_loss     | 0.033    |
|    ent_coef        | 0.000352 |
|    ent_coef_loss   | -3.11    |
|    learning_rate   | 0.0003   |
|    n_updates       | 67452    |
---------------------------------
---------------------------------
| rollout/           |          |
|    ep_len_mean     | 768      |
|    ep_rew_mean     | 905      |
| time/              |          |
|    episodes        | 1872     |
|    fps             | 2117     |
|    time_elapsed    | 513      |
|    total_timesteps | 1087744  |
| train/             |          |
|    actor_loss      | -2.59    |
|    critic_loss     | 0.000873 |
|    ent_coef        | 0.000347 |
|    ent_coef_loss   | -2.72    |
|    learning_rate   | 0.0003   |
|    n_updates       | 67921    |
---------------------------------
---------------------------------
| rollout/           |          |
|    ep_len_mean     | 805      |
|    ep_rew_mean     | 961      |
| time/              |          |
|    episodes        | 1876     |
|    fps             | 2118     |
|    time_elapsed    | 515      |
|    total_timesteps | 1092736  |
| train/             |          |
|    actor_loss      | -2.64    |
|    critic_loss     | 0.00145  |
|    ent_coef        | 0.000344 |
|    ent_coef_loss   | -1.19    |
|    learning_rate   | 0.0003   |
|    n_updates       | 68233    |
---------------------------------
---------------------------------
| rollout/           |          |
|    ep_len_mean     | 817      |
|    ep_rew_mean     | 980      |
| time/              |          |
|    episodes        | 1880     |
|    fps             | 2117     |
|    time_elapsed    | 516      |
|    total_timesteps | 1093696  |
| train/             |          |
|    actor_loss      | -2.47    |
|    critic_loss     | 0.0139   |
|    ent_coef        | 0.000349 |
|    ent_coef_loss   | 5.44     |
|    learning_rate   | 0.0003   |
|    n_updates       | 68293    |
---------------------------------
---------------------------------
| rollout/           |          |
|    ep_len_mean     | 837      |
|    ep_rew_mean     | 981      |
| time/              |          |
|    episodes        | 1884     |
|    fps             | 2118     |
|    time_elapsed    | 520      |
|    total_timesteps | 1103152  |
| train/             |          |
|    actor_loss      | -2.52    |
|    critic_loss     | 0.00229  |
|    ent_coef        | 0.000351 |
|    ent_coef_loss   | 1.3      |
|    learning_rate   | 0.0003   |
|    n_updates       | 68884    |
---------------------------------
---------------------------------
| rollout/           |          |
|    ep_len_mean     | 864      |
|    ep_rew_mean     | 1e+03    |
| time/              |          |
|    episodes        | 1888     |
|    fps             | 2118     |
|    time_elapsed    | 526      |
|    total_timesteps | 1115968  |
| train/             |          |
|    actor_loss      | -2.48    |
|    critic_loss     | 0.0235   |
|    ent_coef        | 0.000326 |
|    ent_coef_loss   | -0.402   |
|    learning_rate   | 0.0003   |
|    n_updates       | 69685    |
---------------------------------
---------------------------------
| rollout/           |          |
|    ep_len_mean     | 902      |
|    ep_rew_mean     | 1.09e+03 |
| time/              |          |
|    episodes        | 1892     |
|    fps             | 2118     |
|    time_elapsed    | 528      |
|    total_timesteps | 1120592  |
| train/             |          |
|    actor_loss      | -2.44    |
|    critic_loss     | 0.00266  |
|    ent_coef        | 0.000324 |
|    ent_coef_loss   | -0.101   |
|    learning_rate   | 0.0003   |
|    n_updates       | 69974    |
---------------------------------
---------------------------------
| rollout/           |          |
|    ep_len_mean     | 940      |
|    ep_rew_mean     | 1.17e+03 |
| time/              |          |
|    episodes        | 1896     |
|    fps             | 2118     |
|    time_elapsed    | 529      |
|    total_timesteps | 1122320  |
| train/             |          |
|    actor_loss      | -2.42    |
|    critic_loss     | 0.00891  |
|    ent_coef        | 0.00032  |
|    ent_coef_loss   | -0.595   |
|    learning_rate   | 0.0003   |
|    n_updates       | 70082    |
---------------------------------
---------------------------------
| rollout/           |          |
|    ep_len_mean     | 986      |
|    ep_rew_mean     | 1.23e+03 |
| time/              |          |
|    episodes        | 1900     |
|    fps             | 2118     |
|    time_elapsed    | 530      |
|    total_timesteps | 1124272  |
| train/             |          |
|    actor_loss      | -2.34    |
|    critic_loss     | 0.0254   |
|    ent_coef        | 0.000319 |
|    ent_coef_loss   | -0.372   |
|    learning_rate   | 0.0003   |
|    n_updates       | 70204    |
---------------------------------
---------------------------------
| rollout/           |          |
|    ep_len_mean     | 1.04e+03 |
|    ep_rew_mean     | 1.29e+03 |
| time/              |          |
|    episodes        | 1904     |
|    fps             | 2118     |
|    time_elapsed    | 537      |
|    total_timesteps | 1138976  |
| train/             |          |
|    actor_loss      | -2.34    |
|    critic_loss     | 0.00605  |
|    ent_coef        | 0.000309 |
|    ent_coef_loss   | -3.01    |
|    learning_rate   | 0.0003   |
|    n_updates       | 71123    |
---------------------------------
---------------------------------
| rollout/           |          |
|    ep_len_mean     | 1.05e+03 |
|    ep_rew_mean     | 1.33e+03 |
| time/              |          |
|    episodes        | 1908     |
|    fps             | 2118     |
|    time_elapsed    | 540      |
|    total_timesteps | 1144432  |
| train/             |          |
|    actor_loss      | -2.39    |
|    critic_loss     | 0.00129  |
|    ent_coef        | 0.000316 |
|    ent_coef_loss   | -1.14    |
|    learning_rate   | 0.0003   |
|    n_updates       | 71464    |
---------------------------------
---------------------------------
| rollout/           |          |
|    ep_len_mean     | 1.09e+03 |
|    ep_rew_mean     | 1.32e+03 |
| time/              |          |
|    episodes        | 1912     |
|    fps             | 2117     |
|    time_elapsed    | 546      |
|    total_timesteps | 1156944  |
| train/             |          |
|    actor_loss      | -2.39    |
|    critic_loss     | 0.000809 |
|    ent_coef        | 0.000293 |
|    ent_coef_loss   | -3.62    |
|    learning_rate   | 0.0003   |
|    n_updates       | 72246    |
---------------------------------
---------------------------------
| rollout/           |          |
|    ep_len_mean     | 1.14e+03 |
|    ep_rew_mean     | 1.36e+03 |
| time/              |          |
|    episodes        | 1916     |
|    fps             | 2117     |
|    time_elapsed    | 547      |
|    total_timesteps | 1158880  |
| train/             |          |
|    actor_loss      | -2.33    |
|    critic_loss     | 0.00503  |
|    ent_coef        | 0.000289 |
|    ent_coef_loss   | 1.33     |
|    learning_rate   | 0.0003   |
|    n_updates       | 72367    |
---------------------------------
---------------------------------
| rollout/           |          |
|    ep_len_mean     | 1.2e+03  |
|    ep_rew_mean     | 1.41e+03 |
| time/              |          |
|    episodes        | 1920     |
|    fps             | 2117     |
|    time_elapsed    | 548      |
|    total_timesteps | 1161072  |
| train/             |          |
|    actor_loss      | -2.29    |
|    critic_loss     | 0.00799  |
|    ent_coef        | 0.000295 |
|    ent_coef_loss   | 5.14     |
|    learning_rate   | 0.0003   |
|    n_updates       | 72504    |
---------------------------------
---------------------------------
| rollout/           |          |
|    ep_len_mean     | 1.24e+03 |
|    ep_rew_mean     | 1.38e+03 |
| time/              |          |
|    episodes        | 1924     |
|    fps             | 2117     |
|    time_elapsed    | 554      |
|    total_timesteps | 1173248  |
| train/             |          |
|    actor_loss      | -2.27    |
|    critic_loss     | 0.00118  |
|    ent_coef        | 0.000309 |
|    ent_coef_loss   | 0.0517   |
|    learning_rate   | 0.0003   |
|    n_updates       | 73265    |
---------------------------------
---------------------------------
| rollout/           |          |
|    ep_len_mean     | 1.28e+03 |
|    ep_rew_mean     | 1.45e+03 |
| time/              |          |
|    episodes        | 1928     |
|    fps             | 2117     |
|    time_elapsed    | 554      |
|    total_timesteps | 1174880  |
| train/             |          |
|    actor_loss      | -2.23    |
|    critic_loss     | 0.000819 |
|    ent_coef        | 0.000306 |
|    ent_coef_loss   | -0.801   |
|    learning_rate   | 0.0003   |
|    n_updates       | 73367    |
---------------------------------
---------------------------------
| rollout/           |          |
|    ep_len_mean     | 1.31e+03 |
|    ep_rew_mean     | 1.49e+03 |
| time/              |          |
|    episodes        | 1932     |
|    fps             | 2117     |
|    time_elapsed    | 555      |
|    total_timesteps | 1176848  |
| train/             |          |
|    actor_loss      | -2.22    |
|    critic_loss     | 0.000754 |
|    ent_coef        | 0.000306 |
|    ent_coef_loss   | -0.852   |
|    learning_rate   | 0.0003   |
|    n_updates       | 73490    |
---------------------------------
---------------------------------
| rollout/           |          |
|    ep_len_mean     | 1.37e+03 |
|    ep_rew_mean     | 1.56e+03 |
| time/              |          |
|    episodes        | 1936     |
|    fps             | 2117     |
|    time_elapsed    | 559      |
|    total_timesteps | 1185856  |
| train/             |          |
|    actor_loss      | -2.27    |
|    critic_loss     | 0.00081  |
|    ent_coef        | 0.000305 |
|    ent_coef_loss   | -1.98    |
|    learning_rate   | 0.0003   |
|    n_updates       | 74053    |
---------------------------------
---------------------------------
| rollout/           |          |
|    ep_len_mean     | 1.38e+03 |
|    ep_rew_mean     | 1.49e+03 |
| time/              |          |
|    episodes        | 1940     |
|    fps             | 2117     |
|    time_elapsed    | 567      |
|    total_timesteps | 1200960  |
| train/             |          |
|    actor_loss      | -2.2     |
|    critic_loss     | 0.0135   |
|    ent_coef        | 0.000319 |
|    ent_coef_loss   | -0.221   |
|    learning_rate   | 0.0003   |
|    n_updates       | 74997    |
---------------------------------
---------------------------------
| rollout/           |          |
|    ep_len_mean     | 1.41e+03 |
|    ep_rew_mean     | 1.48e+03 |
| time/              |          |
|    episodes        | 1944     |
|    fps             | 2118     |
|    time_elapsed    | 569      |
|    total_timesteps | 1206752  |
| train/             |          |
|    actor_loss      | -2.1     |
|    critic_loss     | 0.00209  |
|    ent_coef        | 0.000313 |
|    ent_coef_loss   | 0.49     |
|    learning_rate   | 0.0003   |
|    n_updates       | 75359    |
---------------------------------
---------------------------------
| rollout/           |          |
|    ep_len_mean     | 1.44e+03 |
|    ep_rew_mean     | 1.52e+03 |
| time/              |          |
|    episodes        | 1948     |
|    fps             | 2118     |
|    time_elapsed    | 573      |
|    total_timesteps | 1214432  |
| train/             |          |
|    actor_loss      | -2.18    |
|    critic_loss     | 0.00187  |
|    ent_coef        | 0.000304 |
|    ent_coef_loss   | -2.92    |
|    learning_rate   | 0.0003   |
|    n_updates       | 75839    |
---------------------------------
---------------------------------
| rollout/           |          |
|    ep_len_mean     | 1.47e+03 |
|    ep_rew_mean     | 1.56e+03 |
| time/              |          |
|    episodes        | 1952     |
|    fps             | 2118     |
|    time_elapsed    | 573      |
|    total_timesteps | 1215184  |
| train/             |          |
|    actor_loss      | -2.15    |
|    critic_loss     | 0.00538  |
|    ent_coef        | 0.000303 |
|    ent_coef_loss   | 0.368    |
|    learning_rate   | 0.0003   |
|    n_updates       | 75886    |
---------------------------------
---------------------------------
| rollout/           |          |
|    ep_len_mean     | 1.49e+03 |
|    ep_rew_mean     | 1.6e+03  |
| time/              |          |
|    episodes        | 1956     |
|    fps             | 2117     |
|    time_elapsed    | 574      |
|    total_timesteps | 1216848  |
| train/             |          |
|    actor_loss      | -2.15    |
|    critic_loss     | 0.000751 |
|    ent_coef        | 0.0003   |
|    ent_coef_loss   | -1.29    |
|    learning_rate   | 0.0003   |
|    n_updates       | 75990    |
---------------------------------
---------------------------------
| rollout/           |          |
|    ep_len_mean     | 1.51e+03 |
|    ep_rew_mean     | 1.62e+03 |
| time/              |          |
|    episodes        | 1960     |
|    fps             | 2118     |
|    time_elapsed    | 582      |
|    total_timesteps | 1233728  |
| train/             |          |
|    actor_loss      | -2.1     |
|    critic_loss     | 0.0054   |
|    ent_coef        | 0.000293 |
|    ent_coef_loss   | -2.24    |
|    learning_rate   | 0.0003   |
|    n_updates       | 77045    |
---------------------------------
---------------------------------
| rollout/           |          |
|    ep_len_mean     | 1.55e+03 |
|    ep_rew_mean     | 1.66e+03 |
| time/              |          |
|    episodes        | 1964     |
|    fps             | 2118     |
|    time_elapsed    | 588      |
|    total_timesteps | 1245968  |
| train/             |          |
|    actor_loss      | -1.98    |
|    critic_loss     | 0.00414  |
|    ent_coef        | 0.000272 |
|    ent_coef_loss   | 2.57     |
|    learning_rate   | 0.0003   |
|    n_updates       | 77810    |
---------------------------------
---------------------------------
| rollout/           |          |
|    ep_len_mean     | 1.6e+03  |
|    ep_rew_mean     | 1.69e+03 |
| time/              |          |
|    episodes        | 1968     |
|    fps             | 2118     |
|    time_elapsed    | 590      |
|    total_timesteps | 1250400  |
| train/             |          |
|    actor_loss      | -2       |
|    critic_loss     | 0.000701 |
|    ent_coef        | 0.000264 |
|    ent_coef_loss   | -0.355   |
|    learning_rate   | 0.0003   |
|    n_updates       | 78087    |
---------------------------------
---------------------------------
| rollout/           |          |
|    ep_len_mean     | 1.65e+03 |
|    ep_rew_mean     | 1.73e+03 |
| time/              |          |
|    episodes        | 1972     |
|    fps             | 2118     |
|    time_elapsed    | 592      |
|    total_timesteps | 1255952  |
| train/             |          |
|    actor_loss      | -2.11    |
|    critic_loss     | 0.00855  |
|    ent_coef        | 0.00026  |
|    ent_coef_loss   | -1.98    |
|    learning_rate   | 0.0003   |
|    n_updates       | 78434    |
---------------------------------
---------------------------------
| rollout/           |          |
|    ep_len_mean     | 1.68e+03 |
|    ep_rew_mean     | 1.75e+03 |
| time/              |          |
|    episodes        | 1976     |
|    fps             | 2119     |
|    time_elapsed    | 597      |
|    total_timesteps | 1266464  |
| train/             |          |
|    actor_loss      | -1.93    |
|    critic_loss     | 0.0308   |
|    ent_coef        | 0.000253 |
|    ent_coef_loss   | 1.77     |
|    learning_rate   | 0.0003   |
|    n_updates       | 79091    |
---------------------------------
---------------------------------
| rollout/           |          |
|    ep_len_mean     | 1.71e+03 |
|    ep_rew_mean     | 1.82e+03 |
| time/              |          |
|    episodes        | 1980     |
|    fps             | 2119     |
|    time_elapsed    | 599      |
|    total_timesteps | 1271488  |
| train/             |          |
|    actor_loss      | -2.01    |
|    critic_loss     | 0.00138  |
|    ent_coef        | 0.000256 |
|    ent_coef_loss   | -1.33    |
|    learning_rate   | 0.0003   |
|    n_updates       | 79405    |
---------------------------------
---------------------------------
| rollout/           |          |
|    ep_len_mean     | 1.73e+03 |
|    ep_rew_mean     | 1.81e+03 |
| time/              |          |
|    episodes        | 1984     |
|    fps             | 2119     |
|    time_elapsed    | 607      |
|    total_timesteps | 1288160  |
| train/             |          |
|    actor_loss      | -1.84    |
|    critic_loss     | 0.00233  |
|    ent_coef        | 0.00027  |
|    ent_coef_loss   | -0.979   |
|    learning_rate   | 0.0003   |
|    n_updates       | 80447    |
---------------------------------
---------------------------------
| rollout/           |          |
|    ep_len_mean     | 1.76e+03 |
|    ep_rew_mean     | 1.78e+03 |
| time/              |          |
|    episodes        | 1988     |
|    fps             | 2119     |
|    time_elapsed    | 610      |
|    total_timesteps | 1294288  |
| train/             |          |
|    actor_loss      | -1.92    |
|    critic_loss     | 0.000788 |
|    ent_coef        | 0.000272 |
|    ent_coef_loss   | 0.381    |
|    learning_rate   | 0.0003   |
|    n_updates       | 80830    |
---------------------------------
---------------------------------
| rollout/           |          |
|    ep_len_mean     | 1.79e+03 |
|    ep_rew_mean     | 1.81e+03 |
| time/              |          |
|    episodes        | 1992     |
|    fps             | 2119     |
|    time_elapsed    | 615      |
|    total_timesteps | 1304416  |
| train/             |          |
|    actor_loss      | -1.9     |
|    critic_loss     | 0.000823 |
|    ent_coef        | 0.000285 |
|    ent_coef_loss   | 1.94     |
|    learning_rate   | 0.0003   |
|    n_updates       | 81463    |
---------------------------------
---------------------------------
| rollout/           |          |
|    ep_len_mean     | 1.82e+03 |
|    ep_rew_mean     | 1.76e+03 |
| time/              |          |
|    episodes        | 1996     |
|    fps             | 2119     |
|    time_elapsed    | 617      |
|    total_timesteps | 1308656  |
| train/             |          |
|    actor_loss      | -1.85    |
|    critic_loss     | 0.000567 |
|    ent_coef        | 0.000285 |
|    ent_coef_loss   | 0.868    |
|    learning_rate   | 0.0003   |
|    n_updates       | 81728    |
---------------------------------
---------------------------------
| rollout/           |          |
|    ep_len_mean     | 1.84e+03 |
|    ep_rew_mean     | 1.78e+03 |
| time/              |          |
|    episodes        | 2000     |
|    fps             | 2119     |
|    time_elapsed    | 620      |
|    total_timesteps | 1315360  |
| train/             |          |
|    actor_loss      | -1.87    |
|    critic_loss     | 0.000683 |
|    ent_coef        | 0.000281 |
|    ent_coef_loss   | -1.86    |
|    learning_rate   | 0.0003   |
|    n_updates       | 82147    |
---------------------------------
---------------------------------
| rollout/           |          |
|    ep_len_mean     | 1.87e+03 |
|    ep_rew_mean     | 1.81e+03 |
| time/              |          |
|    episodes        | 2004     |
|    fps             | 2119     |
|    time_elapsed    | 625      |
|    total_timesteps | 1325184  |
| train/             |          |
|    actor_loss      | -1.84    |
|    critic_loss     | 0.000743 |
|    ent_coef        | 0.000278 |
|    ent_coef_loss   | -0.531   |
|    learning_rate   | 0.0003   |
|    n_updates       | 82761    |
---------------------------------
---------------------------------
| rollout/           |          |
|    ep_len_mean     | 1.88e+03 |
|    ep_rew_mean     | 1.79e+03 |
| time/              |          |
|    episodes        | 2008     |
|    fps             | 2119     |
|    time_elapsed    | 626      |
|    total_timesteps | 1328576  |
| train/             |          |
|    actor_loss      | -1.74    |
|    critic_loss     | 0.0214   |
|    ent_coef        | 0.000278 |
|    ent_coef_loss   | 5.71     |
|    learning_rate   | 0.0003   |
|    n_updates       | 82973    |
---------------------------------
---------------------------------
| rollout/           |          |
|    ep_len_mean     | 1.87e+03 |
|    ep_rew_mean     | 1.85e+03 |
| time/              |          |
|    episodes        | 2012     |
|    fps             | 2119     |
|    time_elapsed    | 628      |
|    total_timesteps | 1331616  |
| train/             |          |
|    actor_loss      | -1.8     |
|    critic_loss     | 0.000639 |
|    ent_coef        | 0.000276 |
|    ent_coef_loss   | -1.58    |
|    learning_rate   | 0.0003   |
|    n_updates       | 83163    |
---------------------------------
---------------------------------
| rollout/           |          |
|    ep_len_mean     | 1.87e+03 |
|    ep_rew_mean     | 1.9e+03  |
| time/              |          |
|    episodes        | 2016     |
|    fps             | 2119     |
|    time_elapsed    | 633      |
|    total_timesteps | 1343088  |
| train/             |          |
|    actor_loss      | -1.8     |
|    critic_loss     | 0.0195   |
|    ent_coef        | 0.000289 |
|    ent_coef_loss   | 2.6      |
|    learning_rate   | 0.0003   |
|    n_updates       | 83880    |
---------------------------------
---------------------------------
| rollout/           |          |
|    ep_len_mean     | 1.81e+03 |
|    ep_rew_mean     | 1.86e+03 |
| time/              |          |
|    episodes        | 2020     |
|    fps             | 2120     |
|    time_elapsed    | 635      |
|    total_timesteps | 1348176  |
| train/             |          |
|    actor_loss      | -1.82    |
|    critic_loss     | 0.0175   |
|    ent_coef        | 0.000291 |
|    ent_coef_loss   | 0.0771   |
|    learning_rate   | 0.0003   |
|    n_updates       | 84198    |
---------------------------------
---------------------------------
| rollout/           |          |
|    ep_len_mean     | 1.79e+03 |
|    ep_rew_mean     | 1.92e+03 |
| time/              |          |
|    episodes        | 2024     |
|    fps             | 2119     |
|    time_elapsed    | 636      |
|    total_timesteps | 1350144  |
| train/             |          |
|    actor_loss      | -1.73    |
|    critic_loss     | 0.0007   |
|    ent_coef        | 0.000299 |
|    ent_coef_loss   | 2.5      |
|    learning_rate   | 0.0003   |
|    n_updates       | 84321    |
---------------------------------
---------------------------------
| rollout/           |          |
|    ep_len_mean     | 1.81e+03 |
|    ep_rew_mean     | 1.91e+03 |
| time/              |          |
|    episodes        | 2028     |
|    fps             | 2120     |
|    time_elapsed    | 638      |
|    total_timesteps | 1354704  |
| train/             |          |
|    actor_loss      | -1.76    |
|    critic_loss     | 0.0125   |
|    ent_coef        | 0.000303 |
|    ent_coef_loss   | -3.63    |
|    learning_rate   | 0.0003   |
|    n_updates       | 84606    |
---------------------------------
---------------------------------
| rollout/           |          |
|    ep_len_mean     | 1.81e+03 |
|    ep_rew_mean     | 1.92e+03 |
| time/              |          |
|    episodes        | 2032     |
|    fps             | 2120     |
|    time_elapsed    | 644      |
|    total_timesteps | 1366848  |
| train/             |          |
|    actor_loss      | -1.72    |
|    critic_loss     | 0.00193  |
|    ent_coef        | 0.000301 |
|    ent_coef_loss   | -0.528   |
|    learning_rate   | 0.0003   |
|    n_updates       | 85365    |
---------------------------------
---------------------------------
| rollout/           |          |
|    ep_len_mean     | 1.81e+03 |
|    ep_rew_mean     | 1.86e+03 |
| time/              |          |
|    episodes        | 2036     |
|    fps             | 2120     |
|    time_elapsed    | 646      |
|    total_timesteps | 1370336  |
| train/             |          |
|    actor_loss      | -1.77    |
|    critic_loss     | 0.00135  |
|    ent_coef        | 0.000312 |
|    ent_coef_loss   | -0.285   |
|    learning_rate   | 0.0003   |
|    n_updates       | 85583    |
---------------------------------
---------------------------------
| rollout/           |          |
|    ep_len_mean     | 1.83e+03 |
|    ep_rew_mean     | 1.94e+03 |
| time/              |          |
|    episodes        | 2040     |
|    fps             | 2119     |
|    time_elapsed    | 647      |
|    total_timesteps | 1372208  |
| train/             |          |
|    actor_loss      | -1.72    |
|    critic_loss     | 0.000435 |
|    ent_coef        | 0.00032  |
|    ent_coef_loss   | 2.49     |
|    learning_rate   | 0.0003   |
|    n_updates       | 85700    |
---------------------------------
---------------------------------
| rollout/           |          |
|    ep_len_mean     | 1.8e+03  |
|    ep_rew_mean     | 1.95e+03 |
| time/              |          |
|    episodes        | 2044     |
|    fps             | 2119     |
|    time_elapsed    | 650      |
|    total_timesteps | 1377856  |
| train/             |          |
|    actor_loss      | -1.82    |
|    critic_loss     | 0.00101  |
|    ent_coef        | 0.00032  |
|    ent_coef_loss   | -2.45    |
|    learning_rate   | 0.0003   |
|    n_updates       | 86053    |
---------------------------------
---------------------------------
| rollout/           |          |
|    ep_len_mean     | 1.77e+03 |
|    ep_rew_mean     | 1.91e+03 |
| time/              |          |
|    episodes        | 2048     |
|    fps             | 2119     |
|    time_elapsed    | 653      |
|    total_timesteps | 1385664  |
| train/             |          |
|    actor_loss      | -1.72    |
|    critic_loss     | 0.00199  |
|    ent_coef        | 0.000306 |
|    ent_coef_loss   | -0.549   |
|    learning_rate   | 0.0003   |
|    n_updates       | 86541    |
---------------------------------
---------------------------------
| rollout/           |          |
|    ep_len_mean     | 1.76e+03 |
|    ep_rew_mean     | 1.87e+03 |
| time/              |          |
|    episodes        | 2052     |
|    fps             | 2120     |
|    time_elapsed    | 656      |
|    total_timesteps | 1392624  |
| train/             |          |
|    actor_loss      | -1.7     |
|    critic_loss     | 0.0171   |
|    ent_coef        | 0.000294 |
|    ent_coef_loss   | -2.03    |
|    learning_rate   | 0.0003   |
|    n_updates       | 86976    |
---------------------------------
---------------------------------
| rollout/           |          |
|    ep_len_mean     | 1.74e+03 |
|    ep_rew_mean     | 1.86e+03 |
| time/              |          |
|    episodes        | 2056     |
|    fps             | 2120     |
|    time_elapsed    | 658      |
|    total_timesteps | 1396896  |
| train/             |          |
|    actor_loss      | -1.7     |
|    critic_loss     | 0.0071   |
|    ent_coef        | 0.000299 |
|    ent_coef_loss   | 0.582    |
|    learning_rate   | 0.0003   |
|    n_updates       | 87243    |
---------------------------------
---------------------------------
| rollout/           |          |
|    ep_len_mean     | 1.73e+03 |
|    ep_rew_mean     | 1.8e+03  |
| time/              |          |
|    episodes        | 2060     |
|    fps             | 2120     |
|    time_elapsed    | 660      |
|    total_timesteps | 1399936  |
| train/             |          |
|    actor_loss      | -1.67    |
|    critic_loss     | 0.00124  |
|    ent_coef        | 0.0003   |
|    ent_coef_loss   | -0.458   |
|    learning_rate   | 0.0003   |
|    n_updates       | 87433    |
---------------------------------
---------------------------------
| rollout/           |          |
|    ep_len_mean     | 1.72e+03 |
|    ep_rew_mean     | 1.82e+03 |
| time/              |          |
|    episodes        | 2064     |
|    fps             | 2120     |
|    time_elapsed    | 663      |
|    total_timesteps | 1406224  |
| train/             |          |
|    actor_loss      | -1.64    |
|    critic_loss     | 0.000958 |
|    ent_coef        | 0.000301 |
|    ent_coef_loss   | 3.58     |
|    learning_rate   | 0.0003   |
|    n_updates       | 87826    |
---------------------------------
---------------------------------
| rollout/           |          |
|    ep_len_mean     | 1.68e+03 |
|    ep_rew_mean     | 1.85e+03 |
| time/              |          |
|    episodes        | 2068     |
|    fps             | 2120     |
|    time_elapsed    | 667      |
|    total_timesteps | 1415776  |
| train/             |          |
|    actor_loss      | -1.62    |
|    critic_loss     | 0.000586 |
|    ent_coef        | 0.000299 |
|    ent_coef_loss   | 2.2      |
|    learning_rate   | 0.0003   |
|    n_updates       | 88423    |
---------------------------------
---------------------------------
| rollout/           |          |
|    ep_len_mean     | 1.66e+03 |
|    ep_rew_mean     | 1.85e+03 |
| time/              |          |
|    episodes        | 2072     |
|    fps             | 2120     |
|    time_elapsed    | 670      |
|    total_timesteps | 1421904  |
| train/             |          |
|    actor_loss      | -1.63    |
|    critic_loss     | 0.0226   |
|    ent_coef        | 0.000279 |
|    ent_coef_loss   | 3.27     |
|    learning_rate   | 0.0003   |
|    n_updates       | 88806    |
---------------------------------
---------------------------------
| rollout/           |          |
|    ep_len_mean     | 1.65e+03 |
|    ep_rew_mean     | 1.82e+03 |
| time/              |          |
|    episodes        | 2076     |
|    fps             | 2121     |
|    time_elapsed    | 674      |
|    total_timesteps | 1429872  |
| train/             |          |
|    actor_loss      | -1.7     |
|    critic_loss     | 0.00114  |
|    ent_coef        | 0.000267 |
|    ent_coef_loss   | 0.629    |
|    learning_rate   | 0.0003   |
|    n_updates       | 89304    |
---------------------------------
---------------------------------
| rollout/           |          |
|    ep_len_mean     | 1.65e+03 |
|    ep_rew_mean     | 1.79e+03 |
| time/              |          |
|    episodes        | 2080     |
|    fps             | 2121     |
|    time_elapsed    | 677      |
|    total_timesteps | 1437088  |
| train/             |          |
|    actor_loss      | -1.51    |
|    critic_loss     | 0.00352  |
|    ent_coef        | 0.000258 |
|    ent_coef_loss   | -0.332   |
|    learning_rate   | 0.0003   |
|    n_updates       | 89755    |
---------------------------------
---------------------------------
| rollout/           |          |
|    ep_len_mean     | 1.64e+03 |
|    ep_rew_mean     | 1.78e+03 |
| time/              |          |
|    episodes        | 2084     |
|    fps             | 2120     |
|    time_elapsed    | 679      |
|    total_timesteps | 1441424  |
| train/             |          |
|    actor_loss      | -1.62    |
|    critic_loss     | 0.0198   |
|    ent_coef        | 0.000258 |
|    ent_coef_loss   | 3.85     |
|    learning_rate   | 0.0003   |
|    n_updates       | 90026    |
---------------------------------
---------------------------------
| rollout/           |          |
|    ep_len_mean     | 1.62e+03 |
|    ep_rew_mean     | 1.79e+03 |
| time/              |          |
|    episodes        | 2088     |
|    fps             | 2120     |
|    time_elapsed    | 682      |
|    total_timesteps | 1446416  |
| train/             |          |
|    actor_loss      | -1.56    |
|    critic_loss     | 0.00725  |
|    ent_coef        | 0.000261 |
|    ent_coef_loss   | 1.52     |
|    learning_rate   | 0.0003   |
|    n_updates       | 90338    |
---------------------------------
---------------------------------
| rollout/           |          |
|    ep_len_mean     | 1.59e+03 |
|    ep_rew_mean     | 1.71e+03 |
| time/              |          |
|    episodes        | 2092     |
|    fps             | 2120     |
|    time_elapsed    | 685      |
|    total_timesteps | 1454640  |
| train/             |          |
|    actor_loss      | -1.58    |
|    critic_loss     | 0.000421 |
|    ent_coef        | 0.000264 |
|    ent_coef_loss   | -4.33    |
|    learning_rate   | 0.0003   |
|    n_updates       | 90852    |
---------------------------------
---------------------------------
| rollout/           |          |
|    ep_len_mean     | 1.55e+03 |
|    ep_rew_mean     | 1.71e+03 |
| time/              |          |
|    episodes        | 2096     |
|    fps             | 2121     |
|    time_elapsed    | 690      |
|    total_timesteps | 1463600  |
| train/             |          |
|    actor_loss      | -1.61    |
|    critic_loss     | 0.000404 |
|    ent_coef        | 0.000288 |
|    ent_coef_loss   | -0.864   |
|    learning_rate   | 0.0003   |
|    n_updates       | 91412    |
---------------------------------
---------------------------------
| rollout/           |          |
|    ep_len_mean     | 1.52e+03 |
|    ep_rew_mean     | 1.68e+03 |
| time/              |          |
|    episodes        | 2100     |
|    fps             | 2121     |
|    time_elapsed    | 691      |
|    total_timesteps | 1467680  |
| train/             |          |
|    actor_loss      | -1.47    |
|    critic_loss     | 0.0137   |
|    ent_coef        | 0.000292 |
|    ent_coef_loss   | -2.68    |
|    learning_rate   | 0.0003   |
|    n_updates       | 91667    |
---------------------------------
---------------------------------
| rollout/           |          |
|    ep_len_mean     | 1.45e+03 |
|    ep_rew_mean     | 1.59e+03 |
| time/              |          |
|    episodes        | 2104     |
|    fps             | 2121     |
|    time_elapsed    | 692      |
|    total_timesteps | 1469296  |
| train/             |          |
|    actor_loss      | -1.61    |
|    critic_loss     | 0.000779 |
|    ent_coef        | 0.000286 |
|    ent_coef_loss   | -2.26    |
|    learning_rate   | 0.0003   |
|    n_updates       | 91768    |
---------------------------------
---------------------------------
| rollout/           |          |
|    ep_len_mean     | 1.42e+03 |
|    ep_rew_mean     | 1.61e+03 |
| time/              |          |
|    episodes        | 2108     |
|    fps             | 2121     |
|    time_elapsed    | 692      |
|    total_timesteps | 1469888  |
| train/             |          |
|    actor_loss      | -1.63    |
|    critic_loss     | 0.00205  |
|    ent_coef        | 0.000282 |
|    ent_coef_loss   | -1.75    |
|    learning_rate   | 0.0003   |
|    n_updates       | 91805    |
---------------------------------
---------------------------------
| rollout/           |          |
|    ep_len_mean     | 1.39e+03 |
|    ep_rew_mean     | 1.57e+03 |
| time/              |          |
|    episodes        | 2112     |
|    fps             | 2121     |
|    time_elapsed    | 693      |
|    total_timesteps | 1470976  |
| train/             |          |
|    actor_loss      | -1.63    |
|    critic_loss     | 0.000529 |
|    ent_coef        | 0.000284 |
|    ent_coef_loss   | 2.96     |
|    learning_rate   | 0.0003   |
|    n_updates       | 91873    |
---------------------------------
---------------------------------
| rollout/           |          |
|    ep_len_mean     | 1.34e+03 |
|    ep_rew_mean     | 1.48e+03 |
| time/              |          |
|    episodes        | 2116     |
|    fps             | 2121     |
|    time_elapsed    | 694      |
|    total_timesteps | 1472992  |
| train/             |          |
|    actor_loss      | -1.59    |
|    critic_loss     | 0.00284  |
|    ent_coef        | 0.000289 |
|    ent_coef_loss   | 2.17     |
|    learning_rate   | 0.0003   |
|    n_updates       | 91999    |
---------------------------------
---------------------------------
| rollout/           |          |
|    ep_len_mean     | 1.3e+03  |
|    ep_rew_mean     | 1.42e+03 |
| time/              |          |
|    episodes        | 2120     |
|    fps             | 2121     |
|    time_elapsed    | 694      |
|    total_timesteps | 1473072  |
| train/             |          |
|    actor_loss      | -1.54    |
|    critic_loss     | 0.00304  |
|    ent_coef        | 0.000289 |
|    ent_coef_loss   | 5.07     |
|    learning_rate   | 0.0003   |
|    n_updates       | 92004    |
---------------------------------
---------------------------------
| rollout/           |          |
|    ep_len_mean     | 1.27e+03 |
|    ep_rew_mean     | 1.38e+03 |
| time/              |          |
|    episodes        | 2124     |
|    fps             | 2121     |
|    time_elapsed    | 695      |
|    total_timesteps | 1475808  |
| train/             |          |
|    actor_loss      | -1.67    |
|    critic_loss     | 0.000476 |
|    ent_coef        | 0.000289 |
|    ent_coef_loss   | -4.4     |
|    learning_rate   | 0.0003   |
|    n_updates       | 92175    |
---------------------------------
---------------------------------
| rollout/           |          |
|    ep_len_mean     | 1.23e+03 |
|    ep_rew_mean     | 1.34e+03 |
| time/              |          |
|    episodes        | 2128     |
|    fps             | 2121     |
|    time_elapsed    | 696      |
|    total_timesteps | 1478304  |
| train/             |          |
|    actor_loss      | -1.58    |
|    critic_loss     | 0.00106  |
|    ent_coef        | 0.000297 |
|    ent_coef_loss   | 3.48     |
|    learning_rate   | 0.0003   |
|    n_updates       | 92331    |
---------------------------------
---------------------------------
| rollout/           |          |
|    ep_len_mean     | 1.21e+03 |
|    ep_rew_mean     | 1.31e+03 |
| time/              |          |
|    episodes        | 2132     |
|    fps             | 2121     |
|    time_elapsed    | 697      |
|    total_timesteps | 1478816  |
| train/             |          |
|    actor_loss      | -1.53    |
|    critic_loss     | 0.000746 |
|    ent_coef        | 0.000297 |
|    ent_coef_loss   | -2.72    |
|    learning_rate   | 0.0003   |
|    n_updates       | 92363    |
---------------------------------
---------------------------------
| rollout/           |          |
|    ep_len_mean     | 1.16e+03 |
|    ep_rew_mean     | 1.34e+03 |
| time/              |          |
|    episodes        | 2136     |
|    fps             | 2121     |
|    time_elapsed    | 697      |
|    total_timesteps | 1480624  |
| train/             |          |
|    actor_loss      | -1.55    |
|    critic_loss     | 0.00248  |
|    ent_coef        | 0.00029  |
|    ent_coef_loss   | 0.827    |
|    learning_rate   | 0.0003   |
|    n_updates       | 92476    |
---------------------------------
---------------------------------
| rollout/           |          |
|    ep_len_mean     | 1.15e+03 |
|    ep_rew_mean     | 1.3e+03  |
| time/              |          |
|    episodes        | 2140     |
|    fps             | 2121     |
|    time_elapsed    | 697      |
|    total_timesteps | 1480832  |
| train/             |          |
|    actor_loss      | -1.49    |
|    critic_loss     | 0.00148  |
|    ent_coef        | 0.00029  |
|    ent_coef_loss   | 4.91     |
|    learning_rate   | 0.0003   |
|    n_updates       | 92489    |
---------------------------------
---------------------------------
| rollout/           |          |
|    ep_len_mean     | 1.1e+03  |
|    ep_rew_mean     | 1.24e+03 |
| time/              |          |
|    episodes        | 2144     |
|    fps             | 2121     |
|    time_elapsed    | 698      |
|    total_timesteps | 1482080  |
| train/             |          |
|    actor_loss      | -1.57    |
|    critic_loss     | 0.00144  |
|    ent_coef        | 0.000288 |
|    ent_coef_loss   | -1.81    |
|    learning_rate   | 0.0003   |
|    n_updates       | 92567    |
---------------------------------
---------------------------------
| rollout/           |          |
|    ep_len_mean     | 1.07e+03 |
|    ep_rew_mean     | 1.2e+03  |
| time/              |          |
|    episodes        | 2148     |
|    fps             | 2121     |
|    time_elapsed    | 698      |
|    total_timesteps | 1482448  |
| train/             |          |
|    actor_loss      | -1.61    |
|    critic_loss     | 0.00611  |
|    ent_coef        | 0.000287 |
|    ent_coef_loss   | 0.591    |
|    learning_rate   | 0.0003   |
|    n_updates       | 92590    |
---------------------------------
---------------------------------
| rollout/           |          |
|    ep_len_mean     | 1.01e+03 |
|    ep_rew_mean     | 1.14e+03 |
| time/              |          |
|    episodes        | 2152     |
|    fps             | 2121     |
|    time_elapsed    | 698      |
|    total_timesteps | 1482768  |
| train/             |          |
|    actor_loss      | -1.57    |
|    critic_loss     | 0.000855 |
|    ent_coef        | 0.000287 |
|    ent_coef_loss   | -4.89    |
|    learning_rate   | 0.0003   |
|    n_updates       | 92610    |
---------------------------------
---------------------------------
| rollout/           |          |
|    ep_len_mean     | 982      |
|    ep_rew_mean     | 1.1e+03  |
| time/              |          |
|    episodes        | 2156     |
|    fps             | 2121     |
|    time_elapsed    | 699      |
|    total_timesteps | 1484784  |
| train/             |          |
|    actor_loss      | -1.6     |
|    critic_loss     | 0.0142   |
|    ent_coef        | 0.000279 |
|    ent_coef_loss   | -4.1     |
|    learning_rate   | 0.0003   |
|    n_updates       | 92736    |
---------------------------------
---------------------------------
| rollout/           |          |
|    ep_len_mean     | 931      |
|    ep_rew_mean     | 1.08e+03 |
| time/              |          |
|    episodes        | 2160     |
|    fps             | 2121     |
|    time_elapsed    | 701      |
|    total_timesteps | 1487536  |
| train/             |          |
|    actor_loss      | -1.43    |
|    critic_loss     | 0.0047   |
|    ent_coef        | 0.000268 |
|    ent_coef_loss   | -0.235   |
|    learning_rate   | 0.0003   |
|    n_updates       | 92908    |
---------------------------------
---------------------------------
| rollout/           |          |
|    ep_len_mean     | 874      |
|    ep_rew_mean     | 1.01e+03 |
| time/              |          |
|    episodes        | 2164     |
|    fps             | 2121     |
|    time_elapsed    | 701      |
|    total_timesteps | 1489232  |
| train/             |          |
|    actor_loss      | -1.57    |
|    critic_loss     | 0.00375  |
|    ent_coef        | 0.00027  |
|    ent_coef_loss   | -0.727   |
|    learning_rate   | 0.0003   |
|    n_updates       | 93014    |
---------------------------------
---------------------------------
| rollout/           |          |
|    ep_len_mean     | 849      |
|    ep_rew_mean     | 982      |
| time/              |          |
|    episodes        | 2168     |
|    fps             | 2120     |
|    time_elapsed    | 708      |
|    total_timesteps | 1502000  |
| train/             |          |
|    actor_loss      | -1.48    |
|    critic_loss     | 0.00104  |
|    ent_coef        | 0.000262 |
|    ent_coef_loss   | -0.548   |
|    learning_rate   | 0.0003   |
|    n_updates       | 93812    |
---------------------------------
---------------------------------
| rollout/           |          |
|    ep_len_mean     | 834      |
|    ep_rew_mean     | 972      |
| time/              |          |
|    episodes        | 2172     |
|    fps             | 2120     |
|    time_elapsed    | 708      |
|    total_timesteps | 1503200  |
| train/             |          |
|    actor_loss      | -1.59    |
|    critic_loss     | 0.00216  |
|    ent_coef        | 0.000263 |
|    ent_coef_loss   | 4.39     |
|    learning_rate   | 0.0003   |
|    n_updates       | 93887    |
---------------------------------
---------------------------------
| rollout/           |          |
|    ep_len_mean     | 825      |
|    ep_rew_mean     | 1.02e+03 |
| time/              |          |
|    episodes        | 2176     |
|    fps             | 2120     |
|    time_elapsed    | 710      |
|    total_timesteps | 1506880  |
| train/             |          |
|    actor_loss      | -1.56    |
|    critic_loss     | 0.000642 |
|    ent_coef        | 0.000263 |
|    ent_coef_loss   | -2.45    |
|    learning_rate   | 0.0003   |
|    n_updates       | 94117    |
---------------------------------
---------------------------------
| rollout/           |          |
|    ep_len_mean     | 794      |
|    ep_rew_mean     | 982      |
| time/              |          |
|    episodes        | 2180     |
|    fps             | 2120     |
|    time_elapsed    | 712      |
|    total_timesteps | 1511296  |
| train/             |          |
|    actor_loss      | -1.58    |
|    critic_loss     | 0.022    |
|    ent_coef        | 0.000254 |
|    ent_coef_loss   | 1.91     |
|    learning_rate   | 0.0003   |
|    n_updates       | 94393    |
---------------------------------
---------------------------------
| rollout/           |          |
|    ep_len_mean     | 748      |
|    ep_rew_mean     | 999      |
| time/              |          |
|    episodes        | 2184     |
|    fps             | 2120     |
|    time_elapsed    | 712      |
|    total_timesteps | 1511600  |
| train/             |          |
|    actor_loss      | -1.51    |
|    critic_loss     | 0.00504  |
|    ent_coef        | 0.000255 |
|    ent_coef_loss   | 2.34     |
|    learning_rate   | 0.0003   |
|    n_updates       | 94412    |
---------------------------------
---------------------------------
| rollout/           |          |
|    ep_len_mean     | 720      |
|    ep_rew_mean     | 995      |
| time/              |          |
|    episodes        | 2188     |
|    fps             | 2121     |
|    time_elapsed    | 715      |
|    total_timesteps | 1516672  |
| train/             |          |
|    actor_loss      | -1.53    |
|    critic_loss     | 0.0117   |
|    ent_coef        | 0.000262 |
|    ent_coef_loss   | 0.0105   |
|    learning_rate   | 0.0003   |
|    n_updates       | 94729    |
---------------------------------
---------------------------------
| rollout/           |          |
|    ep_len_mean     | 734      |
|    ep_rew_mean     | 996      |
| time/              |          |
|    episodes        | 2192     |
|    fps             | 2121     |
|    time_elapsed    | 722      |
|    total_timesteps | 1532432  |
| train/             |          |
|    actor_loss      | -1.53    |
|    critic_loss     | 0.0116   |
|    ent_coef        | 0.000245 |
|    ent_coef_loss   | 2.85     |
|    learning_rate   | 0.0003   |
|    n_updates       | 95714    |
---------------------------------
---------------------------------
| rollout/           |          |
|    ep_len_mean     | 750      |
|    ep_rew_mean     | 953      |
| time/              |          |
|    episodes        | 2196     |
|    fps             | 2121     |
|    time_elapsed    | 727      |
|    total_timesteps | 1543744  |
| train/             |          |
|    actor_loss      | -1.58    |
|    critic_loss     | 0.000902 |
|    ent_coef        | 0.000252 |
|    ent_coef_loss   | 0.0535   |
|    learning_rate   | 0.0003   |
|    n_updates       | 96421    |
---------------------------------
---------------------------------
| rollout/           |          |
|    ep_len_mean     | 769      |
|    ep_rew_mean     | 920      |
| time/              |          |
|    episodes        | 2200     |
|    fps             | 2121     |
|    time_elapsed    | 728      |
|    total_timesteps | 1545744  |
| train/             |          |
|    actor_loss      | -1.55    |
|    critic_loss     | 0.00162  |
|    ent_coef        | 0.000254 |
|    ent_coef_loss   | 2.2      |
|    learning_rate   | 0.0003   |
|    n_updates       | 96546    |
---------------------------------
---------------------------------
| rollout/           |          |
|    ep_len_mean     | 872      |
|    ep_rew_mean     | 936      |
| time/              |          |
|    episodes        | 2204     |
|    fps             | 2122     |
|    time_elapsed    | 733      |
|    total_timesteps | 1556816  |
| train/             |          |
|    actor_loss      | -1.44    |
|    critic_loss     | 0.00548  |
|    ent_coef        | 0.00026  |
|    ent_coef_loss   | -1.42    |
|    learning_rate   | 0.0003   |
|    n_updates       | 97238    |
---------------------------------
---------------------------------
| rollout/           |          |
|    ep_len_mean     | 915      |
|    ep_rew_mean     | 951      |
| time/              |          |
|    episodes        | 2208     |
|    fps             | 2122     |
|    time_elapsed    | 738      |
|    total_timesteps | 1567968  |
| train/             |          |
|    actor_loss      | -1.44    |
|    critic_loss     | 0.000519 |
|    ent_coef        | 0.000266 |
|    ent_coef_loss   | -0.438   |
|    learning_rate   | 0.0003   |
|    n_updates       | 97935    |
---------------------------------
---------------------------------
| rollout/           |          |
|    ep_len_mean     | 969      |
|    ep_rew_mean     | 989      |
| time/              |          |
|    episodes        | 2212     |
|    fps             | 2119     |
|    time_elapsed    | 741      |
|    total_timesteps | 1571104  |
| train/             |          |
|    actor_loss      | -1.48    |
|    critic_loss     | 0.0128   |
|    ent_coef        | 0.000265 |
|    ent_coef_loss   | 2.54     |
|    learning_rate   | 0.0003   |
|    n_updates       | 98131    |
---------------------------------
---------------------------------
| rollout/           |          |
|    ep_len_mean     | 1.04e+03 |
|    ep_rew_mean     | 1.07e+03 |
| time/              |          |
|    episodes        | 2216     |
|    fps             | 2119     |
|    time_elapsed    | 742      |
|    total_timesteps | 1573680  |
| train/             |          |
|    actor_loss      | -1.51    |
|    critic_loss     | 0.00121  |
|    ent_coef        | 0.000264 |
|    ent_coef_loss   | -2.14    |
|    learning_rate   | 0.0003   |
|    n_updates       | 98292    |
---------------------------------
---------------------------------
| rollout/           |          |
|    ep_len_mean     | 1.09e+03 |
|    ep_rew_mean     | 1.13e+03 |
| time/              |          |
|    episodes        | 2220     |
|    fps             | 2119     |
|    time_elapsed    | 744      |
|    total_timesteps | 1577088  |
| train/             |          |
|    actor_loss      | -1.59    |
|    critic_loss     | 0.000634 |
|    ent_coef        | 0.000256 |
|    ent_coef_loss   | -3.19    |
|    learning_rate   | 0.0003   |
|    n_updates       | 98505    |
---------------------------------
---------------------------------
| rollout/           |          |
|    ep_len_mean     | 1.12e+03 |
|    ep_rew_mean     | 1.16e+03 |
| time/              |          |
|    episodes        | 2224     |
|    fps             | 2119     |
|    time_elapsed    | 754      |
|    total_timesteps | 1599024  |
| train/             |          |
|    actor_loss      | -1.42    |
|    critic_loss     | 0.000498 |
|    ent_coef        | 0.000238 |
|    ent_coef_loss   | -1.37    |
|    learning_rate   | 0.0003   |
|    n_updates       | 99876    |
---------------------------------
---------------------------------
| rollout/           |          |
|    ep_len_mean     | 1.17e+03 |
|    ep_rew_mean     | 1.12e+03 |
| time/              |          |
|    episodes        | 2228     |
|    fps             | 2119     |
|    time_elapsed    | 755      |
|    total_timesteps | 1601280  |
| train/             |          |
|    actor_loss      | -1.48    |
|    critic_loss     | 0.000525 |
|    ent_coef        | 0.000235 |
|    ent_coef_loss   | -3.27    |
|    learning_rate   | 0.0003   |
|    n_updates       | 100017   |
---------------------------------
---------------------------------
| rollout/           |          |
|    ep_len_mean     | 1.24e+03 |
|    ep_rew_mean     | 1.16e+03 |
| time/              |          |
|    episodes        | 2232     |
|    fps             | 2119     |
|    time_elapsed    | 758      |
|    total_timesteps | 1608048  |
| train/             |          |
|    actor_loss      | -1.45    |
|    critic_loss     | 0.000689 |
|    ent_coef        | 0.000231 |
|    ent_coef_loss   | 1.43     |
|    learning_rate   | 0.0003   |
|    n_updates       | 100440   |
---------------------------------
---------------------------------
| rollout/           |          |
|    ep_len_mean     | 1.29e+03 |
|    ep_rew_mean     | 1.21e+03 |
| time/              |          |
|    episodes        | 2236     |
|    fps             | 2119     |
|    time_elapsed    | 761      |
|    total_timesteps | 1613504  |
| train/             |          |
|    actor_loss      | -1.48    |
|    critic_loss     | 0.00336  |
|    ent_coef        | 0.000235 |
|    ent_coef_loss   | 1.39     |
|    learning_rate   | 0.0003   |
|    n_updates       | 100781   |
---------------------------------
---------------------------------
| rollout/           |          |
|    ep_len_mean     | 1.3e+03  |
|    ep_rew_mean     | 1.19e+03 |
| time/              |          |
|    episodes        | 2240     |
|    fps             | 2119     |
|    time_elapsed    | 765      |
|    total_timesteps | 1621936  |
| train/             |          |
|    actor_loss      | -1.43    |
|    critic_loss     | 0.000509 |
|    ent_coef        | 0.000239 |
|    ent_coef_loss   | 2.16     |
|    learning_rate   | 0.0003   |
|    n_updates       | 101308   |
---------------------------------
---------------------------------
| rollout/           |          |
|    ep_len_mean     | 1.35e+03 |
|    ep_rew_mean     | 1.28e+03 |
| time/              |          |
|    episodes        | 2244     |
|    fps             | 2119     |
|    time_elapsed    | 766      |
|    total_timesteps | 1625056  |
| train/             |          |
|    actor_loss      | -1.4     |
|    critic_loss     | 0.00115  |
|    ent_coef        | 0.000241 |
|    ent_coef_loss   | 0.0975   |
|    learning_rate   | 0.0003   |
|    n_updates       | 101503   |
---------------------------------
---------------------------------
| rollout/           |          |
|    ep_len_mean     | 1.41e+03 |
|    ep_rew_mean     | 1.34e+03 |
| time/              |          |
|    episodes        | 2248     |
|    fps             | 2119     |
|    time_elapsed    | 770      |
|    total_timesteps | 1632432  |
| train/             |          |
|    actor_loss      | -1.38    |
|    critic_loss     | 0.000547 |
|    ent_coef        | 0.000249 |
|    ent_coef_loss   | 0.957    |
|    learning_rate   | 0.0003   |
|    n_updates       | 101964   |
---------------------------------
---------------------------------
| rollout/           |          |
|    ep_len_mean     | 1.46e+03 |
|    ep_rew_mean     | 1.4e+03  |
| time/              |          |
|    episodes        | 2252     |
|    fps             | 2120     |
|    time_elapsed    | 776      |
|    total_timesteps | 1646128  |
| train/             |          |
|    actor_loss      | -1.45    |
|    critic_loss     | 0.000516 |
|    ent_coef        | 0.000254 |
|    ent_coef_loss   | -5.1     |
|    learning_rate   | 0.0003   |
|    n_updates       | 102820   |
---------------------------------
---------------------------------
| rollout/           |          |
|    ep_len_mean     | 1.5e+03  |
|    ep_rew_mean     | 1.44e+03 |
| time/              |          |
|    episodes        | 2256     |
|    fps             | 2120     |
|    time_elapsed    | 777      |
|    total_timesteps | 1648208  |
| train/             |          |
|    actor_loss      | -1.39    |
|    critic_loss     | 0.00114  |
|    ent_coef        | 0.000251 |
|    ent_coef_loss   | 1.62     |
|    learning_rate   | 0.0003   |
|    n_updates       | 102950   |
---------------------------------
---------------------------------
| rollout/           |          |
|    ep_len_mean     | 1.54e+03 |
|    ep_rew_mean     | 1.46e+03 |
| time/              |          |
|    episodes        | 2260     |
|    fps             | 2120     |
|    time_elapsed    | 779      |
|    total_timesteps | 1651952  |
| train/             |          |
|    actor_loss      | -1.41    |
|    critic_loss     | 0.00479  |
|    ent_coef        | 0.000242 |
|    ent_coef_loss   | 2.72     |
|    learning_rate   | 0.0003   |
|    n_updates       | 103184   |
---------------------------------
---------------------------------
| rollout/           |          |
|    ep_len_mean     | 1.61e+03 |
|    ep_rew_mean     | 1.56e+03 |
| time/              |          |
|    episodes        | 2264     |
|    fps             | 2120     |
|    time_elapsed    | 780      |
|    total_timesteps | 1654928  |
| train/             |          |
|    actor_loss      | -1.44    |
|    critic_loss     | 0.0019   |
|    ent_coef        | 0.000239 |
|    ent_coef_loss   | 0.212    |
|    learning_rate   | 0.0003   |
|    n_updates       | 103370   |
---------------------------------
---------------------------------
| rollout/           |          |
|    ep_len_mean     | 1.64e+03 |
|    ep_rew_mean     | 1.57e+03 |
| time/              |          |
|    episodes        | 2268     |
|    fps             | 2120     |
|    time_elapsed    | 783      |
|    total_timesteps | 1661600  |
| train/             |          |
|    actor_loss      | -1.37    |
|    critic_loss     | 0.0141   |
|    ent_coef        | 0.000233 |
|    ent_coef_loss   | -0.211   |
|    learning_rate   | 0.0003   |
|    n_updates       | 103787   |
---------------------------------
---------------------------------
| rollout/           |          |
|    ep_len_mean     | 1.63e+03 |
|    ep_rew_mean     | 1.53e+03 |
| time/              |          |
|    episodes        | 2272     |
|    fps             | 2120     |
|    time_elapsed    | 786      |
|    total_timesteps | 1667616  |
| train/             |          |
|    actor_loss      | -1.36    |
|    critic_loss     | 0.00603  |
|    ent_coef        | 0.000226 |
|    ent_coef_loss   | 0.353    |
|    learning_rate   | 0.0003   |
|    n_updates       | 104163   |
---------------------------------
---------------------------------
| rollout/           |          |
|    ep_len_mean     | 1.64e+03 |
|    ep_rew_mean     | 1.54e+03 |
| time/              |          |
|    episodes        | 2276     |
|    fps             | 2120     |
|    time_elapsed    | 789      |
|    total_timesteps | 1673488  |
| train/             |          |
|    actor_loss      | -1.48    |
|    critic_loss     | 0.00076  |
|    ent_coef        | 0.000235 |
|    ent_coef_loss   | -0.835   |
|    learning_rate   | 0.0003   |
|    n_updates       | 104530   |
---------------------------------
---------------------------------
| rollout/           |          |
|    ep_len_mean     | 1.67e+03 |
|    ep_rew_mean     | 1.56e+03 |
| time/              |          |
|    episodes        | 2280     |
|    fps             | 2120     |
|    time_elapsed    | 791      |
|    total_timesteps | 1677472  |
| train/             |          |
|    actor_loss      | -1.35    |
|    critic_loss     | 0.00168  |
|    ent_coef        | 0.000239 |
|    ent_coef_loss   | 0.592    |
|    learning_rate   | 0.0003   |
|    n_updates       | 104779   |
---------------------------------
---------------------------------
| rollout/           |          |
|    ep_len_mean     | 1.69e+03 |
|    ep_rew_mean     | 1.6e+03  |
| time/              |          |
|    episodes        | 2284     |
|    fps             | 2120     |
|    time_elapsed    | 793      |
|    total_timesteps | 1683040  |
| train/             |          |
|    actor_loss      | -1.33    |
|    critic_loss     | 0.000565 |
|    ent_coef        | 0.000243 |
|    ent_coef_loss   | -1.93    |
|    learning_rate   | 0.0003   |
|    n_updates       | 105127   |
---------------------------------
---------------------------------
| rollout/           |          |
|    ep_len_mean     | 1.71e+03 |
|    ep_rew_mean     | 1.63e+03 |
| time/              |          |
|    episodes        | 2288     |
|    fps             | 2121     |
|    time_elapsed    | 799      |
|    total_timesteps | 1695920  |
| train/             |          |
|    actor_loss      | -1.34    |
|    critic_loss     | 0.000357 |
|    ent_coef        | 0.00025  |
|    ent_coef_loss   | 1.32     |
|    learning_rate   | 0.0003   |
|    n_updates       | 105932   |
---------------------------------
---------------------------------
| rollout/           |          |
|    ep_len_mean     | 1.72e+03 |
|    ep_rew_mean     | 1.58e+03 |
| time/              |          |
|    episodes        | 2292     |
|    fps             | 2121     |
|    time_elapsed    | 804      |
|    total_timesteps | 1706544  |
| train/             |          |
|    actor_loss      | -1.36    |
|    critic_loss     | 0.00219  |
|    ent_coef        | 0.000256 |
|    ent_coef_loss   | -3.75    |
|    learning_rate   | 0.0003   |
|    n_updates       | 106596   |
---------------------------------
---------------------------------
| rollout/           |          |
|    ep_len_mean     | 1.73e+03 |
|    ep_rew_mean     | 1.66e+03 |
| time/              |          |
|    episodes        | 2296     |
|    fps             | 2121     |
|    time_elapsed    | 809      |
|    total_timesteps | 1716624  |
| train/             |          |
|    actor_loss      | -1.33    |
|    critic_loss     | 0.000945 |
|    ent_coef        | 0.000237 |
|    ent_coef_loss   | 0.112    |
|    learning_rate   | 0.0003   |
|    n_updates       | 107226   |
---------------------------------
---------------------------------
| rollout/           |          |
|    ep_len_mean     | 1.74e+03 |
|    ep_rew_mean     | 1.74e+03 |
| time/              |          |
|    episodes        | 2300     |
|    fps             | 2121     |
|    time_elapsed    | 811      |
|    total_timesteps | 1722448  |
| train/             |          |
|    actor_loss      | -1.28    |
|    critic_loss     | 0.0426   |
|    ent_coef        | 0.000242 |
|    ent_coef_loss   | -0.313   |
|    learning_rate   | 0.0003   |
|    n_updates       | 107590   |
---------------------------------
---------------------------------
| rollout/           |          |
|    ep_len_mean     | 1.74e+03 |
|    ep_rew_mean     | 1.69e+03 |
| time/              |          |
|    episodes        | 2304     |
|    fps             | 2121     |
|    time_elapsed    | 816      |
|    total_timesteps | 1732624  |
| train/             |          |
|    actor_loss      | -1.29    |
|    critic_loss     | 0.0144   |
|    ent_coef        | 0.000222 |
|    ent_coef_loss   | -1.81    |
|    learning_rate   | 0.0003   |
|    n_updates       | 108226   |
---------------------------------
---------------------------------
| rollout/           |          |
|    ep_len_mean     | 1.75e+03 |
|    ep_rew_mean     | 1.67e+03 |
| time/              |          |
|    episodes        | 2308     |
|    fps             | 2122     |
|    time_elapsed    | 824      |
|    total_timesteps | 1750560  |
| train/             |          |
|    actor_loss      | -1.3     |
|    critic_loss     | 0.0112   |
|    ent_coef        | 0.000209 |
|    ent_coef_loss   | 2.7      |
|    learning_rate   | 0.0003   |
|    n_updates       | 109347   |
---------------------------------
---------------------------------
| rollout/           |          |
|    ep_len_mean     | 1.77e+03 |
|    ep_rew_mean     | 1.72e+03 |
| time/              |          |
|    episodes        | 2312     |
|    fps             | 2122     |
|    time_elapsed    | 826      |
|    total_timesteps | 1753344  |
| train/             |          |
|    actor_loss      | -1.33    |
|    critic_loss     | 0.000391 |
|    ent_coef        | 0.000216 |
|    ent_coef_loss   | -1.52    |
|    learning_rate   | 0.0003   |
|    n_updates       | 109521   |
---------------------------------
---------------------------------
| rollout/           |          |
|    ep_len_mean     | 1.74e+03 |
|    ep_rew_mean     | 1.68e+03 |
| time/              |          |
|    episodes        | 2316     |
|    fps             | 2122     |
|    time_elapsed    | 826      |
|    total_timesteps | 1754688  |
| train/             |          |
|    actor_loss      | -1.28    |
|    critic_loss     | 0.00111  |
|    ent_coef        | 0.000217 |
|    ent_coef_loss   | -2.69    |
|    learning_rate   | 0.0003   |
|    n_updates       | 109605   |
---------------------------------
---------------------------------
| rollout/           |          |
|    ep_len_mean     | 1.71e+03 |
|    ep_rew_mean     | 1.64e+03 |
| time/              |          |
|    episodes        | 2320     |
|    fps             | 2122     |
|    time_elapsed    | 828      |
|    total_timesteps | 1759104  |
| train/             |          |
|    actor_loss      | -1.3     |
|    critic_loss     | 0.00149  |
|    ent_coef        | 0.000218 |
|    ent_coef_loss   | -1.22    |
|    learning_rate   | 0.0003   |
|    n_updates       | 109881   |
---------------------------------
---------------------------------
| rollout/           |          |
|    ep_len_mean     | 1.71e+03 |
|    ep_rew_mean     | 1.69e+03 |
| time/              |          |
|    episodes        | 2324     |
|    fps             | 2122     |
|    time_elapsed    | 829      |
|    total_timesteps | 1761136  |
| train/             |          |
|    actor_loss      | -1.15    |
|    critic_loss     | 0.000722 |
|    ent_coef        | 0.000218 |
|    ent_coef_loss   | 0.547    |
|    learning_rate   | 0.0003   |
|    n_updates       | 110008   |
---------------------------------
---------------------------------
| rollout/           |          |
|    ep_len_mean     | 1.66e+03 |
|    ep_rew_mean     | 1.72e+03 |
| time/              |          |
|    episodes        | 2328     |
|    fps             | 2122     |
|    time_elapsed    | 830      |
|    total_timesteps | 1761664  |
| train/             |          |
|    actor_loss      | -1.28    |
|    critic_loss     | 0.00882  |
|    ent_coef        | 0.000217 |
|    ent_coef_loss   | 0.509    |
|    learning_rate   | 0.0003   |
|    n_updates       | 110041   |
---------------------------------
---------------------------------
| rollout/           |          |
|    ep_len_mean     | 1.6e+03  |
|    ep_rew_mean     | 1.7e+03  |
| time/              |          |
|    episodes        | 2332     |
|    fps             | 2122     |
|    time_elapsed    | 832      |
|    total_timesteps | 1766752  |
| train/             |          |
|    actor_loss      | -1.2     |
|    critic_loss     | 0.00248  |
|    ent_coef        | 0.00022  |
|    ent_coef_loss   | -1.18    |
|    learning_rate   | 0.0003   |
|    n_updates       | 110359   |
---------------------------------
---------------------------------
| rollout/           |          |
|    ep_len_mean     | 1.58e+03 |
|    ep_rew_mean     | 1.67e+03 |
| time/              |          |
|    episodes        | 2336     |
|    fps             | 2122     |
|    time_elapsed    | 836      |
|    total_timesteps | 1774896  |
| train/             |          |
|    actor_loss      | -1.21    |
|    critic_loss     | 0.000341 |
|    ent_coef        | 0.000221 |
|    ent_coef_loss   | 1.03     |
|    learning_rate   | 0.0003   |
|    n_updates       | 110868   |
---------------------------------
---------------------------------
| rollout/           |          |
|    ep_len_mean     | 1.6e+03  |
|    ep_rew_mean     | 1.74e+03 |
| time/              |          |
|    episodes        | 2340     |
|    fps             | 2122     |
|    time_elapsed    | 840      |
|    total_timesteps | 1783136  |
| train/             |          |
|    actor_loss      | -1.25    |
|    critic_loss     | 0.00203  |
|    ent_coef        | 0.000216 |
|    ent_coef_loss   | -3.25    |
|    learning_rate   | 0.0003   |
|    n_updates       | 111383   |
---------------------------------
---------------------------------
| rollout/           |          |
|    ep_len_mean     | 1.59e+03 |
|    ep_rew_mean     | 1.71e+03 |
| time/              |          |
|    episodes        | 2344     |
|    fps             | 2122     |
|    time_elapsed    | 841      |
|    total_timesteps | 1785296  |
| train/             |          |
|    actor_loss      | -1.23    |
|    critic_loss     | 0.00545  |
|    ent_coef        | 0.000213 |
|    ent_coef_loss   | 0.767    |
|    learning_rate   | 0.0003   |
|    n_updates       | 111518   |
---------------------------------
---------------------------------
| rollout/           |          |
|    ep_len_mean     | 1.59e+03 |
|    ep_rew_mean     | 1.68e+03 |
| time/              |          |
|    episodes        | 2348     |
|    fps             | 2122     |
|    time_elapsed    | 841      |
|    total_timesteps | 1785920  |
| train/             |          |
|    actor_loss      | -1.24    |
|    critic_loss     | 0.000412 |
|    ent_coef        | 0.000214 |
|    ent_coef_loss   | 0.398    |
|    learning_rate   | 0.0003   |
|    n_updates       | 111557   |
---------------------------------
---------------------------------
| rollout/           |          |
|    ep_len_mean     | 1.57e+03 |
|    ep_rew_mean     | 1.68e+03 |
| time/              |          |
|    episodes        | 2352     |
|    fps             | 2122     |
|    time_elapsed    | 843      |
|    total_timesteps | 1789456  |
| train/             |          |
|    actor_loss      | -1.23    |
|    critic_loss     | 0.000346 |
|    ent_coef        | 0.000212 |
|    ent_coef_loss   | 2.96     |
|    learning_rate   | 0.0003   |
|    n_updates       | 111778   |
---------------------------------
---------------------------------
| rollout/           |          |
|    ep_len_mean     | 1.52e+03 |
|    ep_rew_mean     | 1.62e+03 |
| time/              |          |
|    episodes        | 2356     |
|    fps             | 2122     |
|    time_elapsed    | 843      |
|    total_timesteps | 1790368  |
| train/             |          |
|    actor_loss      | -1.15    |
|    critic_loss     | 0.00168  |
|    ent_coef        | 0.000215 |
|    ent_coef_loss   | -1.35    |
|    learning_rate   | 0.0003   |
|    n_updates       | 111835   |
---------------------------------
---------------------------------
| rollout/           |          |
|    ep_len_mean     | 1.48e+03 |
|    ep_rew_mean     | 1.61e+03 |
| time/              |          |
|    episodes        | 2360     |
|    fps             | 2122     |
|    time_elapsed    | 848      |
|    total_timesteps | 1801248  |
| train/             |          |
|    actor_loss      | -1.24    |
|    critic_loss     | 0.000608 |
|    ent_coef        | 0.000241 |
|    ent_coef_loss   | -3.98    |
|    learning_rate   | 0.0003   |
|    n_updates       | 112515   |
---------------------------------
---------------------------------
| rollout/           |          |
|    ep_len_mean     | 1.46e+03 |
|    ep_rew_mean     | 1.59e+03 |
| time/              |          |
|    episodes        | 2364     |
|    fps             | 2123     |
|    time_elapsed    | 851      |
|    total_timesteps | 1807616  |
| train/             |          |
|    actor_loss      | -1.22    |
|    critic_loss     | 0.00331  |
|    ent_coef        | 0.000225 |
|    ent_coef_loss   | -2.31    |
|    learning_rate   | 0.0003   |
|    n_updates       | 112913   |
---------------------------------
---------------------------------
| rollout/           |          |
|    ep_len_mean     | 1.47e+03 |
|    ep_rew_mean     | 1.63e+03 |
| time/              |          |
|    episodes        | 2368     |
|    fps             | 2123     |
|    time_elapsed    | 855      |
|    total_timesteps | 1816496  |
| train/             |          |
|    actor_loss      | -1.2     |
|    critic_loss     | 0.0161   |
|    ent_coef        | 0.000213 |
|    ent_coef_loss   | -1.47    |
|    learning_rate   | 0.0003   |
|    n_updates       | 113468   |
---------------------------------
---------------------------------
| rollout/           |          |
|    ep_len_mean     | 1.52e+03 |
|    ep_rew_mean     | 1.69e+03 |
| time/              |          |
|    episodes        | 2372     |
|    fps             | 2123     |
|    time_elapsed    | 856      |
|    total_timesteps | 1818048  |
| train/             |          |
|    actor_loss      | -1.18    |
|    critic_loss     | 0.000809 |
|    ent_coef        | 0.000209 |
|    ent_coef_loss   | -1.37    |
|    learning_rate   | 0.0003   |
|    n_updates       | 113565   |
---------------------------------
---------------------------------
| rollout/           |          |
|    ep_len_mean     | 1.53e+03 |
|    ep_rew_mean     | 1.68e+03 |
| time/              |          |
|    episodes        | 2376     |
|    fps             | 2123     |
|    time_elapsed    | 857      |
|    total_timesteps | 1819744  |
| train/             |          |
|    actor_loss      | -1.18    |
|    critic_loss     | 0.000374 |
|    ent_coef        | 0.000205 |
|    ent_coef_loss   | -4.75    |
|    learning_rate   | 0.0003   |
|    n_updates       | 113671   |
---------------------------------
---------------------------------
| rollout/           |          |
|    ep_len_mean     | 1.52e+03 |
|    ep_rew_mean     | 1.63e+03 |
| time/              |          |
|    episodes        | 2380     |
|    fps             | 2123     |
|    time_elapsed    | 864      |
|    total_timesteps | 1835808  |
| train/             |          |
|    actor_loss      | -1.17    |
|    critic_loss     | 0.000313 |
|    ent_coef        | 0.000198 |
|    ent_coef_loss   | 1.15     |
|    learning_rate   | 0.0003   |
|    n_updates       | 114675   |
---------------------------------
---------------------------------
| rollout/           |          |
|    ep_len_mean     | 1.53e+03 |
|    ep_rew_mean     | 1.6e+03  |
| time/              |          |
|    episodes        | 2384     |
|    fps             | 2123     |
|    time_elapsed    | 867      |
|    total_timesteps | 1842304  |
| train/             |          |
|    actor_loss      | -1.24    |
|    critic_loss     | 0.00429  |
|    ent_coef        | 0.000197 |
|    ent_coef_loss   | 2.43     |
|    learning_rate   | 0.0003   |
|    n_updates       | 115081   |
---------------------------------
---------------------------------
| rollout/           |          |
|    ep_len_mean     | 1.55e+03 |
|    ep_rew_mean     | 1.6e+03  |
| time/              |          |
|    episodes        | 2388     |
|    fps             | 2123     |
|    time_elapsed    | 870      |
|    total_timesteps | 1848544  |
| train/             |          |
|    actor_loss      | -1.17    |
|    critic_loss     | 0.00126  |
|    ent_coef        | 0.000192 |
|    ent_coef_loss   | 4.45     |
|    learning_rate   | 0.0003   |
|    n_updates       | 115471   |
---------------------------------
---------------------------------
| rollout/           |          |
|    ep_len_mean     | 1.54e+03 |
|    ep_rew_mean     | 1.63e+03 |
| time/              |          |
|    episodes        | 2392     |
|    fps             | 2123     |
|    time_elapsed    | 876      |
|    total_timesteps | 1860784  |
| train/             |          |
|    actor_loss      | -1.15    |
|    critic_loss     | 0.000437 |
|    ent_coef        | 0.000191 |
|    ent_coef_loss   | -3.03    |
|    learning_rate   | 0.0003   |
|    n_updates       | 116236   |
---------------------------------
---------------------------------
| rollout/           |          |
|    ep_len_mean     | 1.54e+03 |
|    ep_rew_mean     | 1.64e+03 |
| time/              |          |
|    episodes        | 2396     |
|    fps             | 2123     |
|    time_elapsed    | 877      |
|    total_timesteps | 1862976  |
| train/             |          |
|    actor_loss      | -1.12    |
|    critic_loss     | 0.000445 |
|    ent_coef        | 0.00019  |
|    ent_coef_loss   | -0.191   |
|    learning_rate   | 0.0003   |
|    n_updates       | 116373   |
---------------------------------
---------------------------------
| rollout/           |          |
|    ep_len_mean     | 1.52e+03 |
|    ep_rew_mean     | 1.59e+03 |
| time/              |          |
|    episodes        | 2400     |
|    fps             | 2123     |
|    time_elapsed    | 882      |
|    total_timesteps | 1873472  |
| train/             |          |
|    actor_loss      | -1.12    |
|    critic_loss     | 0.00155  |
|    ent_coef        | 0.00019  |
|    ent_coef_loss   | -1.78    |
|    learning_rate   | 0.0003   |
|    n_updates       | 117029   |
---------------------------------
---------------------------------
| rollout/           |          |
|    ep_len_mean     | 1.53e+03 |
|    ep_rew_mean     | 1.71e+03 |
| time/              |          |
|    episodes        | 2404     |
|    fps             | 2123     |
|    time_elapsed    | 890      |
|    total_timesteps | 1891424  |
| train/             |          |
|    actor_loss      | -1.16    |
|    critic_loss     | 0.000427 |
|    ent_coef        | 0.00019  |
|    ent_coef_loss   | 0.826    |
|    learning_rate   | 0.0003   |
|    n_updates       | 118151   |
---------------------------------
---------------------------------
| rollout/           |          |
|    ep_len_mean     | 1.54e+03 |
|    ep_rew_mean     | 1.81e+03 |
| time/              |          |
|    episodes        | 2408     |
|    fps             | 2123     |
|    time_elapsed    | 892      |
|    total_timesteps | 1895072  |
| train/             |          |
|    actor_loss      | -1.12    |
|    critic_loss     | 0.000274 |
|    ent_coef        | 0.000198 |
|    ent_coef_loss   | 4.16     |
|    learning_rate   | 0.0003   |
|    n_updates       | 118379   |
---------------------------------
---------------------------------
| rollout/           |          |
|    ep_len_mean     | 1.52e+03 |
|    ep_rew_mean     | 1.75e+03 |
| time/              |          |
|    episodes        | 2412     |
|    fps             | 2123     |
|    time_elapsed    | 893      |
|    total_timesteps | 1897424  |
| train/             |          |
|    actor_loss      | -1.15    |
|    critic_loss     | 0.000383 |
|    ent_coef        | 0.000199 |
|    ent_coef_loss   | 0.639    |
|    learning_rate   | 0.0003   |
|    n_updates       | 118526   |
---------------------------------
---------------------------------
| rollout/           |          |
|    ep_len_mean     | 1.52e+03 |
|    ep_rew_mean     | 1.73e+03 |
| time/              |          |
|    episodes        | 2416     |
|    fps             | 2123     |
|    time_elapsed    | 895      |
|    total_timesteps | 1900784  |
| train/             |          |
|    actor_loss      | -1.19    |
|    critic_loss     | 0.000411 |
|    ent_coef        | 0.000202 |
|    ent_coef_loss   | -1.82    |
|    learning_rate   | 0.0003   |
|    n_updates       | 118736   |
---------------------------------
---------------------------------
| rollout/           |          |
|    ep_len_mean     | 1.58e+03 |
|    ep_rew_mean     | 1.85e+03 |
| time/              |          |
|    episodes        | 2420     |
|    fps             | 2123     |
|    time_elapsed    | 906      |
|    total_timesteps | 1925504  |
| train/             |          |
|    actor_loss      | -1.03    |
|    critic_loss     | 0.000277 |
|    ent_coef        | 0.000172 |
|    ent_coef_loss   | -0.288   |
|    learning_rate   | 0.0003   |
|    n_updates       | 120281   |
---------------------------------
---------------------------------
| rollout/           |          |
|    ep_len_mean     | 1.61e+03 |
|    ep_rew_mean     | 1.8e+03  |
| time/              |          |
|    episodes        | 2424     |
|    fps             | 2123     |
|    time_elapsed    | 909      |
|    total_timesteps | 1931152  |
| train/             |          |
|    actor_loss      | -1.07    |
|    critic_loss     | 0.000418 |
|    ent_coef        | 0.000165 |
|    ent_coef_loss   | -4.71    |
|    learning_rate   | 0.0003   |
|    n_updates       | 120634   |
---------------------------------
---------------------------------
| rollout/           |          |
|    ep_len_mean     | 1.68e+03 |
|    ep_rew_mean     | 1.84e+03 |
| time/              |          |
|    episodes        | 2428     |
|    fps             | 2123     |
|    time_elapsed    | 914      |
|    total_timesteps | 1941328  |
| train/             |          |
|    actor_loss      | -1.14    |
|    critic_loss     | 0.0131   |
|    ent_coef        | 0.000162 |
|    ent_coef_loss   | 0.514    |
|    learning_rate   | 0.0003   |
|    n_updates       | 121270   |
---------------------------------
---------------------------------
| rollout/           |          |
|    ep_len_mean     | 1.77e+03 |
|    ep_rew_mean     | 1.94e+03 |
| time/              |          |
|    episodes        | 2432     |
|    fps             | 2124     |
|    time_elapsed    | 915      |
|    total_timesteps | 1945552  |
| train/             |          |
|    actor_loss      | -1.03    |
|    critic_loss     | 0.000383 |
|    ent_coef        | 0.000166 |
|    ent_coef_loss   | 3.78     |
|    learning_rate   | 0.0003   |
|    n_updates       | 121534   |
---------------------------------
---------------------------------
| rollout/           |          |
|    ep_len_mean     | 1.78e+03 |
|    ep_rew_mean     | 1.99e+03 |
| time/              |          |
|    episodes        | 2436     |
|    fps             | 2124     |
|    time_elapsed    | 919      |
|    total_timesteps | 1953680  |
| train/             |          |
|    actor_loss      | -1.14    |
|    critic_loss     | 0.000362 |
|    ent_coef        | 0.000161 |
|    ent_coef_loss   | 1.17     |
|    learning_rate   | 0.0003   |
|    n_updates       | 122042   |
---------------------------------
---------------------------------
| rollout/           |          |
|    ep_len_mean     | 1.79e+03 |
|    ep_rew_mean     | 1.89e+03 |
| time/              |          |
|    episodes        | 2440     |
|    fps             | 2124     |
|    time_elapsed    | 927      |
|    total_timesteps | 1971536  |
| train/             |          |
|    actor_loss      | -1.09    |
|    critic_loss     | 0.00032  |
|    ent_coef        | 0.000181 |
|    ent_coef_loss   | -1.27    |
|    learning_rate   | 0.0003   |
|    n_updates       | 123158   |
---------------------------------
---------------------------------
| rollout/           |          |
|    ep_len_mean     | 1.81e+03 |
|    ep_rew_mean     | 1.94e+03 |
| time/              |          |
|    episodes        | 2444     |
|    fps             | 2124     |
|    time_elapsed    | 929      |
|    total_timesteps | 1975120  |
| train/             |          |
|    actor_loss      | -1.06    |
|    critic_loss     | 0.000376 |
|    ent_coef        | 0.000177 |
|    ent_coef_loss   | -2.27    |
|    learning_rate   | 0.0003   |
|    n_updates       | 123382   |
---------------------------------
---------------------------------
| rollout/           |          |
|    ep_len_mean     | 1.82e+03 |
|    ep_rew_mean     | 1.94e+03 |
| time/              |          |
|    episodes        | 2448     |
|    fps             | 2124     |
|    time_elapsed    | 933      |
|    total_timesteps | 1983872  |
| train/             |          |
|    actor_loss      | -1.04    |
|    critic_loss     | 0.000291 |
|    ent_coef        | 0.000168 |
|    ent_coef_loss   | -1.83    |
|    learning_rate   | 0.0003   |
|    n_updates       | 123929   |
---------------------------------
---------------------------------
| rollout/           |          |
|    ep_len_mean     | 1.91e+03 |
|    ep_rew_mean     | 1.87e+03 |
| time/              |          |
|    episodes        | 2452     |
|    fps             | 2124     |
|    time_elapsed    | 936      |
|    total_timesteps | 1990496  |
| train/             |          |
|    actor_loss      | -1.1     |
|    critic_loss     | 0.0017   |
|    ent_coef        | 0.000169 |
|    ent_coef_loss   | -0.768   |
|    learning_rate   | 0.0003   |
|    n_updates       | 124343   |
---------------------------------
---------------------------------
| rollout/           |          |
|    ep_len_mean     | 1.97e+03 |
|    ep_rew_mean     | 1.96e+03 |
| time/              |          |
|    episodes        | 2456     |
|    fps             | 2124     |
|    time_elapsed    | 939      |
|    total_timesteps | 1996592  |
| train/             |          |
|    actor_loss      | -1.08    |
|    critic_loss     | 0.000302 |
|    ent_coef        | 0.000168 |
|    ent_coef_loss   | 0.335    |
|    learning_rate   | 0.0003   |
|    n_updates       | 124724   |
---------------------------------
---------------------------------
| rollout/           |          |
|    ep_len_mean     | 2.01e+03 |
|    ep_rew_mean     | 1.99e+03 |
| time/              |          |
|    episodes        | 2460     |
|    fps             | 2124     |
|    time_elapsed    | 944      |
|    total_timesteps | 2006704  |
| train/             |          |
|    actor_loss      | -1.06    |
|    critic_loss     | 0.000253 |
|    ent_coef        | 0.000175 |
|    ent_coef_loss   | -1.54    |
|    learning_rate   | 0.0003   |
|    n_updates       | 125356   |
---------------------------------
---------------------------------
| rollout/           |          |
|    ep_len_mean     | 2.01e+03 |
|    ep_rew_mean     | 1.97e+03 |
| time/              |          |
|    episodes        | 2464     |
|    fps             | 2124     |
|    time_elapsed    | 949      |
|    total_timesteps | 2017424  |
| train/             |          |
|    actor_loss      | -0.946   |
|    critic_loss     | 0.000261 |
|    ent_coef        | 0.000178 |
|    ent_coef_loss   | 1.95     |
|    learning_rate   | 0.0003   |
|    n_updates       | 126026   |
---------------------------------
---------------------------------
| rollout/           |          |
|    ep_len_mean     | 2.05e+03 |
|    ep_rew_mean     | 1.87e+03 |
| time/              |          |
|    episodes        | 2468     |
|    fps             | 2124     |
|    time_elapsed    | 951      |
|    total_timesteps | 2021936  |
| train/             |          |
|    actor_loss      | -1.01    |
|    critic_loss     | 0.151    |
|    ent_coef        | 0.000172 |
|    ent_coef_loss   | -3.51    |
|    learning_rate   | 0.0003   |
|    n_updates       | 126308   |
---------------------------------
---------------------------------
| rollout/           |          |
|    ep_len_mean     | 2e+03    |
|    ep_rew_mean     | 1.81e+03 |
| time/              |          |
|    episodes        | 2472     |
|    fps             | 2124     |
|    time_elapsed    | 952      |
|    total_timesteps | 2023296  |
| train/             |          |
|    actor_loss      | -0.998   |
|    critic_loss     | 0.000405 |
|    ent_coef        | 0.000181 |
|    ent_coef_loss   | 1.82     |
|    learning_rate   | 0.0003   |
|    n_updates       | 126393   |
---------------------------------
---------------------------------
| rollout/           |          |
|    ep_len_mean     | 2.04e+03 |
|    ep_rew_mean     | 1.76e+03 |
| time/              |          |
|    episodes        | 2476     |
|    fps             | 2124     |
|    time_elapsed    | 956      |
|    total_timesteps | 2032272  |
| train/             |          |
|    actor_loss      | -1.03    |
|    critic_loss     | 0.00041  |
|    ent_coef        | 0.000174 |
|    ent_coef_loss   | 0.782    |
|    learning_rate   | 0.0003   |
|    n_updates       | 126954   |
---------------------------------
---------------------------------
| rollout/           |          |
|    ep_len_mean     | 2.08e+03 |
|    ep_rew_mean     | 1.8e+03  |
| time/              |          |
|    episodes        | 2480     |
|    fps             | 2124     |
|    time_elapsed    | 964      |
|    total_timesteps | 2049648  |
| train/             |          |
|    actor_loss      | -0.964   |
|    critic_loss     | 0.000323 |
|    ent_coef        | 0.000167 |
|    ent_coef_loss   | 1.65     |
|    learning_rate   | 0.0003   |
|    n_updates       | 128040   |
---------------------------------
---------------------------------
| rollout/           |          |
|    ep_len_mean     | 2.08e+03 |
|    ep_rew_mean     | 1.85e+03 |
| time/              |          |
|    episodes        | 2484     |
|    fps             | 2124     |
|    time_elapsed    | 965      |
|    total_timesteps | 2050736  |
| train/             |          |
|    actor_loss      | -1.06    |
|    critic_loss     | 0.00556  |
|    ent_coef        | 0.000165 |
|    ent_coef_loss   | 0.0864   |
|    learning_rate   | 0.0003   |
|    n_updates       | 128108   |
---------------------------------
---------------------------------
| rollout/           |          |
|    ep_len_mean     | 2.09e+03 |
|    ep_rew_mean     | 1.82e+03 |
| time/              |          |
|    episodes        | 2488     |
|    fps             | 2124     |
|    time_elapsed    | 967      |
|    total_timesteps | 2055328  |
| train/             |          |
|    actor_loss      | -0.958   |
|    critic_loss     | 0.000392 |
|    ent_coef        | 0.000159 |
|    ent_coef_loss   | 1.76     |
|    learning_rate   | 0.0003   |
|    n_updates       | 128395   |
---------------------------------
---------------------------------
| rollout/           |          |
|    ep_len_mean     | 2.08e+03 |
|    ep_rew_mean     | 1.77e+03 |
| time/              |          |
|    episodes        | 2492     |
|    fps             | 2124     |
|    time_elapsed    | 968      |
|    total_timesteps | 2058048  |
| train/             |          |
|    actor_loss      | -0.964   |
|    critic_loss     | 0.00803  |
|    ent_coef        | 0.000163 |
|    ent_coef_loss   | 0.649    |
|    learning_rate   | 0.0003   |
|    n_updates       | 128565   |
---------------------------------
---------------------------------
| rollout/           |          |
|    ep_len_mean     | 2.07e+03 |
|    ep_rew_mean     | 1.74e+03 |
| time/              |          |
|    episodes        | 2496     |
|    fps             | 2124     |
|    time_elapsed    | 977      |
|    total_timesteps | 2076992  |
| train/             |          |
|    actor_loss      | -0.971   |
|    critic_loss     | 0.0173   |
|    ent_coef        | 0.000164 |
|    ent_coef_loss   | 0.526    |
|    learning_rate   | 0.0003   |
|    n_updates       | 129749   |
---------------------------------
---------------------------------
| rollout/           |          |
|    ep_len_mean     | 2.07e+03 |
|    ep_rew_mean     | 1.78e+03 |
| time/              |          |
|    episodes        | 2500     |
|    fps             | 2124     |
|    time_elapsed    | 980      |
|    total_timesteps | 2082592  |
| train/             |          |
|    actor_loss      | -1.01    |
|    critic_loss     | 0.00274  |
|    ent_coef        | 0.000166 |
|    ent_coef_loss   | 2.56     |
|    learning_rate   | 0.0003   |
|    n_updates       | 130099   |
---------------------------------
---------------------------------
| rollout/           |          |
|    ep_len_mean     | 2.04e+03 |
|    ep_rew_mean     | 1.8e+03  |
| time/              |          |
|    episodes        | 2504     |
|    fps             | 2124     |
|    time_elapsed    | 982      |
|    total_timesteps | 2088256  |
| train/             |          |
|    actor_loss      | -0.98    |
|    critic_loss     | 0.000314 |
|    ent_coef        | 0.000177 |
|    ent_coef_loss   | 1.36     |
|    learning_rate   | 0.0003   |
|    n_updates       | 130453   |
---------------------------------
---------------------------------
| rollout/           |          |
|    ep_len_mean     | 2.03e+03 |
|    ep_rew_mean     | 1.68e+03 |
| time/              |          |
|    episodes        | 2508     |
|    fps             | 2124     |
|    time_elapsed    | 988      |
|    total_timesteps | 2099424  |
| train/             |          |
|    actor_loss      | -0.964   |
|    critic_loss     | 0.00596  |
|    ent_coef        | 0.00018  |
|    ent_coef_loss   | -4.36    |
|    learning_rate   | 0.0003   |
|    n_updates       | 131151   |
---------------------------------
---------------------------------
| rollout/           |          |
|    ep_len_mean     | 2e+03    |
|    ep_rew_mean     | 1.69e+03 |
| time/              |          |
|    episodes        | 2512     |
|    fps             | 2124     |
|    time_elapsed    | 989      |
|    total_timesteps | 2103312  |
| train/             |          |
|    actor_loss      | -0.991   |
|    critic_loss     | 0.0176   |
|    ent_coef        | 0.00018  |
|    ent_coef_loss   | 0.966    |
|    learning_rate   | 0.0003   |
|    n_updates       | 131394   |
---------------------------------
---------------------------------
| rollout/           |          |
|    ep_len_mean     | 1.99e+03 |
|    ep_rew_mean     | 1.72e+03 |
| time/              |          |
|    episodes        | 2516     |
|    fps             | 2124     |
|    time_elapsed    | 991      |
|    total_timesteps | 2105952  |
| train/             |          |
|    actor_loss      | -1.05    |
|    critic_loss     | 0.000338 |
|    ent_coef        | 0.000179 |
|    ent_coef_loss   | -0.026   |
|    learning_rate   | 0.0003   |
|    n_updates       | 131559   |
---------------------------------
---------------------------------
| rollout/           |          |
|    ep_len_mean     | 1.96e+03 |
|    ep_rew_mean     | 1.62e+03 |
| time/              |          |
|    episodes        | 2520     |
|    fps             | 2124     |
|    time_elapsed    | 995      |
|    total_timesteps | 2115952  |
| train/             |          |
|    actor_loss      | -0.976   |
|    critic_loss     | 0.000482 |
|    ent_coef        | 0.000178 |
|    ent_coef_loss   | -2.58    |
|    learning_rate   | 0.0003   |
|    n_updates       | 132184   |
---------------------------------
---------------------------------
| rollout/           |          |
|    ep_len_mean     | 1.98e+03 |
|    ep_rew_mean     | 1.59e+03 |
| time/              |          |
|    episodes        | 2524     |
|    fps             | 2124     |
|    time_elapsed    | 998      |
|    total_timesteps | 2120960  |
| train/             |          |
|    actor_loss      | -1.03    |
|    critic_loss     | 0.0192   |
|    ent_coef        | 0.000182 |
|    ent_coef_loss   | -6.36    |
|    learning_rate   | 0.0003   |
|    n_updates       | 132497   |
---------------------------------
---------------------------------
| rollout/           |          |
|    ep_len_mean     | 1.93e+03 |
|    ep_rew_mean     | 1.55e+03 |
| time/              |          |
|    episodes        | 2528     |
|    fps             | 2124     |
|    time_elapsed    | 1000     |
|    total_timesteps | 2125408  |
| train/             |          |
|    actor_loss      | -1.02    |
|    critic_loss     | 0.000293 |
|    ent_coef        | 0.000179 |
|    ent_coef_loss   | -5.92    |
|    learning_rate   | 0.0003   |
|    n_updates       | 132775   |
---------------------------------
---------------------------------
| rollout/           |          |
|    ep_len_mean     | 1.86e+03 |
|    ep_rew_mean     | 1.49e+03 |
| time/              |          |
|    episodes        | 2532     |
|    fps             | 2124     |
|    time_elapsed    | 1001     |
|    total_timesteps | 2128528  |
| train/             |          |
|    actor_loss      | -0.986   |
|    critic_loss     | 0.00125  |
|    ent_coef        | 0.000174 |
|    ent_coef_loss   | -0.00131 |
|    learning_rate   | 0.0003   |
|    n_updates       | 132970   |
---------------------------------
---------------------------------
| rollout/           |          |
|    ep_len_mean     | 1.81e+03 |
|    ep_rew_mean     | 1.4e+03  |
| time/              |          |
|    episodes        | 2536     |
|    fps             | 2124     |
|    time_elapsed    | 1002     |
|    total_timesteps | 2130784  |
| train/             |          |
|    actor_loss      | -0.938   |
|    critic_loss     | 0.000179 |
|    ent_coef        | 0.000175 |
|    ent_coef_loss   | 1.28     |
|    learning_rate   | 0.0003   |
|    n_updates       | 133111   |
---------------------------------
---------------------------------
| rollout/           |          |
|    ep_len_mean     | 1.74e+03 |
|    ep_rew_mean     | 1.4e+03  |
| time/              |          |
|    episodes        | 2540     |
|    fps             | 2124     |
|    time_elapsed    | 1003     |
|    total_timesteps | 2132672  |
| train/             |          |
|    actor_loss      | -0.99    |
|    critic_loss     | 0.000263 |
|    ent_coef        | 0.000179 |
|    ent_coef_loss   | 2.01     |
|    learning_rate   | 0.0003   |
|    n_updates       | 133229   |
---------------------------------
---------------------------------
| rollout/           |          |
|    ep_len_mean     | 1.69e+03 |
|    ep_rew_mean     | 1.31e+03 |
| time/              |          |
|    episodes        | 2544     |
|    fps             | 2124     |
|    time_elapsed    | 1004     |
|    total_timesteps | 2133568  |
| train/             |          |
|    actor_loss      | -0.951   |
|    critic_loss     | 0.000478 |
|    ent_coef        | 0.000179 |
|    ent_coef_loss   | 1.46     |
|    learning_rate   | 0.0003   |
|    n_updates       | 133285   |
---------------------------------
---------------------------------
| rollout/           |          |
|    ep_len_mean     | 1.61e+03 |
|    ep_rew_mean     | 1.26e+03 |
| time/              |          |
|    episodes        | 2548     |
|    fps             | 2124     |
|    time_elapsed    | 1004     |
|    total_timesteps | 2135184  |
| train/             |          |
|    actor_loss      | -1       |
|    critic_loss     | 0.000352 |
|    ent_coef        | 0.000179 |
|    ent_coef_loss   | -2.21    |
|    learning_rate   | 0.0003   |
|    n_updates       | 133386   |
---------------------------------
---------------------------------
| rollout/           |          |
|    ep_len_mean     | 1.49e+03 |
|    ep_rew_mean     | 1.28e+03 |
| time/              |          |
|    episodes        | 2552     |
|    fps             | 2124     |
|    time_elapsed    | 1005     |
|    total_timesteps | 2137200  |
| train/             |          |
|    actor_loss      | -0.961   |
|    critic_loss     | 0.000388 |
|    ent_coef        | 0.000175 |
|    ent_coef_loss   | 2.67     |
|    learning_rate   | 0.0003   |
|    n_updates       | 133512   |
---------------------------------
---------------------------------
| rollout/           |          |
|    ep_len_mean     | 1.42e+03 |
|    ep_rew_mean     | 1.19e+03 |
| time/              |          |
|    episodes        | 2556     |
|    fps             | 2124     |
|    time_elapsed    | 1006     |
|    total_timesteps | 2137824  |
| train/             |          |
|    actor_loss      | -0.977   |
|    critic_loss     | 0.000719 |
|    ent_coef        | 0.000174 |
|    ent_coef_loss   | -3.98    |
|    learning_rate   | 0.0003   |
|    n_updates       | 133551   |
---------------------------------
---------------------------------
| rollout/           |          |
|    ep_len_mean     | 1.39e+03 |
|    ep_rew_mean     | 1.19e+03 |
| time/              |          |
|    episodes        | 2560     |
|    fps             | 2124     |
|    time_elapsed    | 1010     |
|    total_timesteps | 2146272  |
| train/             |          |
|    actor_loss      | -0.885   |
|    critic_loss     | 0.000287 |
|    ent_coef        | 0.000161 |
|    ent_coef_loss   | 4.87     |
|    learning_rate   | 0.0003   |
|    n_updates       | 134079   |
---------------------------------
---------------------------------
| rollout/           |          |
|    ep_len_mean     | 1.45e+03 |
|    ep_rew_mean     | 1.26e+03 |
| time/              |          |
|    episodes        | 2564     |
|    fps             | 2124     |
|    time_elapsed    | 1013     |
|    total_timesteps | 2153504  |
| train/             |          |
|    actor_loss      | -0.932   |
|    critic_loss     | 0.000291 |
|    ent_coef        | 0.00018  |
|    ent_coef_loss   | 0.894    |
|    learning_rate   | 0.0003   |
|    n_updates       | 134531   |
---------------------------------
---------------------------------
| rollout/           |          |
|    ep_len_mean     | 1.47e+03 |
|    ep_rew_mean     | 1.35e+03 |
| time/              |          |
|    episodes        | 2568     |
|    fps             | 2124     |
|    time_elapsed    | 1021     |
|    total_timesteps | 2168768  |
| train/             |          |
|    actor_loss      | -0.968   |
|    critic_loss     | 0.000401 |
|    ent_coef        | 0.00019  |
|    ent_coef_loss   | 2.07     |
|    learning_rate   | 0.0003   |
|    n_updates       | 135485   |
---------------------------------
---------------------------------
| rollout/           |          |
|    ep_len_mean     | 1.52e+03 |
|    ep_rew_mean     | 1.39e+03 |
| time/              |          |
|    episodes        | 2572     |
|    fps             | 2124     |
|    time_elapsed    | 1028     |
|    total_timesteps | 2184032  |
| train/             |          |
|    actor_loss      | -0.927   |
|    critic_loss     | 0.000444 |
|    ent_coef        | 0.000207 |
|    ent_coef_loss   | 3.98     |
|    learning_rate   | 0.0003   |
|    n_updates       | 136439   |
---------------------------------
---------------------------------
| rollout/           |          |
|    ep_len_mean     | 1.52e+03 |
|    ep_rew_mean     | 1.49e+03 |
| time/              |          |
|    episodes        | 2576     |
|    fps             | 2124     |
|    time_elapsed    | 1029     |
|    total_timesteps | 2186864  |
| train/             |          |
|    actor_loss      | -1       |
|    critic_loss     | 0.000316 |
|    ent_coef        | 0.000213 |
|    ent_coef_loss   | -1.09    |
|    learning_rate   | 0.0003   |
|    n_updates       | 136616   |
---------------------------------
---------------------------------
| rollout/           |          |
|    ep_len_mean     | 1.49e+03 |
|    ep_rew_mean     | 1.51e+03 |
| time/              |          |
|    episodes        | 2580     |
|    fps             | 2124     |
|    time_elapsed    | 1029     |
|    total_timesteps | 2187984  |
| train/             |          |
|    actor_loss      | -1       |
|    critic_loss     | 0.000195 |
|    ent_coef        | 0.000211 |
|    ent_coef_loss   | 0.986    |
|    learning_rate   | 0.0003   |
|    n_updates       | 136686   |
---------------------------------
---------------------------------
| rollout/           |          |
|    ep_len_mean     | 1.53e+03 |
|    ep_rew_mean     | 1.48e+03 |
| time/              |          |
|    episodes        | 2584     |
|    fps             | 2124     |
|    time_elapsed    | 1039     |
|    total_timesteps | 2207856  |
| train/             |          |
|    actor_loss      | -0.943   |
|    critic_loss     | 0.000286 |
|    ent_coef        | 0.0002   |
|    ent_coef_loss   | 1.38     |
|    learning_rate   | 0.0003   |
|    n_updates       | 137928   |
---------------------------------
---------------------------------
| rollout/           |          |
|    ep_len_mean     | 1.53e+03 |
|    ep_rew_mean     | 1.49e+03 |
| time/              |          |
|    episodes        | 2588     |
|    fps             | 2124     |
|    time_elapsed    | 1045     |
|    total_timesteps | 2220704  |
| train/             |          |
|    actor_loss      | -0.956   |
|    critic_loss     | 0.000356 |
|    ent_coef        | 0.000189 |
|    ent_coef_loss   | 2.69     |
|    learning_rate   | 0.0003   |
|    n_updates       | 138731   |
---------------------------------
---------------------------------
| rollout/           |          |
|    ep_len_mean     | 1.57e+03 |
|    ep_rew_mean     | 1.57e+03 |
| time/              |          |
|    episodes        | 2592     |
|    fps             | 2124     |
|    time_elapsed    | 1047     |
|    total_timesteps | 2226352  |
| train/             |          |
|    actor_loss      | -0.955   |
|    critic_loss     | 0.000331 |
|    ent_coef        | 0.000188 |
|    ent_coef_loss   | -0.0116  |
|    learning_rate   | 0.0003   |
|    n_updates       | 139084   |
---------------------------------
---------------------------------
| rollout/           |          |
|    ep_len_mean     | 1.6e+03  |
|    ep_rew_mean     | 1.51e+03 |
| time/              |          |
|    episodes        | 2596     |
|    fps             | 2124     |
|    time_elapsed    | 1049     |
|    total_timesteps | 2229488  |
| train/             |          |
|    actor_loss      | -0.996   |
|    critic_loss     | 0.00292  |
|    ent_coef        | 0.000194 |
|    ent_coef_loss   | 1.73     |
|    learning_rate   | 0.0003   |
|    n_updates       | 139280   |
---------------------------------
---------------------------------
| rollout/           |          |
|    ep_len_mean     | 1.64e+03 |
|    ep_rew_mean     | 1.45e+03 |
| time/              |          |
|    episodes        | 2600     |
|    fps             | 2124     |
|    time_elapsed    | 1063     |
|    total_timesteps | 2259072  |
| train/             |          |
|    actor_loss      | -0.936   |
|    critic_loss     | 0.000238 |
|    ent_coef        | 0.000192 |
|    ent_coef_loss   | -0.91    |
|    learning_rate   | 0.0003   |
|    n_updates       | 141129   |
---------------------------------
---------------------------------
| rollout/           |          |
|    ep_len_mean     | 1.69e+03 |
|    ep_rew_mean     | 1.41e+03 |
| time/              |          |
|    episodes        | 2604     |
|    fps             | 2124     |
|    time_elapsed    | 1070     |
|    total_timesteps | 2273952  |
| train/             |          |
|    actor_loss      | -1.03    |
|    critic_loss     | 0.000238 |
|    ent_coef        | 0.000195 |
|    ent_coef_loss   | -2.73    |
|    learning_rate   | 0.0003   |
|    n_updates       | 142059   |
---------------------------------
---------------------------------
| rollout/           |          |
|    ep_len_mean     | 1.73e+03 |
|    ep_rew_mean     | 1.39e+03 |
| time/              |          |
|    episodes        | 2608     |
|    fps             | 2124     |
|    time_elapsed    | 1071     |
|    total_timesteps | 2277120  |
| train/             |          |
|    actor_loss      | -0.929   |
|    critic_loss     | 0.000333 |
|    ent_coef        | 0.000191 |
|    ent_coef_loss   | -2.49    |
|    learning_rate   | 0.0003   |
|    n_updates       | 142257   |
---------------------------------
---------------------------------
| rollout/           |          |
|    ep_len_mean     | 1.78e+03 |
|    ep_rew_mean     | 1.28e+03 |
| time/              |          |
|    episodes        | 2612     |
|    fps             | 2124     |
|    time_elapsed    | 1073     |
|    total_timesteps | 2280384  |
| train/             |          |
|    actor_loss      | -0.895   |
|    critic_loss     | 0.000367 |
|    ent_coef        | 0.000188 |
|    ent_coef_loss   | -1.98    |
|    learning_rate   | 0.0003   |
|    n_updates       | 142461   |
---------------------------------
---------------------------------
| rollout/           |          |
|    ep_len_mean     | 1.82e+03 |
|    ep_rew_mean     | 1.29e+03 |
| time/              |          |
|    episodes        | 2616     |
|    fps             | 2124     |
|    time_elapsed    | 1079     |
|    total_timesteps | 2293984  |
| train/             |          |
|    actor_loss      | -0.955   |
|    critic_loss     | 0.000264 |
|    ent_coef        | 0.000199 |
|    ent_coef_loss   | -4.07    |
|    learning_rate   | 0.0003   |
|    n_updates       | 143311   |
---------------------------------
---------------------------------
| rollout/           |          |
|    ep_len_mean     | 1.88e+03 |
|    ep_rew_mean     | 1.32e+03 |
| time/              |          |
|    episodes        | 2620     |
|    fps             | 2124     |
|    time_elapsed    | 1083     |
|    total_timesteps | 2301600  |
| train/             |          |
|    actor_loss      | -0.917   |
|    critic_loss     | 0.000403 |
|    ent_coef        | 0.000191 |
|    ent_coef_loss   | -1.37    |
|    learning_rate   | 0.0003   |
|    n_updates       | 143787   |
---------------------------------
---------------------------------
| rollout/           |          |
|    ep_len_mean     | 1.87e+03 |
|    ep_rew_mean     | 1.4e+03  |
| time/              |          |
|    episodes        | 2624     |
|    fps             | 2124     |
|    time_elapsed    | 1089     |
|    total_timesteps | 2314560  |
| train/             |          |
|    actor_loss      | -0.955   |
|    critic_loss     | 0.00034  |
|    ent_coef        | 0.000185 |
|    ent_coef_loss   | 6.01     |
|    learning_rate   | 0.0003   |
|    n_updates       | 144597   |
---------------------------------
---------------------------------
| rollout/           |          |
|    ep_len_mean     | 1.93e+03 |
|    ep_rew_mean     | 1.42e+03 |
| time/              |          |
|    episodes        | 2628     |
|    fps             | 2124     |
|    time_elapsed    | 1096     |
|    total_timesteps | 2330272  |
| train/             |          |
|    actor_loss      | -1       |
|    critic_loss     | 0.000227 |
|    ent_coef        | 0.000193 |
|    ent_coef_loss   | 1.41     |
|    learning_rate   | 0.0003   |
|    n_updates       | 145579   |
---------------------------------
---------------------------------
| rollout/           |          |
|    ep_len_mean     | 2e+03    |
|    ep_rew_mean     | 1.42e+03 |
| time/              |          |
|    episodes        | 2632     |
|    fps             | 2124     |
|    time_elapsed    | 1101     |
|    total_timesteps | 2339488  |
| train/             |          |
|    actor_loss      | -0.948   |
|    critic_loss     | 0.000302 |
|    ent_coef        | 0.000192 |
|    ent_coef_loss   | 2.68     |
|    learning_rate   | 0.0003   |
|    n_updates       | 146155   |
---------------------------------
---------------------------------
| rollout/           |          |
|    ep_len_mean     | 2.07e+03 |
|    ep_rew_mean     | 1.44e+03 |
| time/              |          |
|    episodes        | 2636     |
|    fps             | 2124     |
|    time_elapsed    | 1103     |
|    total_timesteps | 2343904  |
| train/             |          |
|    actor_loss      | -0.904   |
|    critic_loss     | 0.000252 |
|    ent_coef        | 0.000195 |
|    ent_coef_loss   | -0.0629  |
|    learning_rate   | 0.0003   |
|    n_updates       | 146431   |
---------------------------------
---------------------------------
| rollout/           |          |
|    ep_len_mean     | 2.16e+03 |
|    ep_rew_mean     | 1.39e+03 |
| time/              |          |
|    episodes        | 2640     |
|    fps             | 2124     |
|    time_elapsed    | 1107     |
|    total_timesteps | 2352000  |
| train/             |          |
|    actor_loss      | -0.95    |
|    critic_loss     | 0.00648  |
|    ent_coef        | 0.000189 |
|    ent_coef_loss   | -2.84    |
|    learning_rate   | 0.0003   |
|    n_updates       | 146937   |
---------------------------------
---------------------------------
| rollout/           |          |
|    ep_len_mean     | 2.26e+03 |
|    ep_rew_mean     | 1.39e+03 |
| time/              |          |
|    episodes        | 2644     |
|    fps             | 2123     |
|    time_elapsed    | 1114     |
|    total_timesteps | 2366224  |
| train/             |          |
|    actor_loss      | -0.893   |
|    critic_loss     | 0.000237 |
|    ent_coef        | 0.000188 |
|    ent_coef_loss   | -1.86    |
|    learning_rate   | 0.0003   |
|    n_updates       | 147826   |
---------------------------------
---------------------------------
| rollout/           |          |
|    ep_len_mean     | 2.33e+03 |
|    ep_rew_mean     | 1.5e+03  |
| time/              |          |
|    episodes        | 2648     |
|    fps             | 2123     |
|    time_elapsed    | 1116     |
|    total_timesteps | 2370816  |
| train/             |          |
|    actor_loss      | -0.923   |
|    critic_loss     | 0.000367 |
|    ent_coef        | 0.000191 |
|    ent_coef_loss   | 8.29     |
|    learning_rate   | 0.0003   |
|    n_updates       | 148113   |
---------------------------------
---------------------------------
| rollout/           |          |
|    ep_len_mean     | 2.39e+03 |
|    ep_rew_mean     | 1.58e+03 |
| time/              |          |
|    episodes        | 2652     |
|    fps             | 2123     |
|    time_elapsed    | 1119     |
|    total_timesteps | 2376960  |
| train/             |          |
|    actor_loss      | -0.844   |
|    critic_loss     | 0.000197 |
|    ent_coef        | 0.000199 |
|    ent_coef_loss   | 4.18     |
|    learning_rate   | 0.0003   |
|    n_updates       | 148497   |
---------------------------------
---------------------------------
| rollout/           |          |
|    ep_len_mean     | 2.48e+03 |
|    ep_rew_mean     | 1.71e+03 |
| time/              |          |
|    episodes        | 2656     |
|    fps             | 2123     |
|    time_elapsed    | 1125     |
|    total_timesteps | 2390128  |
| train/             |          |
|    actor_loss      | -0.923   |
|    critic_loss     | 0.000263 |
|    ent_coef        | 0.000196 |
|    ent_coef_loss   | 0.151    |
|    learning_rate   | 0.0003   |
|    n_updates       | 149320   |
---------------------------------
---------------------------------
| rollout/           |          |
|    ep_len_mean     | 2.54e+03 |
|    ep_rew_mean     | 1.67e+03 |
| time/              |          |
|    episodes        | 2660     |
|    fps             | 2123     |
|    time_elapsed    | 1131     |
|    total_timesteps | 2403408  |
| train/             |          |
|    actor_loss      | -0.945   |
|    critic_loss     | 0.000228 |
|    ent_coef        | 0.000186 |
|    ent_coef_loss   | -1.81    |
|    learning_rate   | 0.0003   |
|    n_updates       | 150150   |
---------------------------------
---------------------------------
| rollout/           |          |
|    ep_len_mean     | 2.5e+03  |
|    ep_rew_mean     | 1.5e+03  |
| time/              |          |
|    episodes        | 2664     |
|    fps             | 2123     |
|    time_elapsed    | 1136     |
|    total_timesteps | 2413296  |
| train/             |          |
|    actor_loss      | -0.914   |
|    critic_loss     | 0.00028  |
|    ent_coef        | 0.00018  |
|    ent_coef_loss   | 0.668    |
|    learning_rate   | 0.0003   |
|    n_updates       | 150768   |
---------------------------------
---------------------------------
| rollout/           |          |
|    ep_len_mean     | 2.48e+03 |
|    ep_rew_mean     | 1.55e+03 |
| time/              |          |
|    episodes        | 2668     |
|    fps             | 2123     |
|    time_elapsed    | 1137     |
|    total_timesteps | 2416256  |
| train/             |          |
|    actor_loss      | -0.886   |
|    critic_loss     | 0.000237 |
|    ent_coef        | 0.000187 |
|    ent_coef_loss   | 2.62     |
|    learning_rate   | 0.0003   |
|    n_updates       | 150953   |
---------------------------------
---------------------------------
| rollout/           |          |
|    ep_len_mean     | 2.51e+03 |
|    ep_rew_mean     | 1.57e+03 |
| time/              |          |
|    episodes        | 2672     |
|    fps             | 2123     |
|    time_elapsed    | 1141     |
|    total_timesteps | 2424528  |
| train/             |          |
|    actor_loss      | -0.849   |
|    critic_loss     | 0.000337 |
|    ent_coef        | 0.000181 |
|    ent_coef_loss   | 4.47     |
|    learning_rate   | 0.0003   |
|    n_updates       | 151470   |
---------------------------------
---------------------------------
| rollout/           |          |
|    ep_len_mean     | 2.48e+03 |
|    ep_rew_mean     | 1.55e+03 |
| time/              |          |
|    episodes        | 2676     |
|    fps             | 2123     |
|    time_elapsed    | 1148     |
|    total_timesteps | 2438416  |
| train/             |          |
|    actor_loss      | -0.874   |
|    critic_loss     | 0.000249 |
|    ent_coef        | 0.000201 |
|    ent_coef_loss   | -0.511   |
|    learning_rate   | 0.0003   |
|    n_updates       | 152338   |
---------------------------------
---------------------------------
| rollout/           |          |
|    ep_len_mean     | 2.47e+03 |
|    ep_rew_mean     | 1.55e+03 |
| time/              |          |
|    episodes        | 2680     |
|    fps             | 2123     |
|    time_elapsed    | 1150     |
|    total_timesteps | 2442976  |
| train/             |          |
|    actor_loss      | -0.841   |
|    critic_loss     | 0.00928  |
|    ent_coef        | 0.000198 |
|    ent_coef_loss   | 0.365    |
|    learning_rate   | 0.0003   |
|    n_updates       | 152623   |
---------------------------------
---------------------------------
| rollout/           |          |
|    ep_len_mean     | 2.45e+03 |
|    ep_rew_mean     | 1.53e+03 |
| time/              |          |
|    episodes        | 2684     |
|    fps             | 2102     |
|    time_elapsed    | 1162     |
|    total_timesteps | 2444928  |
| train/             |          |
|    actor_loss      | -0.787   |
|    critic_loss     | 0.000288 |
|    ent_coef        | 0.000196 |
|    ent_coef_loss   | 2.34     |
|    learning_rate   | 0.0003   |
|    n_updates       | 152745   |
---------------------------------
---------------------------------
| rollout/           |          |
|    ep_len_mean     | 2.43e+03 |
|    ep_rew_mean     | 1.52e+03 |
| time/              |          |
|    episodes        | 2688     |
|    fps             | 2102     |
|    time_elapsed    | 1163     |
|    total_timesteps | 2446080  |
| train/             |          |
|    actor_loss      | -0.807   |
|    critic_loss     | 0.00034  |
|    ent_coef        | 0.000194 |
|    ent_coef_loss   | 1.61     |
|    learning_rate   | 0.0003   |
|    n_updates       | 152817   |
---------------------------------
---------------------------------
| rollout/           |          |
|    ep_len_mean     | 2.38e+03 |
|    ep_rew_mean     | 1.49e+03 |
| time/              |          |
|    episodes        | 2692     |
|    fps             | 2102     |
|    time_elapsed    | 1168     |
|    total_timesteps | 2457392  |
| train/             |          |
|    actor_loss      | -0.906   |
|    critic_loss     | 0.000294 |
|    ent_coef        | 0.000193 |
|    ent_coef_loss   | 0.704    |
|    learning_rate   | 0.0003   |
|    n_updates       | 153524   |
---------------------------------
---------------------------------
| rollout/           |          |
|    ep_len_mean     | 2.31e+03 |
|    ep_rew_mean     | 1.56e+03 |
| time/              |          |
|    episodes        | 2696     |
|    fps             | 2102     |
|    time_elapsed    | 1170     |
|    total_timesteps | 2461984  |
| train/             |          |
|    actor_loss      | -0.842   |
|    critic_loss     | 0.00045  |
|    ent_coef        | 0.000194 |
|    ent_coef_loss   | 1.99     |
|    learning_rate   | 0.0003   |
|    n_updates       | 153811   |
---------------------------------
---------------------------------
| rollout/           |          |
|    ep_len_mean     | 2.28e+03 |
|    ep_rew_mean     | 1.56e+03 |
| time/              |          |
|    episodes        | 2700     |
|    fps             | 2103     |
|    time_elapsed    | 1175     |
|    total_timesteps | 2473328  |
| train/             |          |
|    actor_loss      | -0.894   |
|    critic_loss     | 0.000211 |
|    ent_coef        | 0.000198 |
|    ent_coef_loss   | -1.01    |
|    learning_rate   | 0.0003   |
|    n_updates       | 154520   |
---------------------------------
---------------------------------
| rollout/           |          |
|    ep_len_mean     | 2.2e+03  |
|    ep_rew_mean     | 1.59e+03 |
| time/              |          |
|    episodes        | 2704     |
|    fps             | 2103     |
|    time_elapsed    | 1179     |
|    total_timesteps | 2480944  |
| train/             |          |
|    actor_loss      | -0.887   |
|    critic_loss     | 0.000253 |
|    ent_coef        | 0.000194 |
|    ent_coef_loss   | -1.89    |
|    learning_rate   | 0.0003   |
|    n_updates       | 154996   |
---------------------------------
---------------------------------
| rollout/           |          |
|    ep_len_mean     | 2.17e+03 |
|    ep_rew_mean     | 1.62e+03 |
| time/              |          |
|    episodes        | 2708     |
|    fps             | 2103     |
|    time_elapsed    | 1180     |
|    total_timesteps | 2482240  |
| train/             |          |
|    actor_loss      | -0.804   |
|    critic_loss     | 0.00475  |
|    ent_coef        | 0.000195 |
|    ent_coef_loss   | -0.39    |
|    learning_rate   | 0.0003   |
|    n_updates       | 155077   |
---------------------------------
---------------------------------
| rollout/           |          |
|    ep_len_mean     | 2.14e+03 |
|    ep_rew_mean     | 1.73e+03 |
| time/              |          |
|    episodes        | 2712     |
|    fps             | 2103     |
|    time_elapsed    | 1181     |
|    total_timesteps | 2485328  |
| train/             |          |
|    actor_loss      | -0.863   |
|    critic_loss     | 0.000174 |
|    ent_coef        | 0.000197 |
|    ent_coef_loss   | -2.92    |
|    learning_rate   | 0.0003   |
|    n_updates       | 155270   |
---------------------------------
---------------------------------
| rollout/           |          |
|    ep_len_mean     | 2.11e+03 |
|    ep_rew_mean     | 1.71e+03 |
| time/              |          |
|    episodes        | 2716     |
|    fps             | 2103     |
|    time_elapsed    | 1186     |
|    total_timesteps | 2496080  |
| train/             |          |
|    actor_loss      | -0.824   |
|    critic_loss     | 0.000239 |
|    ent_coef        | 0.000184 |
|    ent_coef_loss   | -4.92    |
|    learning_rate   | 0.0003   |
|    n_updates       | 155942   |
---------------------------------
---------------------------------
| rollout/           |          |
|    ep_len_mean     | 2.04e+03 |
|    ep_rew_mean     | 1.7e+03  |
| time/              |          |
|    episodes        | 2720     |
|    fps             | 2103     |
|    time_elapsed    | 1188     |
|    total_timesteps | 2500240  |
| train/             |          |
|    actor_loss      | -0.927   |
|    critic_loss     | 0.000153 |
|    ent_coef        | 0.000184 |
|    ent_coef_loss   | -2.01    |
|    learning_rate   | 0.0003   |
|    n_updates       | 156202   |
---------------------------------
---------------------------------
| rollout/           |          |
|    ep_len_mean     | 2e+03    |
|    ep_rew_mean     | 1.65e+03 |
| time/              |          |
|    episodes        | 2724     |
|    fps             | 2103     |
|    time_elapsed    | 1189     |
|    total_timesteps | 2503040  |
| train/             |          |
|    actor_loss      | -0.842   |
|    critic_loss     | 0.000307 |
|    ent_coef        | 0.000183 |
|    ent_coef_loss   | 1.46     |
|    learning_rate   | 0.0003   |
|    n_updates       | 156377   |
---------------------------------
---------------------------------
| rollout/           |          |
|    ep_len_mean     | 1.94e+03 |
|    ep_rew_mean     | 1.65e+03 |
| time/              |          |
|    episodes        | 2728     |
|    fps             | 2103     |
|    time_elapsed    | 1195     |
|    total_timesteps | 2514704  |
| train/             |          |
|    actor_loss      | -0.813   |
|    critic_loss     | 0.00806  |
|    ent_coef        | 0.000189 |
|    ent_coef_loss   | 4.87     |
|    learning_rate   | 0.0003   |
|    n_updates       | 157106   |
---------------------------------
---------------------------------
| rollout/           |          |
|    ep_len_mean     | 1.9e+03  |
|    ep_rew_mean     | 1.65e+03 |
| time/              |          |
|    episodes        | 2732     |
|    fps             | 2103     |
|    time_elapsed    | 1196     |
|    total_timesteps | 2516144  |
| train/             |          |
|    actor_loss      | -0.892   |
|    critic_loss     | 0.0224   |
|    ent_coef        | 0.00019  |
|    ent_coef_loss   | -2.09    |
|    learning_rate   | 0.0003   |
|    n_updates       | 157196   |
---------------------------------
---------------------------------
| rollout/           |          |
|    ep_len_mean     | 1.86e+03 |
|    ep_rew_mean     | 1.66e+03 |
| time/              |          |
|    episodes        | 2736     |
|    fps             | 2103     |
|    time_elapsed    | 1198     |
|    total_timesteps | 2520928  |
| train/             |          |
|    actor_loss      | -0.855   |
|    critic_loss     | 0.000318 |
|    ent_coef        | 0.000185 |
|    ent_coef_loss   | -2.98    |
|    learning_rate   | 0.0003   |
|    n_updates       | 157495   |
---------------------------------
---------------------------------
| rollout/           |          |
|    ep_len_mean     | 1.8e+03  |
|    ep_rew_mean     | 1.73e+03 |
| time/              |          |
|    episodes        | 2740     |
|    fps             | 2103     |
|    time_elapsed    | 1200     |
|    total_timesteps | 2524576  |
| train/             |          |
|    actor_loss      | -0.939   |
|    critic_loss     | 0.000179 |
|    ent_coef        | 0.000184 |
|    ent_coef_loss   | -3.42    |
|    learning_rate   | 0.0003   |
|    n_updates       | 157723   |
---------------------------------
---------------------------------
| rollout/           |          |
|    ep_len_mean     | 1.74e+03 |
|    ep_rew_mean     | 1.78e+03 |
| time/              |          |
|    episodes        | 2744     |
|    fps             | 2103     |
|    time_elapsed    | 1205     |
|    total_timesteps | 2536480  |
| train/             |          |
|    actor_loss      | -0.884   |
|    critic_loss     | 0.000171 |
|    ent_coef        | 0.00017  |
|    ent_coef_loss   | -5.64    |
|    learning_rate   | 0.0003   |
|    n_updates       | 158467   |
---------------------------------
---------------------------------
| rollout/           |          |
|    ep_len_mean     | 1.72e+03 |
|    ep_rew_mean     | 1.73e+03 |
| time/              |          |
|    episodes        | 2748     |
|    fps             | 2103     |
|    time_elapsed    | 1206     |
|    total_timesteps | 2538336  |
| train/             |          |
|    actor_loss      | -0.894   |
|    critic_loss     | 0.00017  |
|    ent_coef        | 0.000169 |
|    ent_coef_loss   | -3.38    |
|    learning_rate   | 0.0003   |
|    n_updates       | 158583   |
---------------------------------
---------------------------------
| rollout/           |          |
|    ep_len_mean     | 1.72e+03 |
|    ep_rew_mean     | 1.69e+03 |
| time/              |          |
|    episodes        | 2752     |
|    fps             | 2103     |
|    time_elapsed    | 1207     |
|    total_timesteps | 2539648  |
| train/             |          |
|    actor_loss      | -0.835   |
|    critic_loss     | 0.00723  |
|    ent_coef        | 0.000168 |
|    ent_coef_loss   | 0.781    |
|    learning_rate   | 0.0003   |
|    n_updates       | 158665   |
---------------------------------
---------------------------------
| rollout/           |          |
|    ep_len_mean     | 1.69e+03 |
|    ep_rew_mean     | 1.62e+03 |
| time/              |          |
|    episodes        | 2756     |
|    fps             | 2103     |
|    time_elapsed    | 1218     |
|    total_timesteps | 2562912  |
| train/             |          |
|    actor_loss      | -0.826   |
|    critic_loss     | 0.000677 |
|    ent_coef        | 0.000193 |
|    ent_coef_loss   | 1.83     |
|    learning_rate   | 0.0003   |
|    n_updates       | 160119   |
---------------------------------
---------------------------------
| rollout/           |          |
|    ep_len_mean     | 1.69e+03 |
|    ep_rew_mean     | 1.71e+03 |
| time/              |          |
|    episodes        | 2760     |
|    fps             | 2103     |
|    time_elapsed    | 1219     |
|    total_timesteps | 2566272  |
| train/             |          |
|    actor_loss      | -0.792   |
|    critic_loss     | 0.000364 |
|    ent_coef        | 0.000196 |
|    ent_coef_loss   | 4.32     |
|    learning_rate   | 0.0003   |
|    n_updates       | 160329   |
---------------------------------
---------------------------------
| rollout/           |          |
|    ep_len_mean     | 1.66e+03 |
|    ep_rew_mean     | 1.77e+03 |
| time/              |          |
|    episodes        | 2764     |
|    fps             | 2103     |
|    time_elapsed    | 1221     |
|    total_timesteps | 2568640  |
| train/             |          |
|    actor_loss      | -0.771   |
|    critic_loss     | 0.000316 |
|    ent_coef        | 0.000196 |
|    ent_coef_loss   | 2.12     |
|    learning_rate   | 0.0003   |
|    n_updates       | 160477   |
---------------------------------
---------------------------------
| rollout/           |          |
|    ep_len_mean     | 1.62e+03 |
|    ep_rew_mean     | 1.71e+03 |
| time/              |          |
|    episodes        | 2768     |
|    fps             | 2103     |
|    time_elapsed    | 1221     |
|    total_timesteps | 2569072  |
| train/             |          |
|    actor_loss      | -0.822   |
|    critic_loss     | 0.00372  |
|    ent_coef        | 0.000195 |
|    ent_coef_loss   | -1.19    |
|    learning_rate   | 0.0003   |
|    n_updates       | 160504   |
---------------------------------
---------------------------------
| rollout/           |          |
|    ep_len_mean     | 1.52e+03 |
|    ep_rew_mean     | 1.61e+03 |
| time/              |          |
|    episodes        | 2772     |
|    fps             | 2103     |
|    time_elapsed    | 1222     |
|    total_timesteps | 2571024  |
| train/             |          |
|    actor_loss      | -0.854   |
|    critic_loss     | 0.00032  |
|    ent_coef        | 0.000189 |
|    ent_coef_loss   | -3.37    |
|    learning_rate   | 0.0003   |
|    n_updates       | 160626   |
---------------------------------
---------------------------------
| rollout/           |          |
|    ep_len_mean     | 1.48e+03 |
|    ep_rew_mean     | 1.56e+03 |
| time/              |          |
|    episodes        | 2776     |
|    fps             | 2103     |
|    time_elapsed    | 1226     |
|    total_timesteps | 2580432  |
| train/             |          |
|    actor_loss      | -0.798   |
|    critic_loss     | 0.000291 |
|    ent_coef        | 0.00018  |
|    ent_coef_loss   | -0.836   |
|    learning_rate   | 0.0003   |
|    n_updates       | 161214   |
---------------------------------
---------------------------------
| rollout/           |          |
|    ep_len_mean     | 1.49e+03 |
|    ep_rew_mean     | 1.56e+03 |
| time/              |          |
|    episodes        | 2780     |
|    fps             | 2103     |
|    time_elapsed    | 1228     |
|    total_timesteps | 2583776  |
| train/             |          |
|    actor_loss      | -0.745   |
|    critic_loss     | 0.000208 |
|    ent_coef        | 0.000181 |
|    ent_coef_loss   | -2.49    |
|    learning_rate   | 0.0003   |
|    n_updates       | 161423   |
---------------------------------
---------------------------------
| rollout/           |          |
|    ep_len_mean     | 1.45e+03 |
|    ep_rew_mean     | 1.53e+03 |
| time/              |          |
|    episodes        | 2784     |
|    fps             | 2103     |
|    time_elapsed    | 1229     |
|    total_timesteps | 2587344  |
| train/             |          |
|    actor_loss      | -0.779   |
|    critic_loss     | 0.000226 |
|    ent_coef        | 0.000177 |
|    ent_coef_loss   | 3.76     |
|    learning_rate   | 0.0003   |
|    n_updates       | 161646   |
---------------------------------
---------------------------------
| rollout/           |          |
|    ep_len_mean     | 1.41e+03 |
|    ep_rew_mean     | 1.52e+03 |
| time/              |          |
|    episodes        | 2788     |
|    fps             | 2103     |
|    time_elapsed    | 1231     |
|    total_timesteps | 2590976  |
| train/             |          |
|    actor_loss      | -0.808   |
|    critic_loss     | 0.000913 |
|    ent_coef        | 0.000181 |
|    ent_coef_loss   | 3.9      |
|    learning_rate   | 0.0003   |
|    n_updates       | 161873   |
---------------------------------
---------------------------------
| rollout/           |          |
|    ep_len_mean     | 1.4e+03  |
|    ep_rew_mean     | 1.49e+03 |
| time/              |          |
|    episodes        | 2792     |
|    fps             | 2103     |
|    time_elapsed    | 1233     |
|    total_timesteps | 2594688  |
| train/             |          |
|    actor_loss      | -0.824   |
|    critic_loss     | 0.000337 |
|    ent_coef        | 0.000177 |
|    ent_coef_loss   | -4.41    |
|    learning_rate   | 0.0003   |
|    n_updates       | 162105   |
---------------------------------
---------------------------------
| rollout/           |          |
|    ep_len_mean     | 1.41e+03 |
|    ep_rew_mean     | 1.51e+03 |
| time/              |          |
|    episodes        | 2796     |
|    fps             | 2103     |
|    time_elapsed    | 1235     |
|    total_timesteps | 2598512  |
| train/             |          |
|    actor_loss      | -0.839   |
|    critic_loss     | 0.00036  |
|    ent_coef        | 0.000175 |
|    ent_coef_loss   | -0.53    |
|    learning_rate   | 0.0003   |
|    n_updates       | 162344   |
---------------------------------
---------------------------------
| rollout/           |          |
|    ep_len_mean     | 1.36e+03 |
|    ep_rew_mean     | 1.51e+03 |
| time/              |          |
|    episodes        | 2800     |
|    fps             | 2103     |
|    time_elapsed    | 1236     |
|    total_timesteps | 2601232  |
| train/             |          |
|    actor_loss      | -0.815   |
|    critic_loss     | 0.000409 |
|    ent_coef        | 0.000178 |
|    ent_coef_loss   | 0.0626   |
|    learning_rate   | 0.0003   |
|    n_updates       | 162514   |
---------------------------------
---------------------------------
| rollout/           |          |
|    ep_len_mean     | 1.33e+03 |
|    ep_rew_mean     | 1.45e+03 |
| time/              |          |
|    episodes        | 2804     |
|    fps             | 2103     |
|    time_elapsed    | 1239     |
|    total_timesteps | 2608576  |
| train/             |          |
|    actor_loss      | -0.854   |
|    critic_loss     | 0.00026  |
|    ent_coef        | 0.000182 |
|    ent_coef_loss   | -1.37    |
|    learning_rate   | 0.0003   |
|    n_updates       | 162973   |
---------------------------------
---------------------------------
| rollout/           |          |
|    ep_len_mean     | 1.3e+03  |
|    ep_rew_mean     | 1.43e+03 |
| time/              |          |
|    episodes        | 2808     |
|    fps             | 2103     |
|    time_elapsed    | 1244     |
|    total_timesteps | 2618160  |
| train/             |          |
|    actor_loss      | -0.828   |
|    critic_loss     | 0.000279 |
|    ent_coef        | 0.000167 |
|    ent_coef_loss   | -2.51    |
|    learning_rate   | 0.0003   |
|    n_updates       | 163572   |
---------------------------------
---------------------------------
| rollout/           |          |
|    ep_len_mean     | 1.31e+03 |
|    ep_rew_mean     | 1.42e+03 |
| time/              |          |
|    episodes        | 2812     |
|    fps             | 2103     |
|    time_elapsed    | 1248     |
|    total_timesteps | 2625920  |
| train/             |          |
|    actor_loss      | -0.846   |
|    critic_loss     | 0.000264 |
|    ent_coef        | 0.000177 |
|    ent_coef_loss   | -1.54    |
|    learning_rate   | 0.0003   |
|    n_updates       | 164057   |
---------------------------------
---------------------------------
| rollout/           |          |
|    ep_len_mean     | 1.31e+03 |
|    ep_rew_mean     | 1.44e+03 |
| time/              |          |
|    episodes        | 2816     |
|    fps             | 2103     |
|    time_elapsed    | 1250     |
|    total_timesteps | 2629632  |
| train/             |          |
|    actor_loss      | -0.758   |
|    critic_loss     | 0.00309  |
|    ent_coef        | 0.000177 |
|    ent_coef_loss   | 5.74     |
|    learning_rate   | 0.0003   |
|    n_updates       | 164289   |
---------------------------------
---------------------------------
| rollout/           |          |
|    ep_len_mean     | 1.34e+03 |
|    ep_rew_mean     | 1.46e+03 |
| time/              |          |
|    episodes        | 2820     |
|    fps             | 2102     |
|    time_elapsed    | 1251     |
|    total_timesteps | 2632384  |
| train/             |          |
|    actor_loss      | -0.791   |
|    critic_loss     | 0.00966  |
|    ent_coef        | 0.000179 |
|    ent_coef_loss   | -2.49    |
|    learning_rate   | 0.0003   |
|    n_updates       | 164461   |
---------------------------------
---------------------------------
| rollout/           |          |
|    ep_len_mean     | 1.36e+03 |
|    ep_rew_mean     | 1.49e+03 |
| time/              |          |
|    episodes        | 2824     |
|    fps             | 2102     |
|    time_elapsed    | 1256     |
|    total_timesteps | 2642048  |
| train/             |          |
|    actor_loss      | -0.782   |
|    critic_loss     | 0.000216 |
|    ent_coef        | 0.000186 |
|    ent_coef_loss   | -0.239   |
|    learning_rate   | 0.0003   |
|    n_updates       | 165065   |
---------------------------------
---------------------------------
| rollout/           |          |
|    ep_len_mean     | 1.37e+03 |
|    ep_rew_mean     | 1.48e+03 |
| time/              |          |
|    episodes        | 2828     |
|    fps             | 2102     |
|    time_elapsed    | 1259     |
|    total_timesteps | 2647936  |
| train/             |          |
|    actor_loss      | -0.897   |
|    critic_loss     | 0.000307 |
|    ent_coef        | 0.000177 |
|    ent_coef_loss   | 2.97     |
|    learning_rate   | 0.0003   |
|    n_updates       | 165433   |
---------------------------------
---------------------------------
| rollout/           |          |
|    ep_len_mean     | 1.36e+03 |
|    ep_rew_mean     | 1.51e+03 |
| time/              |          |
|    episodes        | 2832     |
|    fps             | 2102     |
|    time_elapsed    | 1264     |
|    total_timesteps | 2657744  |
| train/             |          |
|    actor_loss      | -0.826   |
|    critic_loss     | 0.000217 |
|    ent_coef        | 0.000165 |
|    ent_coef_loss   | -1.86    |
|    learning_rate   | 0.0003   |
|    n_updates       | 166046   |
---------------------------------
---------------------------------
| rollout/           |          |
|    ep_len_mean     | 1.37e+03 |
|    ep_rew_mean     | 1.54e+03 |
| time/              |          |
|    episodes        | 2836     |
|    fps             | 2102     |
|    time_elapsed    | 1267     |
|    total_timesteps | 2665904  |
| train/             |          |
|    actor_loss      | -0.877   |
|    critic_loss     | 0.000406 |
|    ent_coef        | 0.000163 |
|    ent_coef_loss   | 2.86     |
|    learning_rate   | 0.0003   |
|    n_updates       | 166556   |
---------------------------------
---------------------------------
| rollout/           |          |
|    ep_len_mean     | 1.37e+03 |
|    ep_rew_mean     | 1.56e+03 |
| time/              |          |
|    episodes        | 2840     |
|    fps             | 2102     |
|    time_elapsed    | 1268     |
|    total_timesteps | 2667744  |
| train/             |          |
|    actor_loss      | -0.766   |
|    critic_loss     | 0.000266 |
|    ent_coef        | 0.000171 |
|    ent_coef_loss   | -1.05    |
|    learning_rate   | 0.0003   |
|    n_updates       | 166671   |
---------------------------------
---------------------------------
| rollout/           |          |
|    ep_len_mean     | 1.39e+03 |
|    ep_rew_mean     | 1.56e+03 |
| time/              |          |
|    episodes        | 2844     |
|    fps             | 2102     |
|    time_elapsed    | 1270     |
|    total_timesteps | 2670960  |
| train/             |          |
|    actor_loss      | -0.889   |
|    critic_loss     | 0.00375  |
|    ent_coef        | 0.000164 |
|    ent_coef_loss   | -2.43    |
|    learning_rate   | 0.0003   |
|    n_updates       | 166872   |
---------------------------------
---------------------------------
| rollout/           |          |
|    ep_len_mean     | 1.38e+03 |
|    ep_rew_mean     | 1.56e+03 |
| time/              |          |
|    episodes        | 2848     |
|    fps             | 2102     |
|    time_elapsed    | 1271     |
|    total_timesteps | 2674176  |
| train/             |          |
|    actor_loss      | -0.843   |
|    critic_loss     | 0.00178  |
|    ent_coef        | 0.000159 |
|    ent_coef_loss   | 2.71     |
|    learning_rate   | 0.0003   |
|    n_updates       | 167073   |
---------------------------------
---------------------------------
| rollout/           |          |
|    ep_len_mean     | 1.38e+03 |
|    ep_rew_mean     | 1.59e+03 |
| time/              |          |
|    episodes        | 2852     |
|    fps             | 2102     |
|    time_elapsed    | 1280     |
|    total_timesteps | 2691872  |
| train/             |          |
|    actor_loss      | -0.755   |
|    critic_loss     | 0.000218 |
|    ent_coef        | 0.000175 |
|    ent_coef_loss   | -1.01    |
|    learning_rate   | 0.0003   |
|    n_updates       | 168179   |
---------------------------------
---------------------------------
| rollout/           |          |
|    ep_len_mean     | 1.37e+03 |
|    ep_rew_mean     | 1.59e+03 |
| time/              |          |
|    episodes        | 2856     |
|    fps             | 2102     |
|    time_elapsed    | 1282     |
|    total_timesteps | 2696208  |
| train/             |          |
|    actor_loss      | -0.836   |
|    critic_loss     | 0.000238 |
|    ent_coef        | 0.000173 |
|    ent_coef_loss   | 1.91     |
|    learning_rate   | 0.0003   |
|    n_updates       | 168450   |
---------------------------------
---------------------------------
| rollout/           |          |
|    ep_len_mean     | 1.37e+03 |
|    ep_rew_mean     | 1.54e+03 |
| time/              |          |
|    episodes        | 2860     |
|    fps             | 2102     |
|    time_elapsed    | 1285     |
|    total_timesteps | 2702688  |
| train/             |          |
|    actor_loss      | -0.819   |
|    critic_loss     | 0.000217 |
|    ent_coef        | 0.000165 |
|    ent_coef_loss   | 1.52     |
|    learning_rate   | 0.0003   |
|    n_updates       | 168855   |
---------------------------------
---------------------------------
| rollout/           |          |
|    ep_len_mean     | 1.41e+03 |
|    ep_rew_mean     | 1.55e+03 |
| time/              |          |
|    episodes        | 2864     |
|    fps             | 2102     |
|    time_elapsed    | 1287     |
|    total_timesteps | 2708272  |
| train/             |          |
|    actor_loss      | -0.793   |
|    critic_loss     | 0.000235 |
|    ent_coef        | 0.000159 |
|    ent_coef_loss   | -4.96    |
|    learning_rate   | 0.0003   |
|    n_updates       | 169204   |
---------------------------------
---------------------------------
| rollout/           |          |
|    ep_len_mean     | 1.41e+03 |
|    ep_rew_mean     | 1.55e+03 |
| time/              |          |
|    episodes        | 2868     |
|    fps             | 2102     |
|    time_elapsed    | 1290     |
|    total_timesteps | 2713072  |
| train/             |          |
|    actor_loss      | -0.825   |
|    critic_loss     | 0.00023  |
|    ent_coef        | 0.000164 |
|    ent_coef_loss   | -1.84    |
|    learning_rate   | 0.0003   |
|    n_updates       | 169504   |
---------------------------------
---------------------------------
| rollout/           |          |
|    ep_len_mean     | 1.47e+03 |
|    ep_rew_mean     | 1.57e+03 |
| time/              |          |
|    episodes        | 2872     |
|    fps             | 2102     |
|    time_elapsed    | 1296     |
|    total_timesteps | 2725936  |
| train/             |          |
|    actor_loss      | -0.814   |
|    critic_loss     | 0.00156  |
|    ent_coef        | 0.000167 |
|    ent_coef_loss   | -3.97    |
|    learning_rate   | 0.0003   |
|    n_updates       | 170308   |
---------------------------------
---------------------------------
| rollout/           |          |
|    ep_len_mean     | 1.5e+03  |
|    ep_rew_mean     | 1.62e+03 |
| time/              |          |
|    episodes        | 2876     |
|    fps             | 2102     |
|    time_elapsed    | 1298     |
|    total_timesteps | 2730512  |
| train/             |          |
|    actor_loss      | -0.836   |
|    critic_loss     | 0.000346 |
|    ent_coef        | 0.000167 |
|    ent_coef_loss   | -2.23    |
|    learning_rate   | 0.0003   |
|    n_updates       | 170594   |
---------------------------------
---------------------------------
| rollout/           |          |
|    ep_len_mean     | 1.49e+03 |
|    ep_rew_mean     | 1.61e+03 |
| time/              |          |
|    episodes        | 2880     |
|    fps             | 2102     |
|    time_elapsed    | 1300     |
|    total_timesteps | 2734928  |
| train/             |          |
|    actor_loss      | -0.827   |
|    critic_loss     | 0.000524 |
|    ent_coef        | 0.000163 |
|    ent_coef_loss   | 6.09     |
|    learning_rate   | 0.0003   |
|    n_updates       | 170870   |
---------------------------------
---------------------------------
| rollout/           |          |
|    ep_len_mean     | 1.53e+03 |
|    ep_rew_mean     | 1.69e+03 |
| time/              |          |
|    episodes        | 2884     |
|    fps             | 2103     |
|    time_elapsed    | 1304     |
|    total_timesteps | 2743056  |
| train/             |          |
|    actor_loss      | -0.875   |
|    critic_loss     | 0.000211 |
|    ent_coef        | 0.000167 |
|    ent_coef_loss   | -3.31    |
|    learning_rate   | 0.0003   |
|    n_updates       | 171378   |
---------------------------------
---------------------------------
| rollout/           |          |
|    ep_len_mean     | 1.58e+03 |
|    ep_rew_mean     | 1.77e+03 |
| time/              |          |
|    episodes        | 2888     |
|    fps             | 2103     |
|    time_elapsed    | 1309     |
|    total_timesteps | 2753408  |
| train/             |          |
|    actor_loss      | -0.795   |
|    critic_loss     | 0.000306 |
|    ent_coef        | 0.000155 |
|    ent_coef_loss   | 1.39     |
|    learning_rate   | 0.0003   |
|    n_updates       | 172025   |
---------------------------------
---------------------------------
| rollout/           |          |
|    ep_len_mean     | 1.62e+03 |
|    ep_rew_mean     | 1.79e+03 |
| time/              |          |
|    episodes        | 2892     |
|    fps             | 2103     |
|    time_elapsed    | 1315     |
|    total_timesteps | 2767312  |
| train/             |          |
|    actor_loss      | -0.817   |
|    critic_loss     | 0.000254 |
|    ent_coef        | 0.000161 |
|    ent_coef_loss   | 1.41     |
|    learning_rate   | 0.0003   |
|    n_updates       | 172894   |
---------------------------------
---------------------------------
| rollout/           |          |
|    ep_len_mean     | 1.64e+03 |
|    ep_rew_mean     | 1.8e+03  |
| time/              |          |
|    episodes        | 2896     |
|    fps             | 2103     |
|    time_elapsed    | 1316     |
|    total_timesteps | 2768336  |
| train/             |          |
|    actor_loss      | -0.771   |
|    critic_loss     | 0.00318  |
|    ent_coef        | 0.000161 |
|    ent_coef_loss   | 1.08     |
|    learning_rate   | 0.0003   |
|    n_updates       | 172958   |
---------------------------------
---------------------------------
| rollout/           |          |
|    ep_len_mean     | 1.7e+03  |
|    ep_rew_mean     | 1.82e+03 |
| time/              |          |
|    episodes        | 2900     |
|    fps             | 2102     |
|    time_elapsed    | 1321     |
|    total_timesteps | 2779088  |
| train/             |          |
|    actor_loss      | -0.782   |
|    critic_loss     | 0.00163  |
|    ent_coef        | 0.000177 |
|    ent_coef_loss   | 1.49     |
|    learning_rate   | 0.0003   |
|    n_updates       | 173630   |
---------------------------------
---------------------------------
| rollout/           |          |
|    ep_len_mean     | 1.76e+03 |
|    ep_rew_mean     | 1.89e+03 |
| time/              |          |
|    episodes        | 2904     |
|    fps             | 2102     |
|    time_elapsed    | 1323     |
|    total_timesteps | 2783536  |
| train/             |          |
|    actor_loss      | -0.768   |
|    critic_loss     | 0.000504 |
|    ent_coef        | 0.000169 |
|    ent_coef_loss   | 1.77     |
|    learning_rate   | 0.0003   |
|    n_updates       | 173908   |
---------------------------------
---------------------------------
| rollout/           |          |
|    ep_len_mean     | 1.75e+03 |
|    ep_rew_mean     | 1.91e+03 |
| time/              |          |
|    episodes        | 2908     |
|    fps             | 2102     |
|    time_elapsed    | 1325     |
|    total_timesteps | 2788336  |
| train/             |          |
|    actor_loss      | -0.783   |
|    critic_loss     | 0.000388 |
|    ent_coef        | 0.000165 |
|    ent_coef_loss   | -1.26    |
|    learning_rate   | 0.0003   |
|    n_updates       | 174208   |
---------------------------------
---------------------------------
| rollout/           |          |
|    ep_len_mean     | 1.74e+03 |
|    ep_rew_mean     | 1.96e+03 |
| time/              |          |
|    episodes        | 2912     |
|    fps             | 2102     |
|    time_elapsed    | 1329     |
|    total_timesteps | 2794928  |
| train/             |          |
|    actor_loss      | -0.81    |
|    critic_loss     | 0.000196 |
|    ent_coef        | 0.000164 |
|    ent_coef_loss   | -2.59    |
|    learning_rate   | 0.0003   |
|    n_updates       | 174620   |
---------------------------------
---------------------------------
| rollout/           |          |
|    ep_len_mean     | 1.75e+03 |
|    ep_rew_mean     | 1.98e+03 |
| time/              |          |
|    episodes        | 2916     |
|    fps             | 2102     |
|    time_elapsed    | 1335     |
|    total_timesteps | 2807552  |
| train/             |          |
|    actor_loss      | -0.815   |
|    critic_loss     | 0.000295 |
|    ent_coef        | 0.000165 |
|    ent_coef_loss   | 0.0825   |
|    learning_rate   | 0.0003   |
|    n_updates       | 175409   |
---------------------------------
---------------------------------
| rollout/           |          |
|    ep_len_mean     | 1.75e+03 |
|    ep_rew_mean     | 1.95e+03 |
| time/              |          |
|    episodes        | 2920     |
|    fps             | 2102     |
|    time_elapsed    | 1336     |
|    total_timesteps | 2810880  |
| train/             |          |
|    actor_loss      | -0.791   |
|    critic_loss     | 0.000306 |
|    ent_coef        | 0.000165 |
|    ent_coef_loss   | -2.77    |
|    learning_rate   | 0.0003   |
|    n_updates       | 175617   |
---------------------------------
---------------------------------
| rollout/           |          |
|    ep_len_mean     | 1.74e+03 |
|    ep_rew_mean     | 1.94e+03 |
| time/              |          |
|    episodes        | 2924     |
|    fps             | 2102     |
|    time_elapsed    | 1340     |
|    total_timesteps | 2817888  |
| train/             |          |
|    actor_loss      | -0.862   |
|    critic_loss     | 0.000678 |
|    ent_coef        | 0.000156 |
|    ent_coef_loss   | -5.71    |
|    learning_rate   | 0.0003   |
|    n_updates       | 176055   |
---------------------------------
---------------------------------
| rollout/           |          |
|    ep_len_mean     | 1.71e+03 |
|    ep_rew_mean     | 1.94e+03 |
| time/              |          |
|    episodes        | 2928     |
|    fps             | 2102     |
|    time_elapsed    | 1341     |
|    total_timesteps | 2820224  |
| train/             |          |
|    actor_loss      | -0.832   |
|    critic_loss     | 0.000307 |
|    ent_coef        | 0.000157 |
|    ent_coef_loss   | -1.53    |
|    learning_rate   | 0.0003   |
|    n_updates       | 176201   |
---------------------------------
---------------------------------
| rollout/           |          |
|    ep_len_mean     | 1.68e+03 |
|    ep_rew_mean     | 1.89e+03 |
| time/              |          |
|    episodes        | 2932     |
|    fps             | 2102     |
|    time_elapsed    | 1343     |
|    total_timesteps | 2823920  |
| train/             |          |
|    actor_loss      | -0.76    |
|    critic_loss     | 0.000948 |
|    ent_coef        | 0.000159 |
|    ent_coef_loss   | -3.24    |
|    learning_rate   | 0.0003   |
|    n_updates       | 176432   |
---------------------------------
---------------------------------
| rollout/           |          |
|    ep_len_mean     | 1.67e+03 |
|    ep_rew_mean     | 1.83e+03 |
| time/              |          |
|    episodes        | 2936     |
|    fps             | 2102     |
|    time_elapsed    | 1346     |
|    total_timesteps | 2831216  |
| train/             |          |
|    actor_loss      | -0.843   |
|    critic_loss     | 0.000207 |
|    ent_coef        | 0.000151 |
|    ent_coef_loss   | -6.66    |
|    learning_rate   | 0.0003   |
|    n_updates       | 176888   |
---------------------------------
---------------------------------
| rollout/           |          |
|    ep_len_mean     | 1.7e+03  |
|    ep_rew_mean     | 1.82e+03 |
| time/              |          |
|    episodes        | 2940     |
|    fps             | 2102     |
|    time_elapsed    | 1349     |
|    total_timesteps | 2836896  |
| train/             |          |
|    actor_loss      | -0.844   |
|    critic_loss     | 0.000218 |
|    ent_coef        | 0.000149 |
|    ent_coef_loss   | -3.88    |
|    learning_rate   | 0.0003   |
|    n_updates       | 177243   |
---------------------------------
---------------------------------
| rollout/           |          |
|    ep_len_mean     | 1.68e+03 |
|    ep_rew_mean     | 1.82e+03 |
| time/              |          |
|    episodes        | 2944     |
|    fps             | 2102     |
|    time_elapsed    | 1350     |
|    total_timesteps | 2838592  |
| train/             |          |
|    actor_loss      | -0.882   |
|    critic_loss     | 0.000171 |
|    ent_coef        | 0.000147 |
|    ent_coef_loss   | -7.79    |
|    learning_rate   | 0.0003   |
|    n_updates       | 177349   |
---------------------------------
---------------------------------
| rollout/           |          |
|    ep_len_mean     | 1.66e+03 |
|    ep_rew_mean     | 1.79e+03 |
| time/              |          |
|    episodes        | 2948     |
|    fps             | 2102     |
|    time_elapsed    | 1352     |
|    total_timesteps | 2843184  |
| train/             |          |
|    actor_loss      | -0.818   |
|    critic_loss     | 0.000192 |
|    ent_coef        | 0.000144 |
|    ent_coef_loss   | -4       |
|    learning_rate   | 0.0003   |
|    n_updates       | 177636   |
---------------------------------
---------------------------------
| rollout/           |          |
|    ep_len_mean     | 1.66e+03 |
|    ep_rew_mean     | 1.76e+03 |
| time/              |          |
|    episodes        | 2952     |
|    fps             | 2102     |
|    time_elapsed    | 1357     |
|    total_timesteps | 2854016  |
| train/             |          |
|    actor_loss      | -0.761   |
|    critic_loss     | 0.000262 |
|    ent_coef        | 0.000145 |
|    ent_coef_loss   | -4.47    |
|    learning_rate   | 0.0003   |
|    n_updates       | 178313   |
---------------------------------
---------------------------------
| rollout/           |          |
|    ep_len_mean     | 1.68e+03 |
|    ep_rew_mean     | 1.76e+03 |
| time/              |          |
|    episodes        | 2956     |
|    fps             | 2102     |
|    time_elapsed    | 1360     |
|    total_timesteps | 2861392  |
| train/             |          |
|    actor_loss      | -0.809   |
|    critic_loss     | 0.00483  |
|    ent_coef        | 0.000137 |
|    ent_coef_loss   | 0.466    |
|    learning_rate   | 0.0003   |
|    n_updates       | 178774   |
---------------------------------
---------------------------------
| rollout/           |          |
|    ep_len_mean     | 1.67e+03 |
|    ep_rew_mean     | 1.81e+03 |
| time/              |          |
|    episodes        | 2960     |
|    fps             | 2102     |
|    time_elapsed    | 1362     |
|    total_timesteps | 2864032  |
| train/             |          |
|    actor_loss      | -0.797   |
|    critic_loss     | 0.000191 |
|    ent_coef        | 0.000137 |
|    ent_coef_loss   | -0.324   |
|    learning_rate   | 0.0003   |
|    n_updates       | 178939   |
---------------------------------
---------------------------------
| rollout/           |          |
|    ep_len_mean     | 1.65e+03 |
|    ep_rew_mean     | 1.86e+03 |
| time/              |          |
|    episodes        | 2964     |
|    fps             | 2102     |
|    time_elapsed    | 1365     |
|    total_timesteps | 2871552  |
| train/             |          |
|    actor_loss      | -0.807   |
|    critic_loss     | 0.000243 |
|    ent_coef        | 0.000136 |
|    ent_coef_loss   | -0.382   |
|    learning_rate   | 0.0003   |
|    n_updates       | 179409   |
---------------------------------
---------------------------------
| rollout/           |          |
|    ep_len_mean     | 1.68e+03 |
|    ep_rew_mean     | 1.86e+03 |
| time/              |          |
|    episodes        | 2968     |
|    fps             | 2102     |
|    time_elapsed    | 1375     |
|    total_timesteps | 2892896  |
| train/             |          |
|    actor_loss      | -0.833   |
|    critic_loss     | 0.000249 |
|    ent_coef        | 0.000127 |
|    ent_coef_loss   | -2.22    |
|    learning_rate   | 0.0003   |
|    n_updates       | 180743   |
---------------------------------
---------------------------------
| rollout/           |          |
|    ep_len_mean     | 1.71e+03 |
|    ep_rew_mean     | 1.91e+03 |
| time/              |          |
|    episodes        | 2972     |
|    fps             | 2085     |
|    time_elapsed    | 1389     |
|    total_timesteps | 2898736  |
| train/             |          |
|    actor_loss      | -0.788   |
|    critic_loss     | 0.000187 |
|    ent_coef        | 0.000124 |
|    ent_coef_loss   | 1.16     |
|    learning_rate   | 0.0003   |
|    n_updates       | 181108   |
---------------------------------
---------------------------------
| rollout/           |          |
|    ep_len_mean     | 1.72e+03 |
|    ep_rew_mean     | 1.84e+03 |
| time/              |          |
|    episodes        | 2976     |
|    fps             | 2085     |
|    time_elapsed    | 1393     |
|    total_timesteps | 2906496  |
| train/             |          |
|    actor_loss      | -0.827   |
|    critic_loss     | 0.000163 |
|    ent_coef        | 0.000129 |
|    ent_coef_loss   | -1.52    |
|    learning_rate   | 0.0003   |
|    n_updates       | 181593   |
---------------------------------
---------------------------------
| rollout/           |          |
|    ep_len_mean     | 1.75e+03 |
|    ep_rew_mean     | 1.75e+03 |
| time/              |          |
|    episodes        | 2980     |
|    fps             | 2085     |
|    time_elapsed    | 1395     |
|    total_timesteps | 2910224  |
| train/             |          |
|    actor_loss      | -0.698   |
|    critic_loss     | 0.000189 |
|    ent_coef        | 0.000125 |
|    ent_coef_loss   | -2.22    |
|    learning_rate   | 0.0003   |
|    n_updates       | 181826   |
---------------------------------
---------------------------------
| rollout/           |          |
|    ep_len_mean     | 1.73e+03 |
|    ep_rew_mean     | 1.64e+03 |
| time/              |          |
|    episodes        | 2984     |
|    fps             | 2085     |
|    time_elapsed    | 1397     |
|    total_timesteps | 2915664  |
| train/             |          |
|    actor_loss      | -0.793   |
|    critic_loss     | 0.00291  |
|    ent_coef        | 0.000128 |
|    ent_coef_loss   | -0.799   |
|    learning_rate   | 0.0003   |
|    n_updates       | 182166   |
---------------------------------
---------------------------------
| rollout/           |          |
|    ep_len_mean     | 1.71e+03 |
|    ep_rew_mean     | 1.59e+03 |
| time/              |          |
|    episodes        | 2988     |
|    fps             | 2085     |
|    time_elapsed    | 1399     |
|    total_timesteps | 2919808  |
| train/             |          |
|    actor_loss      | -0.846   |
|    critic_loss     | 0.000222 |
|    ent_coef        | 0.000132 |
|    ent_coef_loss   | 0.0127   |
|    learning_rate   | 0.0003   |
|    n_updates       | 182425   |
---------------------------------
---------------------------------
| rollout/           |          |
|    ep_len_mean     | 1.69e+03 |
|    ep_rew_mean     | 1.63e+03 |
| time/              |          |
|    episodes        | 2992     |
|    fps             | 2085     |
|    time_elapsed    | 1403     |
|    total_timesteps | 2926368  |
| train/             |          |
|    actor_loss      | -0.716   |
|    critic_loss     | 0.000619 |
|    ent_coef        | 0.00014  |
|    ent_coef_loss   | -1.75    |
|    learning_rate   | 0.0003   |
|    n_updates       | 182835   |
---------------------------------
---------------------------------
| rollout/           |          |
|    ep_len_mean     | 1.65e+03 |
|    ep_rew_mean     | 1.61e+03 |
| time/              |          |
|    episodes        | 2996     |
|    fps             | 2085     |
|    time_elapsed    | 1405     |
|    total_timesteps | 2930512  |
| train/             |          |
|    actor_loss      | -0.773   |
|    critic_loss     | 0.000272 |
|    ent_coef        | 0.00014  |
|    ent_coef_loss   | -3.19    |
|    learning_rate   | 0.0003   |
|    n_updates       | 183094   |
---------------------------------
---------------------------------
| rollout/           |          |
|    ep_len_mean     | 1.62e+03 |
|    ep_rew_mean     | 1.57e+03 |
| time/              |          |
|    episodes        | 3000     |
|    fps             | 2085     |
|    time_elapsed    | 1408     |
|    total_timesteps | 2936752  |
| train/             |          |
|    actor_loss      | -0.812   |
|    critic_loss     | 0.000267 |
|    ent_coef        | 0.00014  |
|    ent_coef_loss   | 1.42     |
|    learning_rate   | 0.0003   |
|    n_updates       | 183484   |
---------------------------------
---------------------------------
| rollout/           |          |
|    ep_len_mean     | 1.6e+03  |
|    ep_rew_mean     | 1.57e+03 |
| time/              |          |
|    episodes        | 3004     |
|    fps             | 2085     |
|    time_elapsed    | 1413     |
|    total_timesteps | 2948992  |
| train/             |          |
|    actor_loss      | -0.778   |
|    critic_loss     | 0.000284 |
|    ent_coef        | 0.000139 |
|    ent_coef_loss   | 2.42     |
|    learning_rate   | 0.0003   |
|    n_updates       | 184249   |
---------------------------------
---------------------------------
| rollout/           |          |
|    ep_len_mean     | 1.62e+03 |
|    ep_rew_mean     | 1.54e+03 |
| time/              |          |
|    episodes        | 3008     |
|    fps             | 2085     |
|    time_elapsed    | 1416     |
|    total_timesteps | 2955152  |
| train/             |          |
|    actor_loss      | -0.759   |
|    critic_loss     | 0.000231 |
|    ent_coef        | 0.000143 |
|    ent_coef_loss   | -0.697   |
|    learning_rate   | 0.0003   |
|    n_updates       | 184634   |
---------------------------------
---------------------------------
| rollout/           |          |
|    ep_len_mean     | 1.59e+03 |
|    ep_rew_mean     | 1.5e+03  |
| time/              |          |
|    episodes        | 3012     |
|    fps             | 2085     |
|    time_elapsed    | 1418     |
|    total_timesteps | 2957904  |
| train/             |          |
|    actor_loss      | -0.742   |
|    critic_loss     | 0.000186 |
|    ent_coef        | 0.000142 |
|    ent_coef_loss   | -0.454   |
|    learning_rate   | 0.0003   |
|    n_updates       | 184806   |
---------------------------------
---------------------------------
| rollout/           |          |
|    ep_len_mean     | 1.59e+03 |
|    ep_rew_mean     | 1.47e+03 |
| time/              |          |
|    episodes        | 3016     |
|    fps             | 2085     |
|    time_elapsed    | 1418     |
|    total_timesteps | 2959248  |
| train/             |          |
|    actor_loss      | -0.76    |
|    critic_loss     | 0.000192 |
|    ent_coef        | 0.00014  |
|    ent_coef_loss   | -1.14    |
|    learning_rate   | 0.0003   |
|    n_updates       | 184890   |
---------------------------------
---------------------------------
| rollout/           |          |
|    ep_len_mean     | 1.57e+03 |
|    ep_rew_mean     | 1.5e+03  |
| time/              |          |
|    episodes        | 3020     |
|    fps             | 2085     |
|    time_elapsed    | 1421     |
|    total_timesteps | 2964656  |
| train/             |          |
|    actor_loss      | -0.844   |
|    critic_loss     | 0.00026  |
|    ent_coef        | 0.000137 |
|    ent_coef_loss   | -1.75    |
|    learning_rate   | 0.0003   |
|    n_updates       | 185228   |
---------------------------------
---------------------------------
| rollout/           |          |
|    ep_len_mean     | 1.54e+03 |
|    ep_rew_mean     | 1.46e+03 |
| time/              |          |
|    episodes        | 3024     |
|    fps             | 2086     |
|    time_elapsed    | 1424     |
|    total_timesteps | 2971264  |
| train/             |          |
|    actor_loss      | -0.742   |
|    critic_loss     | 0.000266 |
|    ent_coef        | 0.000142 |
|    ent_coef_loss   | 5.23     |
|    learning_rate   | 0.0003   |
|    n_updates       | 185641   |
---------------------------------
---------------------------------
| rollout/           |          |
|    ep_len_mean     | 1.57e+03 |
|    ep_rew_mean     | 1.4e+03  |
| time/              |          |
|    episodes        | 3028     |
|    fps             | 2085     |
|    time_elapsed    | 1425     |
|    total_timesteps | 2972736  |
| train/             |          |
|    actor_loss      | -0.779   |
|    critic_loss     | 0.000157 |
|    ent_coef        | 0.000146 |
|    ent_coef_loss   | -0.909   |
|    learning_rate   | 0.0003   |
|    n_updates       | 185733   |
---------------------------------
---------------------------------
| rollout/           |          |
|    ep_len_mean     | 1.59e+03 |
|    ep_rew_mean     | 1.44e+03 |
| time/              |          |
|    episodes        | 3032     |
|    fps             | 2086     |
|    time_elapsed    | 1431     |
|    total_timesteps | 2986096  |
| train/             |          |
|    actor_loss      | -0.739   |
|    critic_loss     | 0.000275 |
|    ent_coef        | 0.000128 |
|    ent_coef_loss   | 7.57     |
|    learning_rate   | 0.0003   |
|    n_updates       | 186568   |
---------------------------------
---------------------------------
| rollout/           |          |
|    ep_len_mean     | 1.61e+03 |
|    ep_rew_mean     | 1.48e+03 |
| time/              |          |
|    episodes        | 3036     |
|    fps             | 2086     |
|    time_elapsed    | 1434     |
|    total_timesteps | 2992272  |
| train/             |          |
|    actor_loss      | -0.83    |
|    critic_loss     | 0.00109  |
|    ent_coef        | 0.000131 |
|    ent_coef_loss   | -4.89    |
|    learning_rate   | 0.0003   |
|    n_updates       | 186954   |
---------------------------------
---------------------------------
| rollout/           |          |
|    ep_len_mean     | 1.57e+03 |
|    ep_rew_mean     | 1.5e+03  |
| time/              |          |
|    episodes        | 3040     |
|    fps             | 2086     |
|    time_elapsed    | 1436     |
|    total_timesteps | 2996768  |
| train/             |          |
|    actor_loss      | -0.791   |
|    critic_loss     | 0.000374 |
|    ent_coef        | 0.000125 |
|    ent_coef_loss   | -0.789   |
|    learning_rate   | 0.0003   |
|    n_updates       | 187235   |
---------------------------------
---------------------------------
| rollout/           |          |
|    ep_len_mean     | 1.6e+03  |
|    ep_rew_mean     | 1.51e+03 |
| time/              |          |
|    episodes        | 3044     |
|    fps             | 2086     |
|    time_elapsed    | 1437     |
|    total_timesteps | 2998512  |
| train/             |          |
|    actor_loss      | -0.823   |
|    critic_loss     | 0.0283   |
|    ent_coef        | 0.000124 |
|    ent_coef_loss   | -4.39    |
|    learning_rate   | 0.0003   |
|    n_updates       | 187344   |
---------------------------------
---------------------------------
| rollout/           |          |
|    ep_len_mean     | 1.64e+03 |
|    ep_rew_mean     | 1.59e+03 |
| time/              |          |
|    episodes        | 3048     |
|    fps             | 2086     |
|    time_elapsed    | 1441     |
|    total_timesteps | 3007168  |
| train/             |          |
|    actor_loss      | -0.671   |
|    critic_loss     | 0.00564  |
|    ent_coef        | 0.000134 |
|    ent_coef_loss   | 0.274    |
|    learning_rate   | 0.0003   |
|    n_updates       | 187885   |
---------------------------------
---------------------------------
| rollout/           |          |
|    ep_len_mean     | 1.63e+03 |
|    ep_rew_mean     | 1.61e+03 |
| time/              |          |
|    episodes        | 3052     |
|    fps             | 2085     |
|    time_elapsed    | 1443     |
|    total_timesteps | 3010064  |
| train/             |          |
|    actor_loss      | -0.752   |
|    critic_loss     | 0.000355 |
|    ent_coef        | 0.000135 |
|    ent_coef_loss   | -0.173   |
|    learning_rate   | 0.0003   |
|    n_updates       | 188066   |
---------------------------------
---------------------------------
| rollout/           |          |
|    ep_len_mean     | 1.59e+03 |
|    ep_rew_mean     | 1.59e+03 |
| time/              |          |
|    episodes        | 3056     |
|    fps             | 2085     |
|    time_elapsed    | 1444     |
|    total_timesteps | 3012880  |
| train/             |          |
|    actor_loss      | -0.807   |
|    critic_loss     | 0.000175 |
|    ent_coef        | 0.000135 |
|    ent_coef_loss   | 1.75     |
|    learning_rate   | 0.0003   |
|    n_updates       | 188242   |
---------------------------------
---------------------------------
| rollout/           |          |
|    ep_len_mean     | 1.58e+03 |
|    ep_rew_mean     | 1.56e+03 |
| time/              |          |
|    episodes        | 3060     |
|    fps             | 2086     |
|    time_elapsed    | 1446     |
|    total_timesteps | 3018352  |
| train/             |          |
|    actor_loss      | -0.811   |
|    critic_loss     | 0.000225 |
|    ent_coef        | 0.000133 |
|    ent_coef_loss   | 0.235    |
|    learning_rate   | 0.0003   |
|    n_updates       | 188584   |
---------------------------------
---------------------------------
| rollout/           |          |
|    ep_len_mean     | 1.54e+03 |
|    ep_rew_mean     | 1.53e+03 |
| time/              |          |
|    episodes        | 3064     |
|    fps             | 2086     |
|    time_elapsed    | 1447     |
|    total_timesteps | 3019840  |
| train/             |          |
|    actor_loss      | -0.752   |
|    critic_loss     | 0.000248 |
|    ent_coef        | 0.000133 |
|    ent_coef_loss   | 2.52     |
|    learning_rate   | 0.0003   |
|    n_updates       | 188677   |
---------------------------------
---------------------------------
| rollout/           |          |
|    ep_len_mean     | 1.49e+03 |
|    ep_rew_mean     | 1.52e+03 |
| time/              |          |
|    episodes        | 3068     |
|    fps             | 2086     |
|    time_elapsed    | 1451     |
|    total_timesteps | 3027600  |
| train/             |          |
|    actor_loss      | -0.791   |
|    critic_loss     | 0.000634 |
|    ent_coef        | 0.000136 |
|    ent_coef_loss   | 1.39     |
|    learning_rate   | 0.0003   |
|    n_updates       | 189162   |
---------------------------------
---------------------------------
| rollout/           |          |
|    ep_len_mean     | 1.43e+03 |
|    ep_rew_mean     | 1.51e+03 |
| time/              |          |
|    episodes        | 3072     |
|    fps             | 2086     |
|    time_elapsed    | 1453     |
|    total_timesteps | 3032048  |
| train/             |          |
|    actor_loss      | -0.795   |
|    critic_loss     | 0.000232 |
|    ent_coef        | 0.000139 |
|    ent_coef_loss   | -1.28    |
|    learning_rate   | 0.0003   |
|    n_updates       | 189440   |
---------------------------------
---------------------------------
| rollout/           |          |
|    ep_len_mean     | 1.39e+03 |
|    ep_rew_mean     | 1.54e+03 |
| time/              |          |
|    episodes        | 3076     |
|    fps             | 2086     |
|    time_elapsed    | 1455     |
|    total_timesteps | 3036304  |
| train/             |          |
|    actor_loss      | -0.786   |
|    critic_loss     | 0.000196 |
|    ent_coef        | 0.000135 |
|    ent_coef_loss   | -0.663   |
|    learning_rate   | 0.0003   |
|    n_updates       | 189706   |
---------------------------------
---------------------------------
| rollout/           |          |
|    ep_len_mean     | 1.35e+03 |
|    ep_rew_mean     | 1.59e+03 |
| time/              |          |
|    episodes        | 3080     |
|    fps             | 2086     |
|    time_elapsed    | 1459     |
|    total_timesteps | 3044960  |
| train/             |          |
|    actor_loss      | -0.763   |
|    critic_loss     | 0.00187  |
|    ent_coef        | 0.00013  |
|    ent_coef_loss   | 2.05     |
|    learning_rate   | 0.0003   |
|    n_updates       | 190247   |
---------------------------------
---------------------------------
| rollout/           |          |
|    ep_len_mean     | 1.33e+03 |
|    ep_rew_mean     | 1.63e+03 |
| time/              |          |
|    episodes        | 3084     |
|    fps             | 2086     |
|    time_elapsed    | 1461     |
|    total_timesteps | 3048528  |
| train/             |          |
|    actor_loss      | -0.749   |
|    critic_loss     | 0.00021  |
|    ent_coef        | 0.000136 |
|    ent_coef_loss   | 1.06     |
|    learning_rate   | 0.0003   |
|    n_updates       | 190470   |
---------------------------------
---------------------------------
| rollout/           |          |
|    ep_len_mean     | 1.34e+03 |
|    ep_rew_mean     | 1.62e+03 |
| time/              |          |
|    episodes        | 3088     |
|    fps             | 2086     |
|    time_elapsed    | 1462     |
|    total_timesteps | 3050144  |
| train/             |          |
|    actor_loss      | -0.812   |
|    critic_loss     | 0.000249 |
|    ent_coef        | 0.000134 |
|    ent_coef_loss   | -4.12    |
|    learning_rate   | 0.0003   |
|    n_updates       | 190571   |
---------------------------------
---------------------------------
| rollout/           |          |
|    ep_len_mean     | 1.33e+03 |
|    ep_rew_mean     | 1.59e+03 |
| time/              |          |
|    episodes        | 3092     |
|    fps             | 2086     |
|    time_elapsed    | 1468     |
|    total_timesteps | 3063760  |
| train/             |          |
|    actor_loss      | -0.887   |
|    critic_loss     | 0.000187 |
|    ent_coef        | 0.000136 |
|    ent_coef_loss   | -0.147   |
|    learning_rate   | 0.0003   |
|    n_updates       | 191422   |
---------------------------------
---------------------------------
| rollout/           |          |
|    ep_len_mean     | 1.35e+03 |
|    ep_rew_mean     | 1.59e+03 |
| time/              |          |
|    episodes        | 3096     |
|    fps             | 2086     |
|    time_elapsed    | 1472     |
|    total_timesteps | 3072464  |
| train/             |          |
|    actor_loss      | -0.766   |
|    critic_loss     | 0.00135  |
|    ent_coef        | 0.000139 |
|    ent_coef_loss   | 0.989    |
|    learning_rate   | 0.0003   |
|    n_updates       | 191966   |
---------------------------------
---------------------------------
| rollout/           |          |
|    ep_len_mean     | 1.36e+03 |
|    ep_rew_mean     | 1.65e+03 |
| time/              |          |
|    episodes        | 3100     |
|    fps             | 2085     |
|    time_elapsed    | 1473     |
|    total_timesteps | 3072864  |
| train/             |          |
|    actor_loss      | -0.815   |
|    critic_loss     | 0.000269 |
|    ent_coef        | 0.000139 |
|    ent_coef_loss   | 2.16     |
|    learning_rate   | 0.0003   |
|    n_updates       | 191991   |
---------------------------------
---------------------------------
| rollout/           |          |
|    ep_len_mean     | 1.38e+03 |
|    ep_rew_mean     | 1.63e+03 |
| time/              |          |
|    episodes        | 3104     |
|    fps             | 2085     |
|    time_elapsed    | 1475     |
|    total_timesteps | 3077744  |
| train/             |          |
|    actor_loss      | -0.85    |
|    critic_loss     | 0.000206 |
|    ent_coef        | 0.000141 |
|    ent_coef_loss   | 2.53     |
|    learning_rate   | 0.0003   |
|    n_updates       | 192296   |
---------------------------------
---------------------------------
| rollout/           |          |
|    ep_len_mean     | 1.37e+03 |
|    ep_rew_mean     | 1.7e+03  |
| time/              |          |
|    episodes        | 3108     |
|    fps             | 2085     |
|    time_elapsed    | 1481     |
|    total_timesteps | 3089104  |
| train/             |          |
|    actor_loss      | -0.816   |
|    critic_loss     | 0.000392 |
|    ent_coef        | 0.000159 |
|    ent_coef_loss   | 0.758    |
|    learning_rate   | 0.0003   |
|    n_updates       | 193006   |
---------------------------------
---------------------------------
| rollout/           |          |
|    ep_len_mean     | 1.41e+03 |
|    ep_rew_mean     | 1.67e+03 |
| time/              |          |
|    episodes        | 3112     |
|    fps             | 2085     |
|    time_elapsed    | 1488     |
|    total_timesteps | 3104192  |
| train/             |          |
|    actor_loss      | -0.831   |
|    critic_loss     | 0.000276 |
|    ent_coef        | 0.000163 |
|    ent_coef_loss   | -1.55    |
|    learning_rate   | 0.0003   |
|    n_updates       | 193949   |
---------------------------------
---------------------------------
| rollout/           |          |
|    ep_len_mean     | 1.43e+03 |
|    ep_rew_mean     | 1.73e+03 |
| time/              |          |
|    episodes        | 3116     |
|    fps             | 2085     |
|    time_elapsed    | 1489     |
|    total_timesteps | 3107344  |
| train/             |          |
|    actor_loss      | -0.822   |
|    critic_loss     | 0.00034  |
|    ent_coef        | 0.000166 |
|    ent_coef_loss   | -0.152   |
|    learning_rate   | 0.0003   |
|    n_updates       | 194146   |
---------------------------------
---------------------------------
| rollout/           |          |
|    ep_len_mean     | 1.46e+03 |
|    ep_rew_mean     | 1.72e+03 |
| time/              |          |
|    episodes        | 3120     |
|    fps             | 2085     |
|    time_elapsed    | 1491     |
|    total_timesteps | 3110528  |
| train/             |          |
|    actor_loss      | -0.771   |
|    critic_loss     | 0.000474 |
|    ent_coef        | 0.000167 |
|    ent_coef_loss   | 1.22     |
|    learning_rate   | 0.0003   |
|    n_updates       | 194345   |
---------------------------------
---------------------------------
| rollout/           |          |
|    ep_len_mean     | 1.52e+03 |
|    ep_rew_mean     | 1.77e+03 |
| time/              |          |
|    episodes        | 3124     |
|    fps             | 2085     |
|    time_elapsed    | 1497     |
|    total_timesteps | 3124608  |
| train/             |          |
|    actor_loss      | -0.72    |
|    critic_loss     | 0.000214 |
|    ent_coef        | 0.000157 |
|    ent_coef_loss   | 0.586    |
|    learning_rate   | 0.0003   |
|    n_updates       | 195225   |
---------------------------------
---------------------------------
| rollout/           |          |
|    ep_len_mean     | 1.52e+03 |
|    ep_rew_mean     | 1.85e+03 |
| time/              |          |
|    episodes        | 3128     |
|    fps             | 2085     |
|    time_elapsed    | 1501     |
|    total_timesteps | 3131120  |
| train/             |          |
|    actor_loss      | -0.828   |
|    critic_loss     | 0.000474 |
|    ent_coef        | 0.000163 |
|    ent_coef_loss   | 1.03     |
|    learning_rate   | 0.0003   |
|    n_updates       | 195632   |
---------------------------------
---------------------------------
| rollout/           |          |
|    ep_len_mean     | 1.54e+03 |
|    ep_rew_mean     | 1.83e+03 |
| time/              |          |
|    episodes        | 3132     |
|    fps             | 2086     |
|    time_elapsed    | 1503     |
|    total_timesteps | 3136320  |
| train/             |          |
|    actor_loss      | -0.873   |
|    critic_loss     | 0.00021  |
|    ent_coef        | 0.000164 |
|    ent_coef_loss   | -2.27    |
|    learning_rate   | 0.0003   |
|    n_updates       | 195957   |
---------------------------------
---------------------------------
| rollout/           |          |
|    ep_len_mean     | 1.54e+03 |
|    ep_rew_mean     | 1.84e+03 |
| time/              |          |
|    episodes        | 3136     |
|    fps             | 2086     |
|    time_elapsed    | 1511     |
|    total_timesteps | 3153680  |
| train/             |          |
|    actor_loss      | -0.843   |
|    critic_loss     | 0.0177   |
|    ent_coef        | 0.000162 |
|    ent_coef_loss   | 0.395    |
|    learning_rate   | 0.0003   |
|    n_updates       | 197042   |
---------------------------------
---------------------------------
| rollout/           |          |
|    ep_len_mean     | 1.57e+03 |
|    ep_rew_mean     | 1.85e+03 |
| time/              |          |
|    episodes        | 3140     |
|    fps             | 2086     |
|    time_elapsed    | 1513     |
|    total_timesteps | 3156448  |
| train/             |          |
|    actor_loss      | -0.749   |
|    critic_loss     | 0.000267 |
|    ent_coef        | 0.000166 |
|    ent_coef_loss   | 0.165    |
|    learning_rate   | 0.0003   |
|    n_updates       | 197215   |
---------------------------------
---------------------------------
| rollout/           |          |
|    ep_len_mean     | 1.59e+03 |
|    ep_rew_mean     | 1.83e+03 |
| time/              |          |
|    episodes        | 3144     |
|    fps             | 2086     |
|    time_elapsed    | 1516     |
|    total_timesteps | 3163376  |
| train/             |          |
|    actor_loss      | -0.773   |
|    critic_loss     | 0.0002   |
|    ent_coef        | 0.000179 |
|    ent_coef_loss   | -0.317   |
|    learning_rate   | 0.0003   |
|    n_updates       | 197648   |
---------------------------------
---------------------------------
| rollout/           |          |
|    ep_len_mean     | 1.61e+03 |
|    ep_rew_mean     | 1.73e+03 |
| time/              |          |
|    episodes        | 3148     |
|    fps             | 2086     |
|    time_elapsed    | 1520     |
|    total_timesteps | 3171920  |
| train/             |          |
|    actor_loss      | -0.737   |
|    critic_loss     | 0.000236 |
|    ent_coef        | 0.000156 |
|    ent_coef_loss   | 1.42     |
|    learning_rate   | 0.0003   |
|    n_updates       | 198182   |
---------------------------------
---------------------------------
| rollout/           |          |
|    ep_len_mean     | 1.63e+03 |
|    ep_rew_mean     | 1.78e+03 |
| time/              |          |
|    episodes        | 3152     |
|    fps             | 2086     |
|    time_elapsed    | 1527     |
|    total_timesteps | 3186960  |
| train/             |          |
|    actor_loss      | -0.872   |
|    critic_loss     | 0.000189 |
|    ent_coef        | 0.000147 |
|    ent_coef_loss   | 3.38     |
|    learning_rate   | 0.0003   |
|    n_updates       | 199122   |
---------------------------------
---------------------------------
| rollout/           |          |
|    ep_len_mean     | 1.68e+03 |
|    ep_rew_mean     | 1.84e+03 |
| time/              |          |
|    episodes        | 3156     |
|    fps             | 2086     |
|    time_elapsed    | 1529     |
|    total_timesteps | 3190352  |
| train/             |          |
|    actor_loss      | -0.837   |
|    critic_loss     | 0.000262 |
|    ent_coef        | 0.00015  |
|    ent_coef_loss   | 0.806    |
|    learning_rate   | 0.0003   |
|    n_updates       | 199334   |
---------------------------------
---------------------------------
| rollout/           |          |
|    ep_len_mean     | 1.71e+03 |
|    ep_rew_mean     | 1.82e+03 |
| time/              |          |
|    episodes        | 3160     |
|    fps             | 2086     |
|    time_elapsed    | 1531     |
|    total_timesteps | 3195536  |
| train/             |          |
|    actor_loss      | -0.786   |
|    critic_loss     | 0.000184 |
|    ent_coef        | 0.00015  |
|    ent_coef_loss   | -1.97    |
|    learning_rate   | 0.0003   |
|    n_updates       | 199658   |
---------------------------------
---------------------------------
| rollout/           |          |
|    ep_len_mean     | 1.76e+03 |
|    ep_rew_mean     | 1.91e+03 |
| time/              |          |
|    episodes        | 3164     |
|    fps             | 2086     |
|    time_elapsed    | 1538     |
|    total_timesteps | 3210016  |
| train/             |          |
|    actor_loss      | -0.866   |
|    critic_loss     | 0.005    |
|    ent_coef        | 0.000159 |
|    ent_coef_loss   | -2.14    |
|    learning_rate   | 0.0003   |
|    n_updates       | 200563   |
---------------------------------
---------------------------------
| rollout/           |          |
|    ep_len_mean     | 1.82e+03 |
|    ep_rew_mean     | 2e+03    |
| time/              |          |
|    episodes        | 3168     |
|    fps             | 2086     |
|    time_elapsed    | 1542     |
|    total_timesteps | 3218848  |
| train/             |          |
|    actor_loss      | -0.864   |
|    critic_loss     | 0.000176 |
|    ent_coef        | 0.00015  |
|    ent_coef_loss   | -0.689   |
|    learning_rate   | 0.0003   |
|    n_updates       | 201115   |
---------------------------------
---------------------------------
| rollout/           |          |
|    ep_len_mean     | 1.87e+03 |
|    ep_rew_mean     | 2.01e+03 |
| time/              |          |
|    episodes        | 3172     |
|    fps             | 2086     |
|    time_elapsed    | 1544     |
|    total_timesteps | 3223248  |
| train/             |          |
|    actor_loss      | -0.805   |
|    critic_loss     | 0.000192 |
|    ent_coef        | 0.000148 |
|    ent_coef_loss   | -4.2     |
|    learning_rate   | 0.0003   |
|    n_updates       | 201390   |
---------------------------------
---------------------------------
| rollout/           |          |
|    ep_len_mean     | 1.91e+03 |
|    ep_rew_mean     | 2.11e+03 |
| time/              |          |
|    episodes        | 3176     |
|    fps             | 2086     |
|    time_elapsed    | 1547     |
|    total_timesteps | 3229744  |
| train/             |          |
|    actor_loss      | -0.849   |
|    critic_loss     | 0.000174 |
|    ent_coef        | 0.000142 |
|    ent_coef_loss   | 1.48     |
|    learning_rate   | 0.0003   |
|    n_updates       | 201796   |
---------------------------------
---------------------------------
| rollout/           |          |
|    ep_len_mean     | 1.93e+03 |
|    ep_rew_mean     | 2.18e+03 |
| time/              |          |
|    episodes        | 3180     |
|    fps             | 2087     |
|    time_elapsed    | 1554     |
|    total_timesteps | 3243408  |
| train/             |          |
|    actor_loss      | -0.833   |
|    critic_loss     | 0.0109   |
|    ent_coef        | 0.000145 |
|    ent_coef_loss   | 0.872    |
|    learning_rate   | 0.0003   |
|    n_updates       | 202650   |
---------------------------------
---------------------------------
| rollout/           |          |
|    ep_len_mean     | 1.95e+03 |
|    ep_rew_mean     | 2.21e+03 |
| time/              |          |
|    episodes        | 3184     |
|    fps             | 2087     |
|    time_elapsed    | 1558     |
|    total_timesteps | 3253776  |
| train/             |          |
|    actor_loss      | -0.799   |
|    critic_loss     | 0.0117   |
|    ent_coef        | 0.000146 |
|    ent_coef_loss   | 0.877    |
|    learning_rate   | 0.0003   |
|    n_updates       | 203298   |
---------------------------------
---------------------------------
| rollout/           |          |
|    ep_len_mean     | 1.98e+03 |
|    ep_rew_mean     | 2.16e+03 |
| time/              |          |
|    episodes        | 3188     |
|    fps             | 2087     |
|    time_elapsed    | 1560     |
|    total_timesteps | 3257088  |
| train/             |          |
|    actor_loss      | -0.692   |
|    critic_loss     | 0.000203 |
|    ent_coef        | 0.000153 |
|    ent_coef_loss   | 6.31     |
|    learning_rate   | 0.0003   |
|    n_updates       | 203505   |
---------------------------------
---------------------------------
| rollout/           |          |
|    ep_len_mean     | 2.02e+03 |
|    ep_rew_mean     | 2.17e+03 |
| time/              |          |
|    episodes        | 3192     |
|    fps             | 2087     |
|    time_elapsed    | 1563     |
|    total_timesteps | 3263984  |
| train/             |          |
|    actor_loss      | -0.788   |
|    critic_loss     | 0.00296  |
|    ent_coef        | 0.000165 |
|    ent_coef_loss   | -2.4     |
|    learning_rate   | 0.0003   |
|    n_updates       | 203936   |
---------------------------------
---------------------------------
| rollout/           |          |
|    ep_len_mean     | 2.05e+03 |
|    ep_rew_mean     | 2.22e+03 |
| time/              |          |
|    episodes        | 3196     |
|    fps             | 2087     |
|    time_elapsed    | 1570     |
|    total_timesteps | 3277456  |
| train/             |          |
|    actor_loss      | -0.893   |
|    critic_loss     | 0.000233 |
|    ent_coef        | 0.00015  |
|    ent_coef_loss   | -3.52    |
|    learning_rate   | 0.0003   |
|    n_updates       | 204778   |
---------------------------------
---------------------------------
| rollout/           |          |
|    ep_len_mean     | 2.08e+03 |
|    ep_rew_mean     | 2.14e+03 |
| time/              |          |
|    episodes        | 3200     |
|    fps             | 2087     |
|    time_elapsed    | 1574     |
|    total_timesteps | 3286416  |
| train/             |          |
|    actor_loss      | -0.879   |
|    critic_loss     | 0.000413 |
|    ent_coef        | 0.000149 |
|    ent_coef_loss   | 2.97     |
|    learning_rate   | 0.0003   |
|    n_updates       | 205338   |
---------------------------------
---------------------------------
| rollout/           |          |
|    ep_len_mean     | 2.07e+03 |
|    ep_rew_mean     | 2.13e+03 |
| time/              |          |
|    episodes        | 3204     |
|    fps             | 2087     |
|    time_elapsed    | 1578     |
|    total_timesteps | 3294608  |
| train/             |          |
|    actor_loss      | -0.817   |
|    critic_loss     | 0.000217 |
|    ent_coef        | 0.000145 |
|    ent_coef_loss   | -4.31    |
|    learning_rate   | 0.0003   |
|    n_updates       | 205850   |
---------------------------------
---------------------------------
| rollout/           |          |
|    ep_len_mean     | 2.1e+03  |
|    ep_rew_mean     | 2.09e+03 |
| time/              |          |
|    episodes        | 3208     |
|    fps             | 2087     |
|    time_elapsed    | 1581     |
|    total_timesteps | 3300864  |
| train/             |          |
|    actor_loss      | -0.843   |
|    critic_loss     | 0.000192 |
|    ent_coef        | 0.000142 |
|    ent_coef_loss   | -0.941   |
|    learning_rate   | 0.0003   |
|    n_updates       | 206241   |
---------------------------------
---------------------------------
| rollout/           |          |
|    ep_len_mean     | 2.1e+03  |
|    ep_rew_mean     | 2.08e+03 |
| time/              |          |
|    episodes        | 3212     |
|    fps             | 2087     |
|    time_elapsed    | 1584     |
|    total_timesteps | 3308384  |
| train/             |          |
|    actor_loss      | -0.873   |
|    critic_loss     | 0.000246 |
|    ent_coef        | 0.000148 |
|    ent_coef_loss   | -4.99    |
|    learning_rate   | 0.0003   |
|    n_updates       | 206711   |
---------------------------------
---------------------------------
| rollout/           |          |
|    ep_len_mean     | 2.1e+03  |
|    ep_rew_mean     | 2.08e+03 |
| time/              |          |
|    episodes        | 3216     |
|    fps             | 2087     |
|    time_elapsed    | 1589     |
|    total_timesteps | 3318000  |
| train/             |          |
|    actor_loss      | -0.831   |
|    critic_loss     | 0.000268 |
|    ent_coef        | 0.000136 |
|    ent_coef_loss   | 0.616    |
|    learning_rate   | 0.0003   |
|    n_updates       | 207312   |
---------------------------------
---------------------------------
| rollout/           |          |
|    ep_len_mean     | 2.09e+03 |
|    ep_rew_mean     | 2.11e+03 |
| time/              |          |
|    episodes        | 3220     |
|    fps             | 2088     |
|    time_elapsed    | 1594     |
|    total_timesteps | 3329296  |
| train/             |          |
|    actor_loss      | -0.809   |
|    critic_loss     | 0.000222 |
|    ent_coef        | 0.00013  |
|    ent_coef_loss   | -0.11    |
|    learning_rate   | 0.0003   |
|    n_updates       | 208018   |
---------------------------------
---------------------------------
| rollout/           |          |
|    ep_len_mean     | 2.1e+03  |
|    ep_rew_mean     | 2.13e+03 |
| time/              |          |
|    episodes        | 3224     |
|    fps             | 2088     |
|    time_elapsed    | 1596     |
|    total_timesteps | 3333888  |
| train/             |          |
|    actor_loss      | -0.832   |
|    critic_loss     | 0.00031  |
|    ent_coef        | 0.000134 |
|    ent_coef_loss   | -2.05    |
|    learning_rate   | 0.0003   |
|    n_updates       | 208305   |
---------------------------------
---------------------------------
| rollout/           |          |
|    ep_len_mean     | 2.11e+03 |
|    ep_rew_mean     | 2.18e+03 |
| time/              |          |
|    episodes        | 3228     |
|    fps             | 2087     |
|    time_elapsed    | 1599     |
|    total_timesteps | 3339424  |
| train/             |          |
|    actor_loss      | -0.89    |
|    critic_loss     | 0.000651 |
|    ent_coef        | 0.000127 |
|    ent_coef_loss   | -1.78    |
|    learning_rate   | 0.0003   |
|    n_updates       | 208651   |
---------------------------------
---------------------------------
| rollout/           |          |
|    ep_len_mean     | 2.12e+03 |
|    ep_rew_mean     | 2.2e+03  |
| time/              |          |
|    episodes        | 3232     |
|    fps             | 2088     |
|    time_elapsed    | 1605     |
|    total_timesteps | 3352880  |
| train/             |          |
|    actor_loss      | -0.828   |
|    critic_loss     | 0.00345  |
|    ent_coef        | 0.00012  |
|    ent_coef_loss   | 2.08     |
|    learning_rate   | 0.0003   |
|    n_updates       | 209492   |
---------------------------------
---------------------------------
| rollout/           |          |
|    ep_len_mean     | 2.13e+03 |
|    ep_rew_mean     | 2.18e+03 |
| time/              |          |
|    episodes        | 3236     |
|    fps             | 2088     |
|    time_elapsed    | 1606     |
|    total_timesteps | 3354496  |
| train/             |          |
|    actor_loss      | -0.781   |
|    critic_loss     | 0.000341 |
|    ent_coef        | 0.00012  |
|    ent_coef_loss   | 0.676    |
|    learning_rate   | 0.0003   |
|    n_updates       | 209593   |
---------------------------------
---------------------------------
| rollout/           |          |
|    ep_len_mean     | 2.11e+03 |
|    ep_rew_mean     | 2.14e+03 |
| time/              |          |
|    episodes        | 3240     |
|    fps             | 2088     |
|    time_elapsed    | 1611     |
|    total_timesteps | 3364720  |
| train/             |          |
|    actor_loss      | -0.897   |
|    critic_loss     | 0.000358 |
|    ent_coef        | 0.000123 |
|    ent_coef_loss   | 3.59     |
|    learning_rate   | 0.0003   |
|    n_updates       | 210232   |
---------------------------------
---------------------------------
| rollout/           |          |
|    ep_len_mean     | 2.1e+03  |
|    ep_rew_mean     | 2.21e+03 |
| time/              |          |
|    episodes        | 3244     |
|    fps             | 2088     |
|    time_elapsed    | 1613     |
|    total_timesteps | 3369408  |
| train/             |          |
|    actor_loss      | -0.887   |
|    critic_loss     | 0.000198 |
|    ent_coef        | 0.000126 |
|    ent_coef_loss   | -1.55    |
|    learning_rate   | 0.0003   |
|    n_updates       | 210525   |
---------------------------------
---------------------------------
| rollout/           |          |
|    ep_len_mean     | 2.07e+03 |
|    ep_rew_mean     | 2.27e+03 |
| time/              |          |
|    episodes        | 3248     |
|    fps             | 2088     |
|    time_elapsed    | 1617     |
|    total_timesteps | 3377376  |
| train/             |          |
|    actor_loss      | -0.789   |
|    critic_loss     | 0.00026  |
|    ent_coef        | 0.000136 |
|    ent_coef_loss   | -0.949   |
|    learning_rate   | 0.0003   |
|    n_updates       | 211023   |
---------------------------------
---------------------------------
| rollout/           |          |
|    ep_len_mean     | 2.06e+03 |
|    ep_rew_mean     | 2.2e+03  |
| time/              |          |
|    episodes        | 3252     |
|    fps             | 2088     |
|    time_elapsed    | 1620     |
|    total_timesteps | 3384496  |
| train/             |          |
|    actor_loss      | -0.891   |
|    critic_loss     | 0.000268 |
|    ent_coef        | 0.000129 |
|    ent_coef_loss   | 1        |
|    learning_rate   | 0.0003   |
|    n_updates       | 211468   |
---------------------------------
---------------------------------
| rollout/           |          |
|    ep_len_mean     | 2.04e+03 |
|    ep_rew_mean     | 2.13e+03 |
| time/              |          |
|    episodes        | 3256     |
|    fps             | 2088     |
|    time_elapsed    | 1623     |
|    total_timesteps | 3390144  |
| train/             |          |
|    actor_loss      | -0.877   |
|    critic_loss     | 0.00028  |
|    ent_coef        | 0.000126 |
|    ent_coef_loss   | 0.122    |
|    learning_rate   | 0.0003   |
|    n_updates       | 211821   |
---------------------------------
---------------------------------
| rollout/           |          |
|    ep_len_mean     | 2.01e+03 |
|    ep_rew_mean     | 2.14e+03 |
| time/              |          |
|    episodes        | 3260     |
|    fps             | 2088     |
|    time_elapsed    | 1625     |
|    total_timesteps | 3395328  |
| train/             |          |
|    actor_loss      | -0.901   |
|    critic_loss     | 0.000179 |
|    ent_coef        | 0.000129 |
|    ent_coef_loss   | -0.0829  |
|    learning_rate   | 0.0003   |
|    n_updates       | 212145   |
---------------------------------
---------------------------------
| rollout/           |          |
|    ep_len_mean     | 2e+03    |
|    ep_rew_mean     | 2.11e+03 |
| time/              |          |
|    episodes        | 3264     |
|    fps             | 2088     |
|    time_elapsed    | 1627     |
|    total_timesteps | 3399840  |
| train/             |          |
|    actor_loss      | -0.835   |
|    critic_loss     | 0.000251 |
|    ent_coef        | 0.000125 |
|    ent_coef_loss   | 1.11     |
|    learning_rate   | 0.0003   |
|    n_updates       | 212427   |
---------------------------------
---------------------------------
| rollout/           |          |
|    ep_len_mean     | 1.96e+03 |
|    ep_rew_mean     | 2e+03    |
| time/              |          |
|    episodes        | 3268     |
|    fps             | 2088     |
|    time_elapsed    | 1631     |
|    total_timesteps | 3408128  |
| train/             |          |
|    actor_loss      | -0.8     |
|    critic_loss     | 0.000227 |
|    ent_coef        | 0.000118 |
|    ent_coef_loss   | 0.126    |
|    learning_rate   | 0.0003   |
|    n_updates       | 212945   |
---------------------------------
---------------------------------
| rollout/           |          |
|    ep_len_mean     | 1.93e+03 |
|    ep_rew_mean     | 2e+03    |
| time/              |          |
|    episodes        | 3272     |
|    fps             | 2088     |
|    time_elapsed    | 1634     |
|    total_timesteps | 3413712  |
| train/             |          |
|    actor_loss      | -0.844   |
|    critic_loss     | 0.0003   |
|    ent_coef        | 0.000119 |
|    ent_coef_loss   | 5.18     |
|    learning_rate   | 0.0003   |
|    n_updates       | 213294   |
---------------------------------
---------------------------------
| rollout/           |          |
|    ep_len_mean     | 1.89e+03 |
|    ep_rew_mean     | 1.9e+03  |
| time/              |          |
|    episodes        | 3276     |
|    fps             | 2088     |
|    time_elapsed    | 1636     |
|    total_timesteps | 3418272  |
| train/             |          |
|    actor_loss      | -0.833   |
|    critic_loss     | 0.000299 |
|    ent_coef        | 0.000119 |
|    ent_coef_loss   | 1.94     |
|    learning_rate   | 0.0003   |
|    n_updates       | 213579   |
---------------------------------
---------------------------------
| rollout/           |          |
|    ep_len_mean     | 1.87e+03 |
|    ep_rew_mean     | 1.86e+03 |
| time/              |          |
|    episodes        | 3280     |
|    fps             | 2088     |
|    time_elapsed    | 1642     |
|    total_timesteps | 3429872  |
| train/             |          |
|    actor_loss      | -0.938   |
|    critic_loss     | 0.00498  |
|    ent_coef        | 0.00012  |
|    ent_coef_loss   | -0.783   |
|    learning_rate   | 0.0003   |
|    n_updates       | 214304   |
---------------------------------
---------------------------------
| rollout/           |          |
|    ep_len_mean     | 1.88e+03 |
|    ep_rew_mean     | 1.84e+03 |
| time/              |          |
|    episodes        | 3284     |
|    fps             | 2088     |
|    time_elapsed    | 1644     |
|    total_timesteps | 3434384  |
| train/             |          |
|    actor_loss      | -0.849   |
|    critic_loss     | 0.000204 |
|    ent_coef        | 0.000126 |
|    ent_coef_loss   | -1.24    |
|    learning_rate   | 0.0003   |
|    n_updates       | 214586   |
---------------------------------
---------------------------------
| rollout/           |          |
|    ep_len_mean     | 1.85e+03 |
|    ep_rew_mean     | 1.91e+03 |
| time/              |          |
|    episodes        | 3288     |
|    fps             | 2088     |
|    time_elapsed    | 1647     |
|    total_timesteps | 3441648  |
| train/             |          |
|    actor_loss      | -0.876   |
|    critic_loss     | 0.000215 |
|    ent_coef        | 0.000134 |
|    ent_coef_loss   | 0.407    |
|    learning_rate   | 0.0003   |
|    n_updates       | 215040   |
---------------------------------
---------------------------------
| rollout/           |          |
|    ep_len_mean     | 1.85e+03 |
|    ep_rew_mean     | 1.93e+03 |
| time/              |          |
|    episodes        | 3292     |
|    fps             | 2088     |
|    time_elapsed    | 1650     |
|    total_timesteps | 3447840  |
| train/             |          |
|    actor_loss      | -0.882   |
|    critic_loss     | 0.000358 |
|    ent_coef        | 0.000136 |
|    ent_coef_loss   | 1.45     |
|    learning_rate   | 0.0003   |
|    n_updates       | 215427   |
---------------------------------
---------------------------------
| rollout/           |          |
|    ep_len_mean     | 1.82e+03 |
|    ep_rew_mean     | 1.89e+03 |
| time/              |          |
|    episodes        | 3296     |
|    fps             | 2088     |
|    time_elapsed    | 1654     |
|    total_timesteps | 3455200  |
| train/             |          |
|    actor_loss      | -0.935   |
|    critic_loss     | 0.000308 |
|    ent_coef        | 0.000128 |
|    ent_coef_loss   | 1.73     |
|    learning_rate   | 0.0003   |
|    n_updates       | 215887   |
---------------------------------
---------------------------------
| rollout/           |          |
|    ep_len_mean     | 1.8e+03  |
|    ep_rew_mean     | 1.95e+03 |
| time/              |          |
|    episodes        | 3300     |
|    fps             | 2088     |
|    time_elapsed    | 1658     |
|    total_timesteps | 3463072  |
| train/             |          |
|    actor_loss      | -0.889   |
|    critic_loss     | 0.000231 |
|    ent_coef        | 0.000132 |
|    ent_coef_loss   | -0.599   |
|    learning_rate   | 0.0003   |
|    n_updates       | 216379   |
---------------------------------
---------------------------------
| rollout/           |          |
|    ep_len_mean     | 1.79e+03 |
|    ep_rew_mean     | 1.97e+03 |
| time/              |          |
|    episodes        | 3304     |
|    fps             | 2088     |
|    time_elapsed    | 1661     |
|    total_timesteps | 3469488  |
| train/             |          |
|    actor_loss      | -0.771   |
|    critic_loss     | 0.000193 |
|    ent_coef        | 0.000127 |
|    ent_coef_loss   | 1.7      |
|    learning_rate   | 0.0003   |
|    n_updates       | 216780   |
---------------------------------
---------------------------------
| rollout/           |          |
|    ep_len_mean     | 1.77e+03 |
|    ep_rew_mean     | 1.91e+03 |
| time/              |          |
|    episodes        | 3308     |
|    fps             | 2088     |
|    time_elapsed    | 1663     |
|    total_timesteps | 3474848  |
| train/             |          |
|    actor_loss      | -0.938   |
|    critic_loss     | 0.0031   |
|    ent_coef        | 0.000126 |
|    ent_coef_loss   | -1.16    |
|    learning_rate   | 0.0003   |
|    n_updates       | 217115   |
---------------------------------
---------------------------------
| rollout/           |          |
|    ep_len_mean     | 1.74e+03 |
|    ep_rew_mean     | 1.91e+03 |
| time/              |          |
|    episodes        | 3312     |
|    fps             | 2088     |
|    time_elapsed    | 1667     |
|    total_timesteps | 3482496  |
| train/             |          |
|    actor_loss      | -0.874   |
|    critic_loss     | 0.00018  |
|    ent_coef        | 0.000139 |
|    ent_coef_loss   | 1.82     |
|    learning_rate   | 0.0003   |
|    n_updates       | 217593   |
---------------------------------
---------------------------------
| rollout/           |          |
|    ep_len_mean     | 1.74e+03 |
|    ep_rew_mean     | 1.89e+03 |
| time/              |          |
|    episodes        | 3316     |
|    fps             | 2088     |
|    time_elapsed    | 1672     |
|    total_timesteps | 3491584  |
| train/             |          |
|    actor_loss      | -0.87    |
|    critic_loss     | 0.000308 |
|    ent_coef        | 0.000136 |
|    ent_coef_loss   | -3.81    |
|    learning_rate   | 0.0003   |
|    n_updates       | 218161   |
---------------------------------
---------------------------------
| rollout/           |          |
|    ep_len_mean     | 1.73e+03 |
|    ep_rew_mean     | 1.87e+03 |
| time/              |          |
|    episodes        | 3320     |
|    fps             | 2088     |
|    time_elapsed    | 1675     |
|    total_timesteps | 3499360  |
| train/             |          |
|    actor_loss      | -0.885   |
|    critic_loss     | 0.000222 |
|    ent_coef        | 0.000125 |
|    ent_coef_loss   | -1.87    |
|    learning_rate   | 0.0003   |
|    n_updates       | 218647   |
---------------------------------
---------------------------------
| rollout/           |          |
|    ep_len_mean     | 1.72e+03 |
|    ep_rew_mean     | 1.84e+03 |
| time/              |          |
|    episodes        | 3324     |
|    fps             | 2088     |
|    time_elapsed    | 1678     |
|    total_timesteps | 3505616  |
| train/             |          |
|    actor_loss      | -0.949   |
|    critic_loss     | 0.000307 |
|    ent_coef        | 0.000116 |
|    ent_coef_loss   | -1.15    |
|    learning_rate   | 0.0003   |
|    n_updates       | 219038   |
---------------------------------
---------------------------------
| rollout/           |          |
|    ep_len_mean     | 1.69e+03 |
|    ep_rew_mean     | 1.72e+03 |
| time/              |          |
|    episodes        | 3328     |
|    fps             | 2088     |
|    time_elapsed    | 1680     |
|    total_timesteps | 3509168  |
| train/             |          |
|    actor_loss      | -0.827   |
|    critic_loss     | 0.0156   |
|    ent_coef        | 0.000117 |
|    ent_coef_loss   | 5.76     |
|    learning_rate   | 0.0003   |
|    n_updates       | 219260   |
---------------------------------
---------------------------------
| rollout/           |          |
|    ep_len_mean     | 1.69e+03 |
|    ep_rew_mean     | 1.77e+03 |
| time/              |          |
|    episodes        | 3332     |
|    fps             | 2088     |
|    time_elapsed    | 1684     |
|    total_timesteps | 3516976  |
| train/             |          |
|    actor_loss      | -0.831   |
|    critic_loss     | 0.00026  |
|    ent_coef        | 0.000125 |
|    ent_coef_loss   | -1       |
|    learning_rate   | 0.0003   |
|    n_updates       | 219748   |
---------------------------------
---------------------------------
| rollout/           |          |
|    ep_len_mean     | 1.65e+03 |
|    ep_rew_mean     | 1.75e+03 |
| time/              |          |
|    episodes        | 3336     |
|    fps             | 2088     |
|    time_elapsed    | 1686     |
|    total_timesteps | 3522416  |
| train/             |          |
|    actor_loss      | -0.854   |
|    critic_loss     | 0.000273 |
|    ent_coef        | 0.00012  |
|    ent_coef_loss   | 1.69     |
|    learning_rate   | 0.0003   |
|    n_updates       | 220088   |
---------------------------------
---------------------------------
| rollout/           |          |
|    ep_len_mean     | 1.65e+03 |
|    ep_rew_mean     | 1.78e+03 |
| time/              |          |
|    episodes        | 3340     |
|    fps             | 2088     |
|    time_elapsed    | 1689     |
|    total_timesteps | 3527792  |
| train/             |          |
|    actor_loss      | -0.835   |
|    critic_loss     | 0.00643  |
|    ent_coef        | 0.000123 |
|    ent_coef_loss   | 1.37     |
|    learning_rate   | 0.0003   |
|    n_updates       | 220424   |
---------------------------------
---------------------------------
| rollout/           |          |
|    ep_len_mean     | 1.64e+03 |
|    ep_rew_mean     | 1.71e+03 |
| time/              |          |
|    episodes        | 3344     |
|    fps             | 2088     |
|    time_elapsed    | 1693     |
|    total_timesteps | 3536848  |
| train/             |          |
|    actor_loss      | -0.815   |
|    critic_loss     | 0.00248  |
|    ent_coef        | 0.000128 |
|    ent_coef_loss   | 1.56     |
|    learning_rate   | 0.0003   |
|    n_updates       | 220990   |
---------------------------------
---------------------------------
| rollout/           |          |
|    ep_len_mean     | 1.66e+03 |
|    ep_rew_mean     | 1.71e+03 |
| time/              |          |
|    episodes        | 3348     |
|    fps             | 2088     |
|    time_elapsed    | 1694     |
|    total_timesteps | 3538896  |
| train/             |          |
|    actor_loss      | -0.857   |
|    critic_loss     | 0.000293 |
|    ent_coef        | 0.000132 |
|    ent_coef_loss   | 0.34     |
|    learning_rate   | 0.0003   |
|    n_updates       | 221118   |
---------------------------------
---------------------------------
| rollout/           |          |
|    ep_len_mean     | 1.66e+03 |
|    ep_rew_mean     | 1.73e+03 |
| time/              |          |
|    episodes        | 3352     |
|    fps             | 2088     |
|    time_elapsed    | 1697     |
|    total_timesteps | 3545536  |
| train/             |          |
|    actor_loss      | -0.853   |
|    critic_loss     | 0.000203 |
|    ent_coef        | 0.000132 |
|    ent_coef_loss   | -1.3     |
|    learning_rate   | 0.0003   |
|    n_updates       | 221533   |
---------------------------------
---------------------------------
| rollout/           |          |
|    ep_len_mean     | 1.65e+03 |
|    ep_rew_mean     | 1.78e+03 |
| time/              |          |
|    episodes        | 3356     |
|    fps             | 2088     |
|    time_elapsed    | 1699     |
|    total_timesteps | 3550064  |
| train/             |          |
|    actor_loss      | -0.829   |
|    critic_loss     | 0.000658 |
|    ent_coef        | 0.000128 |
|    ent_coef_loss   | -1.39    |
|    learning_rate   | 0.0003   |
|    n_updates       | 221816   |
---------------------------------
---------------------------------
| rollout/           |          |
|    ep_len_mean     | 1.65e+03 |
|    ep_rew_mean     | 1.77e+03 |
| time/              |          |
|    episodes        | 3360     |
|    fps             | 2089     |
|    time_elapsed    | 1702     |
|    total_timesteps | 3557056  |
| train/             |          |
|    actor_loss      | -0.826   |
|    critic_loss     | 0.00251  |
|    ent_coef        | 0.000125 |
|    ent_coef_loss   | 1.99     |
|    learning_rate   | 0.0003   |
|    n_updates       | 222253   |
---------------------------------
---------------------------------
| rollout/           |          |
|    ep_len_mean     | 1.62e+03 |
|    ep_rew_mean     | 1.73e+03 |
| time/              |          |
|    episodes        | 3364     |
|    fps             | 2089     |
|    time_elapsed    | 1705     |
|    total_timesteps | 3562736  |
| train/             |          |
|    actor_loss      | -0.852   |
|    critic_loss     | 0.000185 |
|    ent_coef        | 0.000125 |
|    ent_coef_loss   | 0.22     |
|    learning_rate   | 0.0003   |
|    n_updates       | 222608   |
---------------------------------
---------------------------------
| rollout/           |          |
|    ep_len_mean     | 1.6e+03  |
|    ep_rew_mean     | 1.73e+03 |
| time/              |          |
|    episodes        | 3368     |
|    fps             | 2089     |
|    time_elapsed    | 1708     |
|    total_timesteps | 3569648  |
| train/             |          |
|    actor_loss      | -0.859   |
|    critic_loss     | 0.000209 |
|    ent_coef        | 0.00013  |
|    ent_coef_loss   | 0.557    |
|    learning_rate   | 0.0003   |
|    n_updates       | 223040   |
---------------------------------
---------------------------------
| rollout/           |          |
|    ep_len_mean     | 1.62e+03 |
|    ep_rew_mean     | 1.72e+03 |
| time/              |          |
|    episodes        | 3372     |
|    fps             | 2089     |
|    time_elapsed    | 1711     |
|    total_timesteps | 3576256  |
| train/             |          |
|    actor_loss      | -0.858   |
|    critic_loss     | 0.000216 |
|    ent_coef        | 0.000123 |
|    ent_coef_loss   | 1.6      |
|    learning_rate   | 0.0003   |
|    n_updates       | 223453   |
---------------------------------
---------------------------------
| rollout/           |          |
|    ep_len_mean     | 1.65e+03 |
|    ep_rew_mean     | 1.71e+03 |
| time/              |          |
|    episodes        | 3376     |
|    fps             | 2089     |
|    time_elapsed    | 1716     |
|    total_timesteps | 3586256  |
| train/             |          |
|    actor_loss      | -0.836   |
|    critic_loss     | 0.000249 |
|    ent_coef        | 0.000122 |
|    ent_coef_loss   | 1.49     |
|    learning_rate   | 0.0003   |
|    n_updates       | 224078   |
---------------------------------
---------------------------------
| rollout/           |          |
|    ep_len_mean     | 1.67e+03 |
|    ep_rew_mean     | 1.7e+03  |
| time/              |          |
|    episodes        | 3380     |
|    fps             | 2089     |
|    time_elapsed    | 1719     |
|    total_timesteps | 3592528  |
| train/             |          |
|    actor_loss      | -0.789   |
|    critic_loss     | 0.000257 |
|    ent_coef        | 0.000129 |
|    ent_coef_loss   | 1.59     |
|    learning_rate   | 0.0003   |
|    n_updates       | 224470   |
---------------------------------
---------------------------------
| rollout/           |          |
|    ep_len_mean     | 1.66e+03 |
|    ep_rew_mean     | 1.75e+03 |
| time/              |          |
|    episodes        | 3384     |
|    fps             | 2089     |
|    time_elapsed    | 1724     |
|    total_timesteps | 3603376  |
| train/             |          |
|    actor_loss      | -0.834   |
|    critic_loss     | 0.000195 |
|    ent_coef        | 0.000131 |
|    ent_coef_loss   | -0.239   |
|    learning_rate   | 0.0003   |
|    n_updates       | 225148   |
---------------------------------
---------------------------------
| rollout/           |          |
|    ep_len_mean     | 1.69e+03 |
|    ep_rew_mean     | 1.72e+03 |
| time/              |          |
|    episodes        | 3388     |
|    fps             | 2089     |
|    time_elapsed    | 1729     |
|    total_timesteps | 3614928  |
| train/             |          |
|    actor_loss      | -0.866   |
|    critic_loss     | 0.000204 |
|    ent_coef        | 0.000129 |
|    ent_coef_loss   | -2.82    |
|    learning_rate   | 0.0003   |
|    n_updates       | 225870   |
---------------------------------
---------------------------------
| rollout/           |          |
|    ep_len_mean     | 1.7e+03  |
|    ep_rew_mean     | 1.66e+03 |
| time/              |          |
|    episodes        | 3392     |
|    fps             | 2089     |
|    time_elapsed    | 1732     |
|    total_timesteps | 3621312  |
| train/             |          |
|    actor_loss      | -0.881   |
|    critic_loss     | 0.000207 |
|    ent_coef        | 0.000128 |
|    ent_coef_loss   | 0.442    |
|    learning_rate   | 0.0003   |
|    n_updates       | 226269   |
---------------------------------
---------------------------------
| rollout/           |          |
|    ep_len_mean     | 1.7e+03  |
|    ep_rew_mean     | 1.65e+03 |
| time/              |          |
|    episodes        | 3396     |
|    fps             | 2089     |
|    time_elapsed    | 1735     |
|    total_timesteps | 3627408  |
| train/             |          |
|    actor_loss      | -0.821   |
|    critic_loss     | 0.000272 |
|    ent_coef        | 0.000132 |
|    ent_coef_loss   | -0.66    |
|    learning_rate   | 0.0003   |
|    n_updates       | 226650   |
---------------------------------
---------------------------------
| rollout/           |          |
|    ep_len_mean     | 1.71e+03 |
|    ep_rew_mean     | 1.58e+03 |
| time/              |          |
|    episodes        | 3400     |
|    fps             | 2089     |
|    time_elapsed    | 1741     |
|    total_timesteps | 3639120  |
| train/             |          |
|    actor_loss      | -0.832   |
|    critic_loss     | 0.000191 |
|    ent_coef        | 0.000123 |
|    ent_coef_loss   | -3.04    |
|    learning_rate   | 0.0003   |
|    n_updates       | 227382   |
---------------------------------
---------------------------------
| rollout/           |          |
|    ep_len_mean     | 1.71e+03 |
|    ep_rew_mean     | 1.57e+03 |
| time/              |          |
|    episodes        | 3404     |
|    fps             | 2089     |
|    time_elapsed    | 1742     |
|    total_timesteps | 3642192  |
| train/             |          |
|    actor_loss      | -0.825   |
|    critic_loss     | 0.000292 |
|    ent_coef        | 0.000122 |
|    ent_coef_loss   | 0.592    |
|    learning_rate   | 0.0003   |
|    n_updates       | 227574   |
---------------------------------
---------------------------------
| rollout/           |          |
|    ep_len_mean     | 1.73e+03 |
|    ep_rew_mean     | 1.57e+03 |
| time/              |          |
|    episodes        | 3408     |
|    fps             | 2089     |
|    time_elapsed    | 1745     |
|    total_timesteps | 3648176  |
| train/             |          |
|    actor_loss      | -0.797   |
|    critic_loss     | 0.000369 |
|    ent_coef        | 0.000127 |
|    ent_coef_loss   | 0.336    |
|    learning_rate   | 0.0003   |
|    n_updates       | 227948   |
---------------------------------
---------------------------------
| rollout/           |          |
|    ep_len_mean     | 1.73e+03 |
|    ep_rew_mean     | 1.6e+03  |
| time/              |          |
|    episodes        | 3412     |
|    fps             | 2089     |
|    time_elapsed    | 1748     |
|    total_timesteps | 3654320  |
| train/             |          |
|    actor_loss      | -0.927   |
|    critic_loss     | 0.000176 |
|    ent_coef        | 0.000128 |
|    ent_coef_loss   | -2.58    |
|    learning_rate   | 0.0003   |
|    n_updates       | 228332   |
---------------------------------
---------------------------------
| rollout/           |          |
|    ep_len_mean     | 1.73e+03 |
|    ep_rew_mean     | 1.54e+03 |
| time/              |          |
|    episodes        | 3416     |
|    fps             | 2089     |
|    time_elapsed    | 1754     |
|    total_timesteps | 3666560  |
| train/             |          |
|    actor_loss      | -0.761   |
|    critic_loss     | 0.000321 |
|    ent_coef        | 0.000129 |
|    ent_coef_loss   | 0.322    |
|    learning_rate   | 0.0003   |
|    n_updates       | 229097   |
---------------------------------
---------------------------------
| rollout/           |          |
|    ep_len_mean     | 1.71e+03 |
|    ep_rew_mean     | 1.53e+03 |
| time/              |          |
|    episodes        | 3420     |
|    fps             | 2089     |
|    time_elapsed    | 1756     |
|    total_timesteps | 3670064  |
| train/             |          |
|    actor_loss      | -0.867   |
|    critic_loss     | 0.00024  |
|    ent_coef        | 0.000133 |
|    ent_coef_loss   | 1.69     |
|    learning_rate   | 0.0003   |
|    n_updates       | 229316   |
---------------------------------
---------------------------------
| rollout/           |          |
|    ep_len_mean     | 1.69e+03 |
|    ep_rew_mean     | 1.52e+03 |
| time/              |          |
|    episodes        | 3424     |
|    fps             | 2089     |
|    time_elapsed    | 1759     |
|    total_timesteps | 3676320  |
| train/             |          |
|    actor_loss      | -0.843   |
|    critic_loss     | 0.000202 |
|    ent_coef        | 0.000143 |
|    ent_coef_loss   | 0.762    |
|    learning_rate   | 0.0003   |
|    n_updates       | 229707   |
---------------------------------
---------------------------------
| rollout/           |          |
|    ep_len_mean     | 1.73e+03 |
|    ep_rew_mean     | 1.57e+03 |
| time/              |          |
|    episodes        | 3428     |
|    fps             | 2089     |
|    time_elapsed    | 1764     |
|    total_timesteps | 3686560  |
| train/             |          |
|    actor_loss      | -0.835   |
|    critic_loss     | 0.000356 |
|    ent_coef        | 0.000151 |
|    ent_coef_loss   | 3.29     |
|    learning_rate   | 0.0003   |
|    n_updates       | 230347   |
---------------------------------
---------------------------------
| rollout/           |          |
|    ep_len_mean     | 1.74e+03 |
|    ep_rew_mean     | 1.42e+03 |
| time/              |          |
|    episodes        | 3432     |
|    fps             | 2089     |
|    time_elapsed    | 1769     |
|    total_timesteps | 3697744  |
| train/             |          |
|    actor_loss      | -0.758   |
|    critic_loss     | 0.0032   |
|    ent_coef        | 0.000136 |
|    ent_coef_loss   | -1.04    |
|    learning_rate   | 0.0003   |
|    n_updates       | 231046   |
---------------------------------
---------------------------------
| rollout/           |          |
|    ep_len_mean     | 1.76e+03 |
|    ep_rew_mean     | 1.38e+03 |
| time/              |          |
|    episodes        | 3436     |
|    fps             | 2089     |
|    time_elapsed    | 1770     |
|    total_timesteps | 3700688  |
| train/             |          |
|    actor_loss      | -0.811   |
|    critic_loss     | 0.000913 |
|    ent_coef        | 0.000133 |
|    ent_coef_loss   | 1.66     |
|    learning_rate   | 0.0003   |
|    n_updates       | 231230   |
---------------------------------
---------------------------------
| rollout/           |          |
|    ep_len_mean     | 1.78e+03 |
|    ep_rew_mean     | 1.35e+03 |
| time/              |          |
|    episodes        | 3440     |
|    fps             | 2089     |
|    time_elapsed    | 1777     |
|    total_timesteps | 3714064  |
| train/             |          |
|    actor_loss      | -0.817   |
|    critic_loss     | 0.000249 |
|    ent_coef        | 0.000147 |
|    ent_coef_loss   | 0.798    |
|    learning_rate   | 0.0003   |
|    n_updates       | 232066   |
---------------------------------
---------------------------------
| rollout/           |          |
|    ep_len_mean     | 1.81e+03 |
|    ep_rew_mean     | 1.33e+03 |
| time/              |          |
|    episodes        | 3444     |
|    fps             | 2089     |
|    time_elapsed    | 1778     |
|    total_timesteps | 3717408  |
| train/             |          |
|    actor_loss      | -0.84    |
|    critic_loss     | 0.000177 |
|    ent_coef        | 0.00015  |
|    ent_coef_loss   | -1.14    |
|    learning_rate   | 0.0003   |
|    n_updates       | 232275   |
---------------------------------
---------------------------------
| rollout/           |          |
|    ep_len_mean     | 1.8e+03  |
|    ep_rew_mean     | 1.3e+03  |
| time/              |          |
|    episodes        | 3448     |
|    fps             | 2089     |
|    time_elapsed    | 1782     |
|    total_timesteps | 3724432  |
| train/             |          |
|    actor_loss      | -0.747   |
|    critic_loss     | 0.000323 |
|    ent_coef        | 0.000149 |
|    ent_coef_loss   | 1.7      |
|    learning_rate   | 0.0003   |
|    n_updates       | 232714   |
---------------------------------
---------------------------------
| rollout/           |          |
|    ep_len_mean     | 1.79e+03 |
|    ep_rew_mean     | 1.29e+03 |
| time/              |          |
|    episodes        | 3452     |
|    fps             | 2089     |
|    time_elapsed    | 1784     |
|    total_timesteps | 3728864  |
| train/             |          |
|    actor_loss      | -0.826   |
|    critic_loss     | 0.00994  |
|    ent_coef        | 0.000153 |
|    ent_coef_loss   | -3.3     |
|    learning_rate   | 0.0003   |
|    n_updates       | 232991   |
---------------------------------
---------------------------------
| rollout/           |          |
|    ep_len_mean     | 1.8e+03  |
|    ep_rew_mean     | 1.26e+03 |
| time/              |          |
|    episodes        | 3456     |
|    fps             | 2089     |
|    time_elapsed    | 1785     |
|    total_timesteps | 3731728  |
| train/             |          |
|    actor_loss      | -0.753   |
|    critic_loss     | 0.000235 |
|    ent_coef        | 0.00015  |
|    ent_coef_loss   | -2.93    |
|    learning_rate   | 0.0003   |
|    n_updates       | 233170   |
---------------------------------
---------------------------------
| rollout/           |          |
|    ep_len_mean     | 1.82e+03 |
|    ep_rew_mean     | 1.27e+03 |
| time/              |          |
|    episodes        | 3460     |
|    fps             | 2089     |
|    time_elapsed    | 1789     |
|    total_timesteps | 3740640  |
| train/             |          |
|    actor_loss      | -0.89    |
|    critic_loss     | 0.000237 |
|    ent_coef        | 0.000147 |
|    ent_coef_loss   | -0.693   |
|    learning_rate   | 0.0003   |
|    n_updates       | 233727   |
---------------------------------
---------------------------------
| rollout/           |          |
|    ep_len_mean     | 1.82e+03 |
|    ep_rew_mean     | 1.26e+03 |
| time/              |          |
|    episodes        | 3464     |
|    fps             | 2089     |
|    time_elapsed    | 1792     |
|    total_timesteps | 3745856  |
| train/             |          |
|    actor_loss      | -0.816   |
|    critic_loss     | 0.000282 |
|    ent_coef        | 0.000147 |
|    ent_coef_loss   | 0.397    |
|    learning_rate   | 0.0003   |
|    n_updates       | 234053   |
---------------------------------
---------------------------------
| rollout/           |          |
|    ep_len_mean     | 1.83e+03 |
|    ep_rew_mean     | 1.3e+03  |
| time/              |          |
|    episodes        | 3468     |
|    fps             | 2089     |
|    time_elapsed    | 1795     |
|    total_timesteps | 3752800  |
| train/             |          |
|    actor_loss      | -0.853   |
|    critic_loss     | 0.000266 |
|    ent_coef        | 0.000146 |
|    ent_coef_loss   | -3.54    |
|    learning_rate   | 0.0003   |
|    n_updates       | 234487   |
---------------------------------
---------------------------------
| rollout/           |          |
|    ep_len_mean     | 1.82e+03 |
|    ep_rew_mean     | 1.33e+03 |
| time/              |          |
|    episodes        | 3472     |
|    fps             | 2089     |
|    time_elapsed    | 1797     |
|    total_timesteps | 3755744  |
| train/             |          |
|    actor_loss      | -0.808   |
|    critic_loss     | 0.000231 |
|    ent_coef        | 0.000144 |
|    ent_coef_loss   | 0.57     |
|    learning_rate   | 0.0003   |
|    n_updates       | 234671   |
---------------------------------
---------------------------------
| rollout/           |          |
|    ep_len_mean     | 1.82e+03 |
|    ep_rew_mean     | 1.32e+03 |
| time/              |          |
|    episodes        | 3476     |
|    fps             | 2090     |
|    time_elapsed    | 1804     |
|    total_timesteps | 3770528  |
| train/             |          |
|    actor_loss      | -0.793   |
|    critic_loss     | 0.000703 |
|    ent_coef        | 0.000139 |
|    ent_coef_loss   | 0.528    |
|    learning_rate   | 0.0003   |
|    n_updates       | 235595   |
---------------------------------
---------------------------------
| rollout/           |          |
|    ep_len_mean     | 1.82e+03 |
|    ep_rew_mean     | 1.34e+03 |
| time/              |          |
|    episodes        | 3480     |
|    fps             | 2089     |
|    time_elapsed    | 1806     |
|    total_timesteps | 3774528  |
| train/             |          |
|    actor_loss      | -0.817   |
|    critic_loss     | 0.00028  |
|    ent_coef        | 0.000141 |
|    ent_coef_loss   | 0.381    |
|    learning_rate   | 0.0003   |
|    n_updates       | 235845   |
---------------------------------
---------------------------------
| rollout/           |          |
|    ep_len_mean     | 1.82e+03 |
|    ep_rew_mean     | 1.37e+03 |
| time/              |          |
|    episodes        | 3484     |
|    fps             | 2090     |
|    time_elapsed    | 1808     |
|    total_timesteps | 3779072  |
| train/             |          |
|    actor_loss      | -0.794   |
|    critic_loss     | 0.000471 |
|    ent_coef        | 0.00014  |
|    ent_coef_loss   | -1.45    |
|    learning_rate   | 0.0003   |
|    n_updates       | 236129   |
---------------------------------
---------------------------------
| rollout/           |          |
|    ep_len_mean     | 1.78e+03 |
|    ep_rew_mean     | 1.32e+03 |
| time/              |          |
|    episodes        | 3488     |
|    fps             | 2090     |
|    time_elapsed    | 1810     |
|    total_timesteps | 3784064  |
| train/             |          |
|    actor_loss      | -0.803   |
|    critic_loss     | 0.000196 |
|    ent_coef        | 0.000137 |
|    ent_coef_loss   | 1.49     |
|    learning_rate   | 0.0003   |
|    n_updates       | 236441   |
---------------------------------
---------------------------------
| rollout/           |          |
|    ep_len_mean     | 1.75e+03 |
|    ep_rew_mean     | 1.38e+03 |
| time/              |          |
|    episodes        | 3492     |
|    fps             | 2090     |
|    time_elapsed    | 1813     |
|    total_timesteps | 3790992  |
| train/             |          |
|    actor_loss      | -0.761   |
|    critic_loss     | 0.00027  |
|    ent_coef        | 0.000142 |
|    ent_coef_loss   | 0.467    |
|    learning_rate   | 0.0003   |
|    n_updates       | 236874   |
---------------------------------
---------------------------------
| rollout/           |          |
|    ep_len_mean     | 1.74e+03 |
|    ep_rew_mean     | 1.38e+03 |
| time/              |          |
|    episodes        | 3496     |
|    fps             | 2090     |
|    time_elapsed    | 1817     |
|    total_timesteps | 3798304  |
| train/             |          |
|    actor_loss      | -0.821   |
|    critic_loss     | 0.00629  |
|    ent_coef        | 0.000141 |
|    ent_coef_loss   | -0.296   |
|    learning_rate   | 0.0003   |
|    n_updates       | 237331   |
---------------------------------
---------------------------------
| rollout/           |          |
|    ep_len_mean     | 1.74e+03 |
|    ep_rew_mean     | 1.45e+03 |
| time/              |          |
|    episodes        | 3500     |
|    fps             | 2090     |
|    time_elapsed    | 1822     |
|    total_timesteps | 3808848  |
| train/             |          |
|    actor_loss      | -0.876   |
|    critic_loss     | 0.000235 |
|    ent_coef        | 0.000134 |
|    ent_coef_loss   | 2.41     |
|    learning_rate   | 0.0003   |
|    n_updates       | 237990   |
---------------------------------
---------------------------------
| rollout/           |          |
|    ep_len_mean     | 1.76e+03 |
|    ep_rew_mean     | 1.41e+03 |
| time/              |          |
|    episodes        | 3504     |
|    fps             | 2090     |
|    time_elapsed    | 1827     |
|    total_timesteps | 3819008  |
| train/             |          |
|    actor_loss      | -0.849   |
|    critic_loss     | 0.000184 |
|    ent_coef        | 0.000137 |
|    ent_coef_loss   | -1.42    |
|    learning_rate   | 0.0003   |
|    n_updates       | 238625   |
---------------------------------
---------------------------------
| rollout/           |          |
|    ep_len_mean     | 1.75e+03 |
|    ep_rew_mean     | 1.56e+03 |
| time/              |          |
|    episodes        | 3508     |
|    fps             | 2090     |
|    time_elapsed    | 1832     |
|    total_timesteps | 3829536  |
| train/             |          |
|    actor_loss      | -0.765   |
|    critic_loss     | 0.0149   |
|    ent_coef        | 0.000138 |
|    ent_coef_loss   | -1.34    |
|    learning_rate   | 0.0003   |
|    n_updates       | 239283   |
---------------------------------
---------------------------------
| rollout/           |          |
|    ep_len_mean     | 1.79e+03 |
|    ep_rew_mean     | 1.51e+03 |
| time/              |          |
|    episodes        | 3512     |
|    fps             | 2090     |
|    time_elapsed    | 1833     |
|    total_timesteps | 3832624  |
| train/             |          |
|    actor_loss      | -0.81    |
|    critic_loss     | 0.000209 |
|    ent_coef        | 0.000136 |
|    ent_coef_loss   | 0.253    |
|    learning_rate   | 0.0003   |
|    n_updates       | 239476   |
---------------------------------
---------------------------------
| rollout/           |          |
|    ep_len_mean     | 1.8e+03  |
|    ep_rew_mean     | 1.61e+03 |
| time/              |          |
|    episodes        | 3516     |
|    fps             | 2090     |
|    time_elapsed    | 1838     |
|    total_timesteps | 3842784  |
| train/             |          |
|    actor_loss      | -0.775   |
|    critic_loss     | 0.000231 |
|    ent_coef        | 0.000129 |
|    ent_coef_loss   | 2.08     |
|    learning_rate   | 0.0003   |
|    n_updates       | 240111   |
---------------------------------
---------------------------------
| rollout/           |          |
|    ep_len_mean     | 1.83e+03 |
|    ep_rew_mean     | 1.67e+03 |
| time/              |          |
|    episodes        | 3520     |
|    fps             | 2090     |
|    time_elapsed    | 1842     |
|    total_timesteps | 3850288  |
| train/             |          |
|    actor_loss      | -0.841   |
|    critic_loss     | 0.000189 |
|    ent_coef        | 0.000132 |
|    ent_coef_loss   | -0.168   |
|    learning_rate   | 0.0003   |
|    n_updates       | 240580   |
---------------------------------
---------------------------------
| rollout/           |          |
|    ep_len_mean     | 1.86e+03 |
|    ep_rew_mean     | 1.67e+03 |
| time/              |          |
|    episodes        | 3524     |
|    fps             | 2090     |
|    time_elapsed    | 1848     |
|    total_timesteps | 3864240  |
| train/             |          |
|    actor_loss      | -0.836   |
|    critic_loss     | 0.000228 |
|    ent_coef        | 0.000141 |
|    ent_coef_loss   | 4.56     |
|    learning_rate   | 0.0003   |
|    n_updates       | 241452   |
---------------------------------
---------------------------------
| rollout/           |          |
|    ep_len_mean     | 1.83e+03 |
|    ep_rew_mean     | 1.74e+03 |
| time/              |          |
|    episodes        | 3528     |
|    fps             | 2090     |
|    time_elapsed    | 1853     |
|    total_timesteps | 3874144  |
| train/             |          |
|    actor_loss      | -0.8     |
|    critic_loss     | 0.00026  |
|    ent_coef        | 0.00014  |
|    ent_coef_loss   | -1.13    |
|    learning_rate   | 0.0003   |
|    n_updates       | 242071   |
---------------------------------
---------------------------------
| rollout/           |          |
|    ep_len_mean     | 1.8e+03  |
|    ep_rew_mean     | 1.83e+03 |
| time/              |          |
|    episodes        | 3532     |
|    fps             | 2090     |
|    time_elapsed    | 1856     |
|    total_timesteps | 3880304  |
| train/             |          |
|    actor_loss      | -0.707   |
|    critic_loss     | 0.000293 |
|    ent_coef        | 0.000133 |
|    ent_coef_loss   | 1.97     |
|    learning_rate   | 0.0003   |
|    n_updates       | 242456   |
---------------------------------
---------------------------------
| rollout/           |          |
|    ep_len_mean     | 1.83e+03 |
|    ep_rew_mean     | 1.9e+03  |
| time/              |          |
|    episodes        | 3536     |
|    fps             | 2090     |
|    time_elapsed    | 1858     |
|    total_timesteps | 3885296  |
| train/             |          |
|    actor_loss      | -0.777   |
|    critic_loss     | 0.00363  |
|    ent_coef        | 0.00013  |
|    ent_coef_loss   | 1.05     |
|    learning_rate   | 0.0003   |
|    n_updates       | 242768   |
---------------------------------
---------------------------------
| rollout/           |          |
|    ep_len_mean     | 1.83e+03 |
|    ep_rew_mean     | 1.94e+03 |
| time/              |          |
|    episodes        | 3540     |
|    fps             | 2090     |
|    time_elapsed    | 1860     |
|    total_timesteps | 3888496  |
| train/             |          |
|    actor_loss      | -0.808   |
|    critic_loss     | 0.000202 |
|    ent_coef        | 0.000131 |
|    ent_coef_loss   | 0.21     |
|    learning_rate   | 0.0003   |
|    n_updates       | 242968   |
---------------------------------
---------------------------------
| rollout/           |          |
|    ep_len_mean     | 1.82e+03 |
|    ep_rew_mean     | 1.92e+03 |
| time/              |          |
|    episodes        | 3544     |
|    fps             | 2090     |
|    time_elapsed    | 1868     |
|    total_timesteps | 3904832  |
| train/             |          |
|    actor_loss      | -0.8     |
|    critic_loss     | 0.00054  |
|    ent_coef        | 0.000128 |
|    ent_coef_loss   | 4.73     |
|    learning_rate   | 0.0003   |
|    n_updates       | 243989   |
---------------------------------
---------------------------------
| rollout/           |          |
|    ep_len_mean     | 1.84e+03 |
|    ep_rew_mean     | 1.98e+03 |
| time/              |          |
|    episodes        | 3548     |
|    fps             | 2090     |
|    time_elapsed    | 1873     |
|    total_timesteps | 3915328  |
| train/             |          |
|    actor_loss      | -0.726   |
|    critic_loss     | 0.000339 |
|    ent_coef        | 0.000122 |
|    ent_coef_loss   | 1.83     |
|    learning_rate   | 0.0003   |
|    n_updates       | 244645   |
---------------------------------
---------------------------------
| rollout/           |          |
|    ep_len_mean     | 1.88e+03 |
|    ep_rew_mean     | 2.01e+03 |
| time/              |          |
|    episodes        | 3552     |
|    fps             | 2090     |
|    time_elapsed    | 1876     |
|    total_timesteps | 3922720  |
| train/             |          |
|    actor_loss      | -0.809   |
|    critic_loss     | 0.000227 |
|    ent_coef        | 0.000128 |
|    ent_coef_loss   | 0.935    |
|    learning_rate   | 0.0003   |
|    n_updates       | 245107   |
---------------------------------
---------------------------------
| rollout/           |          |
|    ep_len_mean     | 1.92e+03 |
|    ep_rew_mean     | 2.05e+03 |
| time/              |          |
|    episodes        | 3556     |
|    fps             | 2090     |
|    time_elapsed    | 1879     |
|    total_timesteps | 3927648  |
| train/             |          |
|    actor_loss      | -0.803   |
|    critic_loss     | 0.00148  |
|    ent_coef        | 0.000125 |
|    ent_coef_loss   | 0.0449   |
|    learning_rate   | 0.0003   |
|    n_updates       | 245415   |
---------------------------------
---------------------------------
| rollout/           |          |
|    ep_len_mean     | 1.91e+03 |
|    ep_rew_mean     | 2.07e+03 |
| time/              |          |
|    episodes        | 3560     |
|    fps             | 2090     |
|    time_elapsed    | 1880     |
|    total_timesteps | 3931152  |
| train/             |          |
|    actor_loss      | -0.866   |
|    critic_loss     | 0.000217 |
|    ent_coef        | 0.000124 |
|    ent_coef_loss   | -4.63    |
|    learning_rate   | 0.0003   |
|    n_updates       | 245634   |
---------------------------------
---------------------------------
| rollout/           |          |
|    ep_len_mean     | 1.94e+03 |
|    ep_rew_mean     | 2.09e+03 |
| time/              |          |
|    episodes        | 3564     |
|    fps             | 2089     |
|    time_elapsed    | 1887     |
|    total_timesteps | 3943760  |
| train/             |          |
|    actor_loss      | -0.75    |
|    critic_loss     | 0.000303 |
|    ent_coef        | 0.000138 |
|    ent_coef_loss   | 6.07     |
|    learning_rate   | 0.0003   |
|    n_updates       | 246422   |
---------------------------------
---------------------------------
| rollout/           |          |
|    ep_len_mean     | 1.95e+03 |
|    ep_rew_mean     | 2.07e+03 |
| time/              |          |
|    episodes        | 3568     |
|    fps             | 2089     |
|    time_elapsed    | 1889     |
|    total_timesteps | 3947280  |
| train/             |          |
|    actor_loss      | -0.729   |
|    critic_loss     | 0.0139   |
|    ent_coef        | 0.000142 |
|    ent_coef_loss   | 1.65     |
|    learning_rate   | 0.0003   |
|    n_updates       | 246642   |
---------------------------------
---------------------------------
| rollout/           |          |
|    ep_len_mean     | 1.97e+03 |
|    ep_rew_mean     | 2.06e+03 |
| time/              |          |
|    episodes        | 3572     |
|    fps             | 2089     |
|    time_elapsed    | 1896     |
|    total_timesteps | 3962592  |
| train/             |          |
|    actor_loss      | -0.841   |
|    critic_loss     | 0.00624  |
|    ent_coef        | 0.000136 |
|    ent_coef_loss   | 0.282    |
|    learning_rate   | 0.0003   |
|    n_updates       | 247599   |
---------------------------------
---------------------------------
| rollout/           |          |
|    ep_len_mean     | 1.98e+03 |
|    ep_rew_mean     | 2.1e+03  |
| time/              |          |
|    episodes        | 3576     |
|    fps             | 2089     |
|    time_elapsed    | 1897     |
|    total_timesteps | 3965360  |
| train/             |          |
|    actor_loss      | -0.803   |
|    critic_loss     | 0.000514 |
|    ent_coef        | 0.000135 |
|    ent_coef_loss   | -1.14    |
|    learning_rate   | 0.0003   |
|    n_updates       | 247772   |
---------------------------------
---------------------------------
| rollout/           |          |
|    ep_len_mean     | 1.98e+03 |
|    ep_rew_mean     | 2.14e+03 |
| time/              |          |
|    episodes        | 3580     |
|    fps             | 2089     |
|    time_elapsed    | 1900     |
|    total_timesteps | 3971408  |
| train/             |          |
|    actor_loss      | -0.772   |
|    critic_loss     | 0.000403 |
|    ent_coef        | 0.000132 |
|    ent_coef_loss   | 2.01     |
|    learning_rate   | 0.0003   |
|    n_updates       | 248150   |
---------------------------------
---------------------------------
| rollout/           |          |
|    ep_len_mean     | 1.98e+03 |
|    ep_rew_mean     | 2.12e+03 |
| time/              |          |
|    episodes        | 3584     |
|    fps             | 2089     |
|    time_elapsed    | 1902     |
|    total_timesteps | 3975504  |
| train/             |          |
|    actor_loss      | -0.709   |
|    critic_loss     | 0.000281 |
|    ent_coef        | 0.000136 |
|    ent_coef_loss   | 2.16     |
|    learning_rate   | 0.0003   |
|    n_updates       | 248406   |
---------------------------------
---------------------------------
| rollout/           |          |
|    ep_len_mean     | 1.99e+03 |
|    ep_rew_mean     | 2.19e+03 |
| time/              |          |
|    episodes        | 3588     |
|    fps             | 2089     |
|    time_elapsed    | 1907     |
|    total_timesteps | 3985200  |
| train/             |          |
|    actor_loss      | -0.675   |
|    critic_loss     | 0.000342 |
|    ent_coef        | 0.00013  |
|    ent_coef_loss   | -0.684   |
|    learning_rate   | 0.0003   |
|    n_updates       | 249012   |
---------------------------------
---------------------------------
| rollout/           |          |
|    ep_len_mean     | 1.95e+03 |
|    ep_rew_mean     | 2.14e+03 |
| time/              |          |
|    episodes        | 3592     |
|    fps             | 2089     |
|    time_elapsed    | 1908     |
|    total_timesteps | 3987856  |
| train/             |          |
|    actor_loss      | -0.739   |
|    critic_loss     | 0.000748 |
|    ent_coef        | 0.00013  |
|    ent_coef_loss   | -0.3     |
|    learning_rate   | 0.0003   |
|    n_updates       | 249178   |
---------------------------------
---------------------------------
| rollout/           |          |
|    ep_len_mean     | 1.94e+03 |
|    ep_rew_mean     | 2.12e+03 |
| time/              |          |
|    episodes        | 3596     |
|    fps             | 2089     |
|    time_elapsed    | 1911     |
|    total_timesteps | 3994352  |
| train/             |          |
|    actor_loss      | -0.786   |
|    critic_loss     | 0.000303 |
|    ent_coef        | 0.000133 |
|    ent_coef_loss   | -2.98    |
|    learning_rate   | 0.0003   |
|    n_updates       | 249584   |
---------------------------------
---------------------------------
| rollout/           |          |
|    ep_len_mean     | 1.91e+03 |
|    ep_rew_mean     | 2.1e+03  |
| time/              |          |
|    episodes        | 3600     |
|    fps             | 2088     |
|    time_elapsed    | 1912     |
|    total_timesteps | 3996080  |
| train/             |          |
|    actor_loss      | -0.803   |
|    critic_loss     | 0.000472 |
|    ent_coef        | 0.000132 |
|    ent_coef_loss   | 0.798    |
|    learning_rate   | 0.0003   |
|    n_updates       | 249692   |
---------------------------------
---------------------------------
| rollout/           |          |
|    ep_len_mean     | 1.88e+03 |
|    ep_rew_mean     | 2.14e+03 |
| time/              |          |
|    episodes        | 3604     |
|    fps             | 2089     |
|    time_elapsed    | 1915     |
|    total_timesteps | 4001056  |
| train/             |          |
|    actor_loss      | -0.832   |
|    critic_loss     | 0.00022  |
|    ent_coef        | 0.000136 |
|    ent_coef_loss   | 1.59     |
|    learning_rate   | 0.0003   |
|    n_updates       | 250003   |
---------------------------------
---------------------------------
| rollout/           |          |
|    ep_len_mean     | 1.86e+03 |
|    ep_rew_mean     | 2.1e+03  |
| time/              |          |
|    episodes        | 3608     |
|    fps             | 2089     |
|    time_elapsed    | 1917     |
|    total_timesteps | 4006176  |
| train/             |          |
|    actor_loss      | -0.813   |
|    critic_loss     | 0.000348 |
|    ent_coef        | 0.000142 |
|    ent_coef_loss   | -0.0402  |
|    learning_rate   | 0.0003   |
|    n_updates       | 250323   |
---------------------------------
---------------------------------
| rollout/           |          |
|    ep_len_mean     | 1.81e+03 |
|    ep_rew_mean     | 2.1e+03  |
| time/              |          |
|    episodes        | 3612     |
|    fps             | 2089     |
|    time_elapsed    | 1919     |
|    total_timesteps | 4011136  |
| train/             |          |
|    actor_loss      | -0.818   |
|    critic_loss     | 0.000205 |
|    ent_coef        | 0.000143 |
|    ent_coef_loss   | -1.64    |
|    learning_rate   | 0.0003   |
|    n_updates       | 250633   |
---------------------------------
---------------------------------
| rollout/           |          |
|    ep_len_mean     | 1.78e+03 |
|    ep_rew_mean     | 2.04e+03 |
| time/              |          |
|    episodes        | 3616     |
|    fps             | 2089     |
|    time_elapsed    | 1926     |
|    total_timesteps | 4024656  |
| train/             |          |
|    actor_loss      | -0.82    |
|    critic_loss     | 0.000227 |
|    ent_coef        | 0.000154 |
|    ent_coef_loss   | 1.72     |
|    learning_rate   | 0.0003   |
|    n_updates       | 251478   |
---------------------------------
---------------------------------
| rollout/           |          |
|    ep_len_mean     | 1.76e+03 |
|    ep_rew_mean     | 1.97e+03 |
| time/              |          |
|    episodes        | 3620     |
|    fps             | 2089     |
|    time_elapsed    | 1927     |
|    total_timesteps | 4027344  |
| train/             |          |
|    actor_loss      | -0.762   |
|    critic_loss     | 0.000284 |
|    ent_coef        | 0.000153 |
|    ent_coef_loss   | 1.12     |
|    learning_rate   | 0.0003   |
|    n_updates       | 251646   |
---------------------------------
---------------------------------
| rollout/           |          |
|    ep_len_mean     | 1.75e+03 |
|    ep_rew_mean     | 2.03e+03 |
| time/              |          |
|    episodes        | 3624     |
|    fps             | 2089     |
|    time_elapsed    | 1929     |
|    total_timesteps | 4032080  |
| train/             |          |
|    actor_loss      | -0.774   |
|    critic_loss     | 0.000211 |
|    ent_coef        | 0.000159 |
|    ent_coef_loss   | 1.84     |
|    learning_rate   | 0.0003   |
|    n_updates       | 251942   |
---------------------------------
---------------------------------
| rollout/           |          |
|    ep_len_mean     | 1.76e+03 |
|    ep_rew_mean     | 2.02e+03 |
| time/              |          |
|    episodes        | 3628     |
|    fps             | 2089     |
|    time_elapsed    | 1934     |
|    total_timesteps | 4042288  |
| train/             |          |
|    actor_loss      | -0.716   |
|    critic_loss     | 0.000249 |
|    ent_coef        | 0.000158 |
|    ent_coef_loss   | 0.409    |
|    learning_rate   | 0.0003   |
|    n_updates       | 252580   |
---------------------------------
---------------------------------
| rollout/           |          |
|    ep_len_mean     | 1.77e+03 |
|    ep_rew_mean     | 2.05e+03 |
| time/              |          |
|    episodes        | 3632     |
|    fps             | 2089     |
|    time_elapsed    | 1938     |
|    total_timesteps | 4050016  |
| train/             |          |
|    actor_loss      | -0.692   |
|    critic_loss     | 0.000362 |
|    ent_coef        | 0.000152 |
|    ent_coef_loss   | 1.77     |
|    learning_rate   | 0.0003   |
|    n_updates       | 253063   |
---------------------------------
---------------------------------
| rollout/           |          |
|    ep_len_mean     | 1.75e+03 |
|    ep_rew_mean     | 2.04e+03 |
| time/              |          |
|    episodes        | 3636     |
|    fps             | 2089     |
|    time_elapsed    | 1942     |
|    total_timesteps | 4059216  |
| train/             |          |
|    actor_loss      | -0.757   |
|    critic_loss     | 0.000321 |
|    ent_coef        | 0.000161 |
|    ent_coef_loss   | -0.217   |
|    learning_rate   | 0.0003   |
|    n_updates       | 253638   |
---------------------------------
---------------------------------
| rollout/           |          |
|    ep_len_mean     | 1.75e+03 |
|    ep_rew_mean     | 2.02e+03 |
| time/              |          |
|    episodes        | 3640     |
|    fps             | 2088     |
|    time_elapsed    | 1945     |
|    total_timesteps | 4063248  |
| train/             |          |
|    actor_loss      | -0.853   |
|    critic_loss     | 0.000311 |
|    ent_coef        | 0.000163 |
|    ent_coef_loss   | 1.01     |
|    learning_rate   | 0.0003   |
|    n_updates       | 253890   |
---------------------------------
---------------------------------
| rollout/           |          |
|    ep_len_mean     | 1.74e+03 |
|    ep_rew_mean     | 2.05e+03 |
| time/              |          |
|    episodes        | 3644     |
|    fps             | 2088     |
|    time_elapsed    | 1954     |
|    total_timesteps | 4081904  |
| train/             |          |
|    actor_loss      | -0.767   |
|    critic_loss     | 0.000184 |
|    ent_coef        | 0.000142 |
|    ent_coef_loss   | 0.559    |
|    learning_rate   | 0.0003   |
|    n_updates       | 255056   |
---------------------------------
---------------------------------
| rollout/           |          |
|    ep_len_mean     | 1.74e+03 |
|    ep_rew_mean     | 2.01e+03 |
| time/              |          |
|    episodes        | 3648     |
|    fps             | 2088     |
|    time_elapsed    | 1957     |
|    total_timesteps | 4087952  |
| train/             |          |
|    actor_loss      | -0.801   |
|    critic_loss     | 0.00258  |
|    ent_coef        | 0.000144 |
|    ent_coef_loss   | -0.00909 |
|    learning_rate   | 0.0003   |
|    n_updates       | 255434   |
---------------------------------
---------------------------------
| rollout/           |          |
|    ep_len_mean     | 1.74e+03 |
|    ep_rew_mean     | 2.03e+03 |
| time/              |          |
|    episodes        | 3652     |
|    fps             | 2088     |
|    time_elapsed    | 1958     |
|    total_timesteps | 4090720  |
| train/             |          |
|    actor_loss      | -0.776   |
|    critic_loss     | 0.000231 |
|    ent_coef        | 0.000147 |
|    ent_coef_loss   | -0.984   |
|    learning_rate   | 0.0003   |
|    n_updates       | 255607   |
---------------------------------
---------------------------------
| rollout/           |          |
|    ep_len_mean     | 1.72e+03 |
|    ep_rew_mean     | 2e+03    |
| time/              |          |
|    episodes        | 3656     |
|    fps             | 2088     |
|    time_elapsed    | 1961     |
|    total_timesteps | 4096608  |
| train/             |          |
|    actor_loss      | -0.85    |
|    critic_loss     | 0.000222 |
|    ent_coef        | 0.00014  |
|    ent_coef_loss   | -1.92    |
|    learning_rate   | 0.0003   |
|    n_updates       | 255975   |
---------------------------------
---------------------------------
| rollout/           |          |
|    ep_len_mean     | 1.73e+03 |
|    ep_rew_mean     | 2.03e+03 |
| time/              |          |
|    episodes        | 3660     |
|    fps             | 2089     |
|    time_elapsed    | 1967     |
|    total_timesteps | 4111056  |
| train/             |          |
|    actor_loss      | -0.826   |
|    critic_loss     | 0.000225 |
|    ent_coef        | 0.000155 |
|    ent_coef_loss   | -1.88    |
|    learning_rate   | 0.0003   |
|    n_updates       | 256878   |
---------------------------------
---------------------------------
| rollout/           |          |
|    ep_len_mean     | 1.73e+03 |
|    ep_rew_mean     | 2e+03    |
| time/              |          |
|    episodes        | 3664     |
|    fps             | 2089     |
|    time_elapsed    | 1971     |
|    total_timesteps | 4117776  |
| train/             |          |
|    actor_loss      | -0.771   |
|    critic_loss     | 0.000276 |
|    ent_coef        | 0.000152 |
|    ent_coef_loss   | -2.31    |
|    learning_rate   | 0.0003   |
|    n_updates       | 257298   |
---------------------------------
---------------------------------
| rollout/           |          |
|    ep_len_mean     | 1.74e+03 |
|    ep_rew_mean     | 2.01e+03 |
| time/              |          |
|    episodes        | 3668     |
|    fps             | 2089     |
|    time_elapsed    | 1975     |
|    total_timesteps | 4127552  |
| train/             |          |
|    actor_loss      | -0.733   |
|    critic_loss     | 0.000348 |
|    ent_coef        | 0.000149 |
|    ent_coef_loss   | -1.63    |
|    learning_rate   | 0.0003   |
|    n_updates       | 257909   |
---------------------------------
---------------------------------
| rollout/           |          |
|    ep_len_mean     | 1.76e+03 |
|    ep_rew_mean     | 2.06e+03 |
| time/              |          |
|    episodes        | 3672     |
|    fps             | 2089     |
|    time_elapsed    | 1977     |
|    total_timesteps | 4131680  |
| train/             |          |
|    actor_loss      | -0.767   |
|    critic_loss     | 0.000223 |
|    ent_coef        | 0.000146 |
|    ent_coef_loss   | -0.957   |
|    learning_rate   | 0.0003   |
|    n_updates       | 258167   |
---------------------------------
---------------------------------
| rollout/           |          |
|    ep_len_mean     | 1.77e+03 |
|    ep_rew_mean     | 2.03e+03 |
| time/              |          |
|    episodes        | 3676     |
|    fps             | 2089     |
|    time_elapsed    | 1983     |
|    total_timesteps | 4143456  |
| train/             |          |
|    actor_loss      | -0.788   |
|    critic_loss     | 0.000319 |
|    ent_coef        | 0.000153 |
|    ent_coef_loss   | 2.62     |
|    learning_rate   | 0.0003   |
|    n_updates       | 258903   |
---------------------------------
---------------------------------
| rollout/           |          |
|    ep_len_mean     | 1.77e+03 |
|    ep_rew_mean     | 1.95e+03 |
| time/              |          |
|    episodes        | 3680     |
|    fps             | 2089     |
|    time_elapsed    | 1986     |
|    total_timesteps | 4151632  |
| train/             |          |
|    actor_loss      | -0.774   |
|    critic_loss     | 0.0053   |
|    ent_coef        | 0.000158 |
|    ent_coef_loss   | -4.06    |
|    learning_rate   | 0.0003   |
|    n_updates       | 259414   |
---------------------------------
---------------------------------
| rollout/           |          |
|    ep_len_mean     | 1.78e+03 |
|    ep_rew_mean     | 1.94e+03 |
| time/              |          |
|    episodes        | 3684     |
|    fps             | 2089     |
|    time_elapsed    | 1989     |
|    total_timesteps | 4156144  |
| train/             |          |
|    actor_loss      | -0.741   |
|    critic_loss     | 0.000203 |
|    ent_coef        | 0.000152 |
|    ent_coef_loss   | -2.5     |
|    learning_rate   | 0.0003   |
|    n_updates       | 259696   |
---------------------------------
---------------------------------
| rollout/           |          |
|    ep_len_mean     | 1.79e+03 |
|    ep_rew_mean     | 1.94e+03 |
| time/              |          |
|    episodes        | 3688     |
|    fps             | 2089     |
|    time_elapsed    | 1992     |
|    total_timesteps | 4163200  |
| train/             |          |
|    actor_loss      | -0.801   |
|    critic_loss     | 0.000284 |
|    ent_coef        | 0.000152 |
|    ent_coef_loss   | 0.233    |
|    learning_rate   | 0.0003   |
|    n_updates       | 260137   |
---------------------------------
---------------------------------
| rollout/           |          |
|    ep_len_mean     | 1.83e+03 |
|    ep_rew_mean     | 1.95e+03 |
| time/              |          |
|    episodes        | 3692     |
|    fps             | 2089     |
|    time_elapsed    | 2002     |
|    total_timesteps | 4184352  |
| train/             |          |
|    actor_loss      | -0.795   |
|    critic_loss     | 0.000235 |
|    ent_coef        | 0.000138 |
|    ent_coef_loss   | 2.15     |
|    learning_rate   | 0.0003   |
|    n_updates       | 261459   |
---------------------------------
---------------------------------
| rollout/           |          |
|    ep_len_mean     | 1.89e+03 |
|    ep_rew_mean     | 1.96e+03 |
| time/              |          |
|    episodes        | 3696     |
|    fps             | 2089     |
|    time_elapsed    | 2005     |
|    total_timesteps | 4191168  |
| train/             |          |
|    actor_loss      | -0.662   |
|    critic_loss     | 0.000529 |
|    ent_coef        | 0.000143 |
|    ent_coef_loss   | 6.25     |
|    learning_rate   | 0.0003   |
|    n_updates       | 261885   |
---------------------------------
---------------------------------
| rollout/           |          |
|    ep_len_mean     | 1.95e+03 |
|    ep_rew_mean     | 1.97e+03 |
| time/              |          |
|    episodes        | 3700     |
|    fps             | 2089     |
|    time_elapsed    | 2008     |
|    total_timesteps | 4197360  |
| train/             |          |
|    actor_loss      | -0.778   |
|    critic_loss     | 0.000334 |
|    ent_coef        | 0.000143 |
|    ent_coef_loss   | -3.89    |
|    learning_rate   | 0.0003   |
|    n_updates       | 262272   |
---------------------------------
---------------------------------
| rollout/           |          |
|    ep_len_mean     | 2.01e+03 |
|    ep_rew_mean     | 2.03e+03 |
| time/              |          |
|    episodes        | 3704     |
|    fps             | 2089     |
|    time_elapsed    | 2013     |
|    total_timesteps | 4207360  |
| train/             |          |
|    actor_loss      | -0.742   |
|    critic_loss     | 0.0223   |
|    ent_coef        | 0.000151 |
|    ent_coef_loss   | 2.51     |
|    learning_rate   | 0.0003   |
|    n_updates       | 262897   |
---------------------------------
---------------------------------
| rollout/           |          |
|    ep_len_mean     | 2.03e+03 |
|    ep_rew_mean     | 1.95e+03 |
| time/              |          |
|    episodes        | 3708     |
|    fps             | 2089     |
|    time_elapsed    | 2017     |
|    total_timesteps | 4215184  |
| train/             |          |
|    actor_loss      | -0.752   |
|    critic_loss     | 0.000314 |
|    ent_coef        | 0.000155 |
|    ent_coef_loss   | 0.28     |
|    learning_rate   | 0.0003   |
|    n_updates       | 263386   |
---------------------------------
---------------------------------
| rollout/           |          |
|    ep_len_mean     | 2.07e+03 |
|    ep_rew_mean     | 1.96e+03 |
| time/              |          |
|    episodes        | 3712     |
|    fps             | 2089     |
|    time_elapsed    | 2020     |
|    total_timesteps | 4223024  |
| train/             |          |
|    actor_loss      | -0.752   |
|    critic_loss     | 0.000384 |
|    ent_coef        | 0.000156 |
|    ent_coef_loss   | -0.752   |
|    learning_rate   | 0.0003   |
|    n_updates       | 263876   |
---------------------------------
---------------------------------
| rollout/           |          |
|    ep_len_mean     | 2.09e+03 |
|    ep_rew_mean     | 2.01e+03 |
| time/              |          |
|    episodes        | 3716     |
|    fps             | 2089     |
|    time_elapsed    | 2027     |
|    total_timesteps | 4236048  |
| train/             |          |
|    actor_loss      | -0.755   |
|    critic_loss     | 0.000255 |
|    ent_coef        | 0.00015  |
|    ent_coef_loss   | -3.51    |
|    learning_rate   | 0.0003   |
|    n_updates       | 264690   |
---------------------------------
---------------------------------
| rollout/           |          |
|    ep_len_mean     | 2.13e+03 |
|    ep_rew_mean     | 2.05e+03 |
| time/              |          |
|    episodes        | 3720     |
|    fps             | 2089     |
|    time_elapsed    | 2032     |
|    total_timesteps | 4247808  |
| train/             |          |
|    actor_loss      | -0.717   |
|    critic_loss     | 0.000261 |
|    ent_coef        | 0.000138 |
|    ent_coef_loss   | 0.538    |
|    learning_rate   | 0.0003   |
|    n_updates       | 265425   |
---------------------------------
---------------------------------
| rollout/           |          |
|    ep_len_mean     | 2.14e+03 |
|    ep_rew_mean     | 2.04e+03 |
| time/              |          |
|    episodes        | 3724     |
|    fps             | 2089     |
|    time_elapsed    | 2036     |
|    total_timesteps | 4255520  |
| train/             |          |
|    actor_loss      | -0.763   |
|    critic_loss     | 0.000424 |
|    ent_coef        | 0.000138 |
|    ent_coef_loss   | 2.51     |
|    learning_rate   | 0.0003   |
|    n_updates       | 265907   |
---------------------------------
---------------------------------
| rollout/           |          |
|    ep_len_mean     | 2.17e+03 |
|    ep_rew_mean     | 1.98e+03 |
| time/              |          |
|    episodes        | 3728     |
|    fps             | 2089     |
|    time_elapsed    | 2037     |
|    total_timesteps | 4258112  |
| train/             |          |
|    actor_loss      | -0.754   |
|    critic_loss     | 0.000391 |
|    ent_coef        | 0.00014  |
|    ent_coef_loss   | 3.07     |
|    learning_rate   | 0.0003   |
|    n_updates       | 266069   |
---------------------------------
---------------------------------
| rollout/           |          |
|    ep_len_mean     | 2.18e+03 |
|    ep_rew_mean     | 1.96e+03 |
| time/              |          |
|    episodes        | 3732     |
|    fps             | 2089     |
|    time_elapsed    | 2044     |
|    total_timesteps | 4272416  |
| train/             |          |
|    actor_loss      | -0.773   |
|    critic_loss     | 0.000426 |
|    ent_coef        | 0.000149 |
|    ent_coef_loss   | -2.98    |
|    learning_rate   | 0.0003   |
|    n_updates       | 266963   |
---------------------------------
---------------------------------
| rollout/           |          |
|    ep_len_mean     | 2.19e+03 |
|    ep_rew_mean     | 1.95e+03 |
| time/              |          |
|    episodes        | 3736     |
|    fps             | 2089     |
|    time_elapsed    | 2045     |
|    total_timesteps | 4274928  |
| train/             |          |
|    actor_loss      | -0.766   |
|    critic_loss     | 0.00035  |
|    ent_coef        | 0.000149 |
|    ent_coef_loss   | 4.29     |
|    learning_rate   | 0.0003   |
|    n_updates       | 267120   |
---------------------------------
---------------------------------
| rollout/           |          |
|    ep_len_mean     | 2.17e+03 |
|    ep_rew_mean     | 1.98e+03 |
| time/              |          |
|    episodes        | 3740     |
|    fps             | 2090     |
|    time_elapsed    | 2049     |
|    total_timesteps | 4282688  |
| train/             |          |
|    actor_loss      | -0.742   |
|    critic_loss     | 0.000436 |
|    ent_coef        | 0.000152 |
|    ent_coef_loss   | 2.77     |
|    learning_rate   | 0.0003   |
|    n_updates       | 267605   |
---------------------------------
---------------------------------
| rollout/           |          |
|    ep_len_mean     | 2.16e+03 |
|    ep_rew_mean     | 2.02e+03 |
| time/              |          |
|    episodes        | 3744     |
|    fps             | 2090     |
|    time_elapsed    | 2052     |
|    total_timesteps | 4289440  |
| train/             |          |
|    actor_loss      | -0.75    |
|    critic_loss     | 0.0013   |
|    ent_coef        | 0.000155 |
|    ent_coef_loss   | -1.48    |
|    learning_rate   | 0.0003   |
|    n_updates       | 268027   |
---------------------------------
---------------------------------
| rollout/           |          |
|    ep_len_mean     | 2.16e+03 |
|    ep_rew_mean     | 2.09e+03 |
| time/              |          |
|    episodes        | 3748     |
|    fps             | 2090     |
|    time_elapsed    | 2059     |
|    total_timesteps | 4304464  |
| train/             |          |
|    actor_loss      | -0.81    |
|    critic_loss     | 0.000202 |
|    ent_coef        | 0.000144 |
|    ent_coef_loss   | -1.19    |
|    learning_rate   | 0.0003   |
|    n_updates       | 268966   |
---------------------------------
---------------------------------
| rollout/           |          |
|    ep_len_mean     | 2.13e+03 |
|    ep_rew_mean     | 2.02e+03 |
| time/              |          |
|    episodes        | 3752     |
|    fps             | 2090     |
|    time_elapsed    | 2062     |
|    total_timesteps | 4311936  |
| train/             |          |
|    actor_loss      | -0.784   |
|    critic_loss     | 0.000241 |
|    ent_coef        | 0.00015  |
|    ent_coef_loss   | -1.86    |
|    learning_rate   | 0.0003   |
|    n_updates       | 269433   |
---------------------------------
---------------------------------
| rollout/           |          |
|    ep_len_mean     | 2.13e+03 |
|    ep_rew_mean     | 2.08e+03 |
| time/              |          |
|    episodes        | 3756     |
|    fps             | 2090     |
|    time_elapsed    | 2064     |
|    total_timesteps | 4315056  |
| train/             |          |
|    actor_loss      | -0.736   |
|    critic_loss     | 0.000446 |
|    ent_coef        | 0.000149 |
|    ent_coef_loss   | 0.406    |
|    learning_rate   | 0.0003   |
|    n_updates       | 269628   |
---------------------------------
---------------------------------
| rollout/           |          |
|    ep_len_mean     | 2.15e+03 |
|    ep_rew_mean     | 2.05e+03 |
| time/              |          |
|    episodes        | 3760     |
|    fps             | 2090     |
|    time_elapsed    | 2065     |
|    total_timesteps | 4318144  |
| train/             |          |
|    actor_loss      | -0.796   |
|    critic_loss     | 0.000318 |
|    ent_coef        | 0.000147 |
|    ent_coef_loss   | 0.239    |
|    learning_rate   | 0.0003   |
|    n_updates       | 269821   |
---------------------------------
---------------------------------
| rollout/           |          |
|    ep_len_mean     | 2.09e+03 |
|    ep_rew_mean     | 2e+03    |
| time/              |          |
|    episodes        | 3764     |
|    fps             | 2090     |
|    time_elapsed    | 2067     |
|    total_timesteps | 4322160  |
| train/             |          |
|    actor_loss      | -0.783   |
|    critic_loss     | 0.000246 |
|    ent_coef        | 0.000147 |
|    ent_coef_loss   | 1.86     |
|    learning_rate   | 0.0003   |
|    n_updates       | 270072   |
---------------------------------
---------------------------------
| rollout/           |          |
|    ep_len_mean     | 2.05e+03 |
|    ep_rew_mean     | 1.94e+03 |
| time/              |          |
|    episodes        | 3768     |
|    fps             | 2090     |
|    time_elapsed    | 2068     |
|    total_timesteps | 4324656  |
| train/             |          |
|    actor_loss      | -0.692   |
|    critic_loss     | 0.000254 |
|    ent_coef        | 0.000149 |
|    ent_coef_loss   | -0.251   |
|    learning_rate   | 0.0003   |
|    n_updates       | 270228   |
---------------------------------
---------------------------------
| rollout/           |          |
|    ep_len_mean     | 1.99e+03 |
|    ep_rew_mean     | 1.85e+03 |
| time/              |          |
|    episodes        | 3772     |
|    fps             | 2090     |
|    time_elapsed    | 2069     |
|    total_timesteps | 4326016  |
| train/             |          |
|    actor_loss      | -0.679   |
|    critic_loss     | 0.00142  |
|    ent_coef        | 0.000147 |
|    ent_coef_loss   | 1.96     |
|    learning_rate   | 0.0003   |
|    n_updates       | 270313   |
---------------------------------
---------------------------------
| rollout/           |          |
|    ep_len_mean     | 1.95e+03 |
|    ep_rew_mean     | 1.89e+03 |
| time/              |          |
|    episodes        | 3776     |
|    fps             | 2090     |
|    time_elapsed    | 2074     |
|    total_timesteps | 4336928  |
| train/             |          |
|    actor_loss      | -0.746   |
|    critic_loss     | 0.000447 |
|    ent_coef        | 0.000156 |
|    ent_coef_loss   | 0.494    |
|    learning_rate   | 0.0003   |
|    n_updates       | 270995   |
---------------------------------
---------------------------------
| rollout/           |          |
|    ep_len_mean     | 1.92e+03 |
|    ep_rew_mean     | 1.91e+03 |
| time/              |          |
|    episodes        | 3780     |
|    fps             | 2090     |
|    time_elapsed    | 2075     |
|    total_timesteps | 4338640  |
| train/             |          |
|    actor_loss      | -0.782   |
|    critic_loss     | 0.000401 |
|    ent_coef        | 0.000156 |
|    ent_coef_loss   | 0.00679  |
|    learning_rate   | 0.0003   |
|    n_updates       | 271102   |
---------------------------------
---------------------------------
| rollout/           |          |
|    ep_len_mean     | 1.9e+03  |
|    ep_rew_mean     | 1.87e+03 |
| time/              |          |
|    episodes        | 3784     |
|    fps             | 2090     |
|    time_elapsed    | 2081     |
|    total_timesteps | 4352528  |
| train/             |          |
|    actor_loss      | -0.701   |
|    critic_loss     | 0.00025  |
|    ent_coef        | 0.00014  |
|    ent_coef_loss   | -0.149   |
|    learning_rate   | 0.0003   |
|    n_updates       | 271970   |
---------------------------------
---------------------------------
| rollout/           |          |
|    ep_len_mean     | 1.93e+03 |
|    ep_rew_mean     | 1.94e+03 |
| time/              |          |
|    episodes        | 3788     |
|    fps             | 2090     |
|    time_elapsed    | 2089     |
|    total_timesteps | 4367872  |
| train/             |          |
|    actor_loss      | -0.768   |
|    critic_loss     | 0.000312 |
|    ent_coef        | 0.000135 |
|    ent_coef_loss   | 0.526    |
|    learning_rate   | 0.0003   |
|    n_updates       | 272929   |
---------------------------------
---------------------------------
| rollout/           |          |
|    ep_len_mean     | 1.91e+03 |
|    ep_rew_mean     | 1.92e+03 |
| time/              |          |
|    episodes        | 3792     |
|    fps             | 2090     |
|    time_elapsed    | 2091     |
|    total_timesteps | 4371952  |
| train/             |          |
|    actor_loss      | -0.728   |
|    critic_loss     | 0.000327 |
|    ent_coef        | 0.000138 |
|    ent_coef_loss   | 2.08     |
|    learning_rate   | 0.0003   |
|    n_updates       | 273184   |
---------------------------------
---------------------------------
| rollout/           |          |
|    ep_len_mean     | 1.88e+03 |
|    ep_rew_mean     | 1.97e+03 |
| time/              |          |
|    episodes        | 3796     |
|    fps             | 2090     |
|    time_elapsed    | 2092     |
|    total_timesteps | 4374272  |
| train/             |          |
|    actor_loss      | -0.753   |
|    critic_loss     | 0.000266 |
|    ent_coef        | 0.000138 |
|    ent_coef_loss   | -1.11    |
|    learning_rate   | 0.0003   |
|    n_updates       | 273329   |
---------------------------------
---------------------------------
| rollout/           |          |
|    ep_len_mean     | 1.85e+03 |
|    ep_rew_mean     | 1.96e+03 |
| time/              |          |
|    episodes        | 3800     |
|    fps             | 2090     |
|    time_elapsed    | 2093     |
|    total_timesteps | 4376000  |
| train/             |          |
|    actor_loss      | -0.78    |
|    critic_loss     | 0.000224 |
|    ent_coef        | 0.000139 |
|    ent_coef_loss   | 1.68     |
|    learning_rate   | 0.0003   |
|    n_updates       | 273437   |
---------------------------------
---------------------------------
| rollout/           |          |
|    ep_len_mean     | 1.83e+03 |
|    ep_rew_mean     | 1.85e+03 |
| time/              |          |
|    episodes        | 3804     |
|    fps             | 2090     |
|    time_elapsed    | 2102     |
|    total_timesteps | 4396512  |
| train/             |          |
|    actor_loss      | -0.788   |
|    critic_loss     | 0.000386 |
|    ent_coef        | 0.000139 |
|    ent_coef_loss   | -0.772   |
|    learning_rate   | 0.0003   |
|    n_updates       | 274719   |
---------------------------------
---------------------------------
| rollout/           |          |
|    ep_len_mean     | 1.86e+03 |
|    ep_rew_mean     | 1.88e+03 |
| time/              |          |
|    episodes        | 3808     |
|    fps             | 2091     |
|    time_elapsed    | 2112     |
|    total_timesteps | 4417056  |
| train/             |          |
|    actor_loss      | -0.757   |
|    critic_loss     | 0.000355 |
|    ent_coef        | 0.000141 |
|    ent_coef_loss   | 1.75     |
|    learning_rate   | 0.0003   |
|    n_updates       | 276003   |
---------------------------------
---------------------------------
| rollout/           |          |
|    ep_len_mean     | 1.9e+03  |
|    ep_rew_mean     | 1.95e+03 |
| time/              |          |
|    episodes        | 3812     |
|    fps             | 2091     |
|    time_elapsed    | 2113     |
|    total_timesteps | 4420176  |
| train/             |          |
|    actor_loss      | -0.662   |
|    critic_loss     | 0.000287 |
|    ent_coef        | 0.000147 |
|    ent_coef_loss   | 3.39     |
|    learning_rate   | 0.0003   |
|    n_updates       | 276198   |
---------------------------------
---------------------------------
| rollout/           |          |
|    ep_len_mean     | 1.92e+03 |
|    ep_rew_mean     | 1.95e+03 |
| time/              |          |
|    episodes        | 3816     |
|    fps             | 2091     |
|    time_elapsed    | 2114     |
|    total_timesteps | 4420864  |
| train/             |          |
|    actor_loss      | -0.739   |
|    critic_loss     | 0.000957 |
|    ent_coef        | 0.000149 |
|    ent_coef_loss   | 3.74     |
|    learning_rate   | 0.0003   |
|    n_updates       | 276241   |
---------------------------------
---------------------------------
| rollout/           |          |
|    ep_len_mean     | 1.92e+03 |
|    ep_rew_mean     | 1.88e+03 |
| time/              |          |
|    episodes        | 3820     |
|    fps             | 2091     |
|    time_elapsed    | 2116     |
|    total_timesteps | 4426544  |
| train/             |          |
|    actor_loss      | -0.76    |
|    critic_loss     | 0.000272 |
|    ent_coef        | 0.00015  |
|    ent_coef_loss   | 0.935    |
|    learning_rate   | 0.0003   |
|    n_updates       | 276596   |
---------------------------------
---------------------------------
| rollout/           |          |
|    ep_len_mean     | 1.91e+03 |
|    ep_rew_mean     | 1.86e+03 |
| time/              |          |
|    episodes        | 3824     |
|    fps             | 2091     |
|    time_elapsed    | 2127     |
|    total_timesteps | 4447968  |
| train/             |          |
|    actor_loss      | -0.717   |
|    critic_loss     | 0.0134   |
|    ent_coef        | 0.000148 |
|    ent_coef_loss   | 4.32     |
|    learning_rate   | 0.0003   |
|    n_updates       | 277935   |
---------------------------------
---------------------------------
| rollout/           |          |
|    ep_len_mean     | 1.88e+03 |
|    ep_rew_mean     | 1.9e+03  |
| time/              |          |
|    episodes        | 3828     |
|    fps             | 2091     |
|    time_elapsed    | 2130     |
|    total_timesteps | 4455472  |
| train/             |          |
|    actor_loss      | -0.688   |
|    critic_loss     | 0.00023  |
|    ent_coef        | 0.000168 |
|    ent_coef_loss   | 0.0065   |
|    learning_rate   | 0.0003   |
|    n_updates       | 278404   |
---------------------------------
---------------------------------
| rollout/           |          |
|    ep_len_mean     | 1.88e+03 |
|    ep_rew_mean     | 1.89e+03 |
| time/              |          |
|    episodes        | 3832     |
|    fps             | 2091     |
|    time_elapsed    | 2132     |
|    total_timesteps | 4459664  |
| train/             |          |
|    actor_loss      | -0.713   |
|    critic_loss     | 0.000295 |
|    ent_coef        | 0.000169 |
|    ent_coef_loss   | -0.0615  |
|    learning_rate   | 0.0003   |
|    n_updates       | 278666   |
---------------------------------
---------------------------------
| rollout/           |          |
|    ep_len_mean     | 1.89e+03 |
|    ep_rew_mean     | 1.98e+03 |
| time/              |          |
|    episodes        | 3836     |
|    fps             | 2091     |
|    time_elapsed    | 2135     |
|    total_timesteps | 4465584  |
| train/             |          |
|    actor_loss      | -0.735   |
|    critic_loss     | 0.0139   |
|    ent_coef        | 0.000163 |
|    ent_coef_loss   | -2.74    |
|    learning_rate   | 0.0003   |
|    n_updates       | 279036   |
---------------------------------
---------------------------------
| rollout/           |          |
|    ep_len_mean     | 1.93e+03 |
|    ep_rew_mean     | 1.91e+03 |
| time/              |          |
|    episodes        | 3840     |
|    fps             | 2091     |
|    time_elapsed    | 2140     |
|    total_timesteps | 4475040  |
| train/             |          |
|    actor_loss      | -0.684   |
|    critic_loss     | 0.000338 |
|    ent_coef        | 0.000156 |
|    ent_coef_loss   | 1.24     |
|    learning_rate   | 0.0003   |
|    n_updates       | 279627   |
---------------------------------
---------------------------------
| rollout/           |          |
|    ep_len_mean     | 1.94e+03 |
|    ep_rew_mean     | 1.87e+03 |
| time/              |          |
|    episodes        | 3844     |
|    fps             | 2091     |
|    time_elapsed    | 2148     |
|    total_timesteps | 4492928  |
| train/             |          |
|    actor_loss      | -0.688   |
|    critic_loss     | 0.000508 |
|    ent_coef        | 0.00016  |
|    ent_coef_loss   | 0.203    |
|    learning_rate   | 0.0003   |
|    n_updates       | 280745   |
---------------------------------
---------------------------------
| rollout/           |          |
|    ep_len_mean     | 1.95e+03 |
|    ep_rew_mean     | 1.8e+03  |
| time/              |          |
|    episodes        | 3848     |
|    fps             | 2091     |
|    time_elapsed    | 2152     |
|    total_timesteps | 4500400  |
| train/             |          |
|    actor_loss      | -0.767   |
|    critic_loss     | 0.00144  |
|    ent_coef        | 0.000168 |
|    ent_coef_loss   | -4.27    |
|    learning_rate   | 0.0003   |
|    n_updates       | 281212   |
---------------------------------
---------------------------------
| rollout/           |          |
|    ep_len_mean     | 1.99e+03 |
|    ep_rew_mean     | 1.9e+03  |
| time/              |          |
|    episodes        | 3852     |
|    fps             | 2091     |
|    time_elapsed    | 2153     |
|    total_timesteps | 4502480  |
| train/             |          |
|    actor_loss      | -0.638   |
|    critic_loss     | 0.00108  |
|    ent_coef        | 0.000165 |
|    ent_coef_loss   | -0.7     |
|    learning_rate   | 0.0003   |
|    n_updates       | 281342   |
---------------------------------
---------------------------------
| rollout/           |          |
|    ep_len_mean     | 2e+03    |
|    ep_rew_mean     | 1.88e+03 |
| time/              |          |
|    episodes        | 3856     |
|    fps             | 2091     |
|    time_elapsed    | 2157     |
|    total_timesteps | 4510944  |
| train/             |          |
|    actor_loss      | -0.703   |
|    critic_loss     | 0.000223 |
|    ent_coef        | 0.000151 |
|    ent_coef_loss   | -1.78    |
|    learning_rate   | 0.0003   |
|    n_updates       | 281871   |
---------------------------------
---------------------------------
| rollout/           |          |
|    ep_len_mean     | 1.99e+03 |
|    ep_rew_mean     | 1.89e+03 |
| time/              |          |
|    episodes        | 3860     |
|    fps             | 2091     |
|    time_elapsed    | 2163     |
|    total_timesteps | 4523328  |
| train/             |          |
|    actor_loss      | -0.749   |
|    critic_loss     | 0.000815 |
|    ent_coef        | 0.000145 |
|    ent_coef_loss   | 1.2      |
|    learning_rate   | 0.0003   |
|    n_updates       | 282645   |
---------------------------------
---------------------------------
| rollout/           |          |
|    ep_len_mean     | 2.05e+03 |
|    ep_rew_mean     | 1.93e+03 |
| time/              |          |
|    episodes        | 3864     |
|    fps             | 2091     |
|    time_elapsed    | 2167     |
|    total_timesteps | 4533168  |
| train/             |          |
|    actor_loss      | -0.685   |
|    critic_loss     | 0.000359 |
|    ent_coef        | 0.000142 |
|    ent_coef_loss   | 4.13     |
|    learning_rate   | 0.0003   |
|    n_updates       | 283260   |
---------------------------------
---------------------------------
| rollout/           |          |
|    ep_len_mean     | 2.09e+03 |
|    ep_rew_mean     | 2.02e+03 |
| time/              |          |
|    episodes        | 3868     |
|    fps             | 2091     |
|    time_elapsed    | 2169     |
|    total_timesteps | 4537088  |
| train/             |          |
|    actor_loss      | -0.756   |
|    critic_loss     | 0.000285 |
|    ent_coef        | 0.000146 |
|    ent_coef_loss   | -2.8     |
|    learning_rate   | 0.0003   |
|    n_updates       | 283505   |
---------------------------------
---------------------------------
| rollout/           |          |
|    ep_len_mean     | 2.13e+03 |
|    ep_rew_mean     | 2.05e+03 |
| time/              |          |
|    episodes        | 3872     |
|    fps             | 2091     |
|    time_elapsed    | 2173     |
|    total_timesteps | 4545440  |
| train/             |          |
|    actor_loss      | -0.825   |
|    critic_loss     | 0.000333 |
|    ent_coef        | 0.000143 |
|    ent_coef_loss   | -1.14    |
|    learning_rate   | 0.0003   |
|    n_updates       | 284027   |
---------------------------------
---------------------------------
| rollout/           |          |
|    ep_len_mean     | 2.17e+03 |
|    ep_rew_mean     | 2.04e+03 |
| time/              |          |
|    episodes        | 3876     |
|    fps             | 2091     |
|    time_elapsed    | 2182     |
|    total_timesteps | 4564272  |
| train/             |          |
|    actor_loss      | -0.695   |
|    critic_loss     | 0.000239 |
|    ent_coef        | 0.000138 |
|    ent_coef_loss   | -0.119   |
|    learning_rate   | 0.0003   |
|    n_updates       | 285204   |
---------------------------------
---------------------------------
| rollout/           |          |
|    ep_len_mean     | 2.23e+03 |
|    ep_rew_mean     | 2.08e+03 |
| time/              |          |
|    episodes        | 3880     |
|    fps             | 2091     |
|    time_elapsed    | 2184     |
|    total_timesteps | 4569216  |
| train/             |          |
|    actor_loss      | -0.676   |
|    critic_loss     | 0.000373 |
|    ent_coef        | 0.000141 |
|    ent_coef_loss   | -0.334   |
|    learning_rate   | 0.0003   |
|    n_updates       | 285513   |
---------------------------------
---------------------------------
| rollout/           |          |
|    ep_len_mean     | 2.25e+03 |
|    ep_rew_mean     | 2.1e+03  |
| time/              |          |
|    episodes        | 3884     |
|    fps             | 2091     |
|    time_elapsed    | 2186     |
|    total_timesteps | 4572160  |
| train/             |          |
|    actor_loss      | -0.685   |
|    critic_loss     | 0.00023  |
|    ent_coef        | 0.000144 |
|    ent_coef_loss   | -0.431   |
|    learning_rate   | 0.0003   |
|    n_updates       | 285697   |
---------------------------------
---------------------------------
| rollout/           |          |
|    ep_len_mean     | 2.24e+03 |
|    ep_rew_mean     | 2.02e+03 |
| time/              |          |
|    episodes        | 3888     |
|    fps             | 2091     |
|    time_elapsed    | 2190     |
|    total_timesteps | 4580752  |
| train/             |          |
|    actor_loss      | -0.804   |
|    critic_loss     | 0.000289 |
|    ent_coef        | 0.000148 |
|    ent_coef_loss   | -1.44    |
|    learning_rate   | 0.0003   |
|    n_updates       | 286234   |
---------------------------------
---------------------------------
| rollout/           |          |
|    ep_len_mean     | 2.25e+03 |
|    ep_rew_mean     | 2.05e+03 |
| time/              |          |
|    episodes        | 3892     |
|    fps             | 2091     |
|    time_elapsed    | 2195     |
|    total_timesteps | 4590720  |
| train/             |          |
|    actor_loss      | -0.76    |
|    critic_loss     | 0.000257 |
|    ent_coef        | 0.000151 |
|    ent_coef_loss   | -0.795   |
|    learning_rate   | 0.0003   |
|    n_updates       | 286857   |
---------------------------------
---------------------------------
| rollout/           |          |
|    ep_len_mean     | 2.26e+03 |
|    ep_rew_mean     | 2.06e+03 |
| time/              |          |
|    episodes        | 3896     |
|    fps             | 2091     |
|    time_elapsed    | 2199     |
|    total_timesteps | 4600032  |
| train/             |          |
|    actor_loss      | -0.713   |
|    critic_loss     | 0.000265 |
|    ent_coef        | 0.00015  |
|    ent_coef_loss   | -0.47    |
|    learning_rate   | 0.0003   |
|    n_updates       | 287439   |
---------------------------------
---------------------------------
| rollout/           |          |
|    ep_len_mean     | 2.26e+03 |
|    ep_rew_mean     | 2.03e+03 |
| time/              |          |
|    episodes        | 3900     |
|    fps             | 2091     |
|    time_elapsed    | 2203     |
|    total_timesteps | 4607664  |
| train/             |          |
|    actor_loss      | -0.69    |
|    critic_loss     | 0.000955 |
|    ent_coef        | 0.000142 |
|    ent_coef_loss   | -2.65    |
|    learning_rate   | 0.0003   |
|    n_updates       | 287916   |
---------------------------------
---------------------------------
| rollout/           |          |
|    ep_len_mean     | 2.28e+03 |
|    ep_rew_mean     | 2.05e+03 |
| time/              |          |
|    episodes        | 3904     |
|    fps             | 2091     |
|    time_elapsed    | 2209     |
|    total_timesteps | 4620384  |
| train/             |          |
|    actor_loss      | -0.749   |
|    critic_loss     | 0.000393 |
|    ent_coef        | 0.000147 |
|    ent_coef_loss   | -2.05    |
|    learning_rate   | 0.0003   |
|    n_updates       | 288711   |
---------------------------------
---------------------------------
| rollout/           |          |
|    ep_len_mean     | 2.25e+03 |
|    ep_rew_mean     | 2.03e+03 |
| time/              |          |
|    episodes        | 3908     |
|    fps             | 2091     |
|    time_elapsed    | 2214     |
|    total_timesteps | 4631680  |
| train/             |          |
|    actor_loss      | -0.741   |
|    critic_loss     | 0.000405 |
|    ent_coef        | 0.000149 |
|    ent_coef_loss   | -2.67    |
|    learning_rate   | 0.0003   |
|    n_updates       | 289417   |
---------------------------------
---------------------------------
| rollout/           |          |
|    ep_len_mean     | 2.2e+03  |
|    ep_rew_mean     | 1.99e+03 |
| time/              |          |
|    episodes        | 3912     |
|    fps             | 2091     |
|    time_elapsed    | 2217     |
|    total_timesteps | 4637776  |
| train/             |          |
|    actor_loss      | -0.749   |
|    critic_loss     | 0.00287  |
|    ent_coef        | 0.000151 |
|    ent_coef_loss   | -1.56    |
|    learning_rate   | 0.0003   |
|    n_updates       | 289798   |
---------------------------------
---------------------------------
| rollout/           |          |
|    ep_len_mean     | 2.17e+03 |
|    ep_rew_mean     | 1.94e+03 |
| time/              |          |
|    episodes        | 3916     |
|    fps             | 2091     |
|    time_elapsed    | 2220     |
|    total_timesteps | 4643280  |
| train/             |          |
|    actor_loss      | -0.684   |
|    critic_loss     | 0.000279 |
|    ent_coef        | 0.000147 |
|    ent_coef_loss   | 0.46     |
|    learning_rate   | 0.0003   |
|    n_updates       | 290142   |
---------------------------------
---------------------------------
| rollout/           |          |
|    ep_len_mean     | 2.19e+03 |
|    ep_rew_mean     | 1.96e+03 |
| time/              |          |
|    episodes        | 3920     |
|    fps             | 2091     |
|    time_elapsed    | 2223     |
|    total_timesteps | 4649552  |
| train/             |          |
|    actor_loss      | -0.745   |
|    critic_loss     | 0.000215 |
|    ent_coef        | 0.000144 |
|    ent_coef_loss   | -0.341   |
|    learning_rate   | 0.0003   |
|    n_updates       | 290534   |
---------------------------------
---------------------------------
| rollout/           |          |
|    ep_len_mean     | 2.19e+03 |
|    ep_rew_mean     | 1.93e+03 |
| time/              |          |
|    episodes        | 3924     |
|    fps             | 2091     |
|    time_elapsed    | 2236     |
|    total_timesteps | 4678032  |
| train/             |          |
|    actor_loss      | -0.717   |
|    critic_loss     | 0.000212 |
|    ent_coef        | 0.00014  |
|    ent_coef_loss   | -4.71    |
|    learning_rate   | 0.0003   |
|    n_updates       | 292314   |
---------------------------------
---------------------------------
| rollout/           |          |
|    ep_len_mean     | 2.24e+03 |
|    ep_rew_mean     | 2.01e+03 |
| time/              |          |
|    episodes        | 3928     |
|    fps             | 2091     |
|    time_elapsed    | 2240     |
|    total_timesteps | 4686368  |
| train/             |          |
|    actor_loss      | -0.698   |
|    critic_loss     | 0.000655 |
|    ent_coef        | 0.000152 |
|    ent_coef_loss   | 6.07     |
|    learning_rate   | 0.0003   |
|    n_updates       | 292835   |
---------------------------------
---------------------------------
| rollout/           |          |
|    ep_len_mean     | 2.26e+03 |
|    ep_rew_mean     | 2.03e+03 |
| time/              |          |
|    episodes        | 3932     |
|    fps             | 2091     |
|    time_elapsed    | 2242     |
|    total_timesteps | 4689216  |
| train/             |          |
|    actor_loss      | -0.838   |
|    critic_loss     | 0.000301 |
|    ent_coef        | 0.000151 |
|    ent_coef_loss   | -1.77    |
|    learning_rate   | 0.0003   |
|    n_updates       | 293013   |
---------------------------------
---------------------------------
| rollout/           |          |
|    ep_len_mean     | 2.3e+03  |
|    ep_rew_mean     | 1.92e+03 |
| time/              |          |
|    episodes        | 3936     |
|    fps             | 2091     |
|    time_elapsed    | 2244     |
|    total_timesteps | 4694848  |
| train/             |          |
|    actor_loss      | -0.728   |
|    critic_loss     | 0.00282  |
|    ent_coef        | 0.000148 |
|    ent_coef_loss   | 1.12     |
|    learning_rate   | 0.0003   |
|    n_updates       | 293365   |
---------------------------------
---------------------------------
| rollout/           |          |
|    ep_len_mean     | 2.31e+03 |
|    ep_rew_mean     | 2.04e+03 |
| time/              |          |
|    episodes        | 3940     |
|    fps             | 2091     |
|    time_elapsed    | 2251     |
|    total_timesteps | 4709840  |
| train/             |          |
|    actor_loss      | -0.641   |
|    critic_loss     | 0.000246 |
|    ent_coef        | 0.000147 |
|    ent_coef_loss   | -5.34    |
|    learning_rate   | 0.0003   |
|    n_updates       | 294302   |
---------------------------------
---------------------------------
| rollout/           |          |
|    ep_len_mean     | 2.3e+03  |
|    ep_rew_mean     | 2.05e+03 |
| time/              |          |
|    episodes        | 3944     |
|    fps             | 2091     |
|    time_elapsed    | 2256     |
|    total_timesteps | 4718544  |
| train/             |          |
|    actor_loss      | -0.761   |
|    critic_loss     | 0.000216 |
|    ent_coef        | 0.000146 |
|    ent_coef_loss   | -3.43    |
|    learning_rate   | 0.0003   |
|    n_updates       | 294846   |
---------------------------------
---------------------------------
| rollout/           |          |
|    ep_len_mean     | 2.29e+03 |
|    ep_rew_mean     | 2.1e+03  |
| time/              |          |
|    episodes        | 3948     |
|    fps             | 2091     |
|    time_elapsed    | 2258     |
|    total_timesteps | 4723904  |
| train/             |          |
|    actor_loss      | -0.724   |
|    critic_loss     | 0.000587 |
|    ent_coef        | 0.000148 |
|    ent_coef_loss   | 5.03     |
|    learning_rate   | 0.0003   |
|    n_updates       | 295181   |
---------------------------------
---------------------------------
| rollout/           |          |
|    ep_len_mean     | 2.28e+03 |
|    ep_rew_mean     | 2.03e+03 |
| time/              |          |
|    episodes        | 3952     |
|    fps             | 2091     |
|    time_elapsed    | 2261     |
|    total_timesteps | 4728944  |
| train/             |          |
|    actor_loss      | -0.672   |
|    critic_loss     | 0.000233 |
|    ent_coef        | 0.000148 |
|    ent_coef_loss   | -3.24    |
|    learning_rate   | 0.0003   |
|    n_updates       | 295496   |
---------------------------------
---------------------------------
| rollout/           |          |
|    ep_len_mean     | 2.27e+03 |
|    ep_rew_mean     | 2.06e+03 |
| time/              |          |
|    episodes        | 3956     |
|    fps             | 2091     |
|    time_elapsed    | 2270     |
|    total_timesteps | 4747664  |
| train/             |          |
|    actor_loss      | -0.752   |
|    critic_loss     | 0.00028  |
|    ent_coef        | 0.000136 |
|    ent_coef_loss   | -2       |
|    learning_rate   | 0.0003   |
|    n_updates       | 296666   |
---------------------------------
---------------------------------
| rollout/           |          |
|    ep_len_mean     | 2.28e+03 |
|    ep_rew_mean     | 2.1e+03  |
| time/              |          |
|    episodes        | 3960     |
|    fps             | 2091     |
|    time_elapsed    | 2273     |
|    total_timesteps | 4755584  |
| train/             |          |
|    actor_loss      | -0.745   |
|    critic_loss     | 0.000278 |
|    ent_coef        | 0.000138 |
|    ent_coef_loss   | 1.13     |
|    learning_rate   | 0.0003   |
|    n_updates       | 297161   |
---------------------------------
---------------------------------
| rollout/           |          |
|    ep_len_mean     | 2.3e+03  |
|    ep_rew_mean     | 2.18e+03 |
| time/              |          |
|    episodes        | 3964     |
|    fps             | 2091     |
|    time_elapsed    | 2276     |
|    total_timesteps | 4761792  |
| train/             |          |
|    actor_loss      | -0.708   |
|    critic_loss     | 0.000244 |
|    ent_coef        | 0.000135 |
|    ent_coef_loss   | -1.16    |
|    learning_rate   | 0.0003   |
|    n_updates       | 297549   |
---------------------------------
---------------------------------
| rollout/           |          |
|    ep_len_mean     | 2.28e+03 |
|    ep_rew_mean     | 2.14e+03 |
| time/              |          |
|    episodes        | 3968     |
|    fps             | 2091     |
|    time_elapsed    | 2278     |
|    total_timesteps | 4765072  |
| train/             |          |
|    actor_loss      | -0.653   |
|    critic_loss     | 0.000287 |
|    ent_coef        | 0.000131 |
|    ent_coef_loss   | -3.48    |
|    learning_rate   | 0.0003   |
|    n_updates       | 297754   |
---------------------------------
---------------------------------
| rollout/           |          |
|    ep_len_mean     | 2.29e+03 |
|    ep_rew_mean     | 2.15e+03 |
| time/              |          |
|    episodes        | 3972     |
|    fps             | 2091     |
|    time_elapsed    | 2281     |
|    total_timesteps | 4772592  |
| train/             |          |
|    actor_loss      | -0.634   |
|    critic_loss     | 0.000279 |
|    ent_coef        | 0.000127 |
|    ent_coef_loss   | 2.01     |
|    learning_rate   | 0.0003   |
|    n_updates       | 298224   |
---------------------------------
---------------------------------
| rollout/           |          |
|    ep_len_mean     | 2.26e+03 |
|    ep_rew_mean     | 2.13e+03 |
| time/              |          |
|    episodes        | 3976     |
|    fps             | 2091     |
|    time_elapsed    | 2289     |
|    total_timesteps | 4788096  |
| train/             |          |
|    actor_loss      | -0.638   |
|    critic_loss     | 0.000508 |
|    ent_coef        | 0.000121 |
|    ent_coef_loss   | 4.38     |
|    learning_rate   | 0.0003   |
|    n_updates       | 299193   |
---------------------------------
---------------------------------
| rollout/           |          |
|    ep_len_mean     | 2.24e+03 |
|    ep_rew_mean     | 2.13e+03 |
| time/              |          |
|    episodes        | 3980     |
|    fps             | 2091     |
|    time_elapsed    | 2291     |
|    total_timesteps | 4792128  |
| train/             |          |
|    actor_loss      | -0.655   |
|    critic_loss     | 0.00119  |
|    ent_coef        | 0.000124 |
|    ent_coef_loss   | 1.27     |
|    learning_rate   | 0.0003   |
|    n_updates       | 299445   |
---------------------------------
---------------------------------
| rollout/           |          |
|    ep_len_mean     | 2.25e+03 |
|    ep_rew_mean     | 2.21e+03 |
| time/              |          |
|    episodes        | 3984     |
|    fps             | 2091     |
|    time_elapsed    | 2291     |
|    total_timesteps | 4793216  |
| train/             |          |
|    actor_loss      | -0.72    |
|    critic_loss     | 0.000358 |
|    ent_coef        | 0.000125 |
|    ent_coef_loss   | 2.85     |
|    learning_rate   | 0.0003   |
|    n_updates       | 299513   |
---------------------------------
---------------------------------
| rollout/           |          |
|    ep_len_mean     | 2.23e+03 |
|    ep_rew_mean     | 2.21e+03 |
| time/              |          |
|    episodes        | 3988     |
|    fps             | 2091     |
|    time_elapsed    | 2299     |
|    total_timesteps | 4809872  |
| train/             |          |
|    actor_loss      | -0.656   |
|    critic_loss     | 0.000208 |
|    ent_coef        | 0.000142 |
|    ent_coef_loss   | 2.08     |
|    learning_rate   | 0.0003   |
|    n_updates       | 300554   |
---------------------------------
---------------------------------
| rollout/           |          |
|    ep_len_mean     | 2.26e+03 |
|    ep_rew_mean     | 2.24e+03 |
| time/              |          |
|    episodes        | 3992     |
|    fps             | 2091     |
|    time_elapsed    | 2304     |
|    total_timesteps | 4820272  |
| train/             |          |
|    actor_loss      | -0.692   |
|    critic_loss     | 0.000327 |
|    ent_coef        | 0.000147 |
|    ent_coef_loss   | -3       |
|    learning_rate   | 0.0003   |
|    n_updates       | 301204   |
---------------------------------
---------------------------------
| rollout/           |          |
|    ep_len_mean     | 2.26e+03 |
|    ep_rew_mean     | 2.21e+03 |
| time/              |          |
|    episodes        | 3996     |
|    fps             | 2091     |
|    time_elapsed    | 2305     |
|    total_timesteps | 4821248  |
| train/             |          |
|    actor_loss      | -0.725   |
|    critic_loss     | 0.00027  |
|    ent_coef        | 0.000146 |
|    ent_coef_loss   | -2.18    |
|    learning_rate   | 0.0003   |
|    n_updates       | 301265   |
---------------------------------
---------------------------------
| rollout/           |          |
|    ep_len_mean     | 2.24e+03 |
|    ep_rew_mean     | 2.26e+03 |
| time/              |          |
|    episodes        | 4000     |
|    fps             | 2091     |
|    time_elapsed    | 2306     |
|    total_timesteps | 4823424  |
| train/             |          |
|    actor_loss      | -0.718   |
|    critic_loss     | 0.000216 |
|    ent_coef        | 0.00014  |
|    ent_coef_loss   | -6.31    |
|    learning_rate   | 0.0003   |
|    n_updates       | 301401   |
---------------------------------
---------------------------------
| rollout/           |          |
|    ep_len_mean     | 2.21e+03 |
|    ep_rew_mean     | 2.34e+03 |
| time/              |          |
|    episodes        | 4004     |
|    fps             | 2091     |
|    time_elapsed    | 2310     |
|    total_timesteps | 4831392  |
| train/             |          |
|    actor_loss      | -0.651   |
|    critic_loss     | 0.000366 |
|    ent_coef        | 0.000132 |
|    ent_coef_loss   | 2.35     |
|    learning_rate   | 0.0003   |
|    n_updates       | 301899   |
---------------------------------
---------------------------------
| rollout/           |          |
|    ep_len_mean     | 2.18e+03 |
|    ep_rew_mean     | 2.38e+03 |
| time/              |          |
|    episodes        | 4008     |
|    fps             | 2091     |
|    time_elapsed    | 2316     |
|    total_timesteps | 4843888  |
| train/             |          |
|    actor_loss      | -0.728   |
|    critic_loss     | 0.000221 |
|    ent_coef        | 0.000151 |
|    ent_coef_loss   | -0.906   |
|    learning_rate   | 0.0003   |
|    n_updates       | 302680   |
---------------------------------
---------------------------------
| rollout/           |          |
|    ep_len_mean     | 2.16e+03 |
|    ep_rew_mean     | 2.39e+03 |
| time/              |          |
|    episodes        | 4012     |
|    fps             | 2091     |
|    time_elapsed    | 2320     |
|    total_timesteps | 4853104  |
| train/             |          |
|    actor_loss      | -0.705   |
|    critic_loss     | 0.000275 |
|    ent_coef        | 0.000148 |
|    ent_coef_loss   | -4.25    |
|    learning_rate   | 0.0003   |
|    n_updates       | 303256   |
---------------------------------
---------------------------------
| rollout/           |          |
|    ep_len_mean     | 2.16e+03 |
|    ep_rew_mean     | 2.4e+03  |
| time/              |          |
|    episodes        | 4016     |
|    fps             | 2091     |
|    time_elapsed    | 2321     |
|    total_timesteps | 4855200  |
| train/             |          |
|    actor_loss      | -0.647   |
|    critic_loss     | 0.000312 |
|    ent_coef        | 0.000143 |
|    ent_coef_loss   | 2.19     |
|    learning_rate   | 0.0003   |
|    n_updates       | 303387   |
---------------------------------
---------------------------------
| rollout/           |          |
|    ep_len_mean     | 2.15e+03 |
|    ep_rew_mean     | 2.38e+03 |
| time/              |          |
|    episodes        | 4020     |
|    fps             | 2091     |
|    time_elapsed    | 2326     |
|    total_timesteps | 4865360  |
| train/             |          |
|    actor_loss      | -0.761   |
|    critic_loss     | 0.00023  |
|    ent_coef        | 0.000142 |
|    ent_coef_loss   | -1.72    |
|    learning_rate   | 0.0003   |
|    n_updates       | 304022   |
---------------------------------
---------------------------------
| rollout/           |          |
|    ep_len_mean     | 2.13e+03 |
|    ep_rew_mean     | 2.38e+03 |
| time/              |          |
|    episodes        | 4024     |
|    fps             | 2091     |
|    time_elapsed    | 2331     |
|    total_timesteps | 4875776  |
| train/             |          |
|    actor_loss      | -0.762   |
|    critic_loss     | 0.000585 |
|    ent_coef        | 0.000146 |
|    ent_coef_loss   | -3.66    |
|    learning_rate   | 0.0003   |
|    n_updates       | 304673   |
---------------------------------
---------------------------------
| rollout/           |          |
|    ep_len_mean     | 2.07e+03 |
|    ep_rew_mean     | 2.26e+03 |
| time/              |          |
|    episodes        | 4028     |
|    fps             | 2091     |
|    time_elapsed    | 2333     |
|    total_timesteps | 4880032  |
| train/             |          |
|    actor_loss      | -0.719   |
|    critic_loss     | 0.000314 |
|    ent_coef        | 0.000148 |
|    ent_coef_loss   | -1.64    |
|    learning_rate   | 0.0003   |
|    n_updates       | 304939   |
---------------------------------
---------------------------------
| rollout/           |          |
|    ep_len_mean     | 2.06e+03 |
|    ep_rew_mean     | 2.25e+03 |
| time/              |          |
|    episodes        | 4032     |
|    fps             | 2091     |
|    time_elapsed    | 2336     |
|    total_timesteps | 4887200  |
| train/             |          |
|    actor_loss      | -0.717   |
|    critic_loss     | 0.000284 |
|    ent_coef        | 0.000153 |
|    ent_coef_loss   | -0.623   |
|    learning_rate   | 0.0003   |
|    n_updates       | 305387   |
---------------------------------
---------------------------------
| rollout/           |          |
|    ep_len_mean     | 2.02e+03 |
|    ep_rew_mean     | 2.28e+03 |
| time/              |          |
|    episodes        | 4036     |
|    fps             | 2091     |
|    time_elapsed    | 2344     |
|    total_timesteps | 4903792  |
| train/             |          |
|    actor_loss      | -0.712   |
|    critic_loss     | 0.000947 |
|    ent_coef        | 0.000129 |
|    ent_coef_loss   | 1.6      |
|    learning_rate   | 0.0003   |
|    n_updates       | 306424   |
---------------------------------
---------------------------------
| rollout/           |          |
|    ep_len_mean     | 2e+03    |
|    ep_rew_mean     | 2.3e+03  |
| time/              |          |
|    episodes        | 4040     |
|    fps             | 2091     |
|    time_elapsed    | 2350     |
|    total_timesteps | 4914576  |
| train/             |          |
|    actor_loss      | -0.672   |
|    critic_loss     | 0.00027  |
|    ent_coef        | 0.000133 |
|    ent_coef_loss   | 1.2      |
|    learning_rate   | 0.0003   |
|    n_updates       | 307098   |
---------------------------------
---------------------------------
| rollout/           |          |
|    ep_len_mean     | 2.03e+03 |
|    ep_rew_mean     | 2.35e+03 |
| time/              |          |
|    episodes        | 4044     |
|    fps             | 2091     |
|    time_elapsed    | 2355     |
|    total_timesteps | 4925504  |
| train/             |          |
|    actor_loss      | -0.714   |
|    critic_loss     | 0.00586  |
|    ent_coef        | 0.000132 |
|    ent_coef_loss   | -3.29    |
|    learning_rate   | 0.0003   |
|    n_updates       | 307781   |
---------------------------------
---------------------------------
| rollout/           |          |
|    ep_len_mean     | 2.04e+03 |
|    ep_rew_mean     | 2.32e+03 |
| time/              |          |
|    episodes        | 4048     |
|    fps             | 2091     |
|    time_elapsed    | 2357     |
|    total_timesteps | 4931216  |
| train/             |          |
|    actor_loss      | -0.66    |
|    critic_loss     | 0.000312 |
|    ent_coef        | 0.00014  |
|    ent_coef_loss   | 1.39     |
|    learning_rate   | 0.0003   |
|    n_updates       | 308138   |
---------------------------------
---------------------------------
| rollout/           |          |
|    ep_len_mean     | 2.04e+03 |
|    ep_rew_mean     | 2.33e+03 |
| time/              |          |
|    episodes        | 4052     |
|    fps             | 2091     |
|    time_elapsed    | 2360     |
|    total_timesteps | 4936448  |
| train/             |          |
|    actor_loss      | -0.677   |
|    critic_loss     | 0.000235 |
|    ent_coef        | 0.000137 |
|    ent_coef_loss   | 1.14     |
|    learning_rate   | 0.0003   |
|    n_updates       | 308465   |
---------------------------------
---------------------------------
| rollout/           |          |
|    ep_len_mean     | 2.06e+03 |
|    ep_rew_mean     | 2.39e+03 |
| time/              |          |
|    episodes        | 4056     |
|    fps             | 2091     |
|    time_elapsed    | 2366     |
|    total_timesteps | 4949488  |
| train/             |          |
|    actor_loss      | -0.691   |
|    critic_loss     | 0.000478 |
|    ent_coef        | 0.000148 |
|    ent_coef_loss   | 2.19     |
|    learning_rate   | 0.0003   |
|    n_updates       | 309280   |
---------------------------------
---------------------------------
| rollout/           |          |
|    ep_len_mean     | 2.06e+03 |
|    ep_rew_mean     | 2.35e+03 |
| time/              |          |
|    episodes        | 4060     |
|    fps             | 2091     |
|    time_elapsed    | 2370     |
|    total_timesteps | 4957360  |
| train/             |          |
|    actor_loss      | -0.634   |
|    critic_loss     | 0.000491 |
|    ent_coef        | 0.000138 |
|    ent_coef_loss   | 1.95     |
|    learning_rate   | 0.0003   |
|    n_updates       | 309772   |
---------------------------------
---------------------------------
| rollout/           |          |
|    ep_len_mean     | 2.07e+03 |
|    ep_rew_mean     | 2.31e+03 |
| time/              |          |
|    episodes        | 4064     |
|    fps             | 2091     |
|    time_elapsed    | 2379     |
|    total_timesteps | 4975792  |
| train/             |          |
|    actor_loss      | -0.688   |
|    critic_loss     | 0.000256 |
|    ent_coef        | 0.000115 |
|    ent_coef_loss   | 1.33     |
|    learning_rate   | 0.0003   |
|    n_updates       | 310924   |
---------------------------------
---------------------------------
| rollout/           |          |
|    ep_len_mean     | 2.11e+03 |
|    ep_rew_mean     | 2.34e+03 |
| time/              |          |
|    episodes        | 4068     |
|    fps             | 2091     |
|    time_elapsed    | 2382     |
|    total_timesteps | 4982752  |
| train/             |          |
|    actor_loss      | -0.741   |
|    critic_loss     | 0.000356 |
|    ent_coef        | 0.000121 |
|    ent_coef_loss   | -1.69    |
|    learning_rate   | 0.0003   |
|    n_updates       | 311359   |
---------------------------------
---------------------------------
| rollout/           |          |
|    ep_len_mean     | 2.16e+03 |
|    ep_rew_mean     | 2.26e+03 |
| time/              |          |
|    episodes        | 4072     |
|    fps             | 2091     |
|    time_elapsed    | 2386     |
|    total_timesteps | 4991968  |
| train/             |          |
|    actor_loss      | -0.661   |
|    critic_loss     | 0.000228 |
|    ent_coef        | 0.000128 |
|    ent_coef_loss   | -2.36    |
|    learning_rate   | 0.0003   |
|    n_updates       | 311935   |
---------------------------------
---------------------------------
| rollout/           |          |
|    ep_len_mean     | 2.18e+03 |
|    ep_rew_mean     | 2.22e+03 |
| time/              |          |
|    episodes        | 4076     |
|    fps             | 2091     |
|    time_elapsed    | 2391     |
|    total_timesteps | 5002528  |
| train/             |          |
|    actor_loss      | -0.637   |
|    critic_loss     | 0.000228 |
|    ent_coef        | 0.000132 |
|    ent_coef_loss   | -0.0713  |
|    learning_rate   | 0.0003   |
|    n_updates       | 312595   |
---------------------------------
---------------------------------
| rollout/           |          |
|    ep_len_mean     | 2.21e+03 |
|    ep_rew_mean     | 2.11e+03 |
| time/              |          |
|    episodes        | 4080     |
|    fps             | 2091     |
|    time_elapsed    | 2399     |
|    total_timesteps | 5019616  |
| train/             |          |
|    actor_loss      | -0.633   |
|    critic_loss     | 0.000356 |
|    ent_coef        | 0.00014  |
|    ent_coef_loss   | -0.14    |
|    learning_rate   | 0.0003   |
|    n_updates       | 313663   |
---------------------------------
---------------------------------
| rollout/           |          |
|    ep_len_mean     | 2.23e+03 |
|    ep_rew_mean     | 2.07e+03 |
| time/              |          |
|    episodes        | 4084     |
|    fps             | 2091     |
|    time_elapsed    | 2401     |
|    total_timesteps | 5022544  |
| train/             |          |
|    actor_loss      | -0.623   |
|    critic_loss     | 0.000214 |
|    ent_coef        | 0.000132 |
|    ent_coef_loss   | -0.83    |
|    learning_rate   | 0.0003   |
|    n_updates       | 313846   |
---------------------------------
---------------------------------
| rollout/           |          |
|    ep_len_mean     | 2.26e+03 |
|    ep_rew_mean     | 2.15e+03 |
| time/              |          |
|    episodes        | 4088     |
|    fps             | 2091     |
|    time_elapsed    | 2408     |
|    total_timesteps | 5039024  |
| train/             |          |
|    actor_loss      | -0.661   |
|    critic_loss     | 0.000309 |
|    ent_coef        | 0.000139 |
|    ent_coef_loss   | -0.152   |
|    learning_rate   | 0.0003   |
|    n_updates       | 314876   |
---------------------------------
---------------------------------
| rollout/           |          |
|    ep_len_mean     | 2.26e+03 |
|    ep_rew_mean     | 2.24e+03 |
| time/              |          |
|    episodes        | 4092     |
|    fps             | 2091     |
|    time_elapsed    | 2409     |
|    total_timesteps | 5041600  |
| train/             |          |
|    actor_loss      | -0.619   |
|    critic_loss     | 0.000254 |
|    ent_coef        | 0.00014  |
|    ent_coef_loss   | 0.59     |
|    learning_rate   | 0.0003   |
|    n_updates       | 315037   |
---------------------------------
---------------------------------
| rollout/           |          |
|    ep_len_mean     | 2.3e+03  |
|    ep_rew_mean     | 2.23e+03 |
| time/              |          |
|    episodes        | 4096     |
|    fps             | 2092     |
|    time_elapsed    | 2419     |
|    total_timesteps | 5062032  |
| train/             |          |
|    actor_loss      | -0.703   |
|    critic_loss     | 0.000211 |
|    ent_coef        | 0.00013  |
|    ent_coef_loss   | -1.59    |
|    learning_rate   | 0.0003   |
|    n_updates       | 316314   |
---------------------------------
---------------------------------
| rollout/           |          |
|    ep_len_mean     | 2.33e+03 |
|    ep_rew_mean     | 2.23e+03 |
| time/              |          |
|    episodes        | 4100     |
|    fps             | 2092     |
|    time_elapsed    | 2422     |
|    total_timesteps | 5068192  |
| train/             |          |
|    actor_loss      | -0.629   |
|    critic_loss     | 0.0077   |
|    ent_coef        | 0.000136 |
|    ent_coef_loss   | 0.989    |
|    learning_rate   | 0.0003   |
|    n_updates       | 316699   |
---------------------------------
---------------------------------
| rollout/           |          |
|    ep_len_mean     | 2.35e+03 |
|    ep_rew_mean     | 2.22e+03 |
| time/              |          |
|    episodes        | 4104     |
|    fps             | 2092     |
|    time_elapsed    | 2423     |
|    total_timesteps | 5069792  |
| train/             |          |
|    actor_loss      | -0.63    |
|    critic_loss     | 0.000356 |
|    ent_coef        | 0.000136 |
|    ent_coef_loss   | 8.33     |
|    learning_rate   | 0.0003   |
|    n_updates       | 316799   |
---------------------------------
---------------------------------
| rollout/           |          |
|    ep_len_mean     | 2.3e+03  |
|    ep_rew_mean     | 2.13e+03 |
| time/              |          |
|    episodes        | 4108     |
|    fps             | 2092     |
|    time_elapsed    | 2424     |
|    total_timesteps | 5072112  |
| train/             |          |
|    actor_loss      | -0.682   |
|    critic_loss     | 0.000293 |
|    ent_coef        | 0.00014  |
|    ent_coef_loss   | -3.84    |
|    learning_rate   | 0.0003   |
|    n_updates       | 316944   |
---------------------------------
---------------------------------
| rollout/           |          |
|    ep_len_mean     | 2.32e+03 |
|    ep_rew_mean     | 2.17e+03 |
| time/              |          |
|    episodes        | 4112     |
|    fps             | 2092     |
|    time_elapsed    | 2430     |
|    total_timesteps | 5085152  |
| train/             |          |
|    actor_loss      | -0.661   |
|    critic_loss     | 0.00384  |
|    ent_coef        | 0.000132 |
|    ent_coef_loss   | 2.31     |
|    learning_rate   | 0.0003   |
|    n_updates       | 317759   |
---------------------------------
---------------------------------
| rollout/           |          |
|    ep_len_mean     | 2.34e+03 |
|    ep_rew_mean     | 2.21e+03 |
| time/              |          |
|    episodes        | 4116     |
|    fps             | 2092     |
|    time_elapsed    | 2434     |
|    total_timesteps | 5093472  |
| train/             |          |
|    actor_loss      | -0.681   |
|    critic_loss     | 0.00121  |
|    ent_coef        | 0.000131 |
|    ent_coef_loss   | -2.77    |
|    learning_rate   | 0.0003   |
|    n_updates       | 318279   |
---------------------------------
---------------------------------
| rollout/           |          |
|    ep_len_mean     | 2.33e+03 |
|    ep_rew_mean     | 2.26e+03 |
| time/              |          |
|    episodes        | 4120     |
|    fps             | 2092     |
|    time_elapsed    | 2435     |
|    total_timesteps | 5096688  |
| train/             |          |
|    actor_loss      | -0.675   |
|    critic_loss     | 0.00033  |
|    ent_coef        | 0.000131 |
|    ent_coef_loss   | -1.5     |
|    learning_rate   | 0.0003   |
|    n_updates       | 318480   |
---------------------------------
---------------------------------
| rollout/           |          |
|    ep_len_mean     | 2.31e+03 |
|    ep_rew_mean     | 2.27e+03 |
| time/              |          |
|    episodes        | 4124     |
|    fps             | 2092     |
|    time_elapsed    | 2438     |
|    total_timesteps | 5101040  |
| train/             |          |
|    actor_loss      | -0.715   |
|    critic_loss     | 0.000241 |
|    ent_coef        | 0.000129 |
|    ent_coef_loss   | -0.764   |
|    learning_rate   | 0.0003   |
|    n_updates       | 318752   |
---------------------------------
---------------------------------
| rollout/           |          |
|    ep_len_mean     | 2.32e+03 |
|    ep_rew_mean     | 2.31e+03 |
| time/              |          |
|    episodes        | 4128     |
|    fps             | 2092     |
|    time_elapsed    | 2444     |
|    total_timesteps | 5114352  |
| train/             |          |
|    actor_loss      | -0.684   |
|    critic_loss     | 0.000224 |
|    ent_coef        | 0.000128 |
|    ent_coef_loss   | -1.45    |
|    learning_rate   | 0.0003   |
|    n_updates       | 319584   |
---------------------------------
---------------------------------
| rollout/           |          |
|    ep_len_mean     | 2.32e+03 |
|    ep_rew_mean     | 2.21e+03 |
| time/              |          |
|    episodes        | 4132     |
|    fps             | 2092     |
|    time_elapsed    | 2449     |
|    total_timesteps | 5124480  |
| train/             |          |
|    actor_loss      | -0.683   |
|    critic_loss     | 0.0548   |
|    ent_coef        | 0.000126 |
|    ent_coef_loss   | -2.41    |
|    learning_rate   | 0.0003   |
|    n_updates       | 320217   |
---------------------------------
---------------------------------
| rollout/           |          |
|    ep_len_mean     | 2.32e+03 |
|    ep_rew_mean     | 2.21e+03 |
| time/              |          |
|    episodes        | 4136     |
|    fps             | 2092     |
|    time_elapsed    | 2456     |
|    total_timesteps | 5139264  |
| train/             |          |
|    actor_loss      | -0.662   |
|    critic_loss     | 0.000247 |
|    ent_coef        | 0.000139 |
|    ent_coef_loss   | -3.15    |
|    learning_rate   | 0.0003   |
|    n_updates       | 321141   |
---------------------------------
---------------------------------
| rollout/           |          |
|    ep_len_mean     | 2.35e+03 |
|    ep_rew_mean     | 2.21e+03 |
| time/              |          |
|    episodes        | 4140     |
|    fps             | 2092     |
|    time_elapsed    | 2460     |
|    total_timesteps | 5148464  |
| train/             |          |
|    actor_loss      | -0.555   |
|    critic_loss     | 0.000289 |
|    ent_coef        | 0.000138 |
|    ent_coef_loss   | -1.32    |
|    learning_rate   | 0.0003   |
|    n_updates       | 321716   |
---------------------------------
---------------------------------
| rollout/           |          |
|    ep_len_mean     | 2.34e+03 |
|    ep_rew_mean     | 2.16e+03 |
| time/              |          |
|    episodes        | 4144     |
|    fps             | 2092     |
|    time_elapsed    | 2464     |
|    total_timesteps | 5157920  |
| train/             |          |
|    actor_loss      | -0.699   |
|    critic_loss     | 0.00036  |
|    ent_coef        | 0.00014  |
|    ent_coef_loss   | 1.48     |
|    learning_rate   | 0.0003   |
|    n_updates       | 322307   |
---------------------------------
---------------------------------
| rollout/           |          |
|    ep_len_mean     | 2.35e+03 |
|    ep_rew_mean     | 2.17e+03 |
| time/              |          |
|    episodes        | 4148     |
|    fps             | 2092     |
|    time_elapsed    | 2469     |
|    total_timesteps | 5169008  |
| train/             |          |
|    actor_loss      | -0.662   |
|    critic_loss     | 0.000783 |
|    ent_coef        | 0.000131 |
|    ent_coef_loss   | 0.453    |
|    learning_rate   | 0.0003   |
|    n_updates       | 323000   |
---------------------------------
---------------------------------
| rollout/           |          |
|    ep_len_mean     | 2.36e+03 |
|    ep_rew_mean     | 2.1e+03  |
| time/              |          |
|    episodes        | 4152     |
|    fps             | 2092     |
|    time_elapsed    | 2473     |
|    total_timesteps | 5176496  |
| train/             |          |
|    actor_loss      | -0.589   |
|    critic_loss     | 0.000343 |
|    ent_coef        | 0.000128 |
|    ent_coef_loss   | 1.8      |
|    learning_rate   | 0.0003   |
|    n_updates       | 323468   |
---------------------------------
---------------------------------
| rollout/           |          |
|    ep_len_mean     | 2.36e+03 |
|    ep_rew_mean     | 1.95e+03 |
| time/              |          |
|    episodes        | 4156     |
|    fps             | 2092     |
|    time_elapsed    | 2479     |
|    total_timesteps | 5188992  |
| train/             |          |
|    actor_loss      | -0.673   |
|    critic_loss     | 0.0116   |
|    ent_coef        | 0.000127 |
|    ent_coef_loss   | -3.73    |
|    learning_rate   | 0.0003   |
|    n_updates       | 324249   |
---------------------------------
---------------------------------
| rollout/           |          |
|    ep_len_mean     | 2.39e+03 |
|    ep_rew_mean     | 1.9e+03  |
| time/              |          |
|    episodes        | 4160     |
|    fps             | 2092     |
|    time_elapsed    | 2483     |
|    total_timesteps | 5197520  |
| train/             |          |
|    actor_loss      | -0.699   |
|    critic_loss     | 0.000379 |
|    ent_coef        | 0.000123 |
|    ent_coef_loss   | 2.7      |
|    learning_rate   | 0.0003   |
|    n_updates       | 324782   |
---------------------------------
---------------------------------
| rollout/           |          |
|    ep_len_mean     | 2.35e+03 |
|    ep_rew_mean     | 1.9e+03  |
| time/              |          |
|    episodes        | 4164     |
|    fps             | 2092     |
|    time_elapsed    | 2487     |
|    total_timesteps | 5206416  |
| train/             |          |
|    actor_loss      | -0.68    |
|    critic_loss     | 0.000203 |
|    ent_coef        | 0.000119 |
|    ent_coef_loss   | 0.423    |
|    learning_rate   | 0.0003   |
|    n_updates       | 325338   |
---------------------------------
---------------------------------
| rollout/           |          |
|    ep_len_mean     | 2.34e+03 |
|    ep_rew_mean     | 1.87e+03 |
| time/              |          |
|    episodes        | 4168     |
|    fps             | 2092     |
|    time_elapsed    | 2493     |
|    total_timesteps | 5217616  |
| train/             |          |
|    actor_loss      | -0.654   |
|    critic_loss     | 0.000207 |
|    ent_coef        | 0.000116 |
|    ent_coef_loss   | -1.33    |
|    learning_rate   | 0.0003   |
|    n_updates       | 326038   |
---------------------------------
---------------------------------
| rollout/           |          |
|    ep_len_mean     | 2.32e+03 |
|    ep_rew_mean     | 1.93e+03 |
| time/              |          |
|    episodes        | 4172     |
|    fps             | 2092     |
|    time_elapsed    | 2496     |
|    total_timesteps | 5223856  |
| train/             |          |
|    actor_loss      | -0.592   |
|    critic_loss     | 0.000365 |
|    ent_coef        | 0.000118 |
|    ent_coef_loss   | 3.89     |
|    learning_rate   | 0.0003   |
|    n_updates       | 326428   |
---------------------------------
---------------------------------
| rollout/           |          |
|    ep_len_mean     | 2.32e+03 |
|    ep_rew_mean     | 1.95e+03 |
| time/              |          |
|    episodes        | 4176     |
|    fps             | 2092     |
|    time_elapsed    | 2501     |
|    total_timesteps | 5234656  |
| train/             |          |
|    actor_loss      | -0.628   |
|    critic_loss     | 0.000473 |
|    ent_coef        | 0.000118 |
|    ent_coef_loss   | 2.62     |
|    learning_rate   | 0.0003   |
|    n_updates       | 327103   |
---------------------------------
---------------------------------
| rollout/           |          |
|    ep_len_mean     | 2.3e+03  |
|    ep_rew_mean     | 2e+03    |
| time/              |          |
|    episodes        | 4180     |
|    fps             | 2092     |
|    time_elapsed    | 2504     |
|    total_timesteps | 5240592  |
| train/             |          |
|    actor_loss      | -0.591   |
|    critic_loss     | 0.000279 |
|    ent_coef        | 0.000115 |
|    ent_coef_loss   | 3.01     |
|    learning_rate   | 0.0003   |
|    n_updates       | 327474   |
---------------------------------
---------------------------------
| rollout/           |          |
|    ep_len_mean     | 2.28e+03 |
|    ep_rew_mean     | 1.94e+03 |
| time/              |          |
|    episodes        | 4184     |
|    fps             | 2092     |
|    time_elapsed    | 2515     |
|    total_timesteps | 5264016  |
| train/             |          |
|    actor_loss      | -0.659   |
|    critic_loss     | 0.000257 |
|    ent_coef        | 0.000114 |
|    ent_coef_loss   | 0.651    |
|    learning_rate   | 0.0003   |
|    n_updates       | 328938   |
---------------------------------
---------------------------------
| rollout/           |          |
|    ep_len_mean     | 2.27e+03 |
|    ep_rew_mean     | 1.86e+03 |
| time/              |          |
|    episodes        | 4188     |
|    fps             | 2092     |
|    time_elapsed    | 2517     |
|    total_timesteps | 5268192  |
| train/             |          |
|    actor_loss      | -0.657   |
|    critic_loss     | 0.00118  |
|    ent_coef        | 0.000115 |
|    ent_coef_loss   | 1.21     |
|    learning_rate   | 0.0003   |
|    n_updates       | 329199   |
---------------------------------
---------------------------------
| rollout/           |          |
|    ep_len_mean     | 2.29e+03 |
|    ep_rew_mean     | 1.7e+03  |
| time/              |          |
|    episodes        | 4192     |
|    fps             | 2092     |
|    time_elapsed    | 2520     |
|    total_timesteps | 5274016  |
| train/             |          |
|    actor_loss      | -0.693   |
|    critic_loss     | 0.000439 |
|    ent_coef        | 0.000115 |
|    ent_coef_loss   | -3.08    |
|    learning_rate   | 0.0003   |
|    n_updates       | 329563   |
---------------------------------
---------------------------------
| rollout/           |          |
|    ep_len_mean     | 2.31e+03 |
|    ep_rew_mean     | 1.68e+03 |
| time/              |          |
|    episodes        | 4196     |
|    fps             | 2092     |
|    time_elapsed    | 2527     |
|    total_timesteps | 5288736  |
| train/             |          |
|    actor_loss      | -0.639   |
|    critic_loss     | 0.000297 |
|    ent_coef        | 0.000112 |
|    ent_coef_loss   | 0.299    |
|    learning_rate   | 0.0003   |
|    n_updates       | 330483   |
---------------------------------
---------------------------------
| rollout/           |          |
|    ep_len_mean     | 2.31e+03 |
|    ep_rew_mean     | 1.63e+03 |
| time/              |          |
|    episodes        | 4200     |
|    fps             | 2092     |
|    time_elapsed    | 2528     |
|    total_timesteps | 5291088  |
| train/             |          |
|    actor_loss      | -0.76    |
|    critic_loss     | 0.000262 |
|    ent_coef        | 0.00011  |
|    ent_coef_loss   | -3.38    |
|    learning_rate   | 0.0003   |
|    n_updates       | 330630   |
---------------------------------
---------------------------------
| rollout/           |          |
|    ep_len_mean     | 2.29e+03 |
|    ep_rew_mean     | 1.6e+03  |
| time/              |          |
|    episodes        | 4204     |
|    fps             | 2092     |
|    time_elapsed    | 2529     |
|    total_timesteps | 5294096  |
| train/             |          |
|    actor_loss      | -0.71    |
|    critic_loss     | 0.000335 |
|    ent_coef        | 0.000107 |
|    ent_coef_loss   | -3.78    |
|    learning_rate   | 0.0003   |
|    n_updates       | 330818   |
---------------------------------
---------------------------------
| rollout/           |          |
|    ep_len_mean     | 2.36e+03 |
|    ep_rew_mean     | 1.71e+03 |
| time/              |          |
|    episodes        | 4208     |
|    fps             | 2092     |
|    time_elapsed    | 2534     |
|    total_timesteps | 5304576  |
| train/             |          |
|    actor_loss      | -0.649   |
|    critic_loss     | 0.000234 |
|    ent_coef        | 0.000117 |
|    ent_coef_loss   | 5.82     |
|    learning_rate   | 0.0003   |
|    n_updates       | 331473   |
---------------------------------
---------------------------------
| rollout/           |          |
|    ep_len_mean     | 2.37e+03 |
|    ep_rew_mean     | 1.62e+03 |
| time/              |          |
|    episodes        | 4212     |
|    fps             | 2092     |
|    time_elapsed    | 2544     |
|    total_timesteps | 5325632  |
| train/             |          |
|    actor_loss      | -0.69    |
|    critic_loss     | 0.000173 |
|    ent_coef        | 0.000107 |
|    ent_coef_loss   | -1.88    |
|    learning_rate   | 0.0003   |
|    n_updates       | 332789   |
---------------------------------
---------------------------------
| rollout/           |          |
|    ep_len_mean     | 2.35e+03 |
|    ep_rew_mean     | 1.63e+03 |
| time/              |          |
|    episodes        | 4216     |
|    fps             | 2092     |
|    time_elapsed    | 2546     |
|    total_timesteps | 5329552  |
| train/             |          |
|    actor_loss      | -0.634   |
|    critic_loss     | 0.00028  |
|    ent_coef        | 0.000106 |
|    ent_coef_loss   | 4.05     |
|    learning_rate   | 0.0003   |
|    n_updates       | 333034   |
---------------------------------
---------------------------------
| rollout/           |          |
|    ep_len_mean     | 2.37e+03 |
|    ep_rew_mean     | 1.64e+03 |
| time/              |          |
|    episodes        | 4220     |
|    fps             | 2092     |
|    time_elapsed    | 2549     |
|    total_timesteps | 5335312  |
| train/             |          |
|    actor_loss      | -0.635   |
|    critic_loss     | 0.000192 |
|    ent_coef        | 0.000114 |
|    ent_coef_loss   | -0.325   |
|    learning_rate   | 0.0003   |
|    n_updates       | 333394   |
---------------------------------
---------------------------------
| rollout/           |          |
|    ep_len_mean     | 2.43e+03 |
|    ep_rew_mean     | 1.63e+03 |
| time/              |          |
|    episodes        | 4224     |
|    fps             | 2093     |
|    time_elapsed    | 2554     |
|    total_timesteps | 5346768  |
| train/             |          |
|    actor_loss      | -0.573   |
|    critic_loss     | 0.000243 |
|    ent_coef        | 0.000112 |
|    ent_coef_loss   | -1.69    |
|    learning_rate   | 0.0003   |
|    n_updates       | 334110   |
---------------------------------
---------------------------------
| rollout/           |          |
|    ep_len_mean     | 2.42e+03 |
|    ep_rew_mean     | 1.62e+03 |
| time/              |          |
|    episodes        | 4228     |
|    fps             | 2093     |
|    time_elapsed    | 2556     |
|    total_timesteps | 5350896  |
| train/             |          |
|    actor_loss      | -0.608   |
|    critic_loss     | 0.000304 |
|    ent_coef        | 0.000116 |
|    ent_coef_loss   | -1.12    |
|    learning_rate   | 0.0003   |
|    n_updates       | 334368   |
---------------------------------
---------------------------------
| rollout/           |          |
|    ep_len_mean     | 2.4e+03  |
|    ep_rew_mean     | 1.72e+03 |
| time/              |          |
|    episodes        | 4232     |
|    fps             | 2093     |
|    time_elapsed    | 2561     |
|    total_timesteps | 5361696  |
| train/             |          |
|    actor_loss      | -0.606   |
|    critic_loss     | 0.000494 |
|    ent_coef        | 0.000116 |
|    ent_coef_loss   | 6.75     |
|    learning_rate   | 0.0003   |
|    n_updates       | 335043   |
---------------------------------
---------------------------------
| rollout/           |          |
|    ep_len_mean     | 2.4e+03  |
|    ep_rew_mean     | 1.71e+03 |
| time/              |          |
|    episodes        | 4236     |
|    fps             | 2093     |
|    time_elapsed    | 2564     |
|    total_timesteps | 5368608  |
| train/             |          |
|    actor_loss      | -0.7     |
|    critic_loss     | 0.00025  |
|    ent_coef        | 0.000119 |
|    ent_coef_loss   | -2.78    |
|    learning_rate   | 0.0003   |
|    n_updates       | 335475   |
---------------------------------
---------------------------------
| rollout/           |          |
|    ep_len_mean     | 2.35e+03 |
|    ep_rew_mean     | 1.6e+03  |
| time/              |          |
|    episodes        | 4240     |
|    fps             | 2093     |
|    time_elapsed    | 2569     |
|    total_timesteps | 5378752  |
| train/             |          |
|    actor_loss      | -0.664   |
|    critic_loss     | 0.000308 |
|    ent_coef        | 0.000118 |
|    ent_coef_loss   | 2.97     |
|    learning_rate   | 0.0003   |
|    n_updates       | 336109   |
---------------------------------
---------------------------------
| rollout/           |          |
|    ep_len_mean     | 2.32e+03 |
|    ep_rew_mean     | 1.62e+03 |
| time/              |          |
|    episodes        | 4244     |
|    fps             | 2093     |
|    time_elapsed    | 2571     |
|    total_timesteps | 5381888  |
| train/             |          |
|    actor_loss      | -0.631   |
|    critic_loss     | 0.000234 |
|    ent_coef        | 0.000113 |
|    ent_coef_loss   | 0.371    |
|    learning_rate   | 0.0003   |
|    n_updates       | 336305   |
---------------------------------
---------------------------------
| rollout/           |          |
|    ep_len_mean     | 2.3e+03  |
|    ep_rew_mean     | 1.6e+03  |
| time/              |          |
|    episodes        | 4248     |
|    fps             | 2093     |
|    time_elapsed    | 2577     |
|    total_timesteps | 5394512  |
| train/             |          |
|    actor_loss      | -0.696   |
|    critic_loss     | 0.00951  |
|    ent_coef        | 0.000106 |
|    ent_coef_loss   | 2.58     |
|    learning_rate   | 0.0003   |
|    n_updates       | 337094   |
---------------------------------
---------------------------------
| rollout/           |          |
|    ep_len_mean     | 2.28e+03 |
|    ep_rew_mean     | 1.69e+03 |
| time/              |          |
|    episodes        | 4252     |
|    fps             | 2093     |
|    time_elapsed    | 2583     |
|    total_timesteps | 5407312  |
| train/             |          |
|    actor_loss      | -0.628   |
|    critic_loss     | 0.000205 |
|    ent_coef        | 0.000117 |
|    ent_coef_loss   | -2.28    |
|    learning_rate   | 0.0003   |
|    n_updates       | 337894   |
---------------------------------
---------------------------------
| rollout/           |          |
|    ep_len_mean     | 2.25e+03 |
|    ep_rew_mean     | 1.77e+03 |
| time/              |          |
|    episodes        | 4256     |
|    fps             | 2093     |
|    time_elapsed    | 2585     |
|    total_timesteps | 5412688  |
| train/             |          |
|    actor_loss      | -0.64    |
|    critic_loss     | 0.000229 |
|    ent_coef        | 0.000118 |
|    ent_coef_loss   | 1.35     |
|    learning_rate   | 0.0003   |
|    n_updates       | 338230   |
---------------------------------
---------------------------------
| rollout/           |          |
|    ep_len_mean     | 2.25e+03 |
|    ep_rew_mean     | 1.79e+03 |
| time/              |          |
|    episodes        | 4260     |
|    fps             | 2093     |
|    time_elapsed    | 2588     |
|    total_timesteps | 5419696  |
| train/             |          |
|    actor_loss      | -0.609   |
|    critic_loss     | 0.000357 |
|    ent_coef        | 0.000116 |
|    ent_coef_loss   | 7.63     |
|    learning_rate   | 0.0003   |
|    n_updates       | 338668   |
---------------------------------
---------------------------------
| rollout/           |          |
|    ep_len_mean     | 2.26e+03 |
|    ep_rew_mean     | 1.78e+03 |
| time/              |          |
|    episodes        | 4264     |
|    fps             | 2093     |
|    time_elapsed    | 2592     |
|    total_timesteps | 5428432  |
| train/             |          |
|    actor_loss      | -0.625   |
|    critic_loss     | 0.000251 |
|    ent_coef        | 0.000109 |
|    ent_coef_loss   | 1.98     |
|    learning_rate   | 0.0003   |
|    n_updates       | 339214   |
---------------------------------
---------------------------------
| rollout/           |          |
|    ep_len_mean     | 2.23e+03 |
|    ep_rew_mean     | 1.77e+03 |
| time/              |          |
|    episodes        | 4268     |
|    fps             | 2093     |
|    time_elapsed    | 2595     |
|    total_timesteps | 5434208  |
| train/             |          |
|    actor_loss      | -0.603   |
|    critic_loss     | 0.0373   |
|    ent_coef        | 0.000111 |
|    ent_coef_loss   | 0.803    |
|    learning_rate   | 0.0003   |
|    n_updates       | 339575   |
---------------------------------
---------------------------------
| rollout/           |          |
|    ep_len_mean     | 2.19e+03 |
|    ep_rew_mean     | 1.8e+03  |
| time/              |          |
|    episodes        | 4272     |
|    fps             | 2093     |
|    time_elapsed    | 2596     |
|    total_timesteps | 5436064  |
| train/             |          |
|    actor_loss      | -0.58    |
|    critic_loss     | 0.000267 |
|    ent_coef        | 0.000113 |
|    ent_coef_loss   | 2.13     |
|    learning_rate   | 0.0003   |
|    n_updates       | 339691   |
---------------------------------
---------------------------------
| rollout/           |          |
|    ep_len_mean     | 2.18e+03 |
|    ep_rew_mean     | 1.83e+03 |
| time/              |          |
|    episodes        | 4276     |
|    fps             | 2093     |
|    time_elapsed    | 2602     |
|    total_timesteps | 5449568  |
| train/             |          |
|    actor_loss      | -0.618   |
|    critic_loss     | 0.000186 |
|    ent_coef        | 0.000117 |
|    ent_coef_loss   | 0.988    |
|    learning_rate   | 0.0003   |
|    n_updates       | 340535   |
---------------------------------
---------------------------------
| rollout/           |          |
|    ep_len_mean     | 2.16e+03 |
|    ep_rew_mean     | 1.83e+03 |
| time/              |          |
|    episodes        | 4280     |
|    fps             | 2093     |
|    time_elapsed    | 2606     |
|    total_timesteps | 5457584  |
| train/             |          |
|    actor_loss      | -0.625   |
|    critic_loss     | 0.000277 |
|    ent_coef        | 0.000123 |
|    ent_coef_loss   | 0.682    |
|    learning_rate   | 0.0003   |
|    n_updates       | 341036   |
---------------------------------
---------------------------------
| rollout/           |          |
|    ep_len_mean     | 2.15e+03 |
|    ep_rew_mean     | 1.88e+03 |
| time/              |          |
|    episodes        | 4284     |
|    fps             | 2093     |
|    time_elapsed    | 2610     |
|    total_timesteps | 5465744  |
| train/             |          |
|    actor_loss      | -0.621   |
|    critic_loss     | 0.00276  |
|    ent_coef        | 0.000113 |
|    ent_coef_loss   | 4.17     |
|    learning_rate   | 0.0003   |
|    n_updates       | 341546   |
---------------------------------
---------------------------------
| rollout/           |          |
|    ep_len_mean     | 2.13e+03 |
|    ep_rew_mean     | 1.85e+03 |
| time/              |          |
|    episodes        | 4288     |
|    fps             | 2093     |
|    time_elapsed    | 2611     |
|    total_timesteps | 5468032  |
| train/             |          |
|    actor_loss      | -0.553   |
|    critic_loss     | 0.000343 |
|    ent_coef        | 0.000111 |
|    ent_coef_loss   | 4.14     |
|    learning_rate   | 0.0003   |
|    n_updates       | 341689   |
---------------------------------
---------------------------------
| rollout/           |          |
|    ep_len_mean     | 2.02e+03 |
|    ep_rew_mean     | 1.84e+03 |
| time/              |          |
|    episodes        | 4292     |
|    fps             | 2093     |
|    time_elapsed    | 2614     |
|    total_timesteps | 5475248  |
| train/             |          |
|    actor_loss      | -0.575   |
|    critic_loss     | 0.000361 |
|    ent_coef        | 0.000116 |
|    ent_coef_loss   | 2.38     |
|    learning_rate   | 0.0003   |
|    n_updates       | 342140   |
---------------------------------
---------------------------------
| rollout/           |          |
|    ep_len_mean     | 1.96e+03 |
|    ep_rew_mean     | 1.85e+03 |
| time/              |          |
|    episodes        | 4296     |
|    fps             | 2093     |
|    time_elapsed    | 2617     |
|    total_timesteps | 5480032  |
| train/             |          |
|    actor_loss      | -0.564   |
|    critic_loss     | 0.000185 |
|    ent_coef        | 0.000124 |
|    ent_coef_loss   | 2.28     |
|    learning_rate   | 0.0003   |
|    n_updates       | 342439   |
---------------------------------
---------------------------------
| rollout/           |          |
|    ep_len_mean     | 1.95e+03 |
|    ep_rew_mean     | 1.86e+03 |
| time/              |          |
|    episodes        | 4300     |
|    fps             | 2094     |
|    time_elapsed    | 2617     |
|    total_timesteps | 5482048  |
| train/             |          |
|    actor_loss      | -0.672   |
|    critic_loss     | 0.000205 |
|    ent_coef        | 0.000124 |
|    ent_coef_loss   | -0.679   |
|    learning_rate   | 0.0003   |
|    n_updates       | 342565   |
---------------------------------
---------------------------------
| rollout/           |          |
|    ep_len_mean     | 1.94e+03 |
|    ep_rew_mean     | 1.86e+03 |
| time/              |          |
|    episodes        | 4304     |
|    fps             | 2094     |
|    time_elapsed    | 2623     |
|    total_timesteps | 5492768  |
| train/             |          |
|    actor_loss      | -0.626   |
|    critic_loss     | 0.000208 |
|    ent_coef        | 0.000127 |
|    ent_coef_loss   | -2.31    |
|    learning_rate   | 0.0003   |
|    n_updates       | 343235   |
---------------------------------
---------------------------------
| rollout/           |          |
|    ep_len_mean     | 1.94e+03 |
|    ep_rew_mean     | 1.82e+03 |
| time/              |          |
|    episodes        | 4308     |
|    fps             | 2094     |
|    time_elapsed    | 2630     |
|    total_timesteps | 5508944  |
| train/             |          |
|    actor_loss      | -0.603   |
|    critic_loss     | 0.000195 |
|    ent_coef        | 0.000128 |
|    ent_coef_loss   | 4.35     |
|    learning_rate   | 0.0003   |
|    n_updates       | 344246   |
---------------------------------
---------------------------------
| rollout/           |          |
|    ep_len_mean     | 1.93e+03 |
|    ep_rew_mean     | 1.92e+03 |
| time/              |          |
|    episodes        | 4312     |
|    fps             | 2094     |
|    time_elapsed    | 2633     |
|    total_timesteps | 5515072  |
| train/             |          |
|    actor_loss      | -0.649   |
|    critic_loss     | 0.000495 |
|    ent_coef        | 0.000129 |
|    ent_coef_loss   | 0.407    |
|    learning_rate   | 0.0003   |
|    n_updates       | 344629   |
---------------------------------
---------------------------------
| rollout/           |          |
|    ep_len_mean     | 1.95e+03 |
|    ep_rew_mean     | 1.85e+03 |
| time/              |          |
|    episodes        | 4316     |
|    fps             | 2094     |
|    time_elapsed    | 2634     |
|    total_timesteps | 5517232  |
| train/             |          |
|    actor_loss      | -0.692   |
|    critic_loss     | 0.000281 |
|    ent_coef        | 0.000128 |
|    ent_coef_loss   | 1.14     |
|    learning_rate   | 0.0003   |
|    n_updates       | 344764   |
---------------------------------
---------------------------------
| rollout/           |          |
|    ep_len_mean     | 1.93e+03 |
|    ep_rew_mean     | 1.86e+03 |
| time/              |          |
|    episodes        | 4320     |
|    fps             | 2094     |
|    time_elapsed    | 2637     |
|    total_timesteps | 5524480  |
| train/             |          |
|    actor_loss      | -0.735   |
|    critic_loss     | 0.000183 |
|    ent_coef        | 0.000116 |
|    ent_coef_loss   | -2.34    |
|    learning_rate   | 0.0003   |
|    n_updates       | 345217   |
---------------------------------
---------------------------------
| rollout/           |          |
|    ep_len_mean     | 1.9e+03  |
|    ep_rew_mean     | 1.86e+03 |
| time/              |          |
|    episodes        | 4324     |
|    fps             | 2094     |
|    time_elapsed    | 2645     |
|    total_timesteps | 5541248  |
| train/             |          |
|    actor_loss      | -0.628   |
|    critic_loss     | 0.000225 |
|    ent_coef        | 0.000122 |
|    ent_coef_loss   | -0.224   |
|    learning_rate   | 0.0003   |
|    n_updates       | 346265   |
---------------------------------
---------------------------------
| rollout/           |          |
|    ep_len_mean     | 1.9e+03  |
|    ep_rew_mean     | 1.84e+03 |
| time/              |          |
|    episodes        | 4328     |
|    fps             | 2094     |
|    time_elapsed    | 2647     |
|    total_timesteps | 5543856  |
| train/             |          |
|    actor_loss      | -0.702   |
|    critic_loss     | 0.000186 |
|    ent_coef        | 0.000119 |
|    ent_coef_loss   | -5.23    |
|    learning_rate   | 0.0003   |
|    n_updates       | 346428   |
---------------------------------
---------------------------------
| rollout/           |          |
|    ep_len_mean     | 1.91e+03 |
|    ep_rew_mean     | 1.87e+03 |
| time/              |          |
|    episodes        | 4332     |
|    fps             | 2094     |
|    time_elapsed    | 2649     |
|    total_timesteps | 5550240  |
| train/             |          |
|    actor_loss      | -0.66    |
|    critic_loss     | 0.00027  |
|    ent_coef        | 0.000115 |
|    ent_coef_loss   | -1.76    |
|    learning_rate   | 0.0003   |
|    n_updates       | 346827   |
---------------------------------
---------------------------------
| rollout/           |          |
|    ep_len_mean     | 1.91e+03 |
|    ep_rew_mean     | 1.9e+03  |
| time/              |          |
|    episodes        | 4336     |
|    fps             | 2094     |
|    time_elapsed    | 2654     |
|    total_timesteps | 5560816  |
| train/             |          |
|    actor_loss      | -0.753   |
|    critic_loss     | 0.000166 |
|    ent_coef        | 0.000134 |
|    ent_coef_loss   | -2.07    |
|    learning_rate   | 0.0003   |
|    n_updates       | 347488   |
---------------------------------
---------------------------------
| rollout/           |          |
|    ep_len_mean     | 1.9e+03  |
|    ep_rew_mean     | 1.95e+03 |
| time/              |          |
|    episodes        | 4340     |
|    fps             | 2094     |
|    time_elapsed    | 2656     |
|    total_timesteps | 5565200  |
| train/             |          |
|    actor_loss      | -0.654   |
|    critic_loss     | 0.000636 |
|    ent_coef        | 0.000137 |
|    ent_coef_loss   | 1.08     |
|    learning_rate   | 0.0003   |
|    n_updates       | 347762   |
---------------------------------
---------------------------------
| rollout/           |          |
|    ep_len_mean     | 1.9e+03  |
|    ep_rew_mean     | 1.96e+03 |
| time/              |          |
|    episodes        | 4344     |
|    fps             | 2094     |
|    time_elapsed    | 2660     |
|    total_timesteps | 5573104  |
| train/             |          |
|    actor_loss      | -0.742   |
|    critic_loss     | 0.000304 |
|    ent_coef        | 0.000143 |
|    ent_coef_loss   | 0.332    |
|    learning_rate   | 0.0003   |
|    n_updates       | 348256   |
---------------------------------
---------------------------------
| rollout/           |          |
|    ep_len_mean     | 1.89e+03 |
|    ep_rew_mean     | 2.01e+03 |
| time/              |          |
|    episodes        | 4348     |
|    fps             | 2094     |
|    time_elapsed    | 2664     |
|    total_timesteps | 5580784  |
| train/             |          |
|    actor_loss      | -0.659   |
|    critic_loss     | 0.000409 |
|    ent_coef        | 0.000141 |
|    ent_coef_loss   | -2.75    |
|    learning_rate   | 0.0003   |
|    n_updates       | 348736   |
---------------------------------
---------------------------------
| rollout/           |          |
|    ep_len_mean     | 1.89e+03 |
|    ep_rew_mean     | 1.95e+03 |
| time/              |          |
|    episodes        | 4352     |
|    fps             | 2094     |
|    time_elapsed    | 2667     |
|    total_timesteps | 5588592  |
| train/             |          |
|    actor_loss      | -0.686   |
|    critic_loss     | 0.000358 |
|    ent_coef        | 0.000134 |
|    ent_coef_loss   | -1.41    |
|    learning_rate   | 0.0003   |
|    n_updates       | 349224   |
---------------------------------
---------------------------------
| rollout/           |          |
|    ep_len_mean     | 1.89e+03 |
|    ep_rew_mean     | 1.88e+03 |
| time/              |          |
|    episodes        | 4356     |
|    fps             | 2094     |
|    time_elapsed    | 2674     |
|    total_timesteps | 5602352  |
| train/             |          |
|    actor_loss      | -0.698   |
|    critic_loss     | 0.000231 |
|    ent_coef        | 0.000125 |
|    ent_coef_loss   | -4.76    |
|    learning_rate   | 0.0003   |
|    n_updates       | 350084   |
---------------------------------
---------------------------------
| rollout/           |          |
|    ep_len_mean     | 1.86e+03 |
|    ep_rew_mean     | 1.86e+03 |
| time/              |          |
|    episodes        | 4360     |
|    fps             | 2094     |
|    time_elapsed    | 2677     |
|    total_timesteps | 5609136  |
| train/             |          |
|    actor_loss      | -0.67    |
|    critic_loss     | 0.00024  |
|    ent_coef        | 0.000117 |
|    ent_coef_loss   | -2.06    |
|    learning_rate   | 0.0003   |
|    n_updates       | 350508   |
---------------------------------
---------------------------------
| rollout/           |          |
|    ep_len_mean     | 1.85e+03 |
|    ep_rew_mean     | 1.87e+03 |
| time/              |          |
|    episodes        | 4364     |
|    fps             | 2094     |
|    time_elapsed    | 2677     |
|    total_timesteps | 5609888  |
| train/             |          |
|    actor_loss      | -0.616   |
|    critic_loss     | 0.000321 |
|    ent_coef        | 0.000118 |
|    ent_coef_loss   | 1.57     |
|    learning_rate   | 0.0003   |
|    n_updates       | 350555   |
---------------------------------
---------------------------------
| rollout/           |          |
|    ep_len_mean     | 1.86e+03 |
|    ep_rew_mean     | 1.92e+03 |
| time/              |          |
|    episodes        | 4368     |
|    fps             | 2094     |
|    time_elapsed    | 2680     |
|    total_timesteps | 5615824  |
| train/             |          |
|    actor_loss      | -0.656   |
|    critic_loss     | 0.000371 |
|    ent_coef        | 0.00012  |
|    ent_coef_loss   | -0.495   |
|    learning_rate   | 0.0003   |
|    n_updates       | 350926   |
---------------------------------
---------------------------------
| rollout/           |          |
|    ep_len_mean     | 1.87e+03 |
|    ep_rew_mean     | 1.88e+03 |
| time/              |          |
|    episodes        | 4372     |
|    fps             | 2095     |
|    time_elapsed    | 2686     |
|    total_timesteps | 5628080  |
| train/             |          |
|    actor_loss      | -0.603   |
|    critic_loss     | 0.000413 |
|    ent_coef        | 0.000115 |
|    ent_coef_loss   | -1.26    |
|    learning_rate   | 0.0003   |
|    n_updates       | 351692   |
---------------------------------
---------------------------------
| rollout/           |          |
|    ep_len_mean     | 1.86e+03 |
|    ep_rew_mean     | 1.9e+03  |
| time/              |          |
|    episodes        | 4376     |
|    fps             | 2095     |
|    time_elapsed    | 2688     |
|    total_timesteps | 5633024  |
| train/             |          |
|    actor_loss      | -0.688   |
|    critic_loss     | 0.00514  |
|    ent_coef        | 0.000112 |
|    ent_coef_loss   | -4.03    |
|    learning_rate   | 0.0003   |
|    n_updates       | 352001   |
---------------------------------
---------------------------------
| rollout/           |          |
|    ep_len_mean     | 1.84e+03 |
|    ep_rew_mean     | 1.95e+03 |
| time/              |          |
|    episodes        | 4380     |
|    fps             | 2095     |
|    time_elapsed    | 2689     |
|    total_timesteps | 5635504  |
| train/             |          |
|    actor_loss      | -0.575   |
|    critic_loss     | 0.00109  |
|    ent_coef        | 0.00011  |
|    ent_coef_loss   | 2.88     |
|    learning_rate   | 0.0003   |
|    n_updates       | 352156   |
---------------------------------
---------------------------------
| rollout/           |          |
|    ep_len_mean     | 1.83e+03 |
|    ep_rew_mean     | 1.88e+03 |
| time/              |          |
|    episodes        | 4384     |
|    fps             | 2095     |
|    time_elapsed    | 2694     |
|    total_timesteps | 5645488  |
| train/             |          |
|    actor_loss      | -0.614   |
|    critic_loss     | 0.00025  |
|    ent_coef        | 0.000119 |
|    ent_coef_loss   | 3.38     |
|    learning_rate   | 0.0003   |
|    n_updates       | 352780   |
---------------------------------
---------------------------------
| rollout/           |          |
|    ep_len_mean     | 1.83e+03 |
|    ep_rew_mean     | 1.92e+03 |
| time/              |          |
|    episodes        | 4388     |
|    fps             | 2095     |
|    time_elapsed    | 2701     |
|    total_timesteps | 5659824  |
| train/             |          |
|    actor_loss      | -0.671   |
|    critic_loss     | 0.000295 |
|    ent_coef        | 0.000119 |
|    ent_coef_loss   | 1.46     |
|    learning_rate   | 0.0003   |
|    n_updates       | 353676   |
---------------------------------
---------------------------------
| rollout/           |          |
|    ep_len_mean     | 1.86e+03 |
|    ep_rew_mean     | 2e+03    |
| time/              |          |
|    episodes        | 4392     |
|    fps             | 2095     |
|    time_elapsed    | 2701     |
|    total_timesteps | 5660672  |
| train/             |          |
|    actor_loss      | -0.636   |
|    critic_loss     | 0.0004   |
|    ent_coef        | 0.000118 |
|    ent_coef_loss   | -4.16    |
|    learning_rate   | 0.0003   |
|    n_updates       | 353729   |
---------------------------------
---------------------------------
| rollout/           |          |
|    ep_len_mean     | 1.91e+03 |
|    ep_rew_mean     | 2.06e+03 |
| time/              |          |
|    episodes        | 4396     |
|    fps             | 2095     |
|    time_elapsed    | 2705     |
|    total_timesteps | 5669184  |
| train/             |          |
|    actor_loss      | -0.643   |
|    critic_loss     | 0.000212 |
|    ent_coef        | 0.000108 |
|    ent_coef_loss   | -2.83    |
|    learning_rate   | 0.0003   |
|    n_updates       | 354261   |
---------------------------------
---------------------------------
| rollout/           |          |
|    ep_len_mean     | 1.89e+03 |
|    ep_rew_mean     | 2.08e+03 |
| time/              |          |
|    episodes        | 4400     |
|    fps             | 2095     |
|    time_elapsed    | 2710     |
|    total_timesteps | 5680448  |
| train/             |          |
|    actor_loss      | -0.687   |
|    critic_loss     | 0.000919 |
|    ent_coef        | 0.000104 |
|    ent_coef_loss   | 5.05     |
|    learning_rate   | 0.0003   |
|    n_updates       | 354965   |
---------------------------------
---------------------------------
| rollout/           |          |
|    ep_len_mean     | 1.91e+03 |
|    ep_rew_mean     | 2.1e+03  |
| time/              |          |
|    episodes        | 4404     |
|    fps             | 2095     |
|    time_elapsed    | 2713     |
|    total_timesteps | 5686448  |
| train/             |          |
|    actor_loss      | -0.621   |
|    critic_loss     | 0.000288 |
|    ent_coef        | 0.000107 |
|    ent_coef_loss   | -2.58    |
|    learning_rate   | 0.0003   |
|    n_updates       | 355340   |
---------------------------------
---------------------------------
| rollout/           |          |
|    ep_len_mean     | 1.9e+03  |
|    ep_rew_mean     | 2.16e+03 |
| time/              |          |
|    episodes        | 4408     |
|    fps             | 2095     |
|    time_elapsed    | 2714     |
|    total_timesteps | 5688816  |
| train/             |          |
|    actor_loss      | -0.639   |
|    critic_loss     | 0.00106  |
|    ent_coef        | 0.000109 |
|    ent_coef_loss   | 3.03     |
|    learning_rate   | 0.0003   |
|    n_updates       | 355488   |
---------------------------------
---------------------------------
| rollout/           |          |
|    ep_len_mean     | 1.88e+03 |
|    ep_rew_mean     | 2.07e+03 |
| time/              |          |
|    episodes        | 4412     |
|    fps             | 2095     |
|    time_elapsed    | 2718     |
|    total_timesteps | 5697760  |
| train/             |          |
|    actor_loss      | -0.584   |
|    critic_loss     | 0.000279 |
|    ent_coef        | 0.000108 |
|    ent_coef_loss   | 2.26     |
|    learning_rate   | 0.0003   |
|    n_updates       | 356047   |
---------------------------------
---------------------------------
| rollout/           |          |
|    ep_len_mean     | 1.88e+03 |
|    ep_rew_mean     | 2.18e+03 |
| time/              |          |
|    episodes        | 4416     |
|    fps             | 2095     |
|    time_elapsed    | 2725     |
|    total_timesteps | 5712432  |
| train/             |          |
|    actor_loss      | -0.652   |
|    critic_loss     | 0.000561 |
|    ent_coef        | 0.000123 |
|    ent_coef_loss   | 3.44     |
|    learning_rate   | 0.0003   |
|    n_updates       | 356964   |
---------------------------------
---------------------------------
| rollout/           |          |
|    ep_len_mean     | 1.87e+03 |
|    ep_rew_mean     | 2.19e+03 |
| time/              |          |
|    episodes        | 4420     |
|    fps             | 2095     |
|    time_elapsed    | 2727     |
|    total_timesteps | 5714960  |
| train/             |          |
|    actor_loss      | -0.673   |
|    critic_loss     | 0.000717 |
|    ent_coef        | 0.000126 |
|    ent_coef_loss   | -2.39    |
|    learning_rate   | 0.0003   |
|    n_updates       | 357122   |
---------------------------------
---------------------------------
| rollout/           |          |
|    ep_len_mean     | 1.87e+03 |
|    ep_rew_mean     | 2.19e+03 |
| time/              |          |
|    episodes        | 4424     |
|    fps             | 2095     |
|    time_elapsed    | 2730     |
|    total_timesteps | 5722784  |
| train/             |          |
|    actor_loss      | -0.69    |
|    critic_loss     | 0.000211 |
|    ent_coef        | 0.000123 |
|    ent_coef_loss   | -3.1     |
|    learning_rate   | 0.0003   |
|    n_updates       | 357611   |
---------------------------------
---------------------------------
| rollout/           |          |
|    ep_len_mean     | 1.88e+03 |
|    ep_rew_mean     | 2.24e+03 |
| time/              |          |
|    episodes        | 4428     |
|    fps             | 2095     |
|    time_elapsed    | 2735     |
|    total_timesteps | 5732288  |
| train/             |          |
|    actor_loss      | -0.636   |
|    critic_loss     | 0.000182 |
|    ent_coef        | 0.000117 |
|    ent_coef_loss   | 3.25     |
|    learning_rate   | 0.0003   |
|    n_updates       | 358205   |
---------------------------------
---------------------------------
| rollout/           |          |
|    ep_len_mean     | 1.86e+03 |
|    ep_rew_mean     | 2.22e+03 |
| time/              |          |
|    episodes        | 4432     |
|    fps             | 2095     |
|    time_elapsed    | 2738     |
|    total_timesteps | 5739248  |
| train/             |          |
|    actor_loss      | -0.668   |
|    critic_loss     | 0.000944 |
|    ent_coef        | 0.000115 |
|    ent_coef_loss   | -6.67    |
|    learning_rate   | 0.0003   |
|    n_updates       | 358640   |
---------------------------------
---------------------------------
| rollout/           |          |
|    ep_len_mean     | 1.83e+03 |
|    ep_rew_mean     | 2.21e+03 |
| time/              |          |
|    episodes        | 4436     |
|    fps             | 2095     |
|    time_elapsed    | 2743     |
|    total_timesteps | 5749168  |
| train/             |          |
|    actor_loss      | -0.752   |
|    critic_loss     | 0.000187 |
|    ent_coef        | 0.00012  |
|    ent_coef_loss   | -2.57    |
|    learning_rate   | 0.0003   |
|    n_updates       | 359260   |
---------------------------------
---------------------------------
| rollout/           |          |
|    ep_len_mean     | 1.85e+03 |
|    ep_rew_mean     | 2.24e+03 |
| time/              |          |
|    episodes        | 4440     |
|    fps             | 2095     |
|    time_elapsed    | 2745     |
|    total_timesteps | 5754240  |
| train/             |          |
|    actor_loss      | -0.675   |
|    critic_loss     | 0.000218 |
|    ent_coef        | 0.000118 |
|    ent_coef_loss   | 0.129    |
|    learning_rate   | 0.0003   |
|    n_updates       | 359577   |
---------------------------------
---------------------------------
| rollout/           |          |
|    ep_len_mean     | 1.85e+03 |
|    ep_rew_mean     | 2.22e+03 |
| time/              |          |
|    episodes        | 4444     |
|    fps             | 2095     |
|    time_elapsed    | 2748     |
|    total_timesteps | 5760400  |
| train/             |          |
|    actor_loss      | -0.687   |
|    critic_loss     | 0.000254 |
|    ent_coef        | 0.000122 |
|    ent_coef_loss   | 0.562    |
|    learning_rate   | 0.0003   |
|    n_updates       | 359962   |
---------------------------------
---------------------------------
| rollout/           |          |
|    ep_len_mean     | 1.87e+03 |
|    ep_rew_mean     | 2.11e+03 |
| time/              |          |
|    episodes        | 4448     |
|    fps             | 2095     |
|    time_elapsed    | 2750     |
|    total_timesteps | 5763760  |
| train/             |          |
|    actor_loss      | -0.705   |
|    critic_loss     | 0.000225 |
|    ent_coef        | 0.000125 |
|    ent_coef_loss   | 3.42     |
|    learning_rate   | 0.0003   |
|    n_updates       | 360172   |
---------------------------------
---------------------------------
| rollout/           |          |
|    ep_len_mean     | 1.86e+03 |
|    ep_rew_mean     | 2.08e+03 |
| time/              |          |
|    episodes        | 4452     |
|    fps             | 2095     |
|    time_elapsed    | 2754     |
|    total_timesteps | 5774096  |
| train/             |          |
|    actor_loss      | -0.67    |
|    critic_loss     | 0.00223  |
|    ent_coef        | 0.000126 |
|    ent_coef_loss   | 0.349    |
|    learning_rate   | 0.0003   |
|    n_updates       | 360818   |
---------------------------------
---------------------------------
| rollout/           |          |
|    ep_len_mean     | 1.85e+03 |
|    ep_rew_mean     | 2.08e+03 |
| time/              |          |
|    episodes        | 4456     |
|    fps             | 2096     |
|    time_elapsed    | 2762     |
|    total_timesteps | 5791136  |
| train/             |          |
|    actor_loss      | -0.677   |
|    critic_loss     | 0.000272 |
|    ent_coef        | 0.000111 |
|    ent_coef_loss   | 1.07     |
|    learning_rate   | 0.0003   |
|    n_updates       | 361883   |
---------------------------------
---------------------------------
| rollout/           |          |
|    ep_len_mean     | 1.88e+03 |
|    ep_rew_mean     | 2.06e+03 |
| time/              |          |
|    episodes        | 4460     |
|    fps             | 2096     |
|    time_elapsed    | 2769     |
|    total_timesteps | 5804976  |
| train/             |          |
|    actor_loss      | -0.677   |
|    critic_loss     | 0.000405 |
|    ent_coef        | 0.000113 |
|    ent_coef_loss   | 1.1      |
|    learning_rate   | 0.0003   |
|    n_updates       | 362748   |
---------------------------------
---------------------------------
| rollout/           |          |
|    ep_len_mean     | 1.93e+03 |
|    ep_rew_mean     | 2.02e+03 |
| time/              |          |
|    episodes        | 4464     |
|    fps             | 2096     |
|    time_elapsed    | 2772     |
|    total_timesteps | 5812080  |
| train/             |          |
|    actor_loss      | -0.657   |
|    critic_loss     | 0.0002   |
|    ent_coef        | 0.000119 |
|    ent_coef_loss   | 0.851    |
|    learning_rate   | 0.0003   |
|    n_updates       | 363192   |
---------------------------------
---------------------------------
| rollout/           |          |
|    ep_len_mean     | 1.97e+03 |
|    ep_rew_mean     | 2e+03    |
| time/              |          |
|    episodes        | 4468     |
|    fps             | 2096     |
|    time_elapsed    | 2774     |
|    total_timesteps | 5815808  |
| train/             |          |
|    actor_loss      | -0.62    |
|    critic_loss     | 0.000426 |
|    ent_coef        | 0.000121 |
|    ent_coef_loss   | -0.457   |
|    learning_rate   | 0.0003   |
|    n_updates       | 363425   |
---------------------------------
---------------------------------
| rollout/           |          |
|    ep_len_mean     | 1.98e+03 |
|    ep_rew_mean     | 2.02e+03 |
| time/              |          |
|    episodes        | 4472     |
|    fps             | 2096     |
|    time_elapsed    | 2777     |
|    total_timesteps | 5821616  |
| train/             |          |
|    actor_loss      | -0.677   |
|    critic_loss     | 0.000262 |
|    ent_coef        | 0.000116 |
|    ent_coef_loss   | -0.358   |
|    learning_rate   | 0.0003   |
|    n_updates       | 363788   |
---------------------------------
---------------------------------
| rollout/           |          |
|    ep_len_mean     | 1.96e+03 |
|    ep_rew_mean     | 1.99e+03 |
| time/              |          |
|    episodes        | 4476     |
|    fps             | 2096     |
|    time_elapsed    | 2779     |
|    total_timesteps | 5826640  |
| train/             |          |
|    actor_loss      | -0.702   |
|    critic_loss     | 0.00113  |
|    ent_coef        | 0.000111 |
|    ent_coef_loss   | -0.496   |
|    learning_rate   | 0.0003   |
|    n_updates       | 364102   |
---------------------------------
---------------------------------
| rollout/           |          |
|    ep_len_mean     | 1.98e+03 |
|    ep_rew_mean     | 1.92e+03 |
| time/              |          |
|    episodes        | 4480     |
|    fps             | 2096     |
|    time_elapsed    | 2787     |
|    total_timesteps | 5843728  |
| train/             |          |
|    actor_loss      | -0.602   |
|    critic_loss     | 0.000295 |
|    ent_coef        | 9.72e-05 |
|    ent_coef_loss   | 3.45     |
|    learning_rate   | 0.0003   |
|    n_updates       | 365170   |
---------------------------------
---------------------------------
| rollout/           |          |
|    ep_len_mean     | 1.99e+03 |
|    ep_rew_mean     | 2.02e+03 |
| time/              |          |
|    episodes        | 4484     |
|    fps             | 2096     |
|    time_elapsed    | 2788     |
|    total_timesteps | 5845952  |
| train/             |          |
|    actor_loss      | -0.647   |
|    critic_loss     | 0.000363 |
|    ent_coef        | 9.94e-05 |
|    ent_coef_loss   | 3.58     |
|    learning_rate   | 0.0003   |
|    n_updates       | 365309   |
---------------------------------
---------------------------------
| rollout/           |          |
|    ep_len_mean     | 2e+03    |
|    ep_rew_mean     | 2.06e+03 |
| time/              |          |
|    episodes        | 4488     |
|    fps             | 2096     |
|    time_elapsed    | 2793     |
|    total_timesteps | 5856016  |
| train/             |          |
|    actor_loss      | -0.611   |
|    critic_loss     | 0.0332   |
|    ent_coef        | 0.000107 |
|    ent_coef_loss   | 4.08     |
|    learning_rate   | 0.0003   |
|    n_updates       | 365938   |
---------------------------------
---------------------------------
| rollout/           |          |
|    ep_len_mean     | 2.04e+03 |
|    ep_rew_mean     | 2.1e+03  |
| time/              |          |
|    episodes        | 4492     |
|    fps             | 2096     |
|    time_elapsed    | 2800     |
|    total_timesteps | 5871360  |
| train/             |          |
|    actor_loss      | -0.604   |
|    critic_loss     | 0.000665 |
|    ent_coef        | 0.000109 |
|    ent_coef_loss   | 5.01     |
|    learning_rate   | 0.0003   |
|    n_updates       | 366897   |
---------------------------------
---------------------------------
| rollout/           |          |
|    ep_len_mean     | 2.04e+03 |
|    ep_rew_mean     | 2.09e+03 |
| time/              |          |
|    episodes        | 4496     |
|    fps             | 2096     |
|    time_elapsed    | 2802     |
|    total_timesteps | 5875408  |
| train/             |          |
|    actor_loss      | -0.693   |
|    critic_loss     | 0.000221 |
|    ent_coef        | 0.000108 |
|    ent_coef_loss   | -1.91    |
|    learning_rate   | 0.0003   |
|    n_updates       | 367150   |
---------------------------------
---------------------------------
| rollout/           |          |
|    ep_len_mean     | 2.04e+03 |
|    ep_rew_mean     | 2.06e+03 |
| time/              |          |
|    episodes        | 4500     |
|    fps             | 2096     |
|    time_elapsed    | 2804     |
|    total_timesteps | 5881024  |
| train/             |          |
|    actor_loss      | -0.655   |
|    critic_loss     | 0.000247 |
|    ent_coef        | 0.000109 |
|    ent_coef_loss   | 2.04     |
|    learning_rate   | 0.0003   |
|    n_updates       | 367501   |
---------------------------------
---------------------------------
| rollout/           |          |
|    ep_len_mean     | 2.04e+03 |
|    ep_rew_mean     | 2.02e+03 |
| time/              |          |
|    episodes        | 4504     |
|    fps             | 2096     |
|    time_elapsed    | 2808     |
|    total_timesteps | 5888912  |
| train/             |          |
|    actor_loss      | -0.63    |
|    critic_loss     | 0.00216  |
|    ent_coef        | 0.000117 |
|    ent_coef_loss   | -0.138   |
|    learning_rate   | 0.0003   |
|    n_updates       | 367994   |
---------------------------------
---------------------------------
| rollout/           |          |
|    ep_len_mean     | 2.05e+03 |
|    ep_rew_mean     | 1.88e+03 |
| time/              |          |
|    episodes        | 4508     |
|    fps             | 2096     |
|    time_elapsed    | 2814     |
|    total_timesteps | 5902656  |
| train/             |          |
|    actor_loss      | -0.601   |
|    critic_loss     | 0.00148  |
|    ent_coef        | 0.000131 |
|    ent_coef_loss   | -6.22    |
|    learning_rate   | 0.0003   |
|    n_updates       | 368853   |
---------------------------------
---------------------------------
| rollout/           |          |
|    ep_len_mean     | 2.08e+03 |
|    ep_rew_mean     | 1.91e+03 |
| time/              |          |
|    episodes        | 4512     |
|    fps             | 2096     |
|    time_elapsed    | 2818     |
|    total_timesteps | 5911248  |
| train/             |          |
|    actor_loss      | -0.667   |
|    critic_loss     | 0.00143  |
|    ent_coef        | 0.000121 |
|    ent_coef_loss   | 2.73     |
|    learning_rate   | 0.0003   |
|    n_updates       | 369390   |
---------------------------------
---------------------------------
| rollout/           |          |
|    ep_len_mean     | 2.08e+03 |
|    ep_rew_mean     | 1.81e+03 |
| time/              |          |
|    episodes        | 4516     |
|    fps             | 2096     |
|    time_elapsed    | 2821     |
|    total_timesteps | 5917152  |
| train/             |          |
|    actor_loss      | -0.608   |
|    critic_loss     | 0.000238 |
|    ent_coef        | 0.000118 |
|    ent_coef_loss   | 3.64     |
|    learning_rate   | 0.0003   |
|    n_updates       | 369759   |
---------------------------------
---------------------------------
| rollout/           |          |
|    ep_len_mean     | 2.1e+03  |
|    ep_rew_mean     | 1.79e+03 |
| time/              |          |
|    episodes        | 4520     |
|    fps             | 2097     |
|    time_elapsed    | 2824     |
|    total_timesteps | 5922608  |
| train/             |          |
|    actor_loss      | -0.638   |
|    critic_loss     | 0.000331 |
|    ent_coef        | 0.000118 |
|    ent_coef_loss   | 1.77     |
|    learning_rate   | 0.0003   |
|    n_updates       | 370100   |
---------------------------------
---------------------------------
| rollout/           |          |
|    ep_len_mean     | 2.09e+03 |
|    ep_rew_mean     | 1.81e+03 |
| time/              |          |
|    episodes        | 4524     |
|    fps             | 2097     |
|    time_elapsed    | 2829     |
|    total_timesteps | 5934400  |
| train/             |          |
|    actor_loss      | -0.746   |
|    critic_loss     | 0.000238 |
|    ent_coef        | 0.000118 |
|    ent_coef_loss   | -1.46    |
|    learning_rate   | 0.0003   |
|    n_updates       | 370837   |
---------------------------------
---------------------------------
| rollout/           |          |
|    ep_len_mean     | 2.09e+03 |
|    ep_rew_mean     | 1.79e+03 |
| time/              |          |
|    episodes        | 4528     |
|    fps             | 2097     |
|    time_elapsed    | 2835     |
|    total_timesteps | 5945904  |
| train/             |          |
|    actor_loss      | -0.646   |
|    critic_loss     | 0.000386 |
|    ent_coef        | 0.000116 |
|    ent_coef_loss   | -0.487   |
|    learning_rate   | 0.0003   |
|    n_updates       | 371556   |
---------------------------------
---------------------------------
| rollout/           |          |
|    ep_len_mean     | 2.13e+03 |
|    ep_rew_mean     | 1.8e+03  |
| time/              |          |
|    episodes        | 4532     |
|    fps             | 2097     |
|    time_elapsed    | 2839     |
|    total_timesteps | 5955488  |
| train/             |          |
|    actor_loss      | -0.698   |
|    critic_loss     | 0.000306 |
|    ent_coef        | 0.000124 |
|    ent_coef_loss   | -2.8     |
|    learning_rate   | 0.0003   |
|    n_updates       | 372155   |
---------------------------------
---------------------------------
| rollout/           |          |
|    ep_len_mean     | 2.17e+03 |
|    ep_rew_mean     | 1.78e+03 |
| time/              |          |
|    episodes        | 4536     |
|    fps             | 2097     |
|    time_elapsed    | 2841     |
|    total_timesteps | 5958560  |
| train/             |          |
|    actor_loss      | -0.547   |
|    critic_loss     | 0.000286 |
|    ent_coef        | 0.000128 |
|    ent_coef_loss   | 0.651    |
|    learning_rate   | 0.0003   |
|    n_updates       | 372347   |
---------------------------------
---------------------------------
| rollout/           |          |
|    ep_len_mean     | 2.17e+03 |
|    ep_rew_mean     | 1.74e+03 |
| time/              |          |
|    episodes        | 4540     |
|    fps             | 2097     |
|    time_elapsed    | 2848     |
|    total_timesteps | 5973184  |
| train/             |          |
|    actor_loss      | -0.573   |
|    critic_loss     | 0.0451   |
|    ent_coef        | 0.000121 |
|    ent_coef_loss   | 2.96     |
|    learning_rate   | 0.0003   |
|    n_updates       | 373261   |
---------------------------------
---------------------------------
| rollout/           |          |
|    ep_len_mean     | 2.2e+03  |
|    ep_rew_mean     | 1.78e+03 |
| time/              |          |
|    episodes        | 4544     |
|    fps             | 2097     |
|    time_elapsed    | 2854     |
|    total_timesteps | 5985520  |
| train/             |          |
|    actor_loss      | -0.615   |
|    critic_loss     | 0.000496 |
|    ent_coef        | 0.000125 |
|    ent_coef_loss   | 0.124    |
|    learning_rate   | 0.0003   |
|    n_updates       | 374032   |
---------------------------------
---------------------------------
| rollout/           |          |
|    ep_len_mean     | 2.2e+03  |
|    ep_rew_mean     | 1.81e+03 |
| time/              |          |
|    episodes        | 4548     |
|    fps             | 2097     |
|    time_elapsed    | 2857     |
|    total_timesteps | 5993184  |
| train/             |          |
|    actor_loss      | -0.584   |
|    critic_loss     | 0.000268 |
|    ent_coef        | 0.000126 |
|    ent_coef_loss   | -2.74    |
|    learning_rate   | 0.0003   |
|    n_updates       | 374511   |
---------------------------------
---------------------------------
| rollout/           |          |
|    ep_len_mean     | 2.23e+03 |
|    ep_rew_mean     | 1.77e+03 |
| time/              |          |
|    episodes        | 4552     |
|    fps             | 2097     |
|    time_elapsed    | 2860     |
|    total_timesteps | 5998528  |
| train/             |          |
|    actor_loss      | -0.629   |
|    critic_loss     | 0.000432 |
|    ent_coef        | 0.000127 |
|    ent_coef_loss   | -0.894   |
|    learning_rate   | 0.0003   |
|    n_updates       | 374845   |
---------------------------------
---------------------------------
| rollout/           |          |
|    ep_len_mean     | 2.24e+03 |
|    ep_rew_mean     | 1.83e+03 |
| time/              |          |
|    episodes        | 4556     |
|    fps             | 2097     |
|    time_elapsed    | 2863     |
|    total_timesteps | 6004560  |
| train/             |          |
|    actor_loss      | -0.713   |
|    critic_loss     | 0.0491   |
|    ent_coef        | 0.000124 |
|    ent_coef_loss   | -3.73    |
|    learning_rate   | 0.0003   |
|    n_updates       | 375222   |
---------------------------------
---------------------------------
| rollout/           |          |
|    ep_len_mean     | 2.22e+03 |
|    ep_rew_mean     | 1.9e+03  |
| time/              |          |
|    episodes        | 4560     |
|    fps             | 2097     |
|    time_elapsed    | 2868     |
|    total_timesteps | 6016176  |
| train/             |          |
|    actor_loss      | -0.668   |
|    critic_loss     | 0.000218 |
|    ent_coef        | 0.000129 |
|    ent_coef_loss   | -3.14    |
|    learning_rate   | 0.0003   |
|    n_updates       | 375948   |
---------------------------------
---------------------------------
| rollout/           |          |
|    ep_len_mean     | 2.16e+03 |
|    ep_rew_mean     | 1.94e+03 |
| time/              |          |
|    episodes        | 4564     |
|    fps             | 2097     |
|    time_elapsed    | 2870     |
|    total_timesteps | 6020064  |
| train/             |          |
|    actor_loss      | -0.632   |
|    critic_loss     | 0.00023  |
|    ent_coef        | 0.000122 |
|    ent_coef_loss   | -5.95    |
|    learning_rate   | 0.0003   |
|    n_updates       | 376191   |
---------------------------------
---------------------------------
| rollout/           |          |
|    ep_len_mean     | 2.12e+03 |
|    ep_rew_mean     | 1.86e+03 |
| time/              |          |
|    episodes        | 4568     |
|    fps             | 2097     |
|    time_elapsed    | 2879     |
|    total_timesteps | 6037584  |
| train/             |          |
|    actor_loss      | -0.666   |
|    critic_loss     | 0.00026  |
|    ent_coef        | 0.000122 |
|    ent_coef_loss   | 4.94     |
|    learning_rate   | 0.0003   |
|    n_updates       | 377286   |
---------------------------------
---------------------------------
| rollout/           |          |
|    ep_len_mean     | 2.12e+03 |
|    ep_rew_mean     | 1.83e+03 |
| time/              |          |
|    episodes        | 4572     |
|    fps             | 2097     |
|    time_elapsed    | 2882     |
|    total_timesteps | 6045776  |
| train/             |          |
|    actor_loss      | -0.597   |
|    critic_loss     | 0.000217 |
|    ent_coef        | 0.000121 |
|    ent_coef_loss   | -1.14    |
|    learning_rate   | 0.0003   |
|    n_updates       | 377798   |
---------------------------------
---------------------------------
| rollout/           |          |
|    ep_len_mean     | 2.19e+03 |
|    ep_rew_mean     | 1.88e+03 |
| time/              |          |
|    episodes        | 4576     |
|    fps             | 2097     |
|    time_elapsed    | 2886     |
|    total_timesteps | 6052656  |
| train/             |          |
|    actor_loss      | -0.601   |
|    critic_loss     | 0.00067  |
|    ent_coef        | 0.000116 |
|    ent_coef_loss   | -0.891   |
|    learning_rate   | 0.0003   |
|    n_updates       | 378228   |
---------------------------------
---------------------------------
| rollout/           |          |
|    ep_len_mean     | 2.21e+03 |
|    ep_rew_mean     | 1.95e+03 |
| time/              |          |
|    episodes        | 4580     |
|    fps             | 2097     |
|    time_elapsed    | 2887     |
|    total_timesteps | 6055968  |
| train/             |          |
|    actor_loss      | -0.672   |
|    critic_loss     | 0.000219 |
|    ent_coef        | 0.000113 |
|    ent_coef_loss   | 1.9      |
|    learning_rate   | 0.0003   |
|    n_updates       | 378435   |
---------------------------------
---------------------------------
| rollout/           |          |
|    ep_len_mean     | 2.2e+03  |
|    ep_rew_mean     | 1.85e+03 |
| time/              |          |
|    episodes        | 4584     |
|    fps             | 2097     |
|    time_elapsed    | 2890     |
|    total_timesteps | 6060944  |
| train/             |          |
|    actor_loss      | -0.68    |
|    critic_loss     | 0.000519 |
|    ent_coef        | 0.00011  |
|    ent_coef_loss   | -5.99    |
|    learning_rate   | 0.0003   |
|    n_updates       | 378746   |
---------------------------------
---------------------------------
| rollout/           |          |
|    ep_len_mean     | 2.17e+03 |
|    ep_rew_mean     | 1.8e+03  |
| time/              |          |
|    episodes        | 4588     |
|    fps             | 2097     |
|    time_elapsed    | 2897     |
|    total_timesteps | 6076320  |
| train/             |          |
|    actor_loss      | -0.609   |
|    critic_loss     | 0.000232 |
|    ent_coef        | 0.000116 |
|    ent_coef_loss   | 7.41     |
|    learning_rate   | 0.0003   |
|    n_updates       | 379707   |
---------------------------------
---------------------------------
| rollout/           |          |
|    ep_len_mean     | 2.15e+03 |
|    ep_rew_mean     | 1.69e+03 |
| time/              |          |
|    episodes        | 4592     |
|    fps             | 2097     |
|    time_elapsed    | 2900     |
|    total_timesteps | 6083456  |
| train/             |          |
|    actor_loss      | -0.667   |
|    critic_loss     | 0.000354 |
|    ent_coef        | 0.000113 |
|    ent_coef_loss   | 4.94     |
|    learning_rate   | 0.0003   |
|    n_updates       | 380153   |
---------------------------------
---------------------------------
| rollout/           |          |
|    ep_len_mean     | 2.13e+03 |
|    ep_rew_mean     | 1.64e+03 |
| time/              |          |
|    episodes        | 4596     |
|    fps             | 2097     |
|    time_elapsed    | 2901     |
|    total_timesteps | 6085680  |
| train/             |          |
|    actor_loss      | -0.652   |
|    critic_loss     | 0.000341 |
|    ent_coef        | 0.000111 |
|    ent_coef_loss   | -2.86    |
|    learning_rate   | 0.0003   |
|    n_updates       | 380292   |
---------------------------------
---------------------------------
| rollout/           |          |
|    ep_len_mean     | 2.12e+03 |
|    ep_rew_mean     | 1.63e+03 |
| time/              |          |
|    episodes        | 4600     |
|    fps             | 2097     |
|    time_elapsed    | 2902     |
|    total_timesteps | 6087808  |
| train/             |          |
|    actor_loss      | -0.666   |
|    critic_loss     | 0.000293 |
|    ent_coef        | 0.000111 |
|    ent_coef_loss   | 2.86     |
|    learning_rate   | 0.0003   |
|    n_updates       | 380425   |
---------------------------------
---------------------------------
| rollout/           |          |
|    ep_len_mean     | 2.09e+03 |
|    ep_rew_mean     | 1.66e+03 |
| time/              |          |
|    episodes        | 4604     |
|    fps             | 2097     |
|    time_elapsed    | 2904     |
|    total_timesteps | 6091552  |
| train/             |          |
|    actor_loss      | -0.648   |
|    critic_loss     | 0.000251 |
|    ent_coef        | 0.000113 |
|    ent_coef_loss   | 1.64     |
|    learning_rate   | 0.0003   |
|    n_updates       | 380659   |
---------------------------------
---------------------------------
| rollout/           |          |
|    ep_len_mean     | 2.07e+03 |
|    ep_rew_mean     | 1.74e+03 |
| time/              |          |
|    episodes        | 4608     |
|    fps             | 2097     |
|    time_elapsed    | 2908     |
|    total_timesteps | 6100640  |
| train/             |          |
|    actor_loss      | -0.586   |
|    critic_loss     | 0.000967 |
|    ent_coef        | 0.000125 |
|    ent_coef_loss   | 4.07     |
|    learning_rate   | 0.0003   |
|    n_updates       | 381227   |
---------------------------------
---------------------------------
| rollout/           |          |
|    ep_len_mean     | 2.01e+03 |
|    ep_rew_mean     | 1.73e+03 |
| time/              |          |
|    episodes        | 4612     |
|    fps             | 2097     |
|    time_elapsed    | 2909     |
|    total_timesteps | 6101280  |
| train/             |          |
|    actor_loss      | -0.609   |
|    critic_loss     | 0.000781 |
|    ent_coef        | 0.000125 |
|    ent_coef_loss   | 1.78     |
|    learning_rate   | 0.0003   |
|    n_updates       | 381267   |
---------------------------------
---------------------------------
| rollout/           |          |
|    ep_len_mean     | 1.96e+03 |
|    ep_rew_mean     | 1.76e+03 |
| time/              |          |
|    episodes        | 4616     |
|    fps             | 2097     |
|    time_elapsed    | 2910     |
|    total_timesteps | 6103136  |
| train/             |          |
|    actor_loss      | -0.649   |
|    critic_loss     | 0.000248 |
|    ent_coef        | 0.000123 |
|    ent_coef_loss   | -0.524   |
|    learning_rate   | 0.0003   |
|    n_updates       | 381383   |
---------------------------------
---------------------------------
| rollout/           |          |
|    ep_len_mean     | 1.9e+03  |
|    ep_rew_mean     | 1.69e+03 |
| time/              |          |
|    episodes        | 4620     |
|    fps             | 2097     |
|    time_elapsed    | 2912     |
|    total_timesteps | 6108736  |
| train/             |          |
|    actor_loss      | -0.722   |
|    critic_loss     | 0.000243 |
|    ent_coef        | 0.000123 |
|    ent_coef_loss   | -0.9     |
|    learning_rate   | 0.0003   |
|    n_updates       | 381733   |
---------------------------------
---------------------------------
| rollout/           |          |
|    ep_len_mean     | 1.86e+03 |
|    ep_rew_mean     | 1.65e+03 |
| time/              |          |
|    episodes        | 4624     |
|    fps             | 2097     |
|    time_elapsed    | 2913     |
|    total_timesteps | 6109328  |
| train/             |          |
|    actor_loss      | -0.539   |
|    critic_loss     | 0.000337 |
|    ent_coef        | 0.000122 |
|    ent_coef_loss   | -2.03    |
|    learning_rate   | 0.0003   |
|    n_updates       | 381770   |
---------------------------------
---------------------------------
| rollout/           |          |
|    ep_len_mean     | 1.8e+03  |
|    ep_rew_mean     | 1.58e+03 |
| time/              |          |
|    episodes        | 4628     |
|    fps             | 2097     |
|    time_elapsed    | 2915     |
|    total_timesteps | 6114128  |
| train/             |          |
|    actor_loss      | -0.595   |
|    critic_loss     | 0.000332 |
|    ent_coef        | 0.000126 |
|    ent_coef_loss   | -0.202   |
|    learning_rate   | 0.0003   |
|    n_updates       | 382070   |
---------------------------------
---------------------------------
| rollout/           |          |
|    ep_len_mean     | 1.74e+03 |
|    ep_rew_mean     | 1.54e+03 |
| time/              |          |
|    episodes        | 4632     |
|    fps             | 2097     |
|    time_elapsed    | 2916     |
|    total_timesteps | 6116336  |
| train/             |          |
|    actor_loss      | -0.645   |
|    critic_loss     | 0.000346 |
|    ent_coef        | 0.000126 |
|    ent_coef_loss   | 0.678    |
|    learning_rate   | 0.0003   |
|    n_updates       | 382208   |
---------------------------------
---------------------------------
| rollout/           |          |
|    ep_len_mean     | 1.67e+03 |
|    ep_rew_mean     | 1.5e+03  |
| time/              |          |
|    episodes        | 4636     |
|    fps             | 2097     |
|    time_elapsed    | 2920     |
|    total_timesteps | 6125104  |
| train/             |          |
|    actor_loss      | -0.594   |
|    critic_loss     | 0.000889 |
|    ent_coef        | 0.000127 |
|    ent_coef_loss   | 3        |
|    learning_rate   | 0.0003   |
|    n_updates       | 382756   |
---------------------------------
---------------------------------
| rollout/           |          |
|    ep_len_mean     | 1.65e+03 |
|    ep_rew_mean     | 1.49e+03 |
| time/              |          |
|    episodes        | 4640     |
|    fps             | 2097     |
|    time_elapsed    | 2927     |
|    total_timesteps | 6139728  |
| train/             |          |
|    actor_loss      | -0.66    |
|    critic_loss     | 0.000379 |
|    ent_coef        | 0.000123 |
|    ent_coef_loss   | -2.57    |
|    learning_rate   | 0.0003   |
|    n_updates       | 383670   |
---------------------------------
---------------------------------
| rollout/           |          |
|    ep_len_mean     | 1.63e+03 |
|    ep_rew_mean     | 1.48e+03 |
| time/              |          |
|    episodes        | 4644     |
|    fps             | 2097     |
|    time_elapsed    | 2929     |
|    total_timesteps | 6144320  |
| train/             |          |
|    actor_loss      | -0.548   |
|    critic_loss     | 0.000382 |
|    ent_coef        | 0.000124 |
|    ent_coef_loss   | 7.35     |
|    learning_rate   | 0.0003   |
|    n_updates       | 383957   |
---------------------------------
---------------------------------
| rollout/           |          |
|    ep_len_mean     | 1.62e+03 |
|    ep_rew_mean     | 1.52e+03 |
| time/              |          |
|    episodes        | 4648     |
|    fps             | 2097     |
|    time_elapsed    | 2932     |
|    total_timesteps | 6151360  |
| train/             |          |
|    actor_loss      | -0.616   |
|    critic_loss     | 0.000351 |
|    ent_coef        | 0.000125 |
|    ent_coef_loss   | -1.6     |
|    learning_rate   | 0.0003   |
|    n_updates       | 384397   |
---------------------------------
---------------------------------
| rollout/           |          |
|    ep_len_mean     | 1.63e+03 |
|    ep_rew_mean     | 1.52e+03 |
| time/              |          |
|    episodes        | 4652     |
|    fps             | 2097     |
|    time_elapsed    | 2937     |
|    total_timesteps | 6160720  |
| train/             |          |
|    actor_loss      | -0.652   |
|    critic_loss     | 0.00025  |
|    ent_coef        | 0.000127 |
|    ent_coef_loss   | -4.2     |
|    learning_rate   | 0.0003   |
|    n_updates       | 384982   |
---------------------------------
---------------------------------
| rollout/           |          |
|    ep_len_mean     | 1.62e+03 |
|    ep_rew_mean     | 1.49e+03 |
| time/              |          |
|    episodes        | 4656     |
|    fps             | 2097     |
|    time_elapsed    | 2945     |
|    total_timesteps | 6178768  |
| train/             |          |
|    actor_loss      | -0.699   |
|    critic_loss     | 0.000833 |
|    ent_coef        | 0.000126 |
|    ent_coef_loss   | 2.25     |
|    learning_rate   | 0.0003   |
|    n_updates       | 386110   |
---------------------------------
---------------------------------
| rollout/           |          |
|    ep_len_mean     | 1.64e+03 |
|    ep_rew_mean     | 1.48e+03 |
| time/              |          |
|    episodes        | 4660     |
|    fps             | 2097     |
|    time_elapsed    | 2948     |
|    total_timesteps | 6183920  |
| train/             |          |
|    actor_loss      | -0.616   |
|    critic_loss     | 0.00873  |
|    ent_coef        | 0.000128 |
|    ent_coef_loss   | 2.76     |
|    learning_rate   | 0.0003   |
|    n_updates       | 386432   |
---------------------------------
---------------------------------
| rollout/           |          |
|    ep_len_mean     | 1.67e+03 |
|    ep_rew_mean     | 1.49e+03 |
| time/              |          |
|    episodes        | 4664     |
|    fps             | 2097     |
|    time_elapsed    | 2953     |
|    total_timesteps | 6194464  |
| train/             |          |
|    actor_loss      | -0.628   |
|    critic_loss     | 0.000348 |
|    ent_coef        | 0.000135 |
|    ent_coef_loss   | -2.1     |
|    learning_rate   | 0.0003   |
|    n_updates       | 387091   |
---------------------------------
---------------------------------
| rollout/           |          |
|    ep_len_mean     | 1.7e+03  |
|    ep_rew_mean     | 1.54e+03 |
| time/              |          |
|    episodes        | 4668     |
|    fps             | 2097     |
|    time_elapsed    | 2955     |
|    total_timesteps | 6197936  |
| train/             |          |
|    actor_loss      | -0.613   |
|    critic_loss     | 0.000287 |
|    ent_coef        | 0.000136 |
|    ent_coef_loss   | 1.67     |
|    learning_rate   | 0.0003   |
|    n_updates       | 387308   |
---------------------------------
---------------------------------
| rollout/           |          |
|    ep_len_mean     | 1.7e+03  |
|    ep_rew_mean     | 1.59e+03 |
| time/              |          |
|    episodes        | 4672     |
|    fps             | 2097     |
|    time_elapsed    | 2959     |
|    total_timesteps | 6206912  |
| train/             |          |
|    actor_loss      | -0.597   |
|    critic_loss     | 0.000414 |
|    ent_coef        | 0.000135 |
|    ent_coef_loss   | 0.766    |
|    learning_rate   | 0.0003   |
|    n_updates       | 387869   |
---------------------------------
---------------------------------
| rollout/           |          |
|    ep_len_mean     | 1.68e+03 |
|    ep_rew_mean     | 1.54e+03 |
| time/              |          |
|    episodes        | 4676     |
|    fps             | 2097     |
|    time_elapsed    | 2967     |
|    total_timesteps | 6223024  |
| train/             |          |
|    actor_loss      | -0.645   |
|    critic_loss     | 0.00404  |
|    ent_coef        | 0.000136 |
|    ent_coef_loss   | 2.02     |
|    learning_rate   | 0.0003   |
|    n_updates       | 388876   |
---------------------------------
---------------------------------
| rollout/           |          |
|    ep_len_mean     | 1.67e+03 |
|    ep_rew_mean     | 1.5e+03  |
| time/              |          |
|    episodes        | 4680     |
|    fps             | 2097     |
|    time_elapsed    | 2967     |
|    total_timesteps | 6224160  |
| train/             |          |
|    actor_loss      | -0.643   |
|    critic_loss     | 0.00272  |
|    ent_coef        | 0.000137 |
|    ent_coef_loss   | 4.15     |
|    learning_rate   | 0.0003   |
|    n_updates       | 388947   |
---------------------------------
---------------------------------
| rollout/           |          |
|    ep_len_mean     | 1.67e+03 |
|    ep_rew_mean     | 1.59e+03 |
| time/              |          |
|    episodes        | 4684     |
|    fps             | 2097     |
|    time_elapsed    | 2973     |
|    total_timesteps | 6237072  |
| train/             |          |
|    actor_loss      | -0.674   |
|    critic_loss     | 0.000229 |
|    ent_coef        | 0.000156 |
|    ent_coef_loss   | 2.37     |
|    learning_rate   | 0.0003   |
|    n_updates       | 389754   |
---------------------------------
---------------------------------
| rollout/           |          |
|    ep_len_mean     | 1.7e+03  |
|    ep_rew_mean     | 1.61e+03 |
| time/              |          |
|    episodes        | 4688     |
|    fps             | 2097     |
|    time_elapsed    | 2976     |
|    total_timesteps | 6242112  |
| train/             |          |
|    actor_loss      | -0.602   |
|    critic_loss     | 0.000272 |
|    ent_coef        | 0.000149 |
|    ent_coef_loss   | -0.448   |
|    learning_rate   | 0.0003   |
|    n_updates       | 390069   |
---------------------------------
---------------------------------
| rollout/           |          |
|    ep_len_mean     | 1.71e+03 |
|    ep_rew_mean     | 1.66e+03 |
| time/              |          |
|    episodes        | 4692     |
|    fps             | 2097     |
|    time_elapsed    | 2983     |
|    total_timesteps | 6256640  |
| train/             |          |
|    actor_loss      | -0.651   |
|    critic_loss     | 0.000254 |
|    ent_coef        | 0.000142 |
|    ent_coef_loss   | -0.406   |
|    learning_rate   | 0.0003   |
|    n_updates       | 390977   |
---------------------------------
---------------------------------
| rollout/           |          |
|    ep_len_mean     | 1.75e+03 |
|    ep_rew_mean     | 1.66e+03 |
| time/              |          |
|    episodes        | 4696     |
|    fps             | 2097     |
|    time_elapsed    | 2988     |
|    total_timesteps | 6267200  |
| train/             |          |
|    actor_loss      | -0.671   |
|    critic_loss     | 0.000231 |
|    ent_coef        | 0.000143 |
|    ent_coef_loss   | 0.193    |
|    learning_rate   | 0.0003   |
|    n_updates       | 391637   |
---------------------------------
---------------------------------
| rollout/           |          |
|    ep_len_mean     | 1.78e+03 |
|    ep_rew_mean     | 1.71e+03 |
| time/              |          |
|    episodes        | 4700     |
|    fps             | 2097     |
|    time_elapsed    | 2989     |
|    total_timesteps | 6270928  |
| train/             |          |
|    actor_loss      | -0.64    |
|    critic_loss     | 0.000506 |
|    ent_coef        | 0.000144 |
|    ent_coef_loss   | -1.45    |
|    learning_rate   | 0.0003   |
|    n_updates       | 391870   |
---------------------------------
---------------------------------
| rollout/           |          |
|    ep_len_mean     | 1.82e+03 |
|    ep_rew_mean     | 1.65e+03 |
| time/              |          |
|    episodes        | 4704     |
|    fps             | 2097     |
|    time_elapsed    | 2993     |
|    total_timesteps | 6278736  |
| train/             |          |
|    actor_loss      | -0.6     |
|    critic_loss     | 0.000497 |
|    ent_coef        | 0.000138 |
|    ent_coef_loss   | 2.81     |
|    learning_rate   | 0.0003   |
|    n_updates       | 392358   |
---------------------------------
---------------------------------
| rollout/           |          |
|    ep_len_mean     | 1.82e+03 |
|    ep_rew_mean     | 1.63e+03 |
| time/              |          |
|    episodes        | 4708     |
|    fps             | 2097     |
|    time_elapsed    | 2999     |
|    total_timesteps | 6290336  |
| train/             |          |
|    actor_loss      | -0.657   |
|    critic_loss     | 0.000341 |
|    ent_coef        | 0.000144 |
|    ent_coef_loss   | -5.09    |
|    learning_rate   | 0.0003   |
|    n_updates       | 393083   |
---------------------------------
---------------------------------
| rollout/           |          |
|    ep_len_mean     | 1.87e+03 |
|    ep_rew_mean     | 1.67e+03 |
| time/              |          |
|    episodes        | 4712     |
|    fps             | 2097     |
|    time_elapsed    | 3003     |
|    total_timesteps | 6299008  |
| train/             |          |
|    actor_loss      | -0.688   |
|    critic_loss     | 0.0034   |
|    ent_coef        | 0.000142 |
|    ent_coef_loss   | 4.34     |
|    learning_rate   | 0.0003   |
|    n_updates       | 393625   |
---------------------------------
---------------------------------
| rollout/           |          |
|    ep_len_mean     | 1.91e+03 |
|    ep_rew_mean     | 1.66e+03 |
| time/              |          |
|    episodes        | 4716     |
|    fps             | 2097     |
|    time_elapsed    | 3006     |
|    total_timesteps | 6305424  |
| train/             |          |
|    actor_loss      | -0.611   |
|    critic_loss     | 0.000342 |
|    ent_coef        | 0.000141 |
|    ent_coef_loss   | -0.0384  |
|    learning_rate   | 0.0003   |
|    n_updates       | 394026   |
---------------------------------
---------------------------------
| rollout/           |          |
|    ep_len_mean     | 1.94e+03 |
|    ep_rew_mean     | 1.7e+03  |
| time/              |          |
|    episodes        | 4720     |
|    fps             | 2097     |
|    time_elapsed    | 3008     |
|    total_timesteps | 6309344  |
| train/             |          |
|    actor_loss      | -0.682   |
|    critic_loss     | 0.00323  |
|    ent_coef        | 0.000135 |
|    ent_coef_loss   | -7.49    |
|    learning_rate   | 0.0003   |
|    n_updates       | 394271   |
---------------------------------
---------------------------------
| rollout/           |          |
|    ep_len_mean     | 2e+03    |
|    ep_rew_mean     | 1.73e+03 |
| time/              |          |
|    episodes        | 4724     |
|    fps             | 2097     |
|    time_elapsed    | 3014     |
|    total_timesteps | 6321440  |
| train/             |          |
|    actor_loss      | -0.618   |
|    critic_loss     | 0.000334 |
|    ent_coef        | 0.00013  |
|    ent_coef_loss   | -1.28    |
|    learning_rate   | 0.0003   |
|    n_updates       | 395027   |
---------------------------------
---------------------------------
| rollout/           |          |
|    ep_len_mean     | 2.04e+03 |
|    ep_rew_mean     | 1.8e+03  |
| time/              |          |
|    episodes        | 4728     |
|    fps             | 2097     |
|    time_elapsed    | 3015     |
|    total_timesteps | 6323824  |
| train/             |          |
|    actor_loss      | -0.761   |
|    critic_loss     | 0.000262 |
|    ent_coef        | 0.000129 |
|    ent_coef_loss   | -3.14    |
|    learning_rate   | 0.0003   |
|    n_updates       | 395176   |
---------------------------------
---------------------------------
| rollout/           |          |
|    ep_len_mean     | 2.06e+03 |
|    ep_rew_mean     | 1.84e+03 |
| time/              |          |
|    episodes        | 4732     |
|    fps             | 2097     |
|    time_elapsed    | 3019     |
|    total_timesteps | 6332448  |
| train/             |          |
|    actor_loss      | -0.63    |
|    critic_loss     | 0.000282 |
|    ent_coef        | 0.000133 |
|    ent_coef_loss   | 1.15     |
|    learning_rate   | 0.0003   |
|    n_updates       | 395715   |
---------------------------------
---------------------------------
| rollout/           |          |
|    ep_len_mean     | 2.11e+03 |
|    ep_rew_mean     | 1.86e+03 |
| time/              |          |
|    episodes        | 4736     |
|    fps             | 2097     |
|    time_elapsed    | 3020     |
|    total_timesteps | 6334784  |
| train/             |          |
|    actor_loss      | -0.6     |
|    critic_loss     | 0.00474  |
|    ent_coef        | 0.000134 |
|    ent_coef_loss   | -0.875   |
|    learning_rate   | 0.0003   |
|    n_updates       | 395861   |
---------------------------------
---------------------------------
| rollout/           |          |
|    ep_len_mean     | 2.1e+03  |
|    ep_rew_mean     | 1.89e+03 |
| time/              |          |
|    episodes        | 4740     |
|    fps             | 2097     |
|    time_elapsed    | 3025     |
|    total_timesteps | 6345056  |
| train/             |          |
|    actor_loss      | -0.633   |
|    critic_loss     | 0.000332 |
|    ent_coef        | 0.000137 |
|    ent_coef_loss   | -2.51    |
|    learning_rate   | 0.0003   |
|    n_updates       | 396503   |
---------------------------------
---------------------------------
| rollout/           |          |
|    ep_len_mean     | 2.12e+03 |
|    ep_rew_mean     | 1.82e+03 |
| time/              |          |
|    episodes        | 4744     |
|    fps             | 2097     |
|    time_elapsed    | 3033     |
|    total_timesteps | 6361920  |
| train/             |          |
|    actor_loss      | -0.634   |
|    critic_loss     | 0.000245 |
|    ent_coef        | 0.000133 |
|    ent_coef_loss   | -1.06    |
|    learning_rate   | 0.0003   |
|    n_updates       | 397557   |
---------------------------------
---------------------------------
| rollout/           |          |
|    ep_len_mean     | 2.11e+03 |
|    ep_rew_mean     | 1.85e+03 |
| time/              |          |
|    episodes        | 4748     |
|    fps             | 2097     |
|    time_elapsed    | 3036     |
|    total_timesteps | 6368032  |
| train/             |          |
|    actor_loss      | -0.653   |
|    critic_loss     | 0.000234 |
|    ent_coef        | 0.000128 |
|    ent_coef_loss   | -0.582   |
|    learning_rate   | 0.0003   |
|    n_updates       | 397939   |
---------------------------------
---------------------------------
| rollout/           |          |
|    ep_len_mean     | 2.07e+03 |
|    ep_rew_mean     | 1.85e+03 |
| time/              |          |
|    episodes        | 4752     |
|    fps             | 2097     |
|    time_elapsed    | 3036     |
|    total_timesteps | 6368720  |
| train/             |          |
|    actor_loss      | -0.603   |
|    critic_loss     | 0.000392 |
|    ent_coef        | 0.000129 |
|    ent_coef_loss   | 1.7      |
|    learning_rate   | 0.0003   |
|    n_updates       | 397982   |
---------------------------------
---------------------------------
| rollout/           |          |
|    ep_len_mean     | 2.08e+03 |
|    ep_rew_mean     | 1.85e+03 |
| time/              |          |
|    episodes        | 4756     |
|    fps             | 2097     |
|    time_elapsed    | 3040     |
|    total_timesteps | 6375344  |
| train/             |          |
|    actor_loss      | -0.62    |
|    critic_loss     | 0.000385 |
|    ent_coef        | 0.000143 |
|    ent_coef_loss   | 1.26     |
|    learning_rate   | 0.0003   |
|    n_updates       | 398396   |
---------------------------------
---------------------------------
| rollout/           |          |
|    ep_len_mean     | 2.07e+03 |
|    ep_rew_mean     | 1.85e+03 |
| time/              |          |
|    episodes        | 4760     |
|    fps             | 2097     |
|    time_elapsed    | 3042     |
|    total_timesteps | 6379856  |
| train/             |          |
|    actor_loss      | -0.662   |
|    critic_loss     | 0.000248 |
|    ent_coef        | 0.00015  |
|    ent_coef_loss   | -0.0258  |
|    learning_rate   | 0.0003   |
|    n_updates       | 398678   |
---------------------------------
---------------------------------
| rollout/           |          |
|    ep_len_mean     | 2.03e+03 |
|    ep_rew_mean     | 1.8e+03  |
| time/              |          |
|    episodes        | 4764     |
|    fps             | 2097     |
|    time_elapsed    | 3050     |
|    total_timesteps | 6397072  |
| train/             |          |
|    actor_loss      | -0.618   |
|    critic_loss     | 0.000386 |
|    ent_coef        | 0.00014  |
|    ent_coef_loss   | 0.773    |
|    learning_rate   | 0.0003   |
|    n_updates       | 399754   |
---------------------------------
---------------------------------
| rollout/           |          |
|    ep_len_mean     | 1.99e+03 |
|    ep_rew_mean     | 1.84e+03 |
| time/              |          |
|    episodes        | 4768     |
|    fps             | 2096     |
|    time_elapsed    | 3052     |
|    total_timesteps | 6400848  |
| train/             |          |
|    actor_loss      | -0.613   |
|    critic_loss     | 0.000313 |
|    ent_coef        | 0.000137 |
|    ent_coef_loss   | -0.186   |
|    learning_rate   | 0.0003   |
|    n_updates       | 399990   |
---------------------------------
---------------------------------
| rollout/           |          |
|    ep_len_mean     | 2e+03    |
|    ep_rew_mean     | 1.93e+03 |
| time/              |          |
|    episodes        | 4772     |
|    fps             | 2096     |
|    time_elapsed    | 3056     |
|    total_timesteps | 6408320  |
| train/             |          |
|    actor_loss      | -0.684   |
|    critic_loss     | 0.00078  |
|    ent_coef        | 0.000127 |
|    ent_coef_loss   | -2.28    |
|    learning_rate   | 0.0003   |
|    n_updates       | 400457   |
---------------------------------
---------------------------------
| rollout/           |          |
|    ep_len_mean     | 2.01e+03 |
|    ep_rew_mean     | 1.94e+03 |
| time/              |          |
|    episodes        | 4776     |
|    fps             | 2096     |
|    time_elapsed    | 3058     |
|    total_timesteps | 6412576  |
| train/             |          |
|    actor_loss      | -0.706   |
|    critic_loss     | 0.00134  |
|    ent_coef        | 0.000128 |
|    ent_coef_loss   | -2.83    |
|    learning_rate   | 0.0003   |
|    n_updates       | 400723   |
---------------------------------
---------------------------------
| rollout/           |          |
|    ep_len_mean     | 2.02e+03 |
|    ep_rew_mean     | 1.94e+03 |
| time/              |          |
|    episodes        | 4780     |
|    fps             | 2096     |
|    time_elapsed    | 3067     |
|    total_timesteps | 6433424  |
| train/             |          |
|    actor_loss      | -0.666   |
|    critic_loss     | 0.000555 |
|    ent_coef        | 0.000136 |
|    ent_coef_loss   | -3.01    |
|    learning_rate   | 0.0003   |
|    n_updates       | 402026   |
---------------------------------
---------------------------------
| rollout/           |          |
|    ep_len_mean     | 2.02e+03 |
|    ep_rew_mean     | 1.93e+03 |
| time/              |          |
|    episodes        | 4784     |
|    fps             | 2096     |
|    time_elapsed    | 3069     |
|    total_timesteps | 6436624  |
| train/             |          |
|    actor_loss      | -0.625   |
|    critic_loss     | 0.000282 |
|    ent_coef        | 0.000134 |
|    ent_coef_loss   | 2.83     |
|    learning_rate   | 0.0003   |
|    n_updates       | 402226   |
---------------------------------
---------------------------------
| rollout/           |          |
|    ep_len_mean     | 2.01e+03 |
|    ep_rew_mean     | 1.92e+03 |
| time/              |          |
|    episodes        | 4788     |
|    fps             | 2096     |
|    time_elapsed    | 3071     |
|    total_timesteps | 6440384  |
| train/             |          |
|    actor_loss      | -0.62    |
|    critic_loss     | 0.000541 |
|    ent_coef        | 0.000135 |
|    ent_coef_loss   | 2.03     |
|    learning_rate   | 0.0003   |
|    n_updates       | 402461   |
---------------------------------
---------------------------------
| rollout/           |          |
|    ep_len_mean     | 2e+03    |
|    ep_rew_mean     | 1.96e+03 |
| time/              |          |
|    episodes        | 4792     |
|    fps             | 2097     |
|    time_elapsed    | 3074     |
|    total_timesteps | 6448112  |
| train/             |          |
|    actor_loss      | -0.682   |
|    critic_loss     | 0.000267 |
|    ent_coef        | 0.000137 |
|    ent_coef_loss   | -2.58    |
|    learning_rate   | 0.0003   |
|    n_updates       | 402944   |
---------------------------------
---------------------------------
| rollout/           |          |
|    ep_len_mean     | 1.96e+03 |
|    ep_rew_mean     | 1.99e+03 |
| time/              |          |
|    episodes        | 4796     |
|    fps             | 2097     |
|    time_elapsed    | 3080     |
|    total_timesteps | 6459296  |
| train/             |          |
|    actor_loss      | -0.612   |
|    critic_loss     | 0.000269 |
|    ent_coef        | 0.000131 |
|    ent_coef_loss   | 6.08     |
|    learning_rate   | 0.0003   |
|    n_updates       | 403643   |
---------------------------------
---------------------------------
| rollout/           |          |
|    ep_len_mean     | 1.94e+03 |
|    ep_rew_mean     | 1.94e+03 |
| time/              |          |
|    episodes        | 4800     |
|    fps             | 2097     |
|    time_elapsed    | 3084     |
|    total_timesteps | 6468512  |
| train/             |          |
|    actor_loss      | -0.625   |
|    critic_loss     | 0.000321 |
|    ent_coef        | 0.000134 |
|    ent_coef_loss   | 1.43     |
|    learning_rate   | 0.0003   |
|    n_updates       | 404219   |
---------------------------------
---------------------------------
| rollout/           |          |
|    ep_len_mean     | 1.93e+03 |
|    ep_rew_mean     | 1.97e+03 |
| time/              |          |
|    episodes        | 4804     |
|    fps             | 2097     |
|    time_elapsed    | 3086     |
|    total_timesteps | 6472336  |
| train/             |          |
|    actor_loss      | -0.622   |
|    critic_loss     | 0.000287 |
|    ent_coef        | 0.000133 |
|    ent_coef_loss   | -2.72    |
|    learning_rate   | 0.0003   |
|    n_updates       | 404458   |
---------------------------------
---------------------------------
| rollout/           |          |
|    ep_len_mean     | 1.95e+03 |
|    ep_rew_mean     | 2e+03    |
| time/              |          |
|    episodes        | 4808     |
|    fps             | 2097     |
|    time_elapsed    | 3091     |
|    total_timesteps | 6483648  |
| train/             |          |
|    actor_loss      | -0.598   |
|    critic_loss     | 0.00042  |
|    ent_coef        | 0.000138 |
|    ent_coef_loss   | 3.33     |
|    learning_rate   | 0.0003   |
|    n_updates       | 405165   |
---------------------------------
---------------------------------
| rollout/           |          |
|    ep_len_mean     | 1.95e+03 |
|    ep_rew_mean     | 1.93e+03 |
| time/              |          |
|    episodes        | 4812     |
|    fps             | 2097     |
|    time_elapsed    | 3094     |
|    total_timesteps | 6489056  |
| train/             |          |
|    actor_loss      | -0.699   |
|    critic_loss     | 0.00537  |
|    ent_coef        | 0.000146 |
|    ent_coef_loss   | -1.08    |
|    learning_rate   | 0.0003   |
|    n_updates       | 405503   |
---------------------------------
---------------------------------
| rollout/           |          |
|    ep_len_mean     | 1.93e+03 |
|    ep_rew_mean     | 1.96e+03 |
| time/              |          |
|    episodes        | 4816     |
|    fps             | 2097     |
|    time_elapsed    | 3106     |
|    total_timesteps | 6514816  |
| train/             |          |
|    actor_loss      | -0.64    |
|    critic_loss     | 0.000321 |
|    ent_coef        | 0.000136 |
|    ent_coef_loss   | 0.75     |
|    learning_rate   | 0.0003   |
|    n_updates       | 407113   |
---------------------------------
---------------------------------
| rollout/           |          |
|    ep_len_mean     | 1.99e+03 |
|    ep_rew_mean     | 2.03e+03 |
| time/              |          |
|    episodes        | 4820     |
|    fps             | 2097     |
|    time_elapsed    | 3108     |
|    total_timesteps | 6520768  |
| train/             |          |
|    actor_loss      | -0.608   |
|    critic_loss     | 0.000841 |
|    ent_coef        | 0.000142 |
|    ent_coef_loss   | 10.3     |
|    learning_rate   | 0.0003   |
|    n_updates       | 407485   |
---------------------------------
---------------------------------
| rollout/           |          |
|    ep_len_mean     | 2.02e+03 |
|    ep_rew_mean     | 2.02e+03 |
| time/              |          |
|    episodes        | 4824     |
|    fps             | 2097     |
|    time_elapsed    | 3109     |
|    total_timesteps | 6522576  |
| train/             |          |
|    actor_loss      | -0.615   |
|    critic_loss     | 0.000355 |
|    ent_coef        | 0.000146 |
|    ent_coef_loss   | 4.29     |
|    learning_rate   | 0.0003   |
|    n_updates       | 407598   |
---------------------------------
---------------------------------
| rollout/           |          |
|    ep_len_mean     | 2.04e+03 |
|    ep_rew_mean     | 2.05e+03 |
| time/              |          |
|    episodes        | 4828     |
|    fps             | 2097     |
|    time_elapsed    | 3112     |
|    total_timesteps | 6528544  |
| train/             |          |
|    actor_loss      | -0.644   |
|    critic_loss     | 0.000621 |
|    ent_coef        | 0.000149 |
|    ent_coef_loss   | -2.25    |
|    learning_rate   | 0.0003   |
|    n_updates       | 407971   |
---------------------------------
---------------------------------
| rollout/           |          |
|    ep_len_mean     | 2.09e+03 |
|    ep_rew_mean     | 1.98e+03 |
| time/              |          |
|    episodes        | 4832     |
|    fps             | 2097     |
|    time_elapsed    | 3120     |
|    total_timesteps | 6545072  |
| train/             |          |
|    actor_loss      | -0.669   |
|    critic_loss     | 0.00275  |
|    ent_coef        | 0.00014  |
|    ent_coef_loss   | -1.03    |
|    learning_rate   | 0.0003   |
|    n_updates       | 409004   |
---------------------------------
---------------------------------
| rollout/           |          |
|    ep_len_mean     | 2.1e+03  |
|    ep_rew_mean     | 2.05e+03 |
| time/              |          |
|    episodes        | 4836     |
|    fps             | 2097     |
|    time_elapsed    | 3124     |
|    total_timesteps | 6553392  |
| train/             |          |
|    actor_loss      | -0.667   |
|    critic_loss     | 0.000346 |
|    ent_coef        | 0.000136 |
|    ent_coef_loss   | 0.815    |
|    learning_rate   | 0.0003   |
|    n_updates       | 409524   |
---------------------------------
---------------------------------
| rollout/           |          |
|    ep_len_mean     | 2.12e+03 |
|    ep_rew_mean     | 2.06e+03 |
| time/              |          |
|    episodes        | 4840     |
|    fps             | 2097     |
|    time_elapsed    | 3126     |
|    total_timesteps | 6556960  |
| train/             |          |
|    actor_loss      | -0.634   |
|    critic_loss     | 0.000403 |
|    ent_coef        | 0.000134 |
|    ent_coef_loss   | -0.679   |
|    learning_rate   | 0.0003   |
|    n_updates       | 409747   |
---------------------------------
---------------------------------
| rollout/           |          |
|    ep_len_mean     | 2.11e+03 |
|    ep_rew_mean     | 2.15e+03 |
| time/              |          |
|    episodes        | 4844     |
|    fps             | 2097     |
|    time_elapsed    | 3127     |
|    total_timesteps | 6560096  |
| train/             |          |
|    actor_loss      | -0.627   |
|    critic_loss     | 0.000523 |
|    ent_coef        | 0.000133 |
|    ent_coef_loss   | 1.21     |
|    learning_rate   | 0.0003   |
|    n_updates       | 409943   |
---------------------------------
---------------------------------
| rollout/           |          |
|    ep_len_mean     | 2.09e+03 |
|    ep_rew_mean     | 2.09e+03 |
| time/              |          |
|    episodes        | 4848     |
|    fps             | 2097     |
|    time_elapsed    | 3134     |
|    total_timesteps | 6574928  |
| train/             |          |
|    actor_loss      | -0.557   |
|    critic_loss     | 0.00181  |
|    ent_coef        | 0.000149 |
|    ent_coef_loss   | 1.46     |
|    learning_rate   | 0.0003   |
|    n_updates       | 410870   |
---------------------------------
---------------------------------
| rollout/           |          |
|    ep_len_mean     | 2.09e+03 |
|    ep_rew_mean     | 2.19e+03 |
| time/              |          |
|    episodes        | 4852     |
|    fps             | 2097     |
|    time_elapsed    | 3138     |
|    total_timesteps | 6582736  |
| train/             |          |
|    actor_loss      | -0.601   |
|    critic_loss     | 0.000415 |
|    ent_coef        | 0.00015  |
|    ent_coef_loss   | 4.57     |
|    learning_rate   | 0.0003   |
|    n_updates       | 411358   |
---------------------------------
---------------------------------
| rollout/           |          |
|    ep_len_mean     | 2.09e+03 |
|    ep_rew_mean     | 2.18e+03 |
| time/              |          |
|    episodes        | 4856     |
|    fps             | 2097     |
|    time_elapsed    | 3140     |
|    total_timesteps | 6588224  |
| train/             |          |
|    actor_loss      | -0.581   |
|    critic_loss     | 0.00045  |
|    ent_coef        | 0.00015  |
|    ent_coef_loss   | -1.26    |
|    learning_rate   | 0.0003   |
|    n_updates       | 411701   |
---------------------------------
---------------------------------
| rollout/           |          |
|    ep_len_mean     | 2.1e+03  |
|    ep_rew_mean     | 2.2e+03  |
| time/              |          |
|    episodes        | 4860     |
|    fps             | 2097     |
|    time_elapsed    | 3142     |
|    total_timesteps | 6593008  |
| train/             |          |
|    actor_loss      | -0.519   |
|    critic_loss     | 0.000349 |
|    ent_coef        | 0.000149 |
|    ent_coef_loss   | -3.83    |
|    learning_rate   | 0.0003   |
|    n_updates       | 412000   |
---------------------------------
---------------------------------
| rollout/           |          |
|    ep_len_mean     | 2.11e+03 |
|    ep_rew_mean     | 2.28e+03 |
| time/              |          |
|    episodes        | 4864     |
|    fps             | 2097     |
|    time_elapsed    | 3145     |
|    total_timesteps | 6597776  |
| train/             |          |
|    actor_loss      | -0.656   |
|    critic_loss     | 0.000288 |
|    ent_coef        | 0.000146 |
|    ent_coef_loss   | 4.85     |
|    learning_rate   | 0.0003   |
|    n_updates       | 412298   |
---------------------------------
---------------------------------
| rollout/           |          |
|    ep_len_mean     | 2.08e+03 |
|    ep_rew_mean     | 2.23e+03 |
| time/              |          |
|    episodes        | 4868     |
|    fps             | 2097     |
|    time_elapsed    | 3149     |
|    total_timesteps | 6605968  |
| train/             |          |
|    actor_loss      | -0.55    |
|    critic_loss     | 0.000306 |
|    ent_coef        | 0.000135 |
|    ent_coef_loss   | 3.58     |
|    learning_rate   | 0.0003   |
|    n_updates       | 412810   |
---------------------------------
---------------------------------
| rollout/           |          |
|    ep_len_mean     | 2.06e+03 |
|    ep_rew_mean     | 2.18e+03 |
| time/              |          |
|    episodes        | 4872     |
|    fps             | 2097     |
|    time_elapsed    | 3152     |
|    total_timesteps | 6612352  |
| train/             |          |
|    actor_loss      | -0.678   |
|    critic_loss     | 0.000234 |
|    ent_coef        | 0.000143 |
|    ent_coef_loss   | 0.486    |
|    learning_rate   | 0.0003   |
|    n_updates       | 413209   |
---------------------------------
---------------------------------
| rollout/           |          |
|    ep_len_mean     | 2.03e+03 |
|    ep_rew_mean     | 2.22e+03 |
| time/              |          |
|    episodes        | 4876     |
|    fps             | 2097     |
|    time_elapsed    | 3153     |
|    total_timesteps | 6616304  |
| train/             |          |
|    actor_loss      | -0.606   |
|    critic_loss     | 0.00966  |
|    ent_coef        | 0.000154 |
|    ent_coef_loss   | -0.0185  |
|    learning_rate   | 0.0003   |
|    n_updates       | 413456   |
---------------------------------
---------------------------------
| rollout/           |          |
|    ep_len_mean     | 1.97e+03 |
|    ep_rew_mean     | 2.18e+03 |
| time/              |          |
|    episodes        | 4880     |
|    fps             | 2097     |
|    time_elapsed    | 3155     |
|    total_timesteps | 6620192  |
| train/             |          |
|    actor_loss      | -0.567   |
|    critic_loss     | 0.0007   |
|    ent_coef        | 0.000156 |
|    ent_coef_loss   | 1.03     |
|    learning_rate   | 0.0003   |
|    n_updates       | 413699   |
---------------------------------
---------------------------------
| rollout/           |          |
|    ep_len_mean     | 1.93e+03 |
|    ep_rew_mean     | 2.09e+03 |
| time/              |          |
|    episodes        | 4884     |
|    fps             | 2097     |
|    time_elapsed    | 3159     |
|    total_timesteps | 6627264  |
| train/             |          |
|    actor_loss      | -0.643   |
|    critic_loss     | 0.000297 |
|    ent_coef        | 0.000148 |
|    ent_coef_loss   | -5.53    |
|    learning_rate   | 0.0003   |
|    n_updates       | 414141   |
---------------------------------
---------------------------------
| rollout/           |          |
|    ep_len_mean     | 1.89e+03 |
|    ep_rew_mean     | 2.06e+03 |
| time/              |          |
|    episodes        | 4888     |
|    fps             | 2097     |
|    time_elapsed    | 3160     |
|    total_timesteps | 6630528  |
| train/             |          |
|    actor_loss      | -0.647   |
|    critic_loss     | 0.000323 |
|    ent_coef        | 0.000141 |
|    ent_coef_loss   | -5.9     |
|    learning_rate   | 0.0003   |
|    n_updates       | 414345   |
---------------------------------
---------------------------------
| rollout/           |          |
|    ep_len_mean     | 1.89e+03 |
|    ep_rew_mean     | 1.97e+03 |
| time/              |          |
|    episodes        | 4892     |
|    fps             | 2097     |
|    time_elapsed    | 3165     |
|    total_timesteps | 6641248  |
| train/             |          |
|    actor_loss      | -0.545   |
|    critic_loss     | 0.000324 |
|    ent_coef        | 0.000146 |
|    ent_coef_loss   | 6.12     |
|    learning_rate   | 0.0003   |
|    n_updates       | 415015   |
---------------------------------
---------------------------------
| rollout/           |          |
|    ep_len_mean     | 1.87e+03 |
|    ep_rew_mean     | 1.92e+03 |
| time/              |          |
|    episodes        | 4896     |
|    fps             | 2097     |
|    time_elapsed    | 3167     |
|    total_timesteps | 6645920  |
| train/             |          |
|    actor_loss      | -0.649   |
|    critic_loss     | 0.000395 |
|    ent_coef        | 0.000158 |
|    ent_coef_loss   | 2.86     |
|    learning_rate   | 0.0003   |
|    n_updates       | 415307   |
---------------------------------
---------------------------------
| rollout/           |          |
|    ep_len_mean     | 1.87e+03 |
|    ep_rew_mean     | 1.94e+03 |
| time/              |          |
|    episodes        | 4900     |
|    fps             | 2097     |
|    time_elapsed    | 3169     |
|    total_timesteps | 6650192  |
| train/             |          |
|    actor_loss      | -0.714   |
|    critic_loss     | 0.000281 |
|    ent_coef        | 0.000163 |
|    ent_coef_loss   | -1.93    |
|    learning_rate   | 0.0003   |
|    n_updates       | 415574   |
---------------------------------
---------------------------------
| rollout/           |          |
|    ep_len_mean     | 1.85e+03 |
|    ep_rew_mean     | 1.98e+03 |
| time/              |          |
|    episodes        | 4904     |
|    fps             | 2097     |
|    time_elapsed    | 3171     |
|    total_timesteps | 6654640  |
| train/             |          |
|    actor_loss      | -0.595   |
|    critic_loss     | 0.000426 |
|    ent_coef        | 0.000161 |
|    ent_coef_loss   | 0.316    |
|    learning_rate   | 0.0003   |
|    n_updates       | 415852   |
---------------------------------
---------------------------------
| rollout/           |          |
|    ep_len_mean     | 1.84e+03 |
|    ep_rew_mean     | 1.9e+03  |
| time/              |          |
|    episodes        | 4908     |
|    fps             | 2097     |
|    time_elapsed    | 3173     |
|    total_timesteps | 6656960  |
| train/             |          |
|    actor_loss      | -0.665   |
|    critic_loss     | 0.000392 |
|    ent_coef        | 0.000161 |
|    ent_coef_loss   | -0.0354  |
|    learning_rate   | 0.0003   |
|    n_updates       | 415997   |
---------------------------------
---------------------------------
| rollout/           |          |
|    ep_len_mean     | 1.79e+03 |
|    ep_rew_mean     | 1.92e+03 |
| time/              |          |
|    episodes        | 4912     |
|    fps             | 2098     |
|    time_elapsed    | 3175     |
|    total_timesteps | 6662304  |
| train/             |          |
|    actor_loss      | -0.621   |
|    critic_loss     | 0.000396 |
|    ent_coef        | 0.00016  |
|    ent_coef_loss   | 0.192    |
|    learning_rate   | 0.0003   |
|    n_updates       | 416331   |
---------------------------------
---------------------------------
| rollout/           |          |
|    ep_len_mean     | 1.76e+03 |
|    ep_rew_mean     | 1.94e+03 |
| time/              |          |
|    episodes        | 4916     |
|    fps             | 2098     |
|    time_elapsed    | 3179     |
|    total_timesteps | 6670784  |
| train/             |          |
|    actor_loss      | -0.672   |
|    critic_loss     | 0.000273 |
|    ent_coef        | 0.000151 |
|    ent_coef_loss   | -4.04    |
|    learning_rate   | 0.0003   |
|    n_updates       | 416861   |
---------------------------------
---------------------------------
| rollout/           |          |
|    ep_len_mean     | 1.71e+03 |
|    ep_rew_mean     | 1.87e+03 |
| time/              |          |
|    episodes        | 4920     |
|    fps             | 2098     |
|    time_elapsed    | 3181     |
|    total_timesteps | 6675872  |
| train/             |          |
|    actor_loss      | -0.641   |
|    critic_loss     | 0.000354 |
|    ent_coef        | 0.000152 |
|    ent_coef_loss   | -0.876   |
|    learning_rate   | 0.0003   |
|    n_updates       | 417179   |
---------------------------------
---------------------------------
| rollout/           |          |
|    ep_len_mean     | 1.65e+03 |
|    ep_rew_mean     | 1.91e+03 |
| time/              |          |
|    episodes        | 4924     |
|    fps             | 2098     |
|    time_elapsed    | 3186     |
|    total_timesteps | 6686000  |
| train/             |          |
|    actor_loss      | -0.665   |
|    critic_loss     | 0.000456 |
|    ent_coef        | 0.000155 |
|    ent_coef_loss   | -1.45    |
|    learning_rate   | 0.0003   |
|    n_updates       | 417812   |
---------------------------------
---------------------------------
| rollout/           |          |
|    ep_len_mean     | 1.64e+03 |
|    ep_rew_mean     | 1.84e+03 |
| time/              |          |
|    episodes        | 4928     |
|    fps             | 2098     |
|    time_elapsed    | 3188     |
|    total_timesteps | 6689968  |
| train/             |          |
|    actor_loss      | -0.552   |
|    critic_loss     | 0.00705  |
|    ent_coef        | 0.000155 |
|    ent_coef_loss   | 6.38     |
|    learning_rate   | 0.0003   |
|    n_updates       | 418060   |
---------------------------------
---------------------------------
| rollout/           |          |
|    ep_len_mean     | 1.56e+03 |
|    ep_rew_mean     | 1.87e+03 |
| time/              |          |
|    episodes        | 4932     |
|    fps             | 2098     |
|    time_elapsed    | 3190     |
|    total_timesteps | 6693344  |
| train/             |          |
|    actor_loss      | -0.687   |
|    critic_loss     | 0.000428 |
|    ent_coef        | 0.000155 |
|    ent_coef_loss   | -0.134   |
|    learning_rate   | 0.0003   |
|    n_updates       | 418271   |
---------------------------------
---------------------------------
| rollout/           |          |
|    ep_len_mean     | 1.55e+03 |
|    ep_rew_mean     | 1.77e+03 |
| time/              |          |
|    episodes        | 4936     |
|    fps             | 2098     |
|    time_elapsed    | 3193     |
|    total_timesteps | 6701136  |
| train/             |          |
|    actor_loss      | -0.7     |
|    critic_loss     | 0.00183  |
|    ent_coef        | 0.000158 |
|    ent_coef_loss   | -3.17    |
|    learning_rate   | 0.0003   |
|    n_updates       | 418758   |
---------------------------------
---------------------------------
| rollout/           |          |
|    ep_len_mean     | 1.55e+03 |
|    ep_rew_mean     | 1.82e+03 |
| time/              |          |
|    episodes        | 4940     |
|    fps             | 2098     |
|    time_elapsed    | 3201     |
|    total_timesteps | 6717088  |
| train/             |          |
|    actor_loss      | -0.592   |
|    critic_loss     | 0.00783  |
|    ent_coef        | 0.000162 |
|    ent_coef_loss   | -2.06    |
|    learning_rate   | 0.0003   |
|    n_updates       | 419755   |
---------------------------------
---------------------------------
| rollout/           |          |
|    ep_len_mean     | 1.54e+03 |
|    ep_rew_mean     | 1.8e+03  |
| time/              |          |
|    episodes        | 4944     |
|    fps             | 2098     |
|    time_elapsed    | 3203     |
|    total_timesteps | 6721424  |
| train/             |          |
|    actor_loss      | -0.55    |
|    critic_loss     | 0.0328   |
|    ent_coef        | 0.000157 |
|    ent_coef_loss   | -0.709   |
|    learning_rate   | 0.0003   |
|    n_updates       | 420026   |
---------------------------------
---------------------------------
| rollout/           |          |
|    ep_len_mean     | 1.56e+03 |
|    ep_rew_mean     | 1.85e+03 |
| time/              |          |
|    episodes        | 4948     |
|    fps             | 2098     |
|    time_elapsed    | 3205     |
|    total_timesteps | 6725920  |
| train/             |          |
|    actor_loss      | -0.643   |
|    critic_loss     | 0.000585 |
|    ent_coef        | 0.000154 |
|    ent_coef_loss   | 7.41     |
|    learning_rate   | 0.0003   |
|    n_updates       | 420307   |
---------------------------------
---------------------------------
| rollout/           |          |
|    ep_len_mean     | 1.59e+03 |
|    ep_rew_mean     | 1.87e+03 |
| time/              |          |
|    episodes        | 4952     |
|    fps             | 2098     |
|    time_elapsed    | 3207     |
|    total_timesteps | 6730192  |
| train/             |          |
|    actor_loss      | -0.6     |
|    critic_loss     | 0.000371 |
|    ent_coef        | 0.000156 |
|    ent_coef_loss   | -1.95    |
|    learning_rate   | 0.0003   |
|    n_updates       | 420574   |
---------------------------------
---------------------------------
| rollout/           |          |
|    ep_len_mean     | 1.56e+03 |
|    ep_rew_mean     | 1.84e+03 |
| time/              |          |
|    episodes        | 4956     |
|    fps             | 2098     |
|    time_elapsed    | 3213     |
|    total_timesteps | 6742416  |
| train/             |          |
|    actor_loss      | -0.695   |
|    critic_loss     | 0.000391 |
|    ent_coef        | 0.000151 |
|    ent_coef_loss   | -5.4     |
|    learning_rate   | 0.0003   |
|    n_updates       | 421338   |
---------------------------------
---------------------------------
| rollout/           |          |
|    ep_len_mean     | 1.54e+03 |
|    ep_rew_mean     | 1.81e+03 |
| time/              |          |
|    episodes        | 4960     |
|    fps             | 2098     |
|    time_elapsed    | 3219     |
|    total_timesteps | 6753936  |
| train/             |          |
|    actor_loss      | -0.608   |
|    critic_loss     | 0.00286  |
|    ent_coef        | 0.000154 |
|    ent_coef_loss   | -1.99    |
|    learning_rate   | 0.0003   |
|    n_updates       | 422058   |
---------------------------------
---------------------------------
| rollout/           |          |
|    ep_len_mean     | 1.53e+03 |
|    ep_rew_mean     | 1.76e+03 |
| time/              |          |
|    episodes        | 4964     |
|    fps             | 2098     |
|    time_elapsed    | 3221     |
|    total_timesteps | 6758832  |
| train/             |          |
|    actor_loss      | -0.668   |
|    critic_loss     | 0.00996  |
|    ent_coef        | 0.000158 |
|    ent_coef_loss   | -1.06    |
|    learning_rate   | 0.0003   |
|    n_updates       | 422364   |
---------------------------------
---------------------------------
| rollout/           |          |
|    ep_len_mean     | 1.58e+03 |
|    ep_rew_mean     | 1.82e+03 |
| time/              |          |
|    episodes        | 4968     |
|    fps             | 2098     |
|    time_elapsed    | 3222     |
|    total_timesteps | 6761280  |
| train/             |          |
|    actor_loss      | -0.674   |
|    critic_loss     | 0.000253 |
|    ent_coef        | 0.000156 |
|    ent_coef_loss   | -4.19    |
|    learning_rate   | 0.0003   |
|    n_updates       | 422517   |
---------------------------------
---------------------------------
| rollout/           |          |
|    ep_len_mean     | 1.59e+03 |
|    ep_rew_mean     | 1.79e+03 |
| time/              |          |
|    episodes        | 4972     |
|    fps             | 2098     |
|    time_elapsed    | 3224     |
|    total_timesteps | 6764864  |
| train/             |          |
|    actor_loss      | -0.588   |
|    critic_loss     | 0.00035  |
|    ent_coef        | 0.000149 |
|    ent_coef_loss   | 1.89     |
|    learning_rate   | 0.0003   |
|    n_updates       | 422741   |
---------------------------------
---------------------------------
| rollout/           |          |
|    ep_len_mean     | 1.58e+03 |
|    ep_rew_mean     | 1.75e+03 |
| time/              |          |
|    episodes        | 4976     |
|    fps             | 2097     |
|    time_elapsed    | 3236     |
|    total_timesteps | 6790416  |
| train/             |          |
|    actor_loss      | -0.632   |
|    critic_loss     | 0.000275 |
|    ent_coef        | 0.000147 |
|    ent_coef_loss   | -4.26    |
|    learning_rate   | 0.0003   |
|    n_updates       | 424338   |
---------------------------------
---------------------------------
| rollout/           |          |
|    ep_len_mean     | 1.63e+03 |
|    ep_rew_mean     | 1.75e+03 |
| time/              |          |
|    episodes        | 4980     |
|    fps             | 2097     |
|    time_elapsed    | 3238     |
|    total_timesteps | 6793968  |
| train/             |          |
|    actor_loss      | -0.601   |
|    critic_loss     | 0.00118  |
|    ent_coef        | 0.000149 |
|    ent_coef_loss   | -1.2     |
|    learning_rate   | 0.0003   |
|    n_updates       | 424560   |
---------------------------------
---------------------------------
| rollout/           |          |
|    ep_len_mean     | 1.67e+03 |
|    ep_rew_mean     | 1.85e+03 |
| time/              |          |
|    episodes        | 4984     |
|    fps             | 2097     |
|    time_elapsed    | 3240     |
|    total_timesteps | 6798128  |
| train/             |          |
|    actor_loss      | -0.613   |
|    critic_loss     | 0.000271 |
|    ent_coef        | 0.000149 |
|    ent_coef_loss   | 1.26     |
|    learning_rate   | 0.0003   |
|    n_updates       | 424820   |
---------------------------------
---------------------------------
| rollout/           |          |
|    ep_len_mean     | 1.72e+03 |
|    ep_rew_mean     | 1.84e+03 |
| time/              |          |
|    episodes        | 4988     |
|    fps             | 2097     |
|    time_elapsed    | 3241     |
|    total_timesteps | 6799536  |
| train/             |          |
|    actor_loss      | -0.62    |
|    critic_loss     | 0.000358 |
|    ent_coef        | 0.00015  |
|    ent_coef_loss   | -1.53    |
|    learning_rate   | 0.0003   |
|    n_updates       | 424908   |
---------------------------------
---------------------------------
| rollout/           |          |
|    ep_len_mean     | 1.73e+03 |
|    ep_rew_mean     | 1.91e+03 |
| time/              |          |
|    episodes        | 4992     |
|    fps             | 2097     |
|    time_elapsed    | 3244     |
|    total_timesteps | 6806528  |
| train/             |          |
|    actor_loss      | -0.678   |
|    critic_loss     | 0.000367 |
|    ent_coef        | 0.000157 |
|    ent_coef_loss   | 1.14     |
|    learning_rate   | 0.0003   |
|    n_updates       | 425345   |
---------------------------------
---------------------------------
| rollout/           |          |
|    ep_len_mean     | 1.73e+03 |
|    ep_rew_mean     | 1.9e+03  |
| time/              |          |
|    episodes        | 4996     |
|    fps             | 2097     |
|    time_elapsed    | 3249     |
|    total_timesteps | 6817744  |
| train/             |          |
|    actor_loss      | -0.694   |
|    critic_loss     | 0.00034  |
|    ent_coef        | 0.000176 |
|    ent_coef_loss   | 3.76     |
|    learning_rate   | 0.0003   |
|    n_updates       | 426046   |
---------------------------------
---------------------------------
| rollout/           |          |
|    ep_len_mean     | 1.74e+03 |
|    ep_rew_mean     | 1.93e+03 |
| time/              |          |
|    episodes        | 5000     |
|    fps             | 2097     |
|    time_elapsed    | 3254     |
|    total_timesteps | 6827984  |
| train/             |          |
|    actor_loss      | -0.635   |
|    critic_loss     | 0.00122  |
|    ent_coef        | 0.000175 |
|    ent_coef_loss   | 2.03     |
|    learning_rate   | 0.0003   |
|    n_updates       | 426686   |
---------------------------------
---------------------------------
| rollout/           |          |
|    ep_len_mean     | 1.76e+03 |
|    ep_rew_mean     | 1.93e+03 |
| time/              |          |
|    episodes        | 5004     |
|    fps             | 2097     |
|    time_elapsed    | 3256     |
|    total_timesteps | 6831536  |
| train/             |          |
|    actor_loss      | -0.626   |
|    critic_loss     | 0.000307 |
|    ent_coef        | 0.00017  |
|    ent_coef_loss   | -4.53    |
|    learning_rate   | 0.0003   |
|    n_updates       | 426908   |
---------------------------------
---------------------------------
| rollout/           |          |
|    ep_len_mean     | 1.77e+03 |
|    ep_rew_mean     | 2.01e+03 |
| time/              |          |
|    episodes        | 5008     |
|    fps             | 2097     |
|    time_elapsed    | 3261     |
|    total_timesteps | 6841936  |
| train/             |          |
|    actor_loss      | -0.609   |
|    critic_loss     | 0.000473 |
|    ent_coef        | 0.000151 |
|    ent_coef_loss   | -0.187   |
|    learning_rate   | 0.0003   |
|    n_updates       | 427558   |
---------------------------------
---------------------------------
| rollout/           |          |
|    ep_len_mean     | 1.8e+03  |
|    ep_rew_mean     | 2.02e+03 |
| time/              |          |
|    episodes        | 5012     |
|    fps             | 2097     |
|    time_elapsed    | 3264     |
|    total_timesteps | 6847776  |
| train/             |          |
|    actor_loss      | -0.675   |
|    critic_loss     | 0.000338 |
|    ent_coef        | 0.000147 |
|    ent_coef_loss   | -3.35    |
|    learning_rate   | 0.0003   |
|    n_updates       | 427923   |
---------------------------------
---------------------------------
| rollout/           |          |
|    ep_len_mean     | 1.8e+03  |
|    ep_rew_mean     | 1.99e+03 |
| time/              |          |
|    episodes        | 5016     |
|    fps             | 2097     |
|    time_elapsed    | 3265     |
|    total_timesteps | 6851056  |
| train/             |          |
|    actor_loss      | -0.552   |
|    critic_loss     | 0.000323 |
|    ent_coef        | 0.000146 |
|    ent_coef_loss   | 2.01     |
|    learning_rate   | 0.0003   |
|    n_updates       | 428128   |
---------------------------------
---------------------------------
| rollout/           |          |
|    ep_len_mean     | 1.82e+03 |
|    ep_rew_mean     | 1.96e+03 |
| time/              |          |
|    episodes        | 5020     |
|    fps             | 2097     |
|    time_elapsed    | 3272     |
|    total_timesteps | 6865264  |
| train/             |          |
|    actor_loss      | -0.639   |
|    critic_loss     | 0.00136  |
|    ent_coef        | 0.000148 |
|    ent_coef_loss   | -3.65    |
|    learning_rate   | 0.0003   |
|    n_updates       | 429016   |
---------------------------------
---------------------------------
| rollout/           |          |
|    ep_len_mean     | 1.81e+03 |
|    ep_rew_mean     | 1.94e+03 |
| time/              |          |
|    episodes        | 5024     |
|    fps             | 2097     |
|    time_elapsed    | 3273     |
|    total_timesteps | 6866832  |
| train/             |          |
|    actor_loss      | -0.724   |
|    critic_loss     | 0.000447 |
|    ent_coef        | 0.000147 |
|    ent_coef_loss   | 7.06     |
|    learning_rate   | 0.0003   |
|    n_updates       | 429114   |
---------------------------------
---------------------------------
| rollout/           |          |
|    ep_len_mean     | 1.81e+03 |
|    ep_rew_mean     | 1.99e+03 |
| time/              |          |
|    episodes        | 5028     |
|    fps             | 2097     |
|    time_elapsed    | 3277     |
|    total_timesteps | 6875696  |
| train/             |          |
|    actor_loss      | -0.674   |
|    critic_loss     | 0.000292 |
|    ent_coef        | 0.00015  |
|    ent_coef_loss   | -2.74    |
|    learning_rate   | 0.0003   |
|    n_updates       | 429668   |
---------------------------------
---------------------------------
| rollout/           |          |
|    ep_len_mean     | 1.83e+03 |
|    ep_rew_mean     | 2.05e+03 |
| time/              |          |
|    episodes        | 5032     |
|    fps             | 2097     |
|    time_elapsed    | 3279     |
|    total_timesteps | 6881200  |
| train/             |          |
|    actor_loss      | -0.623   |
|    critic_loss     | 0.0108   |
|    ent_coef        | 0.000159 |
|    ent_coef_loss   | 6.46     |
|    learning_rate   | 0.0003   |
|    n_updates       | 430012   |
---------------------------------
---------------------------------
| rollout/           |          |
|    ep_len_mean     | 1.84e+03 |
|    ep_rew_mean     | 2.06e+03 |
| time/              |          |
|    episodes        | 5036     |
|    fps             | 2098     |
|    time_elapsed    | 3283     |
|    total_timesteps | 6889120  |
| train/             |          |
|    actor_loss      | -0.579   |
|    critic_loss     | 0.000289 |
|    ent_coef        | 0.000161 |
|    ent_coef_loss   | 2        |
|    learning_rate   | 0.0003   |
|    n_updates       | 430507   |
---------------------------------
---------------------------------
| rollout/           |          |
|    ep_len_mean     | 1.83e+03 |
|    ep_rew_mean     | 1.97e+03 |
| time/              |          |
|    episodes        | 5040     |
|    fps             | 2098     |
|    time_elapsed    | 3286     |
|    total_timesteps | 6894704  |
| train/             |          |
|    actor_loss      | -0.684   |
|    critic_loss     | 0.000236 |
|    ent_coef        | 0.000157 |
|    ent_coef_loss   | -2.21    |
|    learning_rate   | 0.0003   |
|    n_updates       | 430856   |
---------------------------------
---------------------------------
| rollout/           |          |
|    ep_len_mean     | 1.84e+03 |
|    ep_rew_mean     | 1.94e+03 |
| time/              |          |
|    episodes        | 5044     |
|    fps             | 2098     |
|    time_elapsed    | 3288     |
|    total_timesteps | 6899728  |
| train/             |          |
|    actor_loss      | -0.679   |
|    critic_loss     | 0.000357 |
|    ent_coef        | 0.000161 |
|    ent_coef_loss   | -1.98    |
|    learning_rate   | 0.0003   |
|    n_updates       | 431170   |
---------------------------------
---------------------------------
| rollout/           |          |
|    ep_len_mean     | 1.84e+03 |
|    ep_rew_mean     | 1.87e+03 |
| time/              |          |
|    episodes        | 5048     |
|    fps             | 2098     |
|    time_elapsed    | 3292     |
|    total_timesteps | 6907552  |
| train/             |          |
|    actor_loss      | -0.682   |
|    critic_loss     | 0.0003   |
|    ent_coef        | 0.000169 |
|    ent_coef_loss   | -1.89    |
|    learning_rate   | 0.0003   |
|    n_updates       | 431659   |
---------------------------------
---------------------------------
| rollout/           |          |
|    ep_len_mean     | 1.8e+03  |
|    ep_rew_mean     | 1.8e+03  |
| time/              |          |
|    episodes        | 5052     |
|    fps             | 2098     |
|    time_elapsed    | 3294     |
|    total_timesteps | 6910880  |
| train/             |          |
|    actor_loss      | -0.661   |
|    critic_loss     | 0.000263 |
|    ent_coef        | 0.000164 |
|    ent_coef_loss   | -0.878   |
|    learning_rate   | 0.0003   |
|    n_updates       | 431867   |
---------------------------------
---------------------------------
| rollout/           |          |
|    ep_len_mean     | 1.79e+03 |
|    ep_rew_mean     | 1.85e+03 |
| time/              |          |
|    episodes        | 5056     |
|    fps             | 2098     |
|    time_elapsed    | 3296     |
|    total_timesteps | 6915472  |
| train/             |          |
|    actor_loss      | -0.628   |
|    critic_loss     | 0.000399 |
|    ent_coef        | 0.000167 |
|    ent_coef_loss   | 5.27     |
|    learning_rate   | 0.0003   |
|    n_updates       | 432154   |
---------------------------------
---------------------------------
| rollout/           |          |
|    ep_len_mean     | 1.73e+03 |
|    ep_rew_mean     | 1.83e+03 |
| time/              |          |
|    episodes        | 5060     |
|    fps             | 2097     |
|    time_elapsed    | 3298     |
|    total_timesteps | 6920736  |
| train/             |          |
|    actor_loss      | -0.529   |
|    critic_loss     | 0.000403 |
|    ent_coef        | 0.000172 |
|    ent_coef_loss   | 1.87     |
|    learning_rate   | 0.0003   |
|    n_updates       | 432483   |
---------------------------------
---------------------------------
| rollout/           |          |
|    ep_len_mean     | 1.74e+03 |
|    ep_rew_mean     | 1.82e+03 |
| time/              |          |
|    episodes        | 5064     |
|    fps             | 2097     |
|    time_elapsed    | 3303     |
|    total_timesteps | 6931216  |
| train/             |          |
|    actor_loss      | -0.662   |
|    critic_loss     | 0.00361  |
|    ent_coef        | 0.000161 |
|    ent_coef_loss   | 2.15     |
|    learning_rate   | 0.0003   |
|    n_updates       | 433138   |
---------------------------------
---------------------------------
| rollout/           |          |
|    ep_len_mean     | 1.72e+03 |
|    ep_rew_mean     | 1.79e+03 |
| time/              |          |
|    episodes        | 5068     |
|    fps             | 2097     |
|    time_elapsed    | 3305     |
|    total_timesteps | 6934368  |
| train/             |          |
|    actor_loss      | -0.621   |
|    critic_loss     | 0.000264 |
|    ent_coef        | 0.000157 |
|    ent_coef_loss   | 3.75     |
|    learning_rate   | 0.0003   |
|    n_updates       | 433335   |
---------------------------------
---------------------------------
| rollout/           |          |
|    ep_len_mean     | 1.72e+03 |
|    ep_rew_mean     | 1.8e+03  |
| time/              |          |
|    episodes        | 5072     |
|    fps             | 2097     |
|    time_elapsed    | 3309     |
|    total_timesteps | 6944224  |
| train/             |          |
|    actor_loss      | -0.59    |
|    critic_loss     | 0.000314 |
|    ent_coef        | 0.000162 |
|    ent_coef_loss   | 1.01     |
|    learning_rate   | 0.0003   |
|    n_updates       | 433951   |
---------------------------------
---------------------------------
| rollout/           |          |
|    ep_len_mean     | 1.71e+03 |
|    ep_rew_mean     | 1.8e+03  |
| time/              |          |
|    episodes        | 5076     |
|    fps             | 2097     |
|    time_elapsed    | 3314     |
|    total_timesteps | 6952736  |
| train/             |          |
|    actor_loss      | -0.636   |
|    critic_loss     | 0.000272 |
|    ent_coef        | 0.000155 |
|    ent_coef_loss   | -2.88    |
|    learning_rate   | 0.0003   |
|    n_updates       | 434483   |
---------------------------------
---------------------------------
| rollout/           |          |
|    ep_len_mean     | 1.71e+03 |
|    ep_rew_mean     | 1.84e+03 |
| time/              |          |
|    episodes        | 5080     |
|    fps             | 2097     |
|    time_elapsed    | 3316     |
|    total_timesteps | 6958704  |
| train/             |          |
|    actor_loss      | -0.645   |
|    critic_loss     | 0.000223 |
|    ent_coef        | 0.000161 |
|    ent_coef_loss   | 4.14     |
|    learning_rate   | 0.0003   |
|    n_updates       | 434856   |
---------------------------------
---------------------------------
| rollout/           |          |
|    ep_len_mean     | 1.72e+03 |
|    ep_rew_mean     | 1.73e+03 |
| time/              |          |
|    episodes        | 5084     |
|    fps             | 2097     |
|    time_elapsed    | 3318     |
|    total_timesteps | 6961984  |
| train/             |          |
|    actor_loss      | -0.677   |
|    critic_loss     | 0.000571 |
|    ent_coef        | 0.000163 |
|    ent_coef_loss   | 1.12     |
|    learning_rate   | 0.0003   |
|    n_updates       | 435061   |
---------------------------------
---------------------------------
| rollout/           |          |
|    ep_len_mean     | 1.67e+03 |
|    ep_rew_mean     | 1.75e+03 |
| time/              |          |
|    episodes        | 5088     |
|    fps             | 2098     |
|    time_elapsed    | 3320     |
|    total_timesteps | 6966096  |
| train/             |          |
|    actor_loss      | -0.573   |
|    critic_loss     | 0.000439 |
|    ent_coef        | 0.00016  |
|    ent_coef_loss   | 0.387    |
|    learning_rate   | 0.0003   |
|    n_updates       | 435318   |
---------------------------------
---------------------------------
| rollout/           |          |
|    ep_len_mean     | 1.65e+03 |
|    ep_rew_mean     | 1.74e+03 |
| time/              |          |
|    episodes        | 5092     |
|    fps             | 2098     |
|    time_elapsed    | 3325     |
|    total_timesteps | 6976976  |
| train/             |          |
|    actor_loss      | -0.707   |
|    critic_loss     | 0.000244 |
|    ent_coef        | 0.000156 |
|    ent_coef_loss   | -5.69    |
|    learning_rate   | 0.0003   |
|    n_updates       | 435998   |
---------------------------------
---------------------------------
| rollout/           |          |
|    ep_len_mean     | 1.65e+03 |
|    ep_rew_mean     | 1.76e+03 |
| time/              |          |
|    episodes        | 5096     |
|    fps             | 2098     |
|    time_elapsed    | 3326     |
|    total_timesteps | 6980048  |
| train/             |          |
|    actor_loss      | -0.651   |
|    critic_loss     | 0.000496 |
|    ent_coef        | 0.000149 |
|    ent_coef_loss   | -1.27    |
|    learning_rate   | 0.0003   |
|    n_updates       | 436190   |
---------------------------------
---------------------------------
| rollout/           |          |
|    ep_len_mean     | 1.65e+03 |
|    ep_rew_mean     | 1.72e+03 |
| time/              |          |
|    episodes        | 5100     |
|    fps             | 2098     |
|    time_elapsed    | 3328     |
|    total_timesteps | 6984224  |
| train/             |          |
|    actor_loss      | -0.642   |
|    critic_loss     | 0.000445 |
|    ent_coef        | 0.000146 |
|    ent_coef_loss   | 0.351    |
|    learning_rate   | 0.0003   |
|    n_updates       | 436451   |
---------------------------------
---------------------------------
| rollout/           |          |
|    ep_len_mean     | 1.61e+03 |
|    ep_rew_mean     | 1.71e+03 |
| time/              |          |
|    episodes        | 5104     |
|    fps             | 2098     |
|    time_elapsed    | 3331     |
|    total_timesteps | 6989920  |
| train/             |          |
|    actor_loss      | -0.731   |
|    critic_loss     | 0.000272 |
|    ent_coef        | 0.00015  |
|    ent_coef_loss   | -6.18    |
|    learning_rate   | 0.0003   |
|    n_updates       | 436807   |
---------------------------------
---------------------------------
| rollout/           |          |
|    ep_len_mean     | 1.57e+03 |
|    ep_rew_mean     | 1.66e+03 |
| time/              |          |
|    episodes        | 5108     |
|    fps             | 2098     |
|    time_elapsed    | 3335     |
|    total_timesteps | 6997792  |
| train/             |          |
|    actor_loss      | -0.614   |
|    critic_loss     | 0.000297 |
|    ent_coef        | 0.000148 |
|    ent_coef_loss   | -2.27    |
|    learning_rate   | 0.0003   |
|    n_updates       | 437299   |
---------------------------------
---------------------------------
| rollout/           |          |
|    ep_len_mean     | 1.56e+03 |
|    ep_rew_mean     | 1.68e+03 |
| time/              |          |
|    episodes        | 5112     |
|    fps             | 2098     |
|    time_elapsed    | 3337     |
|    total_timesteps | 7003472  |
| train/             |          |
|    actor_loss      | -0.681   |
|    critic_loss     | 0.00024  |
|    ent_coef        | 0.000148 |
|    ent_coef_loss   | 5.55     |
|    learning_rate   | 0.0003   |
|    n_updates       | 437654   |
---------------------------------
---------------------------------
| rollout/           |          |
|    ep_len_mean     | 1.58e+03 |
|    ep_rew_mean     | 1.7e+03  |
| time/              |          |
|    episodes        | 5116     |
|    fps             | 2098     |
|    time_elapsed    | 3341     |
|    total_timesteps | 7011888  |
| train/             |          |
|    actor_loss      | -0.669   |
|    critic_loss     | 0.000325 |
|    ent_coef        | 0.000147 |
|    ent_coef_loss   | -2       |
|    learning_rate   | 0.0003   |
|    n_updates       | 438180   |
---------------------------------
---------------------------------
| rollout/           |          |
|    ep_len_mean     | 1.56e+03 |
|    ep_rew_mean     | 1.75e+03 |
| time/              |          |
|    episodes        | 5120     |
|    fps             | 2098     |
|    time_elapsed    | 3344     |
|    total_timesteps | 7016976  |
| train/             |          |
|    actor_loss      | -0.627   |
|    critic_loss     | 0.000434 |
|    ent_coef        | 0.000145 |
|    ent_coef_loss   | -1.07    |
|    learning_rate   | 0.0003   |
|    n_updates       | 438498   |
---------------------------------
---------------------------------
| rollout/           |          |
|    ep_len_mean     | 1.6e+03  |
|    ep_rew_mean     | 1.74e+03 |
| time/              |          |
|    episodes        | 5124     |
|    fps             | 2098     |
|    time_elapsed    | 3348     |
|    total_timesteps | 7026464  |
| train/             |          |
|    actor_loss      | -0.609   |
|    critic_loss     | 0.000346 |
|    ent_coef        | 0.000151 |
|    ent_coef_loss   | 0.314    |
|    learning_rate   | 0.0003   |
|    n_updates       | 439091   |
---------------------------------
---------------------------------
| rollout/           |          |
|    ep_len_mean     | 1.59e+03 |
|    ep_rew_mean     | 1.7e+03  |
| time/              |          |
|    episodes        | 5128     |
|    fps             | 2098     |
|    time_elapsed    | 3351     |
|    total_timesteps | 7032848  |
| train/             |          |
|    actor_loss      | -0.762   |
|    critic_loss     | 0.000236 |
|    ent_coef        | 0.000149 |
|    ent_coef_loss   | -3.13    |
|    learning_rate   | 0.0003   |
|    n_updates       | 439490   |
---------------------------------
---------------------------------
| rollout/           |          |
|    ep_len_mean     | 1.6e+03  |
|    ep_rew_mean     | 1.58e+03 |
| time/              |          |
|    episodes        | 5132     |
|    fps             | 2098     |
|    time_elapsed    | 3353     |
|    total_timesteps | 7037088  |
| train/             |          |
|    actor_loss      | -0.734   |
|    critic_loss     | 0.000332 |
|    ent_coef        | 0.000153 |
|    ent_coef_loss   | -2.03    |
|    learning_rate   | 0.0003   |
|    n_updates       | 439755   |
---------------------------------
---------------------------------
| rollout/           |          |
|    ep_len_mean     | 1.59e+03 |
|    ep_rew_mean     | 1.64e+03 |
| time/              |          |
|    episodes        | 5136     |
|    fps             | 2098     |
|    time_elapsed    | 3355     |
|    total_timesteps | 7042000  |
| train/             |          |
|    actor_loss      | -0.714   |
|    critic_loss     | 0.0147   |
|    ent_coef        | 0.000151 |
|    ent_coef_loss   | -3.06    |
|    learning_rate   | 0.0003   |
|    n_updates       | 440062   |
---------------------------------
---------------------------------
| rollout/           |          |
|    ep_len_mean     | 1.58e+03 |
|    ep_rew_mean     | 1.59e+03 |
| time/              |          |
|    episodes        | 5140     |
|    fps             | 2098     |
|    time_elapsed    | 3360     |
|    total_timesteps | 7050800  |
| train/             |          |
|    actor_loss      | -0.674   |
|    critic_loss     | 0.000233 |
|    ent_coef        | 0.000138 |
|    ent_coef_loss   | -3.72    |
|    learning_rate   | 0.0003   |
|    n_updates       | 440612   |
---------------------------------
---------------------------------
| rollout/           |          |
|    ep_len_mean     | 1.57e+03 |
|    ep_rew_mean     | 1.59e+03 |
| time/              |          |
|    episodes        | 5144     |
|    fps             | 2098     |
|    time_elapsed    | 3363     |
|    total_timesteps | 7058240  |
| train/             |          |
|    actor_loss      | -0.709   |
|    critic_loss     | 0.000751 |
|    ent_coef        | 0.00014  |
|    ent_coef_loss   | -0.192   |
|    learning_rate   | 0.0003   |
|    n_updates       | 441077   |
---------------------------------
---------------------------------
| rollout/           |          |
|    ep_len_mean     | 1.55e+03 |
|    ep_rew_mean     | 1.65e+03 |
| time/              |          |
|    episodes        | 5148     |
|    fps             | 2098     |
|    time_elapsed    | 3364     |
|    total_timesteps | 7060672  |
| train/             |          |
|    actor_loss      | -0.765   |
|    critic_loss     | 0.000229 |
|    ent_coef        | 0.000144 |
|    ent_coef_loss   | 1.52     |
|    learning_rate   | 0.0003   |
|    n_updates       | 441229   |
---------------------------------
---------------------------------
| rollout/           |          |
|    ep_len_mean     | 1.57e+03 |
|    ep_rew_mean     | 1.68e+03 |
| time/              |          |
|    episodes        | 5152     |
|    fps             | 2098     |
|    time_elapsed    | 3368     |
|    total_timesteps | 7068288  |
| train/             |          |
|    actor_loss      | -0.782   |
|    critic_loss     | 0.0149   |
|    ent_coef        | 0.000142 |
|    ent_coef_loss   | -4.23    |
|    learning_rate   | 0.0003   |
|    n_updates       | 441705   |
---------------------------------
---------------------------------
| rollout/           |          |
|    ep_len_mean     | 1.58e+03 |
|    ep_rew_mean     | 1.71e+03 |
| time/              |          |
|    episodes        | 5156     |
|    fps             | 2098     |
|    time_elapsed    | 3373     |
|    total_timesteps | 7079056  |
| train/             |          |
|    actor_loss      | -0.697   |
|    critic_loss     | 0.000302 |
|    ent_coef        | 0.000147 |
|    ent_coef_loss   | -1.5     |
|    learning_rate   | 0.0003   |
|    n_updates       | 442378   |
---------------------------------
---------------------------------
| rollout/           |          |
|    ep_len_mean     | 1.6e+03  |
|    ep_rew_mean     | 1.73e+03 |
| time/              |          |
|    episodes        | 5160     |
|    fps             | 2098     |
|    time_elapsed    | 3375     |
|    total_timesteps | 7084848  |
| train/             |          |
|    actor_loss      | -0.638   |
|    critic_loss     | 0.000291 |
|    ent_coef        | 0.000143 |
|    ent_coef_loss   | 8.38     |
|    learning_rate   | 0.0003   |
|    n_updates       | 442740   |
---------------------------------
---------------------------------
| rollout/           |          |
|    ep_len_mean     | 1.59e+03 |
|    ep_rew_mean     | 1.76e+03 |
| time/              |          |
|    episodes        | 5164     |
|    fps             | 2098     |
|    time_elapsed    | 3377     |
|    total_timesteps | 7088752  |
| train/             |          |
|    actor_loss      | -0.736   |
|    critic_loss     | 0.000296 |
|    ent_coef        | 0.000145 |
|    ent_coef_loss   | -3.06    |
|    learning_rate   | 0.0003   |
|    n_updates       | 442984   |
---------------------------------
---------------------------------
| rollout/           |          |
|    ep_len_mean     | 1.61e+03 |
|    ep_rew_mean     | 1.81e+03 |
| time/              |          |
|    episodes        | 5168     |
|    fps             | 2098     |
|    time_elapsed    | 3380     |
|    total_timesteps | 7095632  |
| train/             |          |
|    actor_loss      | -0.633   |
|    critic_loss     | 0.000393 |
|    ent_coef        | 0.000149 |
|    ent_coef_loss   | -0.208   |
|    learning_rate   | 0.0003   |
|    n_updates       | 443414   |
---------------------------------
---------------------------------
| rollout/           |          |
|    ep_len_mean     | 1.62e+03 |
|    ep_rew_mean     | 1.8e+03  |
| time/              |          |
|    episodes        | 5172     |
|    fps             | 2098     |
|    time_elapsed    | 3386     |
|    total_timesteps | 7107392  |
| train/             |          |
|    actor_loss      | -0.699   |
|    critic_loss     | 0.0166   |
|    ent_coef        | 0.000136 |
|    ent_coef_loss   | -1.96    |
|    learning_rate   | 0.0003   |
|    n_updates       | 444149   |
---------------------------------
---------------------------------
| rollout/           |          |
|    ep_len_mean     | 1.62e+03 |
|    ep_rew_mean     | 1.81e+03 |
| time/              |          |
|    episodes        | 5176     |
|    fps             | 2098     |
|    time_elapsed    | 3388     |
|    total_timesteps | 7112000  |
| train/             |          |
|    actor_loss      | -0.669   |
|    critic_loss     | 0.000379 |
|    ent_coef        | 0.000133 |
|    ent_coef_loss   | 2.34     |
|    learning_rate   | 0.0003   |
|    n_updates       | 444437   |
---------------------------------
---------------------------------
| rollout/           |          |
|    ep_len_mean     | 1.6e+03  |
|    ep_rew_mean     | 1.84e+03 |
| time/              |          |
|    episodes        | 5180     |
|    fps             | 2098     |
|    time_elapsed    | 3389     |
|    total_timesteps | 7114640  |
| train/             |          |
|    actor_loss      | -0.599   |
|    critic_loss     | 0.000409 |
|    ent_coef        | 0.000135 |
|    ent_coef_loss   | 0.873    |
|    learning_rate   | 0.0003   |
|    n_updates       | 444602   |
---------------------------------
---------------------------------
| rollout/           |          |
|    ep_len_mean     | 1.59e+03 |
|    ep_rew_mean     | 1.92e+03 |
| time/              |          |
|    episodes        | 5184     |
|    fps             | 2098     |
|    time_elapsed    | 3393     |
|    total_timesteps | 7123664  |
| train/             |          |
|    actor_loss      | -0.663   |
|    critic_loss     | 0.000321 |
|    ent_coef        | 0.000153 |
|    ent_coef_loss   | 6.29     |
|    learning_rate   | 0.0003   |
|    n_updates       | 445166   |
---------------------------------
---------------------------------
| rollout/           |          |
|    ep_len_mean     | 1.59e+03 |
|    ep_rew_mean     | 1.94e+03 |
| time/              |          |
|    episodes        | 5188     |
|    fps             | 2098     |
|    time_elapsed    | 3396     |
|    total_timesteps | 7129248  |
| train/             |          |
|    actor_loss      | -0.733   |
|    critic_loss     | 0.000322 |
|    ent_coef        | 0.00015  |
|    ent_coef_loss   | -2.49    |
|    learning_rate   | 0.0003   |
|    n_updates       | 445515   |
---------------------------------
---------------------------------
| rollout/           |          |
|    ep_len_mean     | 1.6e+03  |
|    ep_rew_mean     | 1.93e+03 |
| time/              |          |
|    episodes        | 5192     |
|    fps             | 2099     |
|    time_elapsed    | 3400     |
|    total_timesteps | 7138192  |
| train/             |          |
|    actor_loss      | -0.701   |
|    critic_loss     | 0.0282   |
|    ent_coef        | 0.000147 |
|    ent_coef_loss   | 1.18     |
|    learning_rate   | 0.0003   |
|    n_updates       | 446074   |
---------------------------------
---------------------------------
| rollout/           |          |
|    ep_len_mean     | 1.64e+03 |
|    ep_rew_mean     | 1.97e+03 |
| time/              |          |
|    episodes        | 5196     |
|    fps             | 2099     |
|    time_elapsed    | 3404     |
|    total_timesteps | 7146736  |
| train/             |          |
|    actor_loss      | -0.622   |
|    critic_loss     | 0.00729  |
|    ent_coef        | 0.000144 |
|    ent_coef_loss   | 1.48     |
|    learning_rate   | 0.0003   |
|    n_updates       | 446608   |
---------------------------------
---------------------------------
| rollout/           |          |
|    ep_len_mean     | 1.64e+03 |
|    ep_rew_mean     | 1.93e+03 |
| time/              |          |
|    episodes        | 5200     |
|    fps             | 2099     |
|    time_elapsed    | 3409     |
|    total_timesteps | 7156336  |
| train/             |          |
|    actor_loss      | -0.678   |
|    critic_loss     | 0.000364 |
|    ent_coef        | 0.000138 |
|    ent_coef_loss   | -2       |
|    learning_rate   | 0.0003   |
|    n_updates       | 447208   |
---------------------------------
---------------------------------
| rollout/           |          |
|    ep_len_mean     | 1.68e+03 |
|    ep_rew_mean     | 1.95e+03 |
| time/              |          |
|    episodes        | 5204     |
|    fps             | 2099     |
|    time_elapsed    | 3412     |
|    total_timesteps | 7163984  |
| train/             |          |
|    actor_loss      | -0.633   |
|    critic_loss     | 0.000373 |
|    ent_coef        | 0.000143 |
|    ent_coef_loss   | 4.43     |
|    learning_rate   | 0.0003   |
|    n_updates       | 447686   |
---------------------------------
---------------------------------
| rollout/           |          |
|    ep_len_mean     | 1.7e+03  |
|    ep_rew_mean     | 1.96e+03 |
| time/              |          |
|    episodes        | 5208     |
|    fps             | 2099     |
|    time_elapsed    | 3414     |
|    total_timesteps | 7167856  |
| train/             |          |
|    actor_loss      | -0.713   |
|    critic_loss     | 0.000517 |
|    ent_coef        | 0.000149 |
|    ent_coef_loss   | 0.836    |
|    learning_rate   | 0.0003   |
|    n_updates       | 447928   |
---------------------------------
---------------------------------
| rollout/           |          |
|    ep_len_mean     | 1.7e+03  |
|    ep_rew_mean     | 1.96e+03 |
| time/              |          |
|    episodes        | 5212     |
|    fps             | 2099     |
|    time_elapsed    | 3416     |
|    total_timesteps | 7172816  |
| train/             |          |
|    actor_loss      | -0.681   |
|    critic_loss     | 0.000373 |
|    ent_coef        | 0.000154 |
|    ent_coef_loss   | 1.96     |
|    learning_rate   | 0.0003   |
|    n_updates       | 448238   |
---------------------------------
---------------------------------
| rollout/           |          |
|    ep_len_mean     | 1.71e+03 |
|    ep_rew_mean     | 1.9e+03  |
| time/              |          |
|    episodes        | 5216     |
|    fps             | 2099     |
|    time_elapsed    | 3424     |
|    total_timesteps | 7188848  |
| train/             |          |
|    actor_loss      | -0.696   |
|    critic_loss     | 0.000319 |
|    ent_coef        | 0.000159 |
|    ent_coef_loss   | 3.89     |
|    learning_rate   | 0.0003   |
|    n_updates       | 449240   |
---------------------------------
---------------------------------
| rollout/           |          |
|    ep_len_mean     | 1.75e+03 |
|    ep_rew_mean     | 1.87e+03 |
| time/              |          |
|    episodes        | 5220     |
|    fps             | 2099     |
|    time_elapsed    | 3426     |
|    total_timesteps | 7193552  |
| train/             |          |
|    actor_loss      | -0.625   |
|    critic_loss     | 0.000434 |
|    ent_coef        | 0.000161 |
|    ent_coef_loss   | 2.29     |
|    learning_rate   | 0.0003   |
|    n_updates       | 449534   |
---------------------------------
---------------------------------
| rollout/           |          |
|    ep_len_mean     | 1.75e+03 |
|    ep_rew_mean     | 1.9e+03  |
| time/              |          |
|    episodes        | 5224     |
|    fps             | 2099     |
|    time_elapsed    | 3429     |
|    total_timesteps | 7200944  |
| train/             |          |
|    actor_loss      | -0.614   |
|    critic_loss     | 0.0545   |
|    ent_coef        | 0.000161 |
|    ent_coef_loss   | 1.03     |
|    learning_rate   | 0.0003   |
|    n_updates       | 449996   |
---------------------------------
---------------------------------
| rollout/           |          |
|    ep_len_mean     | 1.76e+03 |
|    ep_rew_mean     | 1.93e+03 |
| time/              |          |
|    episodes        | 5228     |
|    fps             | 2099     |
|    time_elapsed    | 3433     |
|    total_timesteps | 7207568  |
| train/             |          |
|    actor_loss      | -0.634   |
|    critic_loss     | 0.00032  |
|    ent_coef        | 0.000158 |
|    ent_coef_loss   | -2.32    |
|    learning_rate   | 0.0003   |
|    n_updates       | 450410   |
---------------------------------
---------------------------------
| rollout/           |          |
|    ep_len_mean     | 1.76e+03 |
|    ep_rew_mean     | 2.03e+03 |
| time/              |          |
|    episodes        | 5232     |
|    fps             | 2099     |
|    time_elapsed    | 3439     |
|    total_timesteps | 7219776  |
| train/             |          |
|    actor_loss      | -0.644   |
|    critic_loss     | 0.000344 |
|    ent_coef        | 0.000136 |
|    ent_coef_loss   | -0.757   |
|    learning_rate   | 0.0003   |
|    n_updates       | 451173   |
---------------------------------
---------------------------------
| rollout/           |          |
|    ep_len_mean     | 1.76e+03 |
|    ep_rew_mean     | 2.06e+03 |
| time/              |          |
|    episodes        | 5236     |
|    fps             | 2099     |
|    time_elapsed    | 3441     |
|    total_timesteps | 7224848  |
| train/             |          |
|    actor_loss      | -0.673   |
|    critic_loss     | 0.000416 |
|    ent_coef        | 0.000139 |
|    ent_coef_loss   | 2.8      |
|    learning_rate   | 0.0003   |
|    n_updates       | 451490   |
---------------------------------
---------------------------------
| rollout/           |          |
|    ep_len_mean     | 1.78e+03 |
|    ep_rew_mean     | 2.12e+03 |
| time/              |          |
|    episodes        | 5240     |
|    fps             | 2099     |
|    time_elapsed    | 3443     |
|    total_timesteps | 7228784  |
| train/             |          |
|    actor_loss      | -0.663   |
|    critic_loss     | 0.000404 |
|    ent_coef        | 0.000148 |
|    ent_coef_loss   | -0.245   |
|    learning_rate   | 0.0003   |
|    n_updates       | 451736   |
---------------------------------
---------------------------------
| rollout/           |          |
|    ep_len_mean     | 1.8e+03  |
|    ep_rew_mean     | 2.1e+03  |
| time/              |          |
|    episodes        | 5244     |
|    fps             | 2099     |
|    time_elapsed    | 3445     |
|    total_timesteps | 7232384  |
| train/             |          |
|    actor_loss      | -0.629   |
|    critic_loss     | 0.000265 |
|    ent_coef        | 0.000154 |
|    ent_coef_loss   | 0.47     |
|    learning_rate   | 0.0003   |
|    n_updates       | 451961   |
---------------------------------
---------------------------------
| rollout/           |          |
|    ep_len_mean     | 1.77e+03 |
|    ep_rew_mean     | 2.03e+03 |
| time/              |          |
|    episodes        | 5248     |
|    fps             | 2099     |
|    time_elapsed    | 3446     |
|    total_timesteps | 7235488  |
| train/             |          |
|    actor_loss      | -0.784   |
|    critic_loss     | 0.000257 |
|    ent_coef        | 0.00015  |
|    ent_coef_loss   | 2.64     |
|    learning_rate   | 0.0003   |
|    n_updates       | 452155   |
---------------------------------
---------------------------------
| rollout/           |          |
|    ep_len_mean     | 1.75e+03 |
|    ep_rew_mean     | 2.02e+03 |
| time/              |          |
|    episodes        | 5252     |
|    fps             | 2099     |
|    time_elapsed    | 3455     |
|    total_timesteps | 7253760  |
| train/             |          |
|    actor_loss      | -0.704   |
|    critic_loss     | 0.000426 |
|    ent_coef        | 0.000143 |
|    ent_coef_loss   | -3.77    |
|    learning_rate   | 0.0003   |
|    n_updates       | 453297   |
---------------------------------
---------------------------------
| rollout/           |          |
|    ep_len_mean     | 1.76e+03 |
|    ep_rew_mean     | 1.99e+03 |
| time/              |          |
|    episodes        | 5256     |
|    fps             | 2099     |
|    time_elapsed    | 3458     |
|    total_timesteps | 7260224  |
| train/             |          |
|    actor_loss      | -0.708   |
|    critic_loss     | 0.00102  |
|    ent_coef        | 0.000152 |
|    ent_coef_loss   | 2.71     |
|    learning_rate   | 0.0003   |
|    n_updates       | 453701   |
---------------------------------
---------------------------------
| rollout/           |          |
|    ep_len_mean     | 1.8e+03  |
|    ep_rew_mean     | 2.02e+03 |
| time/              |          |
|    episodes        | 5260     |
|    fps             | 2099     |
|    time_elapsed    | 3458     |
|    total_timesteps | 7260528  |
| train/             |          |
|    actor_loss      | -0.664   |
|    critic_loss     | 0.000286 |
|    ent_coef        | 0.000153 |
|    ent_coef_loss   | -2.3     |
|    learning_rate   | 0.0003   |
|    n_updates       | 453720   |
---------------------------------
---------------------------------
| rollout/           |          |
|    ep_len_mean     | 1.82e+03 |
|    ep_rew_mean     | 1.98e+03 |
| time/              |          |
|    episodes        | 5264     |
|    fps             | 2099     |
|    time_elapsed    | 3462     |
|    total_timesteps | 7267344  |
| train/             |          |
|    actor_loss      | -0.734   |
|    critic_loss     | 0.00329  |
|    ent_coef        | 0.000161 |
|    ent_coef_loss   | -1.28    |
|    learning_rate   | 0.0003   |
|    n_updates       | 454146   |
---------------------------------
---------------------------------
| rollout/           |          |
|    ep_len_mean     | 1.81e+03 |
|    ep_rew_mean     | 1.93e+03 |
| time/              |          |
|    episodes        | 5268     |
|    fps             | 2099     |
|    time_elapsed    | 3466     |
|    total_timesteps | 7277104  |
| train/             |          |
|    actor_loss      | -0.714   |
|    critic_loss     | 0.000317 |
|    ent_coef        | 0.000152 |
|    ent_coef_loss   | -5.12    |
|    learning_rate   | 0.0003   |
|    n_updates       | 454756   |
---------------------------------
---------------------------------
| rollout/           |          |
|    ep_len_mean     | 1.8e+03  |
|    ep_rew_mean     | 1.94e+03 |
| time/              |          |
|    episodes        | 5272     |
|    fps             | 2099     |
|    time_elapsed    | 3472     |
|    total_timesteps | 7290384  |
| train/             |          |
|    actor_loss      | -0.674   |
|    critic_loss     | 0.000396 |
|    ent_coef        | 0.000139 |
|    ent_coef_loss   | 1.74     |
|    learning_rate   | 0.0003   |
|    n_updates       | 455586   |
---------------------------------
---------------------------------
| rollout/           |          |
|    ep_len_mean     | 1.81e+03 |
|    ep_rew_mean     | 1.9e+03  |
| time/              |          |
|    episodes        | 5276     |
|    fps             | 2099     |
|    time_elapsed    | 3473     |
|    total_timesteps | 7292176  |
| train/             |          |
|    actor_loss      | -0.675   |
|    critic_loss     | 0.000322 |
|    ent_coef        | 0.00014  |
|    ent_coef_loss   | -6.42    |
|    learning_rate   | 0.0003   |
|    n_updates       | 455698   |
---------------------------------
---------------------------------
| rollout/           |          |
|    ep_len_mean     | 1.81e+03 |
|    ep_rew_mean     | 1.88e+03 |
| time/              |          |
|    episodes        | 5280     |
|    fps             | 2099     |
|    time_elapsed    | 3477     |
|    total_timesteps | 7299280  |
| train/             |          |
|    actor_loss      | -0.642   |
|    critic_loss     | 0.000463 |
|    ent_coef        | 0.000132 |
|    ent_coef_loss   | 4.86     |
|    learning_rate   | 0.0003   |
|    n_updates       | 456142   |
---------------------------------
---------------------------------
| rollout/           |          |
|    ep_len_mean     | 1.82e+03 |
|    ep_rew_mean     | 1.87e+03 |
| time/              |          |
|    episodes        | 5284     |
|    fps             | 2099     |
|    time_elapsed    | 3479     |
|    total_timesteps | 7305056  |
| train/             |          |
|    actor_loss      | -0.691   |
|    critic_loss     | 0.000347 |
|    ent_coef        | 0.000132 |
|    ent_coef_loss   | 1.22     |
|    learning_rate   | 0.0003   |
|    n_updates       | 456503   |
---------------------------------
---------------------------------
| rollout/           |          |
|    ep_len_mean     | 1.84e+03 |
|    ep_rew_mean     | 1.83e+03 |
| time/              |          |
|    episodes        | 5288     |
|    fps             | 2099     |
|    time_elapsed    | 3483     |
|    total_timesteps | 7313440  |
| train/             |          |
|    actor_loss      | -0.656   |
|    critic_loss     | 0.000306 |
|    ent_coef        | 0.000137 |
|    ent_coef_loss   | 1.46     |
|    learning_rate   | 0.0003   |
|    n_updates       | 457027   |
---------------------------------
---------------------------------
| rollout/           |          |
|    ep_len_mean     | 1.82e+03 |
|    ep_rew_mean     | 1.81e+03 |
| time/              |          |
|    episodes        | 5292     |
|    fps             | 2099     |
|    time_elapsed    | 3485     |
|    total_timesteps | 7317184  |
| train/             |          |
|    actor_loss      | -0.649   |
|    critic_loss     | 0.000293 |
|    ent_coef        | 0.000138 |
|    ent_coef_loss   | 1.19     |
|    learning_rate   | 0.0003   |
|    n_updates       | 457261   |
---------------------------------
---------------------------------
| rollout/           |          |
|    ep_len_mean     | 1.81e+03 |
|    ep_rew_mean     | 1.76e+03 |
| time/              |          |
|    episodes        | 5296     |
|    fps             | 2099     |
|    time_elapsed    | 3489     |
|    total_timesteps | 7324608  |
| train/             |          |
|    actor_loss      | -0.637   |
|    critic_loss     | 0.000233 |
|    ent_coef        | 0.000143 |
|    ent_coef_loss   | 3.17     |
|    learning_rate   | 0.0003   |
|    n_updates       | 457725   |
---------------------------------
---------------------------------
| rollout/           |          |
|    ep_len_mean     | 1.79e+03 |
|    ep_rew_mean     | 1.8e+03  |
| time/              |          |
|    episodes        | 5300     |
|    fps             | 2099     |
|    time_elapsed    | 3493     |
|    total_timesteps | 7333440  |
| train/             |          |
|    actor_loss      | -0.629   |
|    critic_loss     | 0.00127  |
|    ent_coef        | 0.000145 |
|    ent_coef_loss   | 3.18     |
|    learning_rate   | 0.0003   |
|    n_updates       | 458277   |
---------------------------------
---------------------------------
| rollout/           |          |
|    ep_len_mean     | 1.76e+03 |
|    ep_rew_mean     | 1.74e+03 |
| time/              |          |
|    episodes        | 5304     |
|    fps             | 2099     |
|    time_elapsed    | 3494     |
|    total_timesteps | 7335584  |
| train/             |          |
|    actor_loss      | -0.648   |
|    critic_loss     | 0.00266  |
|    ent_coef        | 0.000141 |
|    ent_coef_loss   | -1.28    |
|    learning_rate   | 0.0003   |
|    n_updates       | 458411   |
---------------------------------
---------------------------------
| rollout/           |          |
|    ep_len_mean     | 1.76e+03 |
|    ep_rew_mean     | 1.78e+03 |
| time/              |          |
|    episodes        | 5308     |
|    fps             | 2099     |
|    time_elapsed    | 3495     |
|    total_timesteps | 7338384  |
| train/             |          |
|    actor_loss      | -0.716   |
|    critic_loss     | 0.00033  |
|    ent_coef        | 0.000137 |
|    ent_coef_loss   | -5.29    |
|    learning_rate   | 0.0003   |
|    n_updates       | 458586   |
---------------------------------
---------------------------------
| rollout/           |          |
|    ep_len_mean     | 1.76e+03 |
|    ep_rew_mean     | 1.72e+03 |
| time/              |          |
|    episodes        | 5312     |
|    fps             | 2099     |
|    time_elapsed    | 3498     |
|    total_timesteps | 7344720  |
| train/             |          |
|    actor_loss      | -0.733   |
|    critic_loss     | 0.00478  |
|    ent_coef        | 0.000134 |
|    ent_coef_loss   | 2.72     |
|    learning_rate   | 0.0003   |
|    n_updates       | 458982   |
---------------------------------
---------------------------------
| rollout/           |          |
|    ep_len_mean     | 1.71e+03 |
|    ep_rew_mean     | 1.74e+03 |
| time/              |          |
|    episodes        | 5316     |
|    fps             | 2099     |
|    time_elapsed    | 3500     |
|    total_timesteps | 7348544  |
| train/             |          |
|    actor_loss      | -0.817   |
|    critic_loss     | 0.000304 |
|    ent_coef        | 0.000141 |
|    ent_coef_loss   | 1.2      |
|    learning_rate   | 0.0003   |
|    n_updates       | 459221   |
---------------------------------
---------------------------------
| rollout/           |          |
|    ep_len_mean     | 1.65e+03 |
|    ep_rew_mean     | 1.74e+03 |
| time/              |          |
|    episodes        | 5320     |
|    fps             | 2099     |
|    time_elapsed    | 3503     |
|    total_timesteps | 7353488  |
| train/             |          |
|    actor_loss      | -0.742   |
|    critic_loss     | 0.000915 |
|    ent_coef        | 0.000149 |
|    ent_coef_loss   | -3.6     |
|    learning_rate   | 0.0003   |
|    n_updates       | 459530   |
---------------------------------
---------------------------------
| rollout/           |          |
|    ep_len_mean     | 1.62e+03 |
|    ep_rew_mean     | 1.7e+03  |
| time/              |          |
|    episodes        | 5324     |
|    fps             | 2099     |
|    time_elapsed    | 3503     |
|    total_timesteps | 7353936  |
| train/             |          |
|    actor_loss      | -0.709   |
|    critic_loss     | 0.000312 |
|    ent_coef        | 0.000149 |
|    ent_coef_loss   | -3.2     |
|    learning_rate   | 0.0003   |
|    n_updates       | 459558   |
---------------------------------
---------------------------------
| rollout/           |          |
|    ep_len_mean     | 1.6e+03  |
|    ep_rew_mean     | 1.64e+03 |
| time/              |          |
|    episodes        | 5328     |
|    fps             | 2099     |
|    time_elapsed    | 3506     |
|    total_timesteps | 7361200  |
| train/             |          |
|    actor_loss      | -0.736   |
|    critic_loss     | 0.000388 |
|    ent_coef        | 0.000136 |
|    ent_coef_loss   | 1.92     |
|    learning_rate   | 0.0003   |
|    n_updates       | 460012   |
---------------------------------
---------------------------------
| rollout/           |          |
|    ep_len_mean     | 1.56e+03 |
|    ep_rew_mean     | 1.63e+03 |
| time/              |          |
|    episodes        | 5332     |
|    fps             | 2099     |
|    time_elapsed    | 3512     |
|    total_timesteps | 7372704  |
| train/             |          |
|    actor_loss      | -0.707   |
|    critic_loss     | 0.000348 |
|    ent_coef        | 0.000131 |
|    ent_coef_loss   | -0.714   |
|    learning_rate   | 0.0003   |
|    n_updates       | 460731   |
---------------------------------
---------------------------------
| rollout/           |          |
|    ep_len_mean     | 1.55e+03 |
|    ep_rew_mean     | 1.58e+03 |
| time/              |          |
|    episodes        | 5336     |
|    fps             | 2099     |
|    time_elapsed    | 3514     |
|    total_timesteps | 7376800  |
| train/             |          |
|    actor_loss      | -0.741   |
|    critic_loss     | 0.000248 |
|    ent_coef        | 0.000132 |
|    ent_coef_loss   | 1.27     |
|    learning_rate   | 0.0003   |
|    n_updates       | 460987   |
---------------------------------
---------------------------------
| rollout/           |          |
|    ep_len_mean     | 1.53e+03 |
|    ep_rew_mean     | 1.53e+03 |
| time/              |          |
|    episodes        | 5340     |
|    fps             | 2099     |
|    time_elapsed    | 3516     |
|    total_timesteps | 7381024  |
| train/             |          |
|    actor_loss      | -0.719   |
|    critic_loss     | 0.000251 |
|    ent_coef        | 0.000129 |
|    ent_coef_loss   | 2.7      |
|    learning_rate   | 0.0003   |
|    n_updates       | 461251   |
---------------------------------
---------------------------------
| rollout/           |          |
|    ep_len_mean     | 1.52e+03 |
|    ep_rew_mean     | 1.55e+03 |
| time/              |          |
|    episodes        | 5344     |
|    fps             | 2099     |
|    time_elapsed    | 3518     |
|    total_timesteps | 7386448  |
| train/             |          |
|    actor_loss      | -0.735   |
|    critic_loss     | 0.000507 |
|    ent_coef        | 0.00013  |
|    ent_coef_loss   | -1.34    |
|    learning_rate   | 0.0003   |
|    n_updates       | 461590   |
---------------------------------
---------------------------------
| rollout/           |          |
|    ep_len_mean     | 1.55e+03 |
|    ep_rew_mean     | 1.58e+03 |
| time/              |          |
|    episodes        | 5348     |
|    fps             | 2099     |
|    time_elapsed    | 3521     |
|    total_timesteps | 7393200  |
| train/             |          |
|    actor_loss      | -0.776   |
|    critic_loss     | 0.00756  |
|    ent_coef        | 0.000137 |
|    ent_coef_loss   | -0.833   |
|    learning_rate   | 0.0003   |
|    n_updates       | 462012   |
---------------------------------
---------------------------------
| rollout/           |          |
|    ep_len_mean     | 1.56e+03 |
|    ep_rew_mean     | 1.61e+03 |
| time/              |          |
|    episodes        | 5352     |
|    fps             | 2099     |
|    time_elapsed    | 3525     |
|    total_timesteps | 7400416  |
| train/             |          |
|    actor_loss      | -0.788   |
|    critic_loss     | 0.000248 |
|    ent_coef        | 0.000149 |
|    ent_coef_loss   | -1.68    |
|    learning_rate   | 0.0003   |
|    n_updates       | 462463   |
---------------------------------
---------------------------------
| rollout/           |          |
|    ep_len_mean     | 1.54e+03 |
|    ep_rew_mean     | 1.62e+03 |
| time/              |          |
|    episodes        | 5356     |
|    fps             | 2099     |
|    time_elapsed    | 3527     |
|    total_timesteps | 7406128  |
| train/             |          |
|    actor_loss      | -0.736   |
|    critic_loss     | 0.000355 |
|    ent_coef        | 0.000146 |
|    ent_coef_loss   | -1.14    |
|    learning_rate   | 0.0003   |
|    n_updates       | 462820   |
---------------------------------
---------------------------------
| rollout/           |          |
|    ep_len_mean     | 1.53e+03 |
|    ep_rew_mean     | 1.65e+03 |
| time/              |          |
|    episodes        | 5360     |
|    fps             | 2099     |
|    time_elapsed    | 3531     |
|    total_timesteps | 7415024  |
| train/             |          |
|    actor_loss      | -0.724   |
|    critic_loss     | 0.000311 |
|    ent_coef        | 0.000148 |
|    ent_coef_loss   | 0.2      |
|    learning_rate   | 0.0003   |
|    n_updates       | 463376   |
---------------------------------
---------------------------------
| rollout/           |          |
|    ep_len_mean     | 1.51e+03 |
|    ep_rew_mean     | 1.63e+03 |
| time/              |          |
|    episodes        | 5364     |
|    fps             | 2099     |
|    time_elapsed    | 3536     |
|    total_timesteps | 7424656  |
| train/             |          |
|    actor_loss      | -0.754   |
|    critic_loss     | 0.000212 |
|    ent_coef        | 0.000144 |
|    ent_coef_loss   | -1.02    |
|    learning_rate   | 0.0003   |
|    n_updates       | 463978   |
---------------------------------
---------------------------------
| rollout/           |          |
|    ep_len_mean     | 1.5e+03  |
|    ep_rew_mean     | 1.65e+03 |
| time/              |          |
|    episodes        | 5368     |
|    fps             | 2099     |
|    time_elapsed    | 3537     |
|    total_timesteps | 7426624  |
| train/             |          |
|    actor_loss      | -0.771   |
|    critic_loss     | 0.000339 |
|    ent_coef        | 0.000143 |
|    ent_coef_loss   | 0.366    |
|    learning_rate   | 0.0003   |
|    n_updates       | 464101   |
---------------------------------
---------------------------------
| rollout/           |          |
|    ep_len_mean     | 1.51e+03 |
|    ep_rew_mean     | 1.57e+03 |
| time/              |          |
|    episodes        | 5372     |
|    fps             | 2099     |
|    time_elapsed    | 3542     |
|    total_timesteps | 7436464  |
| train/             |          |
|    actor_loss      | -0.653   |
|    critic_loss     | 0.00192  |
|    ent_coef        | 0.000141 |
|    ent_coef_loss   | 4.83     |
|    learning_rate   | 0.0003   |
|    n_updates       | 464716   |
---------------------------------
---------------------------------
| rollout/           |          |
|    ep_len_mean     | 1.5e+03  |
|    ep_rew_mean     | 1.6e+03  |
| time/              |          |
|    episodes        | 5376     |
|    fps             | 2099     |
|    time_elapsed    | 3544     |
|    total_timesteps | 7440944  |
| train/             |          |
|    actor_loss      | -0.745   |
|    critic_loss     | 0.000311 |
|    ent_coef        | 0.000158 |
|    ent_coef_loss   | 0.066    |
|    learning_rate   | 0.0003   |
|    n_updates       | 464996   |
---------------------------------
---------------------------------
| rollout/           |          |
|    ep_len_mean     | 1.5e+03  |
|    ep_rew_mean     | 1.58e+03 |
| time/              |          |
|    episodes        | 5380     |
|    fps             | 2099     |
|    time_elapsed    | 3548     |
|    total_timesteps | 7448544  |
| train/             |          |
|    actor_loss      | -0.762   |
|    critic_loss     | 0.000443 |
|    ent_coef        | 0.000155 |
|    ent_coef_loss   | -3.44    |
|    learning_rate   | 0.0003   |
|    n_updates       | 465471   |
---------------------------------
---------------------------------
| rollout/           |          |
|    ep_len_mean     | 1.46e+03 |
|    ep_rew_mean     | 1.56e+03 |
| time/              |          |
|    episodes        | 5384     |
|    fps             | 2099     |
|    time_elapsed    | 3550     |
|    total_timesteps | 7454064  |
| train/             |          |
|    actor_loss      | -0.722   |
|    critic_loss     | 0.00028  |
|    ent_coef        | 0.000146 |
|    ent_coef_loss   | 0.12     |
|    learning_rate   | 0.0003   |
|    n_updates       | 465816   |
---------------------------------
---------------------------------
| rollout/           |          |
|    ep_len_mean     | 1.47e+03 |
|    ep_rew_mean     | 1.6e+03  |
| time/              |          |
|    episodes        | 5388     |
|    fps             | 2099     |
|    time_elapsed    | 3552     |
|    total_timesteps | 7458832  |
| train/             |          |
|    actor_loss      | -0.653   |
|    critic_loss     | 0.00032  |
|    ent_coef        | 0.000141 |
|    ent_coef_loss   | -0.805   |
|    learning_rate   | 0.0003   |
|    n_updates       | 466114   |
---------------------------------
---------------------------------
| rollout/           |          |
|    ep_len_mean     | 1.47e+03 |
|    ep_rew_mean     | 1.61e+03 |
| time/              |          |
|    episodes        | 5392     |
|    fps             | 2099     |
|    time_elapsed    | 3553     |
|    total_timesteps | 7461136  |
| train/             |          |
|    actor_loss      | -0.662   |
|    critic_loss     | 0.000472 |
|    ent_coef        | 0.000142 |
|    ent_coef_loss   | 5.49     |
|    learning_rate   | 0.0003   |
|    n_updates       | 466258   |
---------------------------------
---------------------------------
| rollout/           |          |
|    ep_len_mean     | 1.46e+03 |
|    ep_rew_mean     | 1.67e+03 |
| time/              |          |
|    episodes        | 5396     |
|    fps             | 2099     |
|    time_elapsed    | 3557     |
|    total_timesteps | 7468208  |
| train/             |          |
|    actor_loss      | -0.698   |
|    critic_loss     | 0.0557   |
|    ent_coef        | 0.000143 |
|    ent_coef_loss   | -1.16    |
|    learning_rate   | 0.0003   |
|    n_updates       | 466700   |
---------------------------------
---------------------------------
| rollout/           |          |
|    ep_len_mean     | 1.46e+03 |
|    ep_rew_mean     | 1.68e+03 |
| time/              |          |
|    episodes        | 5400     |
|    fps             | 2099     |
|    time_elapsed    | 3562     |
|    total_timesteps | 7479008  |
| train/             |          |
|    actor_loss      | -0.634   |
|    critic_loss     | 0.00479  |
|    ent_coef        | 0.000132 |
|    ent_coef_loss   | -0.749   |
|    learning_rate   | 0.0003   |
|    n_updates       | 467375   |
---------------------------------
---------------------------------
| rollout/           |          |
|    ep_len_mean     | 1.46e+03 |
|    ep_rew_mean     | 1.73e+03 |
| time/              |          |
|    episodes        | 5404     |
|    fps             | 2099     |
|    time_elapsed    | 3563     |
|    total_timesteps | 7481824  |
| train/             |          |
|    actor_loss      | -0.742   |
|    critic_loss     | 0.000637 |
|    ent_coef        | 0.000137 |
|    ent_coef_loss   | 12.5     |
|    learning_rate   | 0.0003   |
|    n_updates       | 467551   |
---------------------------------
---------------------------------
| rollout/           |          |
|    ep_len_mean     | 1.46e+03 |
|    ep_rew_mean     | 1.73e+03 |
| time/              |          |
|    episodes        | 5408     |
|    fps             | 2099     |
|    time_elapsed    | 3564     |
|    total_timesteps | 7484192  |
| train/             |          |
|    actor_loss      | -0.657   |
|    critic_loss     | 0.000313 |
|    ent_coef        | 0.000144 |
|    ent_coef_loss   | 9.76     |
|    learning_rate   | 0.0003   |
|    n_updates       | 467699   |
---------------------------------
---------------------------------
| rollout/           |          |
|    ep_len_mean     | 1.48e+03 |
|    ep_rew_mean     | 1.84e+03 |
| time/              |          |
|    episodes        | 5412     |
|    fps             | 2099     |
|    time_elapsed    | 3572     |
|    total_timesteps | 7500160  |
| train/             |          |
|    actor_loss      | -0.668   |
|    critic_loss     | 0.00125  |
|    ent_coef        | 0.000143 |
|    ent_coef_loss   | 0.934    |
|    learning_rate   | 0.0003   |
|    n_updates       | 468697   |
---------------------------------
---------------------------------
| rollout/           |          |
|    ep_len_mean     | 1.52e+03 |
|    ep_rew_mean     | 1.84e+03 |
| time/              |          |
|    episodes        | 5416     |
|    fps             | 2099     |
|    time_elapsed    | 3577     |
|    total_timesteps | 7511632  |
| train/             |          |
|    actor_loss      | -0.625   |
|    critic_loss     | 0.000368 |
|    ent_coef        | 0.00014  |
|    ent_coef_loss   | 4.79     |
|    learning_rate   | 0.0003   |
|    n_updates       | 469414   |
---------------------------------
---------------------------------
| rollout/           |          |
|    ep_len_mean     | 1.56e+03 |
|    ep_rew_mean     | 1.86e+03 |
| time/              |          |
|    episodes        | 5420     |
|    fps             | 2099     |
|    time_elapsed    | 3578     |
|    total_timesteps | 7513120  |
| train/             |          |
|    actor_loss      | -0.782   |
|    critic_loss     | 0.000287 |
|    ent_coef        | 0.000141 |
|    ent_coef_loss   | -0.349   |
|    learning_rate   | 0.0003   |
|    n_updates       | 469507   |
---------------------------------
---------------------------------
| rollout/           |          |
|    ep_len_mean     | 1.59e+03 |
|    ep_rew_mean     | 1.92e+03 |
| time/              |          |
|    episodes        | 5424     |
|    fps             | 2099     |
|    time_elapsed    | 3579     |
|    total_timesteps | 7515344  |
| train/             |          |
|    actor_loss      | -0.696   |
|    critic_loss     | 0.000599 |
|    ent_coef        | 0.000144 |
|    ent_coef_loss   | 1.46     |
|    learning_rate   | 0.0003   |
|    n_updates       | 469646   |
---------------------------------
---------------------------------
| rollout/           |          |
|    ep_len_mean     | 1.61e+03 |
|    ep_rew_mean     | 1.94e+03 |
| time/              |          |
|    episodes        | 5428     |
|    fps             | 2099     |
|    time_elapsed    | 3586     |
|    total_timesteps | 7529936  |
| train/             |          |
|    actor_loss      | -0.711   |
|    critic_loss     | 0.000267 |
|    ent_coef        | 0.000145 |
|    ent_coef_loss   | -4.88    |
|    learning_rate   | 0.0003   |
|    n_updates       | 470558   |
---------------------------------
---------------------------------
| rollout/           |          |
|    ep_len_mean     | 1.63e+03 |
|    ep_rew_mean     | 1.93e+03 |
| time/              |          |
|    episodes        | 5432     |
|    fps             | 2099     |
|    time_elapsed    | 3589     |
|    total_timesteps | 7536928  |
| train/             |          |
|    actor_loss      | -0.709   |
|    critic_loss     | 0.000347 |
|    ent_coef        | 0.000145 |
|    ent_coef_loss   | 1.87     |
|    learning_rate   | 0.0003   |
|    n_updates       | 470995   |
---------------------------------
---------------------------------
| rollout/           |          |
|    ep_len_mean     | 1.64e+03 |
|    ep_rew_mean     | 2.01e+03 |
| time/              |          |
|    episodes        | 5436     |
|    fps             | 2099     |
|    time_elapsed    | 3593     |
|    total_timesteps | 7546144  |
| train/             |          |
|    actor_loss      | -0.719   |
|    critic_loss     | 0.00036  |
|    ent_coef        | 0.00014  |
|    ent_coef_loss   | -0.884   |
|    learning_rate   | 0.0003   |
|    n_updates       | 471571   |
---------------------------------
---------------------------------
| rollout/           |          |
|    ep_len_mean     | 1.67e+03 |
|    ep_rew_mean     | 2e+03    |
| time/              |          |
|    episodes        | 5440     |
|    fps             | 2099     |
|    time_elapsed    | 3596     |
|    total_timesteps | 7552976  |
| train/             |          |
|    actor_loss      | -0.719   |
|    critic_loss     | 0.000294 |
|    ent_coef        | 0.000139 |
|    ent_coef_loss   | -2.16    |
|    learning_rate   | 0.0003   |
|    n_updates       | 471998   |
---------------------------------
---------------------------------
| rollout/           |          |
|    ep_len_mean     | 1.69e+03 |
|    ep_rew_mean     | 2e+03    |
| time/              |          |
|    episodes        | 5444     |
|    fps             | 2099     |
|    time_elapsed    | 3598     |
|    total_timesteps | 7555792  |
| train/             |          |
|    actor_loss      | -0.733   |
|    critic_loss     | 0.000688 |
|    ent_coef        | 0.000136 |
|    ent_coef_loss   | -3.38    |
|    learning_rate   | 0.0003   |
|    n_updates       | 472174   |
---------------------------------
---------------------------------
| rollout/           |          |
|    ep_len_mean     | 1.67e+03 |
|    ep_rew_mean     | 1.98e+03 |
| time/              |          |
|    episodes        | 5448     |
|    fps             | 2099     |
|    time_elapsed    | 3602     |
|    total_timesteps | 7565088  |
| train/             |          |
|    actor_loss      | -0.758   |
|    critic_loss     | 0.000532 |
|    ent_coef        | 0.000138 |
|    ent_coef_loss   | -1.35    |
|    learning_rate   | 0.0003   |
|    n_updates       | 472755   |
---------------------------------
---------------------------------
| rollout/           |          |
|    ep_len_mean     | 1.67e+03 |
|    ep_rew_mean     | 1.95e+03 |
| time/              |          |
|    episodes        | 5452     |
|    fps             | 2099     |
|    time_elapsed    | 3603     |
|    total_timesteps | 7567696  |
| train/             |          |
|    actor_loss      | -0.699   |
|    critic_loss     | 0.000245 |
|    ent_coef        | 0.000139 |
|    ent_coef_loss   | 6.45     |
|    learning_rate   | 0.0003   |
|    n_updates       | 472918   |
---------------------------------
---------------------------------
| rollout/           |          |
|    ep_len_mean     | 1.67e+03 |
|    ep_rew_mean     | 1.94e+03 |
| time/              |          |
|    episodes        | 5456     |
|    fps             | 2099     |
|    time_elapsed    | 3606     |
|    total_timesteps | 7572336  |
| train/             |          |
|    actor_loss      | -0.662   |
|    critic_loss     | 0.000285 |
|    ent_coef        | 0.000144 |
|    ent_coef_loss   | 3        |
|    learning_rate   | 0.0003   |
|    n_updates       | 473208   |
---------------------------------
---------------------------------
| rollout/           |          |
|    ep_len_mean     | 1.65e+03 |
|    ep_rew_mean     | 1.87e+03 |
| time/              |          |
|    episodes        | 5460     |
|    fps             | 2099     |
|    time_elapsed    | 3609     |
|    total_timesteps | 7578528  |
| train/             |          |
|    actor_loss      | -0.737   |
|    critic_loss     | 0.000524 |
|    ent_coef        | 0.000141 |
|    ent_coef_loss   | -0.964   |
|    learning_rate   | 0.0003   |
|    n_updates       | 473595   |
---------------------------------
---------------------------------
| rollout/           |          |
|    ep_len_mean     | 1.66e+03 |
|    ep_rew_mean     | 1.92e+03 |
| time/              |          |
|    episodes        | 5464     |
|    fps             | 2099     |
|    time_elapsed    | 3613     |
|    total_timesteps | 7588192  |
| train/             |          |
|    actor_loss      | -0.755   |
|    critic_loss     | 0.000278 |
|    ent_coef        | 0.000136 |
|    ent_coef_loss   | -0.554   |
|    learning_rate   | 0.0003   |
|    n_updates       | 474199   |
---------------------------------
---------------------------------
| rollout/           |          |
|    ep_len_mean     | 1.66e+03 |
|    ep_rew_mean     | 1.86e+03 |
| time/              |          |
|    episodes        | 5468     |
|    fps             | 2099     |
|    time_elapsed    | 3614     |
|    total_timesteps | 7590784  |
| train/             |          |
|    actor_loss      | -0.762   |
|    critic_loss     | 0.000269 |
|    ent_coef        | 0.000139 |
|    ent_coef_loss   | 2.82     |
|    learning_rate   | 0.0003   |
|    n_updates       | 474361   |
---------------------------------
---------------------------------
| rollout/           |          |
|    ep_len_mean     | 1.65e+03 |
|    ep_rew_mean     | 1.87e+03 |
| time/              |          |
|    episodes        | 5472     |
|    fps             | 2099     |
|    time_elapsed    | 3618     |
|    total_timesteps | 7598736  |
| train/             |          |
|    actor_loss      | -0.654   |
|    critic_loss     | 0.000372 |
|    ent_coef        | 0.000142 |
|    ent_coef_loss   | 1.78     |
|    learning_rate   | 0.0003   |
|    n_updates       | 474858   |
---------------------------------
---------------------------------
| rollout/           |          |
|    ep_len_mean     | 1.65e+03 |
|    ep_rew_mean     | 1.85e+03 |
| time/              |          |
|    episodes        | 5476     |
|    fps             | 2099     |
|    time_elapsed    | 3622     |
|    total_timesteps | 7607744  |
| train/             |          |
|    actor_loss      | -0.658   |
|    critic_loss     | 0.000372 |
|    ent_coef        | 0.000132 |
|    ent_coef_loss   | 1.64     |
|    learning_rate   | 0.0003   |
|    n_updates       | 475421   |
---------------------------------
---------------------------------
| rollout/           |          |
|    ep_len_mean     | 1.64e+03 |
|    ep_rew_mean     | 1.87e+03 |
| time/              |          |
|    episodes        | 5480     |
|    fps             | 2099     |
|    time_elapsed    | 3624     |
|    total_timesteps | 7612064  |
| train/             |          |
|    actor_loss      | -0.676   |
|    critic_loss     | 0.00058  |
|    ent_coef        | 0.000135 |
|    ent_coef_loss   | 4.15     |
|    learning_rate   | 0.0003   |
|    n_updates       | 475691   |
---------------------------------
---------------------------------
| rollout/           |          |
|    ep_len_mean     | 1.66e+03 |
|    ep_rew_mean     | 1.84e+03 |
| time/              |          |
|    episodes        | 5484     |
|    fps             | 2099     |
|    time_elapsed    | 3626     |
|    total_timesteps | 7615728  |
| train/             |          |
|    actor_loss      | -0.652   |
|    critic_loss     | 0.000403 |
|    ent_coef        | 0.000138 |
|    ent_coef_loss   | 1.97     |
|    learning_rate   | 0.0003   |
|    n_updates       | 475920   |
---------------------------------
---------------------------------
| rollout/           |          |
|    ep_len_mean     | 1.67e+03 |
|    ep_rew_mean     | 1.87e+03 |
| time/              |          |
|    episodes        | 5488     |
|    fps             | 2099     |
|    time_elapsed    | 3631     |
|    total_timesteps | 7625200  |
| train/             |          |
|    actor_loss      | -0.734   |
|    critic_loss     | 0.000514 |
|    ent_coef        | 0.000135 |
|    ent_coef_loss   | 1.16     |
|    learning_rate   | 0.0003   |
|    n_updates       | 476512   |
---------------------------------
---------------------------------
| rollout/           |          |
|    ep_len_mean     | 1.67e+03 |
|    ep_rew_mean     | 1.87e+03 |
| time/              |          |
|    episodes        | 5492     |
|    fps             | 2099     |
|    time_elapsed    | 3634     |
|    total_timesteps | 7632352  |
| train/             |          |
|    actor_loss      | -0.757   |
|    critic_loss     | 0.000828 |
|    ent_coef        | 0.000135 |
|    ent_coef_loss   | -0.693   |
|    learning_rate   | 0.0003   |
|    n_updates       | 476959   |
---------------------------------
---------------------------------
| rollout/           |          |
|    ep_len_mean     | 1.68e+03 |
|    ep_rew_mean     | 1.87e+03 |
| time/              |          |
|    episodes        | 5496     |
|    fps             | 2099     |
|    time_elapsed    | 3639     |
|    total_timesteps | 7643472  |
| train/             |          |
|    actor_loss      | -0.758   |
|    critic_loss     | 0.000394 |
|    ent_coef        | 0.000148 |
|    ent_coef_loss   | -2.72    |
|    learning_rate   | 0.0003   |
|    n_updates       | 477654   |
---------------------------------
---------------------------------
| rollout/           |          |
|    ep_len_mean     | 1.71e+03 |
|    ep_rew_mean     | 1.89e+03 |
| time/              |          |
|    episodes        | 5500     |
|    fps             | 2099     |
|    time_elapsed    | 3643     |
|    total_timesteps | 7649840  |
| train/             |          |
|    actor_loss      | -0.689   |
|    critic_loss     | 0.000443 |
|    ent_coef        | 0.000155 |
|    ent_coef_loss   | -0.814   |
|    learning_rate   | 0.0003   |
|    n_updates       | 478052   |
---------------------------------
---------------------------------
| rollout/           |          |
|    ep_len_mean     | 1.74e+03 |
|    ep_rew_mean     | 1.9e+03  |
| time/              |          |
|    episodes        | 5504     |
|    fps             | 2099     |
|    time_elapsed    | 3647     |
|    total_timesteps | 7658400  |
| train/             |          |
|    actor_loss      | -0.728   |
|    critic_loss     | 0.000432 |
|    ent_coef        | 0.000155 |
|    ent_coef_loss   | -0.0459  |
|    learning_rate   | 0.0003   |
|    n_updates       | 478587   |
---------------------------------
---------------------------------
| rollout/           |          |
|    ep_len_mean     | 1.76e+03 |
|    ep_rew_mean     | 1.92e+03 |
| time/              |          |
|    episodes        | 5508     |
|    fps             | 2099     |
|    time_elapsed    | 3649     |
|    total_timesteps | 7663952  |
| train/             |          |
|    actor_loss      | -0.697   |
|    critic_loss     | 0.000433 |
|    ent_coef        | 0.00015  |
|    ent_coef_loss   | 2.73     |
|    learning_rate   | 0.0003   |
|    n_updates       | 478934   |
---------------------------------
---------------------------------
| rollout/           |          |
|    ep_len_mean     | 1.76e+03 |
|    ep_rew_mean     | 1.86e+03 |
| time/              |          |
|    episodes        | 5512     |
|    fps             | 2099     |
|    time_elapsed    | 3655     |
|    total_timesteps | 7675840  |
| train/             |          |
|    actor_loss      | -0.632   |
|    critic_loss     | 0.000662 |
|    ent_coef        | 0.000142 |
|    ent_coef_loss   | -2.15    |
|    learning_rate   | 0.0003   |
|    n_updates       | 479677   |
---------------------------------
---------------------------------
| rollout/           |          |
|    ep_len_mean     | 1.74e+03 |
|    ep_rew_mean     | 1.89e+03 |
| time/              |          |
|    episodes        | 5516     |
|    fps             | 2099     |
|    time_elapsed    | 3656     |
|    total_timesteps | 7679360  |
| train/             |          |
|    actor_loss      | -0.672   |
|    critic_loss     | 0.000313 |
|    ent_coef        | 0.00014  |
|    ent_coef_loss   | 0.441    |
|    learning_rate   | 0.0003   |
|    n_updates       | 479897   |
---------------------------------
---------------------------------
| rollout/           |          |
|    ep_len_mean     | 1.76e+03 |
|    ep_rew_mean     | 1.94e+03 |
| time/              |          |
|    episodes        | 5520     |
|    fps             | 2100     |
|    time_elapsed    | 3660     |
|    total_timesteps | 7688128  |
| train/             |          |
|    actor_loss      | -0.694   |
|    critic_loss     | 0.000358 |
|    ent_coef        | 0.000141 |
|    ent_coef_loss   | -3.05    |
|    learning_rate   | 0.0003   |
|    n_updates       | 480445   |
---------------------------------
---------------------------------
| rollout/           |          |
|    ep_len_mean     | 1.76e+03 |
|    ep_rew_mean     | 1.97e+03 |
| time/              |          |
|    episodes        | 5524     |
|    fps             | 2100     |
|    time_elapsed    | 3668     |
|    total_timesteps | 7704000  |
| train/             |          |
|    actor_loss      | -0.699   |
|    critic_loss     | 0.00031  |
|    ent_coef        | 0.000151 |
|    ent_coef_loss   | 0.289    |
|    learning_rate   | 0.0003   |
|    n_updates       | 481437   |
---------------------------------
---------------------------------
| rollout/           |          |
|    ep_len_mean     | 1.78e+03 |
|    ep_rew_mean     | 2e+03    |
| time/              |          |
|    episodes        | 5528     |
|    fps             | 2100     |
|    time_elapsed    | 3671     |
|    total_timesteps | 7711088  |
| train/             |          |
|    actor_loss      | -0.646   |
|    critic_loss     | 0.000285 |
|    ent_coef        | 0.000144 |
|    ent_coef_loss   | 1.31     |
|    learning_rate   | 0.0003   |
|    n_updates       | 481880   |
---------------------------------
---------------------------------
| rollout/           |          |
|    ep_len_mean     | 1.79e+03 |
|    ep_rew_mean     | 2.04e+03 |
| time/              |          |
|    episodes        | 5532     |
|    fps             | 2100     |
|    time_elapsed    | 3674     |
|    total_timesteps | 7716784  |
| train/             |          |
|    actor_loss      | -0.656   |
|    critic_loss     | 0.000367 |
|    ent_coef        | 0.000151 |
|    ent_coef_loss   | -0.629   |
|    learning_rate   | 0.0003   |
|    n_updates       | 482236   |
---------------------------------
---------------------------------
| rollout/           |          |
|    ep_len_mean     | 1.83e+03 |
|    ep_rew_mean     | 2.03e+03 |
| time/              |          |
|    episodes        | 5536     |
|    fps             | 2100     |
|    time_elapsed    | 3678     |
|    total_timesteps | 7726896  |
| train/             |          |
|    actor_loss      | -0.706   |
|    critic_loss     | 0.00042  |
|    ent_coef        | 0.000157 |
|    ent_coef_loss   | 1.85     |
|    learning_rate   | 0.0003   |
|    n_updates       | 482868   |
---------------------------------
---------------------------------
| rollout/           |          |
|    ep_len_mean     | 1.83e+03 |
|    ep_rew_mean     | 2.12e+03 |
| time/              |          |
|    episodes        | 5540     |
|    fps             | 2100     |
|    time_elapsed    | 3685     |
|    total_timesteps | 7742496  |
| train/             |          |
|    actor_loss      | -0.642   |
|    critic_loss     | 0.00102  |
|    ent_coef        | 0.000143 |
|    ent_coef_loss   | 2.15     |
|    learning_rate   | 0.0003   |
|    n_updates       | 483843   |
---------------------------------
---------------------------------
| rollout/           |          |
|    ep_len_mean     | 1.85e+03 |
|    ep_rew_mean     | 2.04e+03 |
| time/              |          |
|    episodes        | 5544     |
|    fps             | 2100     |
|    time_elapsed    | 3690     |
|    total_timesteps | 7753360  |
| train/             |          |
|    actor_loss      | -0.732   |
|    critic_loss     | 0.000595 |
|    ent_coef        | 0.000155 |
|    ent_coef_loss   | 1.68     |
|    learning_rate   | 0.0003   |
|    n_updates       | 484522   |
---------------------------------
---------------------------------
| rollout/           |          |
|    ep_len_mean     | 1.93e+03 |
|    ep_rew_mean     | 2.17e+03 |
| time/              |          |
|    episodes        | 5548     |
|    fps             | 2100     |
|    time_elapsed    | 3693     |
|    total_timesteps | 7757984  |
| train/             |          |
|    actor_loss      | -0.673   |
|    critic_loss     | 0.000361 |
|    ent_coef        | 0.000156 |
|    ent_coef_loss   | 0.906    |
|    learning_rate   | 0.0003   |
|    n_updates       | 484811   |
---------------------------------
---------------------------------
| rollout/           |          |
|    ep_len_mean     | 1.98e+03 |
|    ep_rew_mean     | 2.17e+03 |
| time/              |          |
|    episodes        | 5552     |
|    fps             | 2100     |
|    time_elapsed    | 3700     |
|    total_timesteps | 7774208  |
| train/             |          |
|    actor_loss      | -0.654   |
|    critic_loss     | 0.00561  |
|    ent_coef        | 0.000145 |
|    ent_coef_loss   | 3.74     |
|    learning_rate   | 0.0003   |
|    n_updates       | 485825   |
---------------------------------
---------------------------------
| rollout/           |          |
|    ep_len_mean     | 2.01e+03 |
|    ep_rew_mean     | 2.19e+03 |
| time/              |          |
|    episodes        | 5556     |
|    fps             | 2100     |
|    time_elapsed    | 3702     |
|    total_timesteps | 7778336  |
| train/             |          |
|    actor_loss      | -0.724   |
|    critic_loss     | 0.000291 |
|    ent_coef        | 0.000146 |
|    ent_coef_loss   | 2.46     |
|    learning_rate   | 0.0003   |
|    n_updates       | 486083   |
---------------------------------
---------------------------------
| rollout/           |          |
|    ep_len_mean     | 2.05e+03 |
|    ep_rew_mean     | 2.26e+03 |
| time/              |          |
|    episodes        | 5560     |
|    fps             | 2100     |
|    time_elapsed    | 3708     |
|    total_timesteps | 7790928  |
| train/             |          |
|    actor_loss      | -0.662   |
|    critic_loss     | 0.00107  |
|    ent_coef        | 0.000151 |
|    ent_coef_loss   | -2.2     |
|    learning_rate   | 0.0003   |
|    n_updates       | 486870   |
---------------------------------
---------------------------------
| rollout/           |          |
|    ep_len_mean     | 2.07e+03 |
|    ep_rew_mean     | 2.2e+03  |
| time/              |          |
|    episodes        | 5564     |
|    fps             | 2100     |
|    time_elapsed    | 3709     |
|    total_timesteps | 7793680  |
| train/             |          |
|    actor_loss      | -0.676   |
|    critic_loss     | 0.0022   |
|    ent_coef        | 0.00015  |
|    ent_coef_loss   | 1.25     |
|    learning_rate   | 0.0003   |
|    n_updates       | 487042   |
---------------------------------
---------------------------------
| rollout/           |          |
|    ep_len_mean     | 2.08e+03 |
|    ep_rew_mean     | 2.21e+03 |
| time/              |          |
|    episodes        | 5568     |
|    fps             | 2100     |
|    time_elapsed    | 3714     |
|    total_timesteps | 7803600  |
| train/             |          |
|    actor_loss      | -0.759   |
|    critic_loss     | 0.000348 |
|    ent_coef        | 0.000143 |
|    ent_coef_loss   | -1.62    |
|    learning_rate   | 0.0003   |
|    n_updates       | 487662   |
---------------------------------
---------------------------------
| rollout/           |          |
|    ep_len_mean     | 2.09e+03 |
|    ep_rew_mean     | 2.29e+03 |
| time/              |          |
|    episodes        | 5572     |
|    fps             | 2100     |
|    time_elapsed    | 3715     |
|    total_timesteps | 7807024  |
| train/             |          |
|    actor_loss      | -0.658   |
|    critic_loss     | 0.000271 |
|    ent_coef        | 0.000138 |
|    ent_coef_loss   | -0.178   |
|    learning_rate   | 0.0003   |
|    n_updates       | 487876   |
---------------------------------
---------------------------------
| rollout/           |          |
|    ep_len_mean     | 2.1e+03  |
|    ep_rew_mean     | 2.31e+03 |
| time/              |          |
|    episodes        | 5576     |
|    fps             | 2101     |
|    time_elapsed    | 3723     |
|    total_timesteps | 7823536  |
| train/             |          |
|    actor_loss      | -0.649   |
|    critic_loss     | 0.000488 |
|    ent_coef        | 0.00014  |
|    ent_coef_loss   | -2.81    |
|    learning_rate   | 0.0003   |
|    n_updates       | 488908   |
---------------------------------
---------------------------------
| rollout/           |          |
|    ep_len_mean     | 2.11e+03 |
|    ep_rew_mean     | 2.29e+03 |
| time/              |          |
|    episodes        | 5580     |
|    fps             | 2101     |
|    time_elapsed    | 3727     |
|    total_timesteps | 7830832  |
| train/             |          |
|    actor_loss      | -0.651   |
|    critic_loss     | 0.00704  |
|    ent_coef        | 0.000133 |
|    ent_coef_loss   | 2.76     |
|    learning_rate   | 0.0003   |
|    n_updates       | 489364   |
---------------------------------
---------------------------------
| rollout/           |          |
|    ep_len_mean     | 2.15e+03 |
|    ep_rew_mean     | 2.37e+03 |
| time/              |          |
|    episodes        | 5584     |
|    fps             | 2101     |
|    time_elapsed    | 3732     |
|    total_timesteps | 7843264  |
| train/             |          |
|    actor_loss      | -0.73    |
|    critic_loss     | 0.000338 |
|    ent_coef        | 0.000137 |
|    ent_coef_loss   | -1.44    |
|    learning_rate   | 0.0003   |
|    n_updates       | 490141   |
---------------------------------
---------------------------------
| rollout/           |          |
|    ep_len_mean     | 2.18e+03 |
|    ep_rew_mean     | 2.36e+03 |
| time/              |          |
|    episodes        | 5588     |
|    fps             | 2101     |
|    time_elapsed    | 3736     |
|    total_timesteps | 7850992  |
| train/             |          |
|    actor_loss      | -0.662   |
|    critic_loss     | 0.000485 |
|    ent_coef        | 0.000145 |
|    ent_coef_loss   | -5.31    |
|    learning_rate   | 0.0003   |
|    n_updates       | 490624   |
---------------------------------
---------------------------------
| rollout/           |          |
|    ep_len_mean     | 2.23e+03 |
|    ep_rew_mean     | 2.28e+03 |
| time/              |          |
|    episodes        | 5592     |
|    fps             | 2101     |
|    time_elapsed    | 3739     |
|    total_timesteps | 7856752  |
| train/             |          |
|    actor_loss      | -0.716   |
|    critic_loss     | 0.00029  |
|    ent_coef        | 0.000137 |
|    ent_coef_loss   | -8.52    |
|    learning_rate   | 0.0003   |
|    n_updates       | 490984   |
---------------------------------
---------------------------------
| rollout/           |          |
|    ep_len_mean     | 2.23e+03 |
|    ep_rew_mean     | 2.23e+03 |
| time/              |          |
|    episodes        | 5596     |
|    fps             | 2101     |
|    time_elapsed    | 3739     |
|    total_timesteps | 7857648  |
| train/             |          |
|    actor_loss      | -0.729   |
|    critic_loss     | 0.000308 |
|    ent_coef        | 0.000135 |
|    ent_coef_loss   | -1.08    |
|    learning_rate   | 0.0003   |
|    n_updates       | 491040   |
---------------------------------
---------------------------------
| rollout/           |          |
|    ep_len_mean     | 2.22e+03 |
|    ep_rew_mean     | 2.25e+03 |
| time/              |          |
|    episodes        | 5600     |
|    fps             | 2101     |
|    time_elapsed    | 3746     |
|    total_timesteps | 7871456  |
| train/             |          |
|    actor_loss      | -0.696   |
|    critic_loss     | 0.00693  |
|    ent_coef        | 0.000128 |
|    ent_coef_loss   | -3.14    |
|    learning_rate   | 0.0003   |
|    n_updates       | 491903   |
---------------------------------
---------------------------------
| rollout/           |          |
|    ep_len_mean     | 2.21e+03 |
|    ep_rew_mean     | 2.25e+03 |
| time/              |          |
|    episodes        | 5604     |
|    fps             | 2101     |
|    time_elapsed    | 3753     |
|    total_timesteps | 7888048  |
| train/             |          |
|    actor_loss      | -0.672   |
|    critic_loss     | 0.000419 |
|    ent_coef        | 0.000137 |
|    ent_coef_loss   | 5.93     |
|    learning_rate   | 0.0003   |
|    n_updates       | 492940   |
---------------------------------
---------------------------------
| rollout/           |          |
|    ep_len_mean     | 2.22e+03 |
|    ep_rew_mean     | 2.25e+03 |
| time/              |          |
|    episodes        | 5608     |
|    fps             | 2101     |
|    time_elapsed    | 3756     |
|    total_timesteps | 7894672  |
| train/             |          |
|    actor_loss      | -0.716   |
|    critic_loss     | 0.000319 |
|    ent_coef        | 0.000141 |
|    ent_coef_loss   | 0.199    |
|    learning_rate   | 0.0003   |
|    n_updates       | 493354   |
---------------------------------
---------------------------------
| rollout/           |          |
|    ep_len_mean     | 2.21e+03 |
|    ep_rew_mean     | 2.28e+03 |
| time/              |          |
|    episodes        | 5612     |
|    fps             | 2101     |
|    time_elapsed    | 3758     |
|    total_timesteps | 7897456  |
| train/             |          |
|    actor_loss      | -0.716   |
|    critic_loss     | 0.000621 |
|    ent_coef        | 0.000147 |
|    ent_coef_loss   | -0.518   |
|    learning_rate   | 0.0003   |
|    n_updates       | 493528   |
---------------------------------
---------------------------------
| rollout/           |          |
|    ep_len_mean     | 2.26e+03 |
|    ep_rew_mean     | 2.24e+03 |
| time/              |          |
|    episodes        | 5616     |
|    fps             | 2101     |
|    time_elapsed    | 3765     |
|    total_timesteps | 7913232  |
| train/             |          |
|    actor_loss      | -0.703   |
|    critic_loss     | 0.00028  |
|    ent_coef        | 0.00014  |
|    ent_coef_loss   | 1.29     |
|    learning_rate   | 0.0003   |
|    n_updates       | 494514   |
---------------------------------
---------------------------------
| rollout/           |          |
|    ep_len_mean     | 2.28e+03 |
|    ep_rew_mean     | 2.23e+03 |
| time/              |          |
|    episodes        | 5620     |
|    fps             | 2101     |
|    time_elapsed    | 3774     |
|    total_timesteps | 7932448  |
| train/             |          |
|    actor_loss      | -0.67    |
|    critic_loss     | 0.000637 |
|    ent_coef        | 0.000143 |
|    ent_coef_loss   | 6.77     |
|    learning_rate   | 0.0003   |
|    n_updates       | 495715   |
---------------------------------
---------------------------------
| rollout/           |          |
|    ep_len_mean     | 2.29e+03 |
|    ep_rew_mean     | 2.15e+03 |
| time/              |          |
|    episodes        | 5624     |
|    fps             | 2101     |
|    time_elapsed    | 3777     |
|    total_timesteps | 7937344  |
| train/             |          |
|    actor_loss      | -0.66    |
|    critic_loss     | 0.000878 |
|    ent_coef        | 0.000145 |
|    ent_coef_loss   | 3.06     |
|    learning_rate   | 0.0003   |
|    n_updates       | 496021   |
---------------------------------
---------------------------------
| rollout/           |          |
|    ep_len_mean     | 2.31e+03 |
|    ep_rew_mean     | 2.13e+03 |
| time/              |          |
|    episodes        | 5628     |
|    fps             | 2101     |
|    time_elapsed    | 3779     |
|    total_timesteps | 7943440  |
| train/             |          |
|    actor_loss      | -0.592   |
|    critic_loss     | 0.00642  |
|    ent_coef        | 0.000155 |
|    ent_coef_loss   | 1.73     |
|    learning_rate   | 0.0003   |
|    n_updates       | 496402   |
---------------------------------
---------------------------------
| rollout/           |          |
|    ep_len_mean     | 2.34e+03 |
|    ep_rew_mean     | 2.02e+03 |
| time/              |          |
|    episodes        | 5632     |
|    fps             | 2101     |
|    time_elapsed    | 3780     |
|    total_timesteps | 7945344  |
| train/             |          |
|    actor_loss      | -0.668   |
|    critic_loss     | 0.0003   |
|    ent_coef        | 0.000154 |
|    ent_coef_loss   | 0.0299   |
|    learning_rate   | 0.0003   |
|    n_updates       | 496521   |
---------------------------------
---------------------------------
| rollout/           |          |
|    ep_len_mean     | 2.34e+03 |
|    ep_rew_mean     | 2.02e+03 |
| time/              |          |
|    episodes        | 5636     |
|    fps             | 2101     |
|    time_elapsed    | 3791     |
|    total_timesteps | 7968752  |
| train/             |          |
|    actor_loss      | -0.721   |
|    critic_loss     | 0.000238 |
|    ent_coef        | 0.000147 |
|    ent_coef_loss   | 0.837    |
|    learning_rate   | 0.0003   |
|    n_updates       | 497984   |
---------------------------------
---------------------------------
| rollout/           |          |
|    ep_len_mean     | 2.33e+03 |
|    ep_rew_mean     | 1.97e+03 |
| time/              |          |
|    episodes        | 5640     |
|    fps             | 2101     |
|    time_elapsed    | 3795     |
|    total_timesteps | 7976192  |
| train/             |          |
|    actor_loss      | -0.698   |
|    critic_loss     | 0.000262 |
|    ent_coef        | 0.000149 |
|    ent_coef_loss   | -1.72    |
|    learning_rate   | 0.0003   |
|    n_updates       | 498449   |
---------------------------------
---------------------------------
| rollout/           |          |
|    ep_len_mean     | 2.32e+03 |
|    ep_rew_mean     | 2.09e+03 |
| time/              |          |
|    episodes        | 5644     |
|    fps             | 2101     |
|    time_elapsed    | 3795     |
|    total_timesteps | 7977872  |
| train/             |          |
|    actor_loss      | -0.712   |
|    critic_loss     | 0.000297 |
|    ent_coef        | 0.000151 |
|    ent_coef_loss   | 0.156    |
|    learning_rate   | 0.0003   |
|    n_updates       | 498554   |
---------------------------------
---------------------------------
| rollout/           |          |
|    ep_len_mean     | 2.3e+03  |
|    ep_rew_mean     | 2.02e+03 |
| time/              |          |
|    episodes        | 5648     |
|    fps             | 2101     |
|    time_elapsed    | 3798     |
|    total_timesteps | 7984240  |
| train/             |          |
|    actor_loss      | -0.732   |
|    critic_loss     | 0.000236 |
|    ent_coef        | 0.000151 |
|    ent_coef_loss   | -2.94    |
|    learning_rate   | 0.0003   |
|    n_updates       | 498952   |
---------------------------------
---------------------------------
| rollout/           |          |
|    ep_len_mean     | 2.27e+03 |
|    ep_rew_mean     | 2.03e+03 |
| time/              |          |
|    episodes        | 5652     |
|    fps             | 2101     |
|    time_elapsed    | 3804     |
|    total_timesteps | 7996464  |
| train/             |          |
|    actor_loss      | -0.606   |
|    critic_loss     | 0.000367 |
|    ent_coef        | 0.000158 |
|    ent_coef_loss   | 3.46     |
|    learning_rate   | 0.0003   |
|    n_updates       | 499716   |
---------------------------------
---------------------------------
| rollout/           |          |
|    ep_len_mean     | 2.25e+03 |
|    ep_rew_mean     | 2.05e+03 |
| time/              |          |
|    episodes        | 5656     |
|    fps             | 2101     |
|    time_elapsed    | 3807     |
|    total_timesteps | 8002240  |
| train/             |          |
|    actor_loss      | -0.712   |
|    critic_loss     | 0.000277 |
|    ent_coef        | 0.000157 |
|    ent_coef_loss   | -6.31    |
|    learning_rate   | 0.0003   |
|    n_updates       | 500077   |
---------------------------------
---------------------------------
| rollout/           |          |
|    ep_len_mean     | 2.23e+03 |
|    ep_rew_mean     | 1.99e+03 |
| time/              |          |
|    episodes        | 5660     |
|    fps             | 2101     |
|    time_elapsed    | 3810     |
|    total_timesteps | 8008448  |
| train/             |          |
|    actor_loss      | -0.713   |
|    critic_loss     | 0.00104  |
|    ent_coef        | 0.000154 |
|    ent_coef_loss   | -4.53    |
|    learning_rate   | 0.0003   |
|    n_updates       | 500465   |
---------------------------------
---------------------------------
| rollout/           |          |
|    ep_len_mean     | 2.23e+03 |
|    ep_rew_mean     | 2e+03    |
| time/              |          |
|    episodes        | 5664     |
|    fps             | 2101     |
|    time_elapsed    | 3815     |
|    total_timesteps | 8018592  |
| train/             |          |
|    actor_loss      | -0.727   |
|    critic_loss     | 0.000293 |
|    ent_coef        | 0.00015  |
|    ent_coef_loss   | 0.0845   |
|    learning_rate   | 0.0003   |
|    n_updates       | 501099   |
---------------------------------
---------------------------------
| rollout/           |          |
|    ep_len_mean     | 2.23e+03 |
|    ep_rew_mean     | 2.05e+03 |
| time/              |          |
|    episodes        | 5668     |
|    fps             | 2101     |
|    time_elapsed    | 3823     |
|    total_timesteps | 8035088  |
| train/             |          |
|    actor_loss      | -0.694   |
|    critic_loss     | 0.000378 |
|    ent_coef        | 0.000148 |
|    ent_coef_loss   | -2.53    |
|    learning_rate   | 0.0003   |
|    n_updates       | 502130   |
---------------------------------
---------------------------------
| rollout/           |          |
|    ep_len_mean     | 2.26e+03 |
|    ep_rew_mean     | 1.92e+03 |
| time/              |          |
|    episodes        | 5672     |
|    fps             | 2101     |
|    time_elapsed    | 3827     |
|    total_timesteps | 8044672  |
| train/             |          |
|    actor_loss      | -0.655   |
|    critic_loss     | 0.000261 |
|    ent_coef        | 0.000152 |
|    ent_coef_loss   | 5.17     |
|    learning_rate   | 0.0003   |
|    n_updates       | 502729   |
---------------------------------
---------------------------------
| rollout/           |          |
|    ep_len_mean     | 2.29e+03 |
|    ep_rew_mean     | 1.96e+03 |
| time/              |          |
|    episodes        | 5676     |
|    fps             | 2101     |
|    time_elapsed    | 3830     |
|    total_timesteps | 8050848  |
| train/             |          |
|    actor_loss      | -0.653   |
|    critic_loss     | 0.000345 |
|    ent_coef        | 0.000144 |
|    ent_coef_loss   | -0.368   |
|    learning_rate   | 0.0003   |
|    n_updates       | 503115   |
---------------------------------
---------------------------------
| rollout/           |          |
|    ep_len_mean     | 2.32e+03 |
|    ep_rew_mean     | 2e+03    |
| time/              |          |
|    episodes        | 5680     |
|    fps             | 2101     |
|    time_elapsed    | 3834     |
|    total_timesteps | 8058176  |
| train/             |          |
|    actor_loss      | -0.645   |
|    critic_loss     | 0.0201   |
|    ent_coef        | 0.000139 |
|    ent_coef_loss   | 3.52     |
|    learning_rate   | 0.0003   |
|    n_updates       | 503573   |
---------------------------------
---------------------------------
| rollout/           |          |
|    ep_len_mean     | 2.3e+03  |
|    ep_rew_mean     | 1.96e+03 |
| time/              |          |
|    episodes        | 5684     |
|    fps             | 2101     |
|    time_elapsed    | 3839     |
|    total_timesteps | 8069568  |
| train/             |          |
|    actor_loss      | -0.759   |
|    critic_loss     | 0.00172  |
|    ent_coef        | 0.000145 |
|    ent_coef_loss   | -3.83    |
|    learning_rate   | 0.0003   |
|    n_updates       | 504285   |
---------------------------------
---------------------------------
| rollout/           |          |
|    ep_len_mean     | 2.3e+03  |
|    ep_rew_mean     | 1.94e+03 |
| time/              |          |
|    episodes        | 5688     |
|    fps             | 2101     |
|    time_elapsed    | 3844     |
|    total_timesteps | 8079344  |
| train/             |          |
|    actor_loss      | -0.62    |
|    critic_loss     | 0.00044  |
|    ent_coef        | 0.000147 |
|    ent_coef_loss   | 5.59     |
|    learning_rate   | 0.0003   |
|    n_updates       | 504896   |
---------------------------------
---------------------------------
| rollout/           |          |
|    ep_len_mean     | 2.27e+03 |
|    ep_rew_mean     | 2.03e+03 |
| time/              |          |
|    episodes        | 5692     |
|    fps             | 2101     |
|    time_elapsed    | 3847     |
|    total_timesteps | 8085056  |
| train/             |          |
|    actor_loss      | -0.599   |
|    critic_loss     | 0.000259 |
|    ent_coef        | 0.00015  |
|    ent_coef_loss   | 4.6      |
|    learning_rate   | 0.0003   |
|    n_updates       | 505253   |
---------------------------------
---------------------------------
| rollout/           |          |
|    ep_len_mean     | 2.29e+03 |
|    ep_rew_mean     | 2.1e+03  |
| time/              |          |
|    episodes        | 5696     |
|    fps             | 2101     |
|    time_elapsed    | 3853     |
|    total_timesteps | 8097344  |
| train/             |          |
|    actor_loss      | -0.721   |
|    critic_loss     | 0.000255 |
|    ent_coef        | 0.000159 |
|    ent_coef_loss   | -0.772   |
|    learning_rate   | 0.0003   |
|    n_updates       | 506021   |
---------------------------------
---------------------------------
| rollout/           |          |
|    ep_len_mean     | 2.3e+03  |
|    ep_rew_mean     | 2.08e+03 |
| time/              |          |
|    episodes        | 5700     |
|    fps             | 2101     |
|    time_elapsed    | 3854     |
|    total_timesteps | 8099488  |
| train/             |          |
|    actor_loss      | -0.657   |
|    critic_loss     | 0.000664 |
|    ent_coef        | 0.000161 |
|    ent_coef_loss   | 4.69     |
|    learning_rate   | 0.0003   |
|    n_updates       | 506155   |
---------------------------------
---------------------------------
| rollout/           |          |
|    ep_len_mean     | 2.29e+03 |
|    ep_rew_mean     | 2.06e+03 |
| time/              |          |
|    episodes        | 5704     |
|    fps             | 2101     |
|    time_elapsed    | 3858     |
|    total_timesteps | 8108032  |
| train/             |          |
|    actor_loss      | -0.655   |
|    critic_loss     | 0.000358 |
|    ent_coef        | 0.000164 |
|    ent_coef_loss   | 4.39     |
|    learning_rate   | 0.0003   |
|    n_updates       | 506689   |
---------------------------------
---------------------------------
| rollout/           |          |
|    ep_len_mean     | 2.27e+03 |
|    ep_rew_mean     | 2.03e+03 |
| time/              |          |
|    episodes        | 5708     |
|    fps             | 2101     |
|    time_elapsed    | 3861     |
|    total_timesteps | 8114928  |
| train/             |          |
|    actor_loss      | -0.693   |
|    critic_loss     | 0.000461 |
|    ent_coef        | 0.000176 |
|    ent_coef_loss   | 1.36     |
|    learning_rate   | 0.0003   |
|    n_updates       | 507120   |
---------------------------------
---------------------------------
| rollout/           |          |
|    ep_len_mean     | 2.27e+03 |
|    ep_rew_mean     | 2e+03    |
| time/              |          |
|    episodes        | 5712     |
|    fps             | 2101     |
|    time_elapsed    | 3864     |
|    total_timesteps | 8121024  |
| train/             |          |
|    actor_loss      | -0.699   |
|    critic_loss     | 0.00031  |
|    ent_coef        | 0.000164 |
|    ent_coef_loss   | -3.67    |
|    learning_rate   | 0.0003   |
|    n_updates       | 507501   |
---------------------------------
---------------------------------
| rollout/           |          |
|    ep_len_mean     | 2.22e+03 |
|    ep_rew_mean     | 2.02e+03 |
| time/              |          |
|    episodes        | 5716     |
|    fps             | 2101     |
|    time_elapsed    | 3868     |
|    total_timesteps | 8129472  |
| train/             |          |
|    actor_loss      | -0.628   |
|    critic_loss     | 0.000299 |
|    ent_coef        | 0.000158 |
|    ent_coef_loss   | -5.4     |
|    learning_rate   | 0.0003   |
|    n_updates       | 508029   |
---------------------------------
---------------------------------
| rollout/           |          |
|    ep_len_mean     | 2.18e+03 |
|    ep_rew_mean     | 1.98e+03 |
| time/              |          |
|    episodes        | 5720     |
|    fps             | 2101     |
|    time_elapsed    | 3870     |
|    total_timesteps | 8133360  |
| train/             |          |
|    actor_loss      | -0.7     |
|    critic_loss     | 0.000333 |
|    ent_coef        | 0.000156 |
|    ent_coef_loss   | -2.51    |
|    learning_rate   | 0.0003   |
|    n_updates       | 508272   |
---------------------------------
---------------------------------
| rollout/           |          |
|    ep_len_mean     | 2.16e+03 |
|    ep_rew_mean     | 1.99e+03 |
| time/              |          |
|    episodes        | 5724     |
|    fps             | 2101     |
|    time_elapsed    | 3877     |
|    total_timesteps | 8147600  |
| train/             |          |
|    actor_loss      | -0.651   |
|    critic_loss     | 0.000321 |
|    ent_coef        | 0.000156 |
|    ent_coef_loss   | -0.291   |
|    learning_rate   | 0.0003   |
|    n_updates       | 509162   |
---------------------------------
---------------------------------
| rollout/           |          |
|    ep_len_mean     | 2.14e+03 |
|    ep_rew_mean     | 2.02e+03 |
| time/              |          |
|    episodes        | 5728     |
|    fps             | 2101     |
|    time_elapsed    | 3880     |
|    total_timesteps | 8153856  |
| train/             |          |
|    actor_loss      | -0.678   |
|    critic_loss     | 0.000225 |
|    ent_coef        | 0.000157 |
|    ent_coef_loss   | -2.18    |
|    learning_rate   | 0.0003   |
|    n_updates       | 509553   |
---------------------------------
---------------------------------
| rollout/           |          |
|    ep_len_mean     | 2.11e+03 |
|    ep_rew_mean     | 2.12e+03 |
| time/              |          |
|    episodes        | 5732     |
|    fps             | 2101     |
|    time_elapsed    | 3884     |
|    total_timesteps | 8163072  |
| train/             |          |
|    actor_loss      | -0.543   |
|    critic_loss     | 0.000374 |
|    ent_coef        | 0.000153 |
|    ent_coef_loss   | 0.849    |
|    learning_rate   | 0.0003   |
|    n_updates       | 510129   |
---------------------------------
---------------------------------
| rollout/           |          |
|    ep_len_mean     | 2.1e+03  |
|    ep_rew_mean     | 2.12e+03 |
| time/              |          |
|    episodes        | 5736     |
|    fps             | 2101     |
|    time_elapsed    | 3886     |
|    total_timesteps | 8167584  |
| train/             |          |
|    actor_loss      | -0.619   |
|    critic_loss     | 0.00071  |
|    ent_coef        | 0.000155 |
|    ent_coef_loss   | -0.333   |
|    learning_rate   | 0.0003   |
|    n_updates       | 510411   |
---------------------------------
---------------------------------
| rollout/           |          |
|    ep_len_mean     | 2.09e+03 |
|    ep_rew_mean     | 2.1e+03  |
| time/              |          |
|    episodes        | 5740     |
|    fps             | 2101     |
|    time_elapsed    | 3891     |
|    total_timesteps | 8177824  |
| train/             |          |
|    actor_loss      | -0.609   |
|    critic_loss     | 0.0215   |
|    ent_coef        | 0.00015  |
|    ent_coef_loss   | 0.503    |
|    learning_rate   | 0.0003   |
|    n_updates       | 511051   |
---------------------------------
---------------------------------
| rollout/           |          |
|    ep_len_mean     | 2.07e+03 |
|    ep_rew_mean     | 2.02e+03 |
| time/              |          |
|    episodes        | 5744     |
|    fps             | 2101     |
|    time_elapsed    | 3894     |
|    total_timesteps | 8181904  |
| train/             |          |
|    actor_loss      | -0.596   |
|    critic_loss     | 0.000302 |
|    ent_coef        | 0.000151 |
|    ent_coef_loss   | 6.03     |
|    learning_rate   | 0.0003   |
|    n_updates       | 511306   |
---------------------------------
---------------------------------
| rollout/           |          |
|    ep_len_mean     | 2.06e+03 |
|    ep_rew_mean     | 2.02e+03 |
| time/              |          |
|    episodes        | 5748     |
|    fps             | 2096     |
|    time_elapsed    | 3908     |
|    total_timesteps | 8193936  |
| train/             |          |
|    actor_loss      | -0.743   |
|    critic_loss     | 0.036    |
|    ent_coef        | 0.000153 |
|    ent_coef_loss   | -4.14    |
|    learning_rate   | 0.0003   |
|    n_updates       | 512058   |
---------------------------------
---------------------------------
| rollout/           |          |
|    ep_len_mean     | 2.04e+03 |
|    ep_rew_mean     | 2.03e+03 |
| time/              |          |
|    episodes        | 5752     |
|    fps             | 2096     |
|    time_elapsed    | 3909     |
|    total_timesteps | 8195088  |
| train/             |          |
|    actor_loss      | -0.674   |
|    critic_loss     | 0.00101  |
|    ent_coef        | 0.00015  |
|    ent_coef_loss   | -2.81    |
|    learning_rate   | 0.0003   |
|    n_updates       | 512130   |
---------------------------------
---------------------------------
| rollout/           |          |
|    ep_len_mean     | 2.04e+03 |
|    ep_rew_mean     | 2.02e+03 |
| time/              |          |
|    episodes        | 5756     |
|    fps             | 2096     |
|    time_elapsed    | 3910     |
|    total_timesteps | 8197120  |
| train/             |          |
|    actor_loss      | -0.742   |
|    critic_loss     | 0.000444 |
|    ent_coef        | 0.000147 |
|    ent_coef_loss   | -5.81    |
|    learning_rate   | 0.0003   |
|    n_updates       | 512257   |
---------------------------------
---------------------------------
| rollout/           |          |
|    ep_len_mean     | 2.02e+03 |
|    ep_rew_mean     | 2.04e+03 |
| time/              |          |
|    episodes        | 5760     |
|    fps             | 2096     |
|    time_elapsed    | 3912     |
|    total_timesteps | 8202128  |
| train/             |          |
|    actor_loss      | -0.734   |
|    critic_loss     | 0.000382 |
|    ent_coef        | 0.00015  |
|    ent_coef_loss   | -7       |
|    learning_rate   | 0.0003   |
|    n_updates       | 512570   |
---------------------------------
---------------------------------
| rollout/           |          |
|    ep_len_mean     | 1.98e+03 |
|    ep_rew_mean     | 2.06e+03 |
| time/              |          |
|    episodes        | 5764     |
|    fps             | 2096     |
|    time_elapsed    | 3921     |
|    total_timesteps | 8220000  |
| train/             |          |
|    actor_loss      | -0.646   |
|    critic_loss     | 0.0533   |
|    ent_coef        | 0.000162 |
|    ent_coef_loss   | 3.56     |
|    learning_rate   | 0.0003   |
|    n_updates       | 513687   |
---------------------------------
---------------------------------
| rollout/           |          |
|    ep_len_mean     | 1.96e+03 |
|    ep_rew_mean     | 2.06e+03 |
| time/              |          |
|    episodes        | 5768     |
|    fps             | 2096     |
|    time_elapsed    | 3922     |
|    total_timesteps | 8222944  |
| train/             |          |
|    actor_loss      | -0.67    |
|    critic_loss     | 0.0151   |
|    ent_coef        | 0.000161 |
|    ent_coef_loss   | 2.57     |
|    learning_rate   | 0.0003   |
|    n_updates       | 513871   |
---------------------------------
---------------------------------
| rollout/           |          |
|    ep_len_mean     | 1.93e+03 |
|    ep_rew_mean     | 2.16e+03 |
| time/              |          |
|    episodes        | 5772     |
|    fps             | 2096     |
|    time_elapsed    | 3924     |
|    total_timesteps | 8227296  |
| train/             |          |
|    actor_loss      | -0.581   |
|    critic_loss     | 0.0223   |
|    ent_coef        | 0.000159 |
|    ent_coef_loss   | 1.71     |
|    learning_rate   | 0.0003   |
|    n_updates       | 514143   |
---------------------------------
---------------------------------
| rollout/           |          |
|    ep_len_mean     | 1.92e+03 |
|    ep_rew_mean     | 2.15e+03 |
| time/              |          |
|    episodes        | 5776     |
|    fps             | 2096     |
|    time_elapsed    | 3928     |
|    total_timesteps | 8235872  |
| train/             |          |
|    actor_loss      | -0.675   |
|    critic_loss     | 0.00609  |
|    ent_coef        | 0.000151 |
|    ent_coef_loss   | -4.15    |
|    learning_rate   | 0.0003   |
|    n_updates       | 514679   |
---------------------------------
---------------------------------
| rollout/           |          |
|    ep_len_mean     | 1.89e+03 |
|    ep_rew_mean     | 2.09e+03 |
| time/              |          |
|    episodes        | 5780     |
|    fps             | 2096     |
|    time_elapsed    | 3936     |
|    total_timesteps | 8253152  |
| train/             |          |
|    actor_loss      | -0.632   |
|    critic_loss     | 0.00026  |
|    ent_coef        | 0.000148 |
|    ent_coef_loss   | -0.176   |
|    learning_rate   | 0.0003   |
|    n_updates       | 515759   |
---------------------------------
---------------------------------
| rollout/           |          |
|    ep_len_mean     | 1.88e+03 |
|    ep_rew_mean     | 2.13e+03 |
| time/              |          |
|    episodes        | 5784     |
|    fps             | 2096     |
|    time_elapsed    | 3940     |
|    total_timesteps | 8260672  |
| train/             |          |
|    actor_loss      | -0.673   |
|    critic_loss     | 0.000306 |
|    ent_coef        | 0.000148 |
|    ent_coef_loss   | -1.3     |
|    learning_rate   | 0.0003   |
|    n_updates       | 516229   |
---------------------------------
---------------------------------
| rollout/           |          |
|    ep_len_mean     | 1.88e+03 |
|    ep_rew_mean     | 2.09e+03 |
| time/              |          |
|    episodes        | 5788     |
|    fps             | 2096     |
|    time_elapsed    | 3940     |
|    total_timesteps | 8262128  |
| train/             |          |
|    actor_loss      | -0.647   |
|    critic_loss     | 0.000351 |
|    ent_coef        | 0.000148 |
|    ent_coef_loss   | 6.7      |
|    learning_rate   | 0.0003   |
|    n_updates       | 516320   |
---------------------------------
---------------------------------
| rollout/           |          |
|    ep_len_mean     | 1.88e+03 |
|    ep_rew_mean     | 2.13e+03 |
| time/              |          |
|    episodes        | 5792     |
|    fps             | 2096     |
|    time_elapsed    | 3941     |
|    total_timesteps | 8263376  |
| train/             |          |
|    actor_loss      | -0.636   |
|    critic_loss     | 0.000368 |
|    ent_coef        | 0.000155 |
|    ent_coef_loss   | 2.19     |
|    learning_rate   | 0.0003   |
|    n_updates       | 516398   |
---------------------------------
---------------------------------
| rollout/           |          |
|    ep_len_mean     | 1.87e+03 |
|    ep_rew_mean     | 2.12e+03 |
| time/              |          |
|    episodes        | 5796     |
|    fps             | 2096     |
|    time_elapsed    | 3951     |
|    total_timesteps | 8285296  |
| train/             |          |
|    actor_loss      | -0.653   |
|    critic_loss     | 0.0133   |
|    ent_coef        | 0.000163 |
|    ent_coef_loss   | -3.3     |
|    learning_rate   | 0.0003   |
|    n_updates       | 517768   |
---------------------------------
---------------------------------
| rollout/           |          |
|    ep_len_mean     | 1.86e+03 |
|    ep_rew_mean     | 2.06e+03 |
| time/              |          |
|    episodes        | 5800     |
|    fps             | 2096     |
|    time_elapsed    | 3953     |
|    total_timesteps | 8288528  |
| train/             |          |
|    actor_loss      | -0.658   |
|    critic_loss     | 0.000469 |
|    ent_coef        | 0.000157 |
|    ent_coef_loss   | -4.34    |
|    learning_rate   | 0.0003   |
|    n_updates       | 517970   |
---------------------------------
---------------------------------
| rollout/           |          |
|    ep_len_mean     | 1.87e+03 |
|    ep_rew_mean     | 2.05e+03 |
| time/              |          |
|    episodes        | 5804     |
|    fps             | 2096     |
|    time_elapsed    | 3955     |
|    total_timesteps | 8293584  |
| train/             |          |
|    actor_loss      | -0.59    |
|    critic_loss     | 0.000618 |
|    ent_coef        | 0.000153 |
|    ent_coef_loss   | 2.87     |
|    learning_rate   | 0.0003   |
|    n_updates       | 518286   |
---------------------------------
---------------------------------
| rollout/           |          |
|    ep_len_mean     | 1.88e+03 |
|    ep_rew_mean     | 2.07e+03 |
| time/              |          |
|    episodes        | 5808     |
|    fps             | 2096     |
|    time_elapsed    | 3956     |
|    total_timesteps | 8295936  |
| train/             |          |
|    actor_loss      | -0.626   |
|    critic_loss     | 0.000392 |
|    ent_coef        | 0.000158 |
|    ent_coef_loss   | 9.66     |
|    learning_rate   | 0.0003   |
|    n_updates       | 518433   |
---------------------------------
---------------------------------
| rollout/           |          |
|    ep_len_mean     | 1.88e+03 |
|    ep_rew_mean     | 2.11e+03 |
| time/              |          |
|    episodes        | 5812     |
|    fps             | 2096     |
|    time_elapsed    | 3964     |
|    total_timesteps | 8312880  |
| train/             |          |
|    actor_loss      | -0.617   |
|    critic_loss     | 0.00212  |
|    ent_coef        | 0.000148 |
|    ent_coef_loss   | -4.5     |
|    learning_rate   | 0.0003   |
|    n_updates       | 519492   |
---------------------------------
---------------------------------
| rollout/           |          |
|    ep_len_mean     | 1.88e+03 |
|    ep_rew_mean     | 2.16e+03 |
| time/              |          |
|    episodes        | 5816     |
|    fps             | 2096     |
|    time_elapsed    | 3968     |
|    total_timesteps | 8320480  |
| train/             |          |
|    actor_loss      | -0.691   |
|    critic_loss     | 0.00697  |
|    ent_coef        | 0.000143 |
|    ent_coef_loss   | -1.86    |
|    learning_rate   | 0.0003   |
|    n_updates       | 519967   |
---------------------------------
---------------------------------
| rollout/           |          |
|    ep_len_mean     | 1.89e+03 |
|    ep_rew_mean     | 2.15e+03 |
| time/              |          |
|    episodes        | 5820     |
|    fps             | 2096     |
|    time_elapsed    | 3969     |
|    total_timesteps | 8323984  |
| train/             |          |
|    actor_loss      | -0.685   |
|    critic_loss     | 0.00225  |
|    ent_coef        | 0.000146 |
|    ent_coef_loss   | -1.13    |
|    learning_rate   | 0.0003   |
|    n_updates       | 520186   |
---------------------------------
---------------------------------
| rollout/           |          |
|    ep_len_mean     | 1.9e+03  |
|    ep_rew_mean     | 2.18e+03 |
| time/              |          |
|    episodes        | 5824     |
|    fps             | 2096     |
|    time_elapsed    | 3973     |
|    total_timesteps | 8332080  |
| train/             |          |
|    actor_loss      | -0.707   |
|    critic_loss     | 0.000366 |
|    ent_coef        | 0.000145 |
|    ent_coef_loss   | 4.39     |
|    learning_rate   | 0.0003   |
|    n_updates       | 520692   |
---------------------------------
---------------------------------
| rollout/           |          |
|    ep_len_mean     | 1.89e+03 |
|    ep_rew_mean     | 2.14e+03 |
| time/              |          |
|    episodes        | 5828     |
|    fps             | 2096     |
|    time_elapsed    | 3978     |
|    total_timesteps | 8341776  |
| train/             |          |
|    actor_loss      | -0.604   |
|    critic_loss     | 0.00181  |
|    ent_coef        | 0.000154 |
|    ent_coef_loss   | 5.37     |
|    learning_rate   | 0.0003   |
|    n_updates       | 521298   |
---------------------------------
---------------------------------
| rollout/           |          |
|    ep_len_mean     | 1.88e+03 |
|    ep_rew_mean     | 2.12e+03 |
| time/              |          |
|    episodes        | 5832     |
|    fps             | 2096     |
|    time_elapsed    | 3981     |
|    total_timesteps | 8348960  |
| train/             |          |
|    actor_loss      | -0.661   |
|    critic_loss     | 0.000225 |
|    ent_coef        | 0.000158 |
|    ent_coef_loss   | -0.936   |
|    learning_rate   | 0.0003   |
|    n_updates       | 521747   |
---------------------------------
---------------------------------
| rollout/           |          |
|    ep_len_mean     | 1.88e+03 |
|    ep_rew_mean     | 2.15e+03 |
| time/              |          |
|    episodes        | 5836     |
|    fps             | 2097     |
|    time_elapsed    | 3986     |
|    total_timesteps | 8360480  |
| train/             |          |
|    actor_loss      | -0.694   |
|    critic_loss     | 0.000329 |
|    ent_coef        | 0.000149 |
|    ent_coef_loss   | 2.24     |
|    learning_rate   | 0.0003   |
|    n_updates       | 522467   |
---------------------------------
---------------------------------
| rollout/           |          |
|    ep_len_mean     | 1.87e+03 |
|    ep_rew_mean     | 2.21e+03 |
| time/              |          |
|    episodes        | 5840     |
|    fps             | 2097     |
|    time_elapsed    | 3990     |
|    total_timesteps | 8368912  |
| train/             |          |
|    actor_loss      | -0.669   |
|    critic_loss     | 0.000189 |
|    ent_coef        | 0.000154 |
|    ent_coef_loss   | 4.03     |
|    learning_rate   | 0.0003   |
|    n_updates       | 522994   |
---------------------------------
---------------------------------
| rollout/           |          |
|    ep_len_mean     | 1.87e+03 |
|    ep_rew_mean     | 2.22e+03 |
| time/              |          |
|    episodes        | 5844     |
|    fps             | 2097     |
|    time_elapsed    | 3992     |
|    total_timesteps | 8373040  |
| train/             |          |
|    actor_loss      | -0.588   |
|    critic_loss     | 0.000569 |
|    ent_coef        | 0.000155 |
|    ent_coef_loss   | -0.27    |
|    learning_rate   | 0.0003   |
|    n_updates       | 523252   |
---------------------------------
---------------------------------
| rollout/           |          |
|    ep_len_mean     | 1.9e+03  |
|    ep_rew_mean     | 2.15e+03 |
| time/              |          |
|    episodes        | 5848     |
|    fps             | 2097     |
|    time_elapsed    | 3997     |
|    total_timesteps | 8383360  |
| train/             |          |
|    actor_loss      | -0.591   |
|    critic_loss     | 0.000258 |
|    ent_coef        | 0.000149 |
|    ent_coef_loss   | 0.106    |
|    learning_rate   | 0.0003   |
|    n_updates       | 523897   |
---------------------------------
---------------------------------
| rollout/           |          |
|    ep_len_mean     | 1.92e+03 |
|    ep_rew_mean     | 2.09e+03 |
| time/              |          |
|    episodes        | 5852     |
|    fps             | 2097     |
|    time_elapsed    | 3999     |
|    total_timesteps | 8386464  |
| train/             |          |
|    actor_loss      | -0.687   |
|    critic_loss     | 0.000357 |
|    ent_coef        | 0.000151 |
|    ent_coef_loss   | -3.14    |
|    learning_rate   | 0.0003   |
|    n_updates       | 524091   |
---------------------------------
---------------------------------
| rollout/           |          |
|    ep_len_mean     | 1.92e+03 |
|    ep_rew_mean     | 2.08e+03 |
| time/              |          |
|    episodes        | 5856     |
|    fps             | 2097     |
|    time_elapsed    | 4006     |
|    total_timesteps | 8402336  |
| train/             |          |
|    actor_loss      | -0.626   |
|    critic_loss     | 0.000341 |
|    ent_coef        | 0.000141 |
|    ent_coef_loss   | 1.16     |
|    learning_rate   | 0.0003   |
|    n_updates       | 525083   |
---------------------------------
---------------------------------
| rollout/           |          |
|    ep_len_mean     | 1.94e+03 |
|    ep_rew_mean     | 2.06e+03 |
| time/              |          |
|    episodes        | 5860     |
|    fps             | 2097     |
|    time_elapsed    | 4009     |
|    total_timesteps | 8407200  |
| train/             |          |
|    actor_loss      | -0.643   |
|    critic_loss     | 0.000382 |
|    ent_coef        | 0.000145 |
|    ent_coef_loss   | 0.0908   |
|    learning_rate   | 0.0003   |
|    n_updates       | 525387   |
---------------------------------
---------------------------------
| rollout/           |          |
|    ep_len_mean     | 1.98e+03 |
|    ep_rew_mean     | 2.02e+03 |
| time/              |          |
|    episodes        | 5864     |
|    fps             | 2097     |
|    time_elapsed    | 4010     |
|    total_timesteps | 8409952  |
| train/             |          |
|    actor_loss      | -0.582   |
|    critic_loss     | 0.0004   |
|    ent_coef        | 0.000144 |
|    ent_coef_loss   | -0.25    |
|    learning_rate   | 0.0003   |
|    n_updates       | 525559   |
---------------------------------
---------------------------------
| rollout/           |          |
|    ep_len_mean     | 1.98e+03 |
|    ep_rew_mean     | 2e+03    |
| time/              |          |
|    episodes        | 5868     |
|    fps             | 2096     |
|    time_elapsed    | 4012     |
|    total_timesteps | 8414096  |
| train/             |          |
|    actor_loss      | -0.624   |
|    critic_loss     | 0.00291  |
|    ent_coef        | 0.000142 |
|    ent_coef_loss   | -1.97    |
|    learning_rate   | 0.0003   |
|    n_updates       | 525818   |
---------------------------------
---------------------------------
| rollout/           |          |
|    ep_len_mean     | 1.97e+03 |
|    ep_rew_mean     | 2.05e+03 |
| time/              |          |
|    episodes        | 5872     |
|    fps             | 2096     |
|    time_elapsed    | 4022     |
|    total_timesteps | 8435312  |
| train/             |          |
|    actor_loss      | -0.68    |
|    critic_loss     | 0.000261 |
|    ent_coef        | 0.000132 |
|    ent_coef_loss   | -3.66    |
|    learning_rate   | 0.0003   |
|    n_updates       | 527144   |
---------------------------------
---------------------------------
| rollout/           |          |
|    ep_len_mean     | 1.97e+03 |
|    ep_rew_mean     | 2.01e+03 |
| time/              |          |
|    episodes        | 5876     |
|    fps             | 2096     |
|    time_elapsed    | 4026     |
|    total_timesteps | 8444352  |
| train/             |          |
|    actor_loss      | -0.569   |
|    critic_loss     | 0.000434 |
|    ent_coef        | 0.000123 |
|    ent_coef_loss   | -1.08    |
|    learning_rate   | 0.0003   |
|    n_updates       | 527709   |
---------------------------------
---------------------------------
| rollout/           |          |
|    ep_len_mean     | 1.99e+03 |
|    ep_rew_mean     | 2.04e+03 |
| time/              |          |
|    episodes        | 5880     |
|    fps             | 2096     |
|    time_elapsed    | 4027     |
|    total_timesteps | 8445584  |
| train/             |          |
|    actor_loss      | -0.675   |
|    critic_loss     | 0.00178  |
|    ent_coef        | 0.000121 |
|    ent_coef_loss   | 2.51     |
|    learning_rate   | 0.0003   |
|    n_updates       | 527786   |
---------------------------------
---------------------------------
| rollout/           |          |
|    ep_len_mean     | 2e+03    |
|    ep_rew_mean     | 2.01e+03 |
| time/              |          |
|    episodes        | 5884     |
|    fps             | 2096     |
|    time_elapsed    | 4029     |
|    total_timesteps | 8449248  |
| train/             |          |
|    actor_loss      | -0.661   |
|    critic_loss     | 0.000263 |
|    ent_coef        | 0.000129 |
|    ent_coef_loss   | 0.0746   |
|    learning_rate   | 0.0003   |
|    n_updates       | 528015   |
---------------------------------
---------------------------------
| rollout/           |          |
|    ep_len_mean     | 1.98e+03 |
|    ep_rew_mean     | 2.1e+03  |
| time/              |          |
|    episodes        | 5888     |
|    fps             | 2096     |
|    time_elapsed    | 4032     |
|    total_timesteps | 8455696  |
| train/             |          |
|    actor_loss      | -0.567   |
|    critic_loss     | 0.00034  |
|    ent_coef        | 0.000129 |
|    ent_coef_loss   | 1.14     |
|    learning_rate   | 0.0003   |
|    n_updates       | 528418   |
---------------------------------
---------------------------------
| rollout/           |          |
|    ep_len_mean     | 1.95e+03 |
|    ep_rew_mean     | 2.03e+03 |
| time/              |          |
|    episodes        | 5892     |
|    fps             | 2096     |
|    time_elapsed    | 4038     |
|    total_timesteps | 8468432  |
| train/             |          |
|    actor_loss      | -0.623   |
|    critic_loss     | 0.00038  |
|    ent_coef        | 0.000129 |
|    ent_coef_loss   | -0.27    |
|    learning_rate   | 0.0003   |
|    n_updates       | 529214   |
---------------------------------
---------------------------------
| rollout/           |          |
|    ep_len_mean     | 1.94e+03 |
|    ep_rew_mean     | 2.04e+03 |
| time/              |          |
|    episodes        | 5896     |
|    fps             | 2096     |
|    time_elapsed    | 4040     |
|    total_timesteps | 8472416  |
| train/             |          |
|    actor_loss      | -0.663   |
|    critic_loss     | 0.000359 |
|    ent_coef        | 0.000133 |
|    ent_coef_loss   | 0.645    |
|    learning_rate   | 0.0003   |
|    n_updates       | 529463   |
---------------------------------
---------------------------------
| rollout/           |          |
|    ep_len_mean     | 1.95e+03 |
|    ep_rew_mean     | 2.09e+03 |
| time/              |          |
|    episodes        | 5900     |
|    fps             | 2096     |
|    time_elapsed    | 4046     |
|    total_timesteps | 8485184  |
| train/             |          |
|    actor_loss      | -0.587   |
|    critic_loss     | 0.000239 |
|    ent_coef        | 0.000135 |
|    ent_coef_loss   | -4.04    |
|    learning_rate   | 0.0003   |
|    n_updates       | 530261   |
---------------------------------
---------------------------------
| rollout/           |          |
|    ep_len_mean     | 1.93e+03 |
|    ep_rew_mean     | 2.1e+03  |
| time/              |          |
|    episodes        | 5904     |
|    fps             | 2096     |
|    time_elapsed    | 4049     |
|    total_timesteps | 8490864  |
| train/             |          |
|    actor_loss      | -0.69    |
|    critic_loss     | 0.000232 |
|    ent_coef        | 0.000137 |
|    ent_coef_loss   | -0.251   |
|    learning_rate   | 0.0003   |
|    n_updates       | 530616   |
---------------------------------
---------------------------------
| rollout/           |          |
|    ep_len_mean     | 1.92e+03 |
|    ep_rew_mean     | 2.1e+03  |
| time/              |          |
|    episodes        | 5908     |
|    fps             | 2096     |
|    time_elapsed    | 4052     |
|    total_timesteps | 8497728  |
| train/             |          |
|    actor_loss      | -0.674   |
|    critic_loss     | 0.000285 |
|    ent_coef        | 0.000136 |
|    ent_coef_loss   | 0.707    |
|    learning_rate   | 0.0003   |
|    n_updates       | 531045   |
---------------------------------
---------------------------------
| rollout/           |          |
|    ep_len_mean     | 1.95e+03 |
|    ep_rew_mean     | 2.04e+03 |
| time/              |          |
|    episodes        | 5912     |
|    fps             | 2096     |
|    time_elapsed    | 4057     |
|    total_timesteps | 8509056  |
| train/             |          |
|    actor_loss      | -0.658   |
|    critic_loss     | 0.000408 |
|    ent_coef        | 0.000132 |
|    ent_coef_loss   | 2.76     |
|    learning_rate   | 0.0003   |
|    n_updates       | 531753   |
---------------------------------
---------------------------------
| rollout/           |          |
|    ep_len_mean     | 1.96e+03 |
|    ep_rew_mean     | 2.03e+03 |
| time/              |          |
|    episodes        | 5916     |
|    fps             | 2096     |
|    time_elapsed    | 4058     |
|    total_timesteps | 8510144  |
| train/             |          |
|    actor_loss      | -0.62    |
|    critic_loss     | 0.000299 |
|    ent_coef        | 0.000133 |
|    ent_coef_loss   | 2.53     |
|    learning_rate   | 0.0003   |
|    n_updates       | 531821   |
---------------------------------
---------------------------------
| rollout/           |          |
|    ep_len_mean     | 1.95e+03 |
|    ep_rew_mean     | 2.01e+03 |
| time/              |          |
|    episodes        | 5920     |
|    fps             | 2097     |
|    time_elapsed    | 4063     |
|    total_timesteps | 8522016  |
| train/             |          |
|    actor_loss      | -0.65    |
|    critic_loss     | 0.000295 |
|    ent_coef        | 0.000137 |
|    ent_coef_loss   | -2.84    |
|    learning_rate   | 0.0003   |
|    n_updates       | 532563   |
---------------------------------
---------------------------------
| rollout/           |          |
|    ep_len_mean     | 1.95e+03 |
|    ep_rew_mean     | 1.98e+03 |
| time/              |          |
|    episodes        | 5924     |
|    fps             | 2097     |
|    time_elapsed    | 4065     |
|    total_timesteps | 8526128  |
| train/             |          |
|    actor_loss      | -0.644   |
|    critic_loss     | 0.000321 |
|    ent_coef        | 0.000137 |
|    ent_coef_loss   | 3.35     |
|    learning_rate   | 0.0003   |
|    n_updates       | 532820   |
---------------------------------
---------------------------------
| rollout/           |          |
|    ep_len_mean     | 1.95e+03 |
|    ep_rew_mean     | 1.99e+03 |
| time/              |          |
|    episodes        | 5928     |
|    fps             | 2097     |
|    time_elapsed    | 4070     |
|    total_timesteps | 8535600  |
| train/             |          |
|    actor_loss      | -0.648   |
|    critic_loss     | 0.000303 |
|    ent_coef        | 0.000131 |
|    ent_coef_loss   | -0.0712  |
|    learning_rate   | 0.0003   |
|    n_updates       | 533412   |
---------------------------------
---------------------------------
| rollout/           |          |
|    ep_len_mean     | 1.96e+03 |
|    ep_rew_mean     | 2.04e+03 |
| time/              |          |
|    episodes        | 5932     |
|    fps             | 2097     |
|    time_elapsed    | 4077     |
|    total_timesteps | 8550608  |
| train/             |          |
|    actor_loss      | -0.65    |
|    critic_loss     | 0.000306 |
|    ent_coef        | 0.000128 |
|    ent_coef_loss   | -6.76    |
|    learning_rate   | 0.0003   |
|    n_updates       | 534350   |
---------------------------------
---------------------------------
| rollout/           |          |
|    ep_len_mean     | 1.96e+03 |
|    ep_rew_mean     | 2.02e+03 |
| time/              |          |
|    episodes        | 5936     |
|    fps             | 2097     |
|    time_elapsed    | 4078     |
|    total_timesteps | 8553120  |
| train/             |          |
|    actor_loss      | -0.662   |
|    critic_loss     | 0.000336 |
|    ent_coef        | 0.000124 |
|    ent_coef_loss   | 3.86     |
|    learning_rate   | 0.0003   |
|    n_updates       | 534507   |
---------------------------------
---------------------------------
| rollout/           |          |
|    ep_len_mean     | 1.95e+03 |
|    ep_rew_mean     | 1.95e+03 |
| time/              |          |
|    episodes        | 5940     |
|    fps             | 2097     |
|    time_elapsed    | 4082     |
|    total_timesteps | 8562160  |
| train/             |          |
|    actor_loss      | -0.66    |
|    critic_loss     | 0.000221 |
|    ent_coef        | 0.000125 |
|    ent_coef_loss   | -2       |
|    learning_rate   | 0.0003   |
|    n_updates       | 535072   |
---------------------------------
---------------------------------
| rollout/           |          |
|    ep_len_mean     | 1.97e+03 |
|    ep_rew_mean     | 1.97e+03 |
| time/              |          |
|    episodes        | 5944     |
|    fps             | 2097     |
|    time_elapsed    | 4085     |
|    total_timesteps | 8568080  |
| train/             |          |
|    actor_loss      | -0.624   |
|    critic_loss     | 0.000306 |
|    ent_coef        | 0.000122 |
|    ent_coef_loss   | 3.13     |
|    learning_rate   | 0.0003   |
|    n_updates       | 535442   |
---------------------------------
---------------------------------
| rollout/           |          |
|    ep_len_mean     | 1.96e+03 |
|    ep_rew_mean     | 2.03e+03 |
| time/              |          |
|    episodes        | 5948     |
|    fps             | 2097     |
|    time_elapsed    | 4089     |
|    total_timesteps | 8576624  |
| train/             |          |
|    actor_loss      | -0.548   |
|    critic_loss     | 0.000466 |
|    ent_coef        | 0.000127 |
|    ent_coef_loss   | 14.3     |
|    learning_rate   | 0.0003   |
|    n_updates       | 535976   |
---------------------------------
---------------------------------
| rollout/           |          |
|    ep_len_mean     | 1.94e+03 |
|    ep_rew_mean     | 2.07e+03 |
| time/              |          |
|    episodes        | 5952     |
|    fps             | 2097     |
|    time_elapsed    | 4091     |
|    total_timesteps | 8580576  |
| train/             |          |
|    actor_loss      | -0.639   |
|    critic_loss     | 0.000213 |
|    ent_coef        | 0.000135 |
|    ent_coef_loss   | -4.29    |
|    learning_rate   | 0.0003   |
|    n_updates       | 536223   |
---------------------------------
---------------------------------
| rollout/           |          |
|    ep_len_mean     | 1.93e+03 |
|    ep_rew_mean     | 2.09e+03 |
| time/              |          |
|    episodes        | 5956     |
|    fps             | 2097     |
|    time_elapsed    | 4093     |
|    total_timesteps | 8585376  |
| train/             |          |
|    actor_loss      | -0.656   |
|    critic_loss     | 0.000477 |
|    ent_coef        | 0.000139 |
|    ent_coef_loss   | -3.44    |
|    learning_rate   | 0.0003   |
|    n_updates       | 536523   |
---------------------------------
---------------------------------
| rollout/           |          |
|    ep_len_mean     | 1.93e+03 |
|    ep_rew_mean     | 2.08e+03 |
| time/              |          |
|    episodes        | 5960     |
|    fps             | 2097     |
|    time_elapsed    | 4097     |
|    total_timesteps | 8594224  |
| train/             |          |
|    actor_loss      | -0.648   |
|    critic_loss     | 0.000249 |
|    ent_coef        | 0.000126 |
|    ent_coef_loss   | -2.24    |
|    learning_rate   | 0.0003   |
|    n_updates       | 537076   |
---------------------------------
---------------------------------
| rollout/           |          |
|    ep_len_mean     | 1.9e+03  |
|    ep_rew_mean     | 2.08e+03 |
| time/              |          |
|    episodes        | 5964     |
|    fps             | 2097     |
|    time_elapsed    | 4103     |
|    total_timesteps | 8607680  |
| train/             |          |
|    actor_loss      | -0.621   |
|    critic_loss     | 0.00212  |
|    ent_coef        | 0.000115 |
|    ent_coef_loss   | -3.89    |
|    learning_rate   | 0.0003   |
|    n_updates       | 537917   |
---------------------------------
---------------------------------
| rollout/           |          |
|    ep_len_mean     | 1.91e+03 |
|    ep_rew_mean     | 2.09e+03 |
| time/              |          |
|    episodes        | 5968     |
|    fps             | 2097     |
|    time_elapsed    | 4106     |
|    total_timesteps | 8614224  |
| train/             |          |
|    actor_loss      | -0.729   |
|    critic_loss     | 0.000179 |
|    ent_coef        | 0.00012  |
|    ent_coef_loss   | -1.33    |
|    learning_rate   | 0.0003   |
|    n_updates       | 538326   |
---------------------------------
---------------------------------
| rollout/           |          |
|    ep_len_mean     | 1.92e+03 |
|    ep_rew_mean     | 2.1e+03  |
| time/              |          |
|    episodes        | 5972     |
|    fps             | 2097     |
|    time_elapsed    | 4108     |
|    total_timesteps | 8617568  |
| train/             |          |
|    actor_loss      | -0.576   |
|    critic_loss     | 0.000387 |
|    ent_coef        | 0.000127 |
|    ent_coef_loss   | 5        |
|    learning_rate   | 0.0003   |
|    n_updates       | 538535   |
---------------------------------
---------------------------------
| rollout/           |          |
|    ep_len_mean     | 1.91e+03 |
|    ep_rew_mean     | 2.12e+03 |
| time/              |          |
|    episodes        | 5976     |
|    fps             | 2097     |
|    time_elapsed    | 4111     |
|    total_timesteps | 8623584  |
| train/             |          |
|    actor_loss      | -0.604   |
|    critic_loss     | 0.00184  |
|    ent_coef        | 0.000127 |
|    ent_coef_loss   | -2.13    |
|    learning_rate   | 0.0003   |
|    n_updates       | 538911   |
---------------------------------
---------------------------------
| rollout/           |          |
|    ep_len_mean     | 1.9e+03  |
|    ep_rew_mean     | 2.12e+03 |
| time/              |          |
|    episodes        | 5980     |
|    fps             | 2097     |
|    time_elapsed    | 4116     |
|    total_timesteps | 8635920  |
| train/             |          |
|    actor_loss      | -0.665   |
|    critic_loss     | 0.026    |
|    ent_coef        | 0.000117 |
|    ent_coef_loss   | 0.405    |
|    learning_rate   | 0.0003   |
|    n_updates       | 539682   |
---------------------------------
---------------------------------
| rollout/           |          |
|    ep_len_mean     | 1.86e+03 |
|    ep_rew_mean     | 2.12e+03 |
| time/              |          |
|    episodes        | 5984     |
|    fps             | 2097     |
|    time_elapsed    | 4117     |
|    total_timesteps | 8637264  |
| train/             |          |
|    actor_loss      | -0.626   |
|    critic_loss     | 0.00025  |
|    ent_coef        | 0.000119 |
|    ent_coef_loss   | 3.13     |
|    learning_rate   | 0.0003   |
|    n_updates       | 539766   |
---------------------------------
---------------------------------
| rollout/           |          |
|    ep_len_mean     | 1.85e+03 |
|    ep_rew_mean     | 2.08e+03 |
| time/              |          |
|    episodes        | 5988     |
|    fps             | 2097     |
|    time_elapsed    | 4120     |
|    total_timesteps | 8644352  |
| train/             |          |
|    actor_loss      | -0.577   |
|    critic_loss     | 0.000404 |
|    ent_coef        | 0.000114 |
|    ent_coef_loss   | 1.53     |
|    learning_rate   | 0.0003   |
|    n_updates       | 540209   |
---------------------------------
---------------------------------
| rollout/           |          |
|    ep_len_mean     | 1.87e+03 |
|    ep_rew_mean     | 2.11e+03 |
| time/              |          |
|    episodes        | 5992     |
|    fps             | 2097     |
|    time_elapsed    | 4123     |
|    total_timesteps | 8650656  |
| train/             |          |
|    actor_loss      | -0.642   |
|    critic_loss     | 0.000397 |
|    ent_coef        | 0.000115 |
|    ent_coef_loss   | -0.472   |
|    learning_rate   | 0.0003   |
|    n_updates       | 540603   |
---------------------------------
---------------------------------
| rollout/           |          |
|    ep_len_mean     | 1.86e+03 |
|    ep_rew_mean     | 2.07e+03 |
| time/              |          |
|    episodes        | 5996     |
|    fps             | 2097     |
|    time_elapsed    | 4129     |
|    total_timesteps | 8661696  |
| train/             |          |
|    actor_loss      | -0.621   |
|    critic_loss     | 0.00145  |
|    ent_coef        | 0.000128 |
|    ent_coef_loss   | 9.62     |
|    learning_rate   | 0.0003   |
|    n_updates       | 541293   |
---------------------------------
---------------------------------
| rollout/           |          |
|    ep_len_mean     | 1.85e+03 |
|    ep_rew_mean     | 2.04e+03 |
| time/              |          |
|    episodes        | 6000     |
|    fps             | 2097     |
|    time_elapsed    | 4129     |
|    total_timesteps | 8662240  |
| train/             |          |
|    actor_loss      | -0.678   |
|    critic_loss     | 0.000276 |
|    ent_coef        | 0.000131 |
|    ent_coef_loss   | 2.89     |
|    learning_rate   | 0.0003   |
|    n_updates       | 541327   |
---------------------------------
---------------------------------
| rollout/           |          |
|    ep_len_mean     | 1.85e+03 |
|    ep_rew_mean     | 2.05e+03 |
| time/              |          |
|    episodes        | 6004     |
|    fps             | 2097     |
|    time_elapsed    | 4133     |
|    total_timesteps | 8669680  |
| train/             |          |
|    actor_loss      | -0.555   |
|    critic_loss     | 0.000281 |
|    ent_coef        | 0.000141 |
|    ent_coef_loss   | 2.36     |
|    learning_rate   | 0.0003   |
|    n_updates       | 541792   |
---------------------------------
---------------------------------
| rollout/           |          |
|    ep_len_mean     | 1.83e+03 |
|    ep_rew_mean     | 2.04e+03 |
| time/              |          |
|    episodes        | 6008     |
|    fps             | 2097     |
|    time_elapsed    | 4135     |
|    total_timesteps | 8673952  |
| train/             |          |
|    actor_loss      | -0.597   |
|    critic_loss     | 0.000284 |
|    ent_coef        | 0.000142 |
|    ent_coef_loss   | -1.49    |
|    learning_rate   | 0.0003   |
|    n_updates       | 542059   |
---------------------------------
---------------------------------
| rollout/           |          |
|    ep_len_mean     | 1.81e+03 |
|    ep_rew_mean     | 2.06e+03 |
| time/              |          |
|    episodes        | 6012     |
|    fps             | 2097     |
|    time_elapsed    | 4139     |
|    total_timesteps | 8684224  |
| train/             |          |
|    actor_loss      | -0.635   |
|    critic_loss     | 0.000299 |
|    ent_coef        | 0.000127 |
|    ent_coef_loss   | -4.83    |
|    learning_rate   | 0.0003   |
|    n_updates       | 542701   |
---------------------------------
---------------------------------
| rollout/           |          |
|    ep_len_mean     | 1.78e+03 |
|    ep_rew_mean     | 2.01e+03 |
| time/              |          |
|    episodes        | 6016     |
|    fps             | 2097     |
|    time_elapsed    | 4140     |
|    total_timesteps | 8686096  |
| train/             |          |
|    actor_loss      | -0.546   |
|    critic_loss     | 0.000311 |
|    ent_coef        | 0.000125 |
|    ent_coef_loss   | 5.14     |
|    learning_rate   | 0.0003   |
|    n_updates       | 542818   |
---------------------------------
---------------------------------
| rollout/           |          |
|    ep_len_mean     | 1.77e+03 |
|    ep_rew_mean     | 2.01e+03 |
| time/              |          |
|    episodes        | 6020     |
|    fps             | 2097     |
|    time_elapsed    | 4143     |
|    total_timesteps | 8691184  |
| train/             |          |
|    actor_loss      | -0.614   |
|    critic_loss     | 0.00114  |
|    ent_coef        | 0.000119 |
|    ent_coef_loss   | 3.34     |
|    learning_rate   | 0.0003   |
|    n_updates       | 543136   |
---------------------------------
---------------------------------
| rollout/           |          |
|    ep_len_mean     | 1.73e+03 |
|    ep_rew_mean     | 2e+03    |
| time/              |          |
|    episodes        | 6024     |
|    fps             | 2097     |
|    time_elapsed    | 4145     |
|    total_timesteps | 8695536  |
| train/             |          |
|    actor_loss      | -0.66    |
|    critic_loss     | 0.000326 |
|    ent_coef        | 0.000116 |
|    ent_coef_loss   | 7.22     |
|    learning_rate   | 0.0003   |
|    n_updates       | 543408   |
---------------------------------
---------------------------------
| rollout/           |          |
|    ep_len_mean     | 1.71e+03 |
|    ep_rew_mean     | 2.01e+03 |
| time/              |          |
|    episodes        | 6028     |
|    fps             | 2097     |
|    time_elapsed    | 4148     |
|    total_timesteps | 8703344  |
| train/             |          |
|    actor_loss      | -0.704   |
|    critic_loss     | 0.000667 |
|    ent_coef        | 0.000117 |
|    ent_coef_loss   | -1.05    |
|    learning_rate   | 0.0003   |
|    n_updates       | 543896   |
---------------------------------
---------------------------------
| rollout/           |          |
|    ep_len_mean     | 1.7e+03  |
|    ep_rew_mean     | 2e+03    |
| time/              |          |
|    episodes        | 6032     |
|    fps             | 2097     |
|    time_elapsed    | 4155     |
|    total_timesteps | 8717232  |
| train/             |          |
|    actor_loss      | -0.673   |
|    critic_loss     | 0.000339 |
|    ent_coef        | 0.000138 |
|    ent_coef_loss   | -2.17    |
|    learning_rate   | 0.0003   |
|    n_updates       | 544764   |
---------------------------------
---------------------------------
| rollout/           |          |
|    ep_len_mean     | 1.67e+03 |
|    ep_rew_mean     | 1.95e+03 |
| time/              |          |
|    episodes        | 6036     |
|    fps             | 2097     |
|    time_elapsed    | 4156     |
|    total_timesteps | 8719600  |
| train/             |          |
|    actor_loss      | -0.625   |
|    critic_loss     | 0.000723 |
|    ent_coef        | 0.000142 |
|    ent_coef_loss   | 9.2      |
|    learning_rate   | 0.0003   |
|    n_updates       | 544912   |
---------------------------------
---------------------------------
| rollout/           |          |
|    ep_len_mean     | 1.69e+03 |
|    ep_rew_mean     | 2.01e+03 |
| time/              |          |
|    episodes        | 6040     |
|    fps             | 2097     |
|    time_elapsed    | 4160     |
|    total_timesteps | 8728384  |
| train/             |          |
|    actor_loss      | -0.637   |
|    critic_loss     | 0.000245 |
|    ent_coef        | 0.000143 |
|    ent_coef_loss   | -1.37    |
|    learning_rate   | 0.0003   |
|    n_updates       | 545461   |
---------------------------------
---------------------------------
| rollout/           |          |
|    ep_len_mean     | 1.64e+03 |
|    ep_rew_mean     | 1.97e+03 |
| time/              |          |
|    episodes        | 6044     |
|    fps             | 2097     |
|    time_elapsed    | 4162     |
|    total_timesteps | 8732928  |
| train/             |          |
|    actor_loss      | -0.647   |
|    critic_loss     | 0.000298 |
|    ent_coef        | 0.000139 |
|    ent_coef_loss   | -5.18    |
|    learning_rate   | 0.0003   |
|    n_updates       | 545745   |
---------------------------------
---------------------------------
| rollout/           |          |
|    ep_len_mean     | 1.63e+03 |
|    ep_rew_mean     | 1.99e+03 |
| time/              |          |
|    episodes        | 6048     |
|    fps             | 2097     |
|    time_elapsed    | 4163     |
|    total_timesteps | 8734752  |
| train/             |          |
|    actor_loss      | -0.722   |
|    critic_loss     | 0.000275 |
|    ent_coef        | 0.000141 |
|    ent_coef_loss   | 2.19     |
|    learning_rate   | 0.0003   |
|    n_updates       | 545859   |
---------------------------------
---------------------------------
| rollout/           |          |
|    ep_len_mean     | 1.62e+03 |
|    ep_rew_mean     | 1.98e+03 |
| time/              |          |
|    episodes        | 6052     |
|    fps             | 2098     |
|    time_elapsed    | 4168     |
|    total_timesteps | 8745328  |
| train/             |          |
|    actor_loss      | -0.561   |
|    critic_loss     | 0.000351 |
|    ent_coef        | 0.00013  |
|    ent_coef_loss   | -0.786   |
|    learning_rate   | 0.0003   |
|    n_updates       | 546520   |
---------------------------------
---------------------------------
| rollout/           |          |
|    ep_len_mean     | 1.65e+03 |
|    ep_rew_mean     | 1.95e+03 |
| time/              |          |
|    episodes        | 6056     |
|    fps             | 2098     |
|    time_elapsed    | 4175     |
|    total_timesteps | 8760480  |
| train/             |          |
|    actor_loss      | -0.644   |
|    critic_loss     | 0.00242  |
|    ent_coef        | 0.000123 |
|    ent_coef_loss   | 3.51     |
|    learning_rate   | 0.0003   |
|    n_updates       | 547467   |
---------------------------------
---------------------------------
| rollout/           |          |
|    ep_len_mean     | 1.67e+03 |
|    ep_rew_mean     | 2.02e+03 |
| time/              |          |
|    episodes        | 6060     |
|    fps             | 2098     |
|    time_elapsed    | 4178     |
|    total_timesteps | 8766912  |
| train/             |          |
|    actor_loss      | -0.608   |
|    critic_loss     | 0.00186  |
|    ent_coef        | 0.000122 |
|    ent_coef_loss   | -1.39    |
|    learning_rate   | 0.0003   |
|    n_updates       | 547869   |
---------------------------------
---------------------------------
| rollout/           |          |
|    ep_len_mean     | 1.68e+03 |
|    ep_rew_mean     | 2.12e+03 |
| time/              |          |
|    episodes        | 6064     |
|    fps             | 2098     |
|    time_elapsed    | 4181     |
|    total_timesteps | 8773216  |
| train/             |          |
|    actor_loss      | -0.64    |
|    critic_loss     | 0.000558 |
|    ent_coef        | 0.000126 |
|    ent_coef_loss   | 2.05     |
|    learning_rate   | 0.0003   |
|    n_updates       | 548263   |
---------------------------------
---------------------------------
| rollout/           |          |
|    ep_len_mean     | 1.71e+03 |
|    ep_rew_mean     | 2.1e+03  |
| time/              |          |
|    episodes        | 6068     |
|    fps             | 2098     |
|    time_elapsed    | 4185     |
|    total_timesteps | 8782640  |
| train/             |          |
|    actor_loss      | -0.707   |
|    critic_loss     | 0.000212 |
|    ent_coef        | 0.00013  |
|    ent_coef_loss   | -5.59    |
|    learning_rate   | 0.0003   |
|    n_updates       | 548852   |
---------------------------------
---------------------------------
| rollout/           |          |
|    ep_len_mean     | 1.72e+03 |
|    ep_rew_mean     | 2.09e+03 |
| time/              |          |
|    episodes        | 6072     |
|    fps             | 2098     |
|    time_elapsed    | 4190     |
|    total_timesteps | 8792736  |
| train/             |          |
|    actor_loss      | -0.656   |
|    critic_loss     | 0.000225 |
|    ent_coef        | 0.000125 |
|    ent_coef_loss   | 1.62     |
|    learning_rate   | 0.0003   |
|    n_updates       | 549483   |
---------------------------------
---------------------------------
| rollout/           |          |
|    ep_len_mean     | 1.72e+03 |
|    ep_rew_mean     | 2.05e+03 |
| time/              |          |
|    episodes        | 6076     |
|    fps             | 2098     |
|    time_elapsed    | 4192     |
|    total_timesteps | 8796816  |
| train/             |          |
|    actor_loss      | -0.589   |
|    critic_loss     | 0.000288 |
|    ent_coef        | 0.000133 |
|    ent_coef_loss   | 8.52     |
|    learning_rate   | 0.0003   |
|    n_updates       | 549738   |
---------------------------------
---------------------------------
| rollout/           |          |
|    ep_len_mean     | 1.69e+03 |
|    ep_rew_mean     | 2.05e+03 |
| time/              |          |
|    episodes        | 6080     |
|    fps             | 2098     |
|    time_elapsed    | 4193     |
|    total_timesteps | 8798368  |
| train/             |          |
|    actor_loss      | -0.629   |
|    critic_loss     | 0.000312 |
|    ent_coef        | 0.000137 |
|    ent_coef_loss   | 8.4      |
|    learning_rate   | 0.0003   |
|    n_updates       | 549835   |
---------------------------------
---------------------------------
| rollout/           |          |
|    ep_len_mean     | 1.72e+03 |
|    ep_rew_mean     | 2.11e+03 |
| time/              |          |
|    episodes        | 6084     |
|    fps             | 2098     |
|    time_elapsed    | 4199     |
|    total_timesteps | 8810336  |
| train/             |          |
|    actor_loss      | -0.676   |
|    critic_loss     | 0.000301 |
|    ent_coef        | 0.000132 |
|    ent_coef_loss   | 3.77     |
|    learning_rate   | 0.0003   |
|    n_updates       | 550583   |
---------------------------------
---------------------------------
| rollout/           |          |
|    ep_len_mean     | 1.71e+03 |
|    ep_rew_mean     | 2.09e+03 |
| time/              |          |
|    episodes        | 6088     |
|    fps             | 2098     |
|    time_elapsed    | 4205     |
|    total_timesteps | 8822448  |
| train/             |          |
|    actor_loss      | -0.721   |
|    critic_loss     | 0.000333 |
|    ent_coef        | 0.00014  |
|    ent_coef_loss   | -6.2     |
|    learning_rate   | 0.0003   |
|    n_updates       | 551340   |
---------------------------------
---------------------------------
| rollout/           |          |
|    ep_len_mean     | 1.7e+03  |
|    ep_rew_mean     | 2.03e+03 |
| time/              |          |
|    episodes        | 6092     |
|    fps             | 2098     |
|    time_elapsed    | 4206     |
|    total_timesteps | 8825456  |
| train/             |          |
|    actor_loss      | -0.724   |
|    critic_loss     | 0.000358 |
|    ent_coef        | 0.000135 |
|    ent_coef_loss   | -5.53    |
|    learning_rate   | 0.0003   |
|    n_updates       | 551528   |
---------------------------------
---------------------------------
| rollout/           |          |
|    ep_len_mean     | 1.71e+03 |
|    ep_rew_mean     | 2.07e+03 |
| time/              |          |
|    episodes        | 6096     |
|    fps             | 2098     |
|    time_elapsed    | 4208     |
|    total_timesteps | 8828720  |
| train/             |          |
|    actor_loss      | -0.638   |
|    critic_loss     | 0.00314  |
|    ent_coef        | 0.000131 |
|    ent_coef_loss   | -2.36    |
|    learning_rate   | 0.0003   |
|    n_updates       | 551732   |
---------------------------------
---------------------------------
| rollout/           |          |
|    ep_len_mean     | 1.71e+03 |
|    ep_rew_mean     | 2.1e+03  |
| time/              |          |
|    episodes        | 6100     |
|    fps             | 2098     |
|    time_elapsed    | 4212     |
|    total_timesteps | 8837632  |
| train/             |          |
|    actor_loss      | -0.675   |
|    critic_loss     | 0.000307 |
|    ent_coef        | 0.000139 |
|    ent_coef_loss   | 1.19     |
|    learning_rate   | 0.0003   |
|    n_updates       | 552289   |
---------------------------------
---------------------------------
| rollout/           |          |
|    ep_len_mean     | 1.74e+03 |
|    ep_rew_mean     | 2.15e+03 |
| time/              |          |
|    episodes        | 6104     |
|    fps             | 2098     |
|    time_elapsed    | 4214     |
|    total_timesteps | 8843472  |
| train/             |          |
|    actor_loss      | -0.694   |
|    critic_loss     | 0.000348 |
|    ent_coef        | 0.000144 |
|    ent_coef_loss   | -1.86    |
|    learning_rate   | 0.0003   |
|    n_updates       | 552654   |
---------------------------------
---------------------------------
| rollout/           |          |
|    ep_len_mean     | 1.73e+03 |
|    ep_rew_mean     | 2.14e+03 |
| time/              |          |
|    episodes        | 6108     |
|    fps             | 2098     |
|    time_elapsed    | 4218     |
|    total_timesteps | 8850192  |
| train/             |          |
|    actor_loss      | -0.745   |
|    critic_loss     | 0.000245 |
|    ent_coef        | 0.00015  |
|    ent_coef_loss   | -0.672   |
|    learning_rate   | 0.0003   |
|    n_updates       | 553074   |
---------------------------------
---------------------------------
| rollout/           |          |
|    ep_len_mean     | 1.73e+03 |
|    ep_rew_mean     | 2.13e+03 |
| time/              |          |
|    episodes        | 6112     |
|    fps             | 2098     |
|    time_elapsed    | 4221     |
|    total_timesteps | 8857200  |
| train/             |          |
|    actor_loss      | -0.678   |
|    critic_loss     | 0.000281 |
|    ent_coef        | 0.000137 |
|    ent_coef_loss   | -1.43    |
|    learning_rate   | 0.0003   |
|    n_updates       | 553512   |
---------------------------------
---------------------------------
| rollout/           |          |
|    ep_len_mean     | 1.74e+03 |
|    ep_rew_mean     | 2.16e+03 |
| time/              |          |
|    episodes        | 6116     |
|    fps             | 2098     |
|    time_elapsed    | 4221     |
|    total_timesteps | 8857552  |
| train/             |          |
|    actor_loss      | -0.733   |
|    critic_loss     | 0.00322  |
|    ent_coef        | 0.000136 |
|    ent_coef_loss   | -6.75    |
|    learning_rate   | 0.0003   |
|    n_updates       | 553534   |
---------------------------------
---------------------------------
| rollout/           |          |
|    ep_len_mean     | 1.74e+03 |
|    ep_rew_mean     | 2.17e+03 |
| time/              |          |
|    episodes        | 6120     |
|    fps             | 2098     |
|    time_elapsed    | 4228     |
|    total_timesteps | 8871760  |
| train/             |          |
|    actor_loss      | -0.628   |
|    critic_loss     | 0.00055  |
|    ent_coef        | 0.000131 |
|    ent_coef_loss   | -1.44    |
|    learning_rate   | 0.0003   |
|    n_updates       | 554422   |
---------------------------------
---------------------------------
| rollout/           |          |
|    ep_len_mean     | 1.75e+03 |
|    ep_rew_mean     | 2.16e+03 |
| time/              |          |
|    episodes        | 6124     |
|    fps             | 2098     |
|    time_elapsed    | 4228     |
|    total_timesteps | 8873360  |
| train/             |          |
|    actor_loss      | -0.729   |
|    critic_loss     | 0.000358 |
|    ent_coef        | 0.000133 |
|    ent_coef_loss   | 3.45     |
|    learning_rate   | 0.0003   |
|    n_updates       | 554522   |
---------------------------------
---------------------------------
| rollout/           |          |
|    ep_len_mean     | 1.74e+03 |
|    ep_rew_mean     | 2.13e+03 |
| time/              |          |
|    episodes        | 6128     |
|    fps             | 2098     |
|    time_elapsed    | 4228     |
|    total_timesteps | 8873616  |
| train/             |          |
|    actor_loss      | -0.633   |
|    critic_loss     | 0.00415  |
|    ent_coef        | 0.000134 |
|    ent_coef_loss   | 6.23     |
|    learning_rate   | 0.0003   |
|    n_updates       | 554538   |
---------------------------------
---------------------------------
| rollout/           |          |
|    ep_len_mean     | 1.75e+03 |
|    ep_rew_mean     | 2.05e+03 |
| time/              |          |
|    episodes        | 6132     |
|    fps             | 2098     |
|    time_elapsed    | 4235     |
|    total_timesteps | 8887008  |
| train/             |          |
|    actor_loss      | -0.808   |
|    critic_loss     | 0.00228  |
|    ent_coef        | 0.000141 |
|    ent_coef_loss   | -4.52    |
|    learning_rate   | 0.0003   |
|    n_updates       | 555375   |
---------------------------------
---------------------------------
| rollout/           |          |
|    ep_len_mean     | 1.76e+03 |
|    ep_rew_mean     | 2.08e+03 |
| time/              |          |
|    episodes        | 6136     |
|    fps             | 2098     |
|    time_elapsed    | 4240     |
|    total_timesteps | 8899344  |
| train/             |          |
|    actor_loss      | -0.685   |
|    critic_loss     | 0.000409 |
|    ent_coef        | 0.000145 |
|    ent_coef_loss   | 4.25     |
|    learning_rate   | 0.0003   |
|    n_updates       | 556146   |
---------------------------------
---------------------------------
| rollout/           |          |
|    ep_len_mean     | 1.72e+03 |
|    ep_rew_mean     | 2.05e+03 |
| time/              |          |
|    episodes        | 6140     |
|    fps             | 2098     |
|    time_elapsed    | 4245     |
|    total_timesteps | 8909856  |
| train/             |          |
|    actor_loss      | -0.723   |
|    critic_loss     | 0.000234 |
|    ent_coef        | 0.000147 |
|    ent_coef_loss   | -7.76    |
|    learning_rate   | 0.0003   |
|    n_updates       | 556803   |
---------------------------------
---------------------------------
| rollout/           |          |
|    ep_len_mean     | 1.76e+03 |
|    ep_rew_mean     | 2.1e+03  |
| time/              |          |
|    episodes        | 6144     |
|    fps             | 2098     |
|    time_elapsed    | 4246     |
|    total_timesteps | 8911200  |
| train/             |          |
|    actor_loss      | -0.691   |
|    critic_loss     | 0.0191   |
|    ent_coef        | 0.000144 |
|    ent_coef_loss   | 1.62     |
|    learning_rate   | 0.0003   |
|    n_updates       | 556887   |
---------------------------------
---------------------------------
| rollout/           |          |
|    ep_len_mean     | 1.78e+03 |
|    ep_rew_mean     | 2.13e+03 |
| time/              |          |
|    episodes        | 6148     |
|    fps             | 2098     |
|    time_elapsed    | 4247     |
|    total_timesteps | 8912928  |
| train/             |          |
|    actor_loss      | -0.684   |
|    critic_loss     | 0.000431 |
|    ent_coef        | 0.000142 |
|    ent_coef_loss   | -0.524   |
|    learning_rate   | 0.0003   |
|    n_updates       | 556995   |
---------------------------------
---------------------------------
| rollout/           |          |
|    ep_len_mean     | 1.8e+03  |
|    ep_rew_mean     | 2.13e+03 |
| time/              |          |
|    episodes        | 6152     |
|    fps             | 2098     |
|    time_elapsed    | 4253     |
|    total_timesteps | 8925840  |
| train/             |          |
|    actor_loss      | -0.715   |
|    critic_loss     | 0.000249 |
|    ent_coef        | 0.00014  |
|    ent_coef_loss   | 5.76     |
|    learning_rate   | 0.0003   |
|    n_updates       | 557802   |
---------------------------------
---------------------------------
| rollout/           |          |
|    ep_len_mean     | 1.78e+03 |
|    ep_rew_mean     | 2.14e+03 |
| time/              |          |
|    episodes        | 6156     |
|    fps             | 2098     |
|    time_elapsed    | 4257     |
|    total_timesteps | 8933616  |
| train/             |          |
|    actor_loss      | -0.713   |
|    critic_loss     | 0.000254 |
|    ent_coef        | 0.000144 |
|    ent_coef_loss   | -3.99    |
|    learning_rate   | 0.0003   |
|    n_updates       | 558288   |
---------------------------------
---------------------------------
| rollout/           |          |
|    ep_len_mean     | 1.76e+03 |
|    ep_rew_mean     | 2.12e+03 |
| time/              |          |
|    episodes        | 6160     |
|    fps             | 2098     |
|    time_elapsed    | 4260     |
|    total_timesteps | 8939184  |
| train/             |          |
|    actor_loss      | -0.816   |
|    critic_loss     | 0.000453 |
|    ent_coef        | 0.000153 |
|    ent_coef_loss   | -6.14    |
|    learning_rate   | 0.0003   |
|    n_updates       | 558636   |
---------------------------------
---------------------------------
| rollout/           |          |
|    ep_len_mean     | 1.75e+03 |
|    ep_rew_mean     | 2.05e+03 |
| time/              |          |
|    episodes        | 6164     |
|    fps             | 2098     |
|    time_elapsed    | 4261     |
|    total_timesteps | 8943024  |
| train/             |          |
|    actor_loss      | -0.705   |
|    critic_loss     | 0.000214 |
|    ent_coef        | 0.000158 |
|    ent_coef_loss   | 6.69     |
|    learning_rate   | 0.0003   |
|    n_updates       | 558876   |
---------------------------------
---------------------------------
| rollout/           |          |
|    ep_len_mean     | 1.74e+03 |
|    ep_rew_mean     | 1.99e+03 |
| time/              |          |
|    episodes        | 6168     |
|    fps             | 2098     |
|    time_elapsed    | 4267     |
|    total_timesteps | 8955216  |
| train/             |          |
|    actor_loss      | -0.713   |
|    critic_loss     | 0.000291 |
|    ent_coef        | 0.000159 |
|    ent_coef_loss   | 3.6      |
|    learning_rate   | 0.0003   |
|    n_updates       | 559638   |
---------------------------------
---------------------------------
| rollout/           |          |
|    ep_len_mean     | 1.71e+03 |
|    ep_rew_mean     | 1.95e+03 |
| time/              |          |
|    episodes        | 6172     |
|    fps             | 2098     |
|    time_elapsed    | 4269     |
|    total_timesteps | 8958416  |
| train/             |          |
|    actor_loss      | -0.712   |
|    critic_loss     | 0.000334 |
|    ent_coef        | 0.000161 |
|    ent_coef_loss   | -0.832   |
|    learning_rate   | 0.0003   |
|    n_updates       | 559838   |
---------------------------------
---------------------------------
| rollout/           |          |
|    ep_len_mean     | 1.66e+03 |
|    ep_rew_mean     | 1.91e+03 |
| time/              |          |
|    episodes        | 6176     |
|    fps             | 2098     |
|    time_elapsed    | 4270     |
|    total_timesteps | 8960960  |
| train/             |          |
|    actor_loss      | -0.663   |
|    critic_loss     | 0.000391 |
|    ent_coef        | 0.000154 |
|    ent_coef_loss   | -6.9     |
|    learning_rate   | 0.0003   |
|    n_updates       | 559997   |
---------------------------------
---------------------------------
| rollout/           |          |
|    ep_len_mean     | 1.65e+03 |
|    ep_rew_mean     | 1.9e+03  |
| time/              |          |
|    episodes        | 6180     |
|    fps             | 2098     |
|    time_elapsed    | 4272     |
|    total_timesteps | 8964448  |
| train/             |          |
|    actor_loss      | -0.713   |
|    critic_loss     | 0.000328 |
|    ent_coef        | 0.000146 |
|    ent_coef_loss   | -2.04    |
|    learning_rate   | 0.0003   |
|    n_updates       | 560215   |
---------------------------------
---------------------------------
| rollout/           |          |
|    ep_len_mean     | 1.64e+03 |
|    ep_rew_mean     | 1.86e+03 |
| time/              |          |
|    episodes        | 6184     |
|    fps             | 2098     |
|    time_elapsed    | 4275     |
|    total_timesteps | 8970864  |
| train/             |          |
|    actor_loss      | -0.766   |
|    critic_loss     | 0.000784 |
|    ent_coef        | 0.000141 |
|    ent_coef_loss   | 4.09     |
|    learning_rate   | 0.0003   |
|    n_updates       | 560616   |
---------------------------------
---------------------------------
| rollout/           |          |
|    ep_len_mean     | 1.66e+03 |
|    ep_rew_mean     | 1.88e+03 |
| time/              |          |
|    episodes        | 6188     |
|    fps             | 2098     |
|    time_elapsed    | 4283     |
|    total_timesteps | 8988176  |
| train/             |          |
|    actor_loss      | -0.724   |
|    critic_loss     | 0.0322   |
|    ent_coef        | 0.000139 |
|    ent_coef_loss   | -3.37    |
|    learning_rate   | 0.0003   |
|    n_updates       | 561698   |
---------------------------------
---------------------------------
| rollout/           |          |
|    ep_len_mean     | 1.67e+03 |
|    ep_rew_mean     | 1.99e+03 |
| time/              |          |
|    episodes        | 6192     |
|    fps             | 2098     |
|    time_elapsed    | 4283     |
|    total_timesteps | 8988640  |
| train/             |          |
|    actor_loss      | -0.76    |
|    critic_loss     | 0.000364 |
|    ent_coef        | 0.000139 |
|    ent_coef_loss   | -1.01    |
|    learning_rate   | 0.0003   |
|    n_updates       | 561727   |
---------------------------------
---------------------------------
| rollout/           |          |
|    ep_len_mean     | 1.65e+03 |
|    ep_rew_mean     | 1.98e+03 |
| time/              |          |
|    episodes        | 6196     |
|    fps             | 2098     |
|    time_elapsed    | 4285     |
|    total_timesteps | 8994016  |
| train/             |          |
|    actor_loss      | -0.661   |
|    critic_loss     | 0.00031  |
|    ent_coef        | 0.000138 |
|    ent_coef_loss   | 1.26     |
|    learning_rate   | 0.0003   |
|    n_updates       | 562063   |
---------------------------------
---------------------------------
| rollout/           |          |
|    ep_len_mean     | 1.67e+03 |
|    ep_rew_mean     | 1.99e+03 |
| time/              |          |
|    episodes        | 6200     |
|    fps             | 2098     |
|    time_elapsed    | 4288     |
|    total_timesteps | 8999840  |
| train/             |          |
|    actor_loss      | -0.73    |
|    critic_loss     | 0.000359 |
|    ent_coef        | 0.000135 |
|    ent_coef_loss   | -0.513   |
|    learning_rate   | 0.0003   |
|    n_updates       | 562427   |
---------------------------------
---------------------------------
| rollout/           |          |
|    ep_len_mean     | 1.63e+03 |
|    ep_rew_mean     | 1.93e+03 |
| time/              |          |
|    episodes        | 6204     |
|    fps             | 2098     |
|    time_elapsed    | 4294     |
|    total_timesteps | 9012576  |
| train/             |          |
|    actor_loss      | -0.755   |
|    critic_loss     | 0.000242 |
|    ent_coef        | 0.000127 |
|    ent_coef_loss   | 0.515    |
|    learning_rate   | 0.0003   |
|    n_updates       | 563223   |
---------------------------------
---------------------------------
| rollout/           |          |
|    ep_len_mean     | 1.63e+03 |
|    ep_rew_mean     | 1.89e+03 |
| time/              |          |
|    episodes        | 6208     |
|    fps             | 2098     |
|    time_elapsed    | 4298     |
|    total_timesteps | 9020128  |
| train/             |          |
|    actor_loss      | -0.652   |
|    critic_loss     | 0.000342 |
|    ent_coef        | 0.000129 |
|    ent_coef_loss   | 6.05     |
|    learning_rate   | 0.0003   |
|    n_updates       | 563695   |
---------------------------------
---------------------------------
| rollout/           |          |
|    ep_len_mean     | 1.65e+03 |
|    ep_rew_mean     | 1.9e+03  |
| time/              |          |
|    episodes        | 6212     |
|    fps             | 2098     |
|    time_elapsed    | 4299     |
|    total_timesteps | 9022464  |
| train/             |          |
|    actor_loss      | -0.686   |
|    critic_loss     | 0.0114   |
|    ent_coef        | 0.000132 |
|    ent_coef_loss   | 2.82     |
|    learning_rate   | 0.0003   |
|    n_updates       | 563841   |
---------------------------------
---------------------------------
| rollout/           |          |
|    ep_len_mean     | 1.66e+03 |
|    ep_rew_mean     | 1.9e+03  |
| time/              |          |
|    episodes        | 6216     |
|    fps             | 2098     |
|    time_elapsed    | 4300     |
|    total_timesteps | 9025472  |
| train/             |          |
|    actor_loss      | -0.785   |
|    critic_loss     | 0.013    |
|    ent_coef        | 0.000137 |
|    ent_coef_loss   | 4.27     |
|    learning_rate   | 0.0003   |
|    n_updates       | 564029   |
---------------------------------
---------------------------------
| rollout/           |          |
|    ep_len_mean     | 1.66e+03 |
|    ep_rew_mean     | 1.87e+03 |
| time/              |          |
|    episodes        | 6220     |
|    fps             | 2098     |
|    time_elapsed    | 4307     |
|    total_timesteps | 9039792  |
| train/             |          |
|    actor_loss      | -0.745   |
|    critic_loss     | 0.000307 |
|    ent_coef        | 0.000149 |
|    ent_coef_loss   | 4.67     |
|    learning_rate   | 0.0003   |
|    n_updates       | 564924   |
---------------------------------
---------------------------------
| rollout/           |          |
|    ep_len_mean     | 1.66e+03 |
|    ep_rew_mean     | 1.9e+03  |
| time/              |          |
|    episodes        | 6224     |
|    fps             | 2098     |
|    time_elapsed    | 4308     |
|    total_timesteps | 9043136  |
| train/             |          |
|    actor_loss      | -0.728   |
|    critic_loss     | 0.000672 |
|    ent_coef        | 0.000145 |
|    ent_coef_loss   | 3.4      |
|    learning_rate   | 0.0003   |
|    n_updates       | 565133   |
---------------------------------
---------------------------------
| rollout/           |          |
|    ep_len_mean     | 1.66e+03 |
|    ep_rew_mean     | 1.91e+03 |
| time/              |          |
|    episodes        | 6228     |
|    fps             | 2098     |
|    time_elapsed    | 4309     |
|    total_timesteps | 9044096  |
| train/             |          |
|    actor_loss      | -0.721   |
|    critic_loss     | 0.000282 |
|    ent_coef        | 0.000149 |
|    ent_coef_loss   | 2.44     |
|    learning_rate   | 0.0003   |
|    n_updates       | 565193   |
---------------------------------
---------------------------------
| rollout/           |          |
|    ep_len_mean     | 1.69e+03 |
|    ep_rew_mean     | 1.96e+03 |
| time/              |          |
|    episodes        | 6232     |
|    fps             | 2098     |
|    time_elapsed    | 4314     |
|    total_timesteps | 9056032  |
| train/             |          |
|    actor_loss      | -0.726   |
|    critic_loss     | 0.000254 |
|    ent_coef        | 0.000148 |
|    ent_coef_loss   | -1       |
|    learning_rate   | 0.0003   |
|    n_updates       | 565939   |
---------------------------------
---------------------------------
| rollout/           |          |
|    ep_len_mean     | 1.69e+03 |
|    ep_rew_mean     | 1.95e+03 |
| time/              |          |
|    episodes        | 6236     |
|    fps             | 2098     |
|    time_elapsed    | 4318     |
|    total_timesteps | 9063120  |
| train/             |          |
|    actor_loss      | -0.768   |
|    critic_loss     | 0.000421 |
|    ent_coef        | 0.000139 |
|    ent_coef_loss   | -1.16    |
|    learning_rate   | 0.0003   |
|    n_updates       | 566382   |
---------------------------------
---------------------------------
| rollout/           |          |
|    ep_len_mean     | 1.71e+03 |
|    ep_rew_mean     | 1.92e+03 |
| time/              |          |
|    episodes        | 6240     |
|    fps             | 2098     |
|    time_elapsed    | 4323     |
|    total_timesteps | 9073664  |
| train/             |          |
|    actor_loss      | -0.806   |
|    critic_loss     | 0.000196 |
|    ent_coef        | 0.000141 |
|    ent_coef_loss   | -5.13    |
|    learning_rate   | 0.0003   |
|    n_updates       | 567041   |
---------------------------------
---------------------------------
| rollout/           |          |
|    ep_len_mean     | 1.7e+03  |
|    ep_rew_mean     | 1.9e+03  |
| time/              |          |
|    episodes        | 6244     |
|    fps             | 2098     |
|    time_elapsed    | 4323     |
|    total_timesteps | 9074416  |
| train/             |          |
|    actor_loss      | -0.784   |
|    critic_loss     | 0.000197 |
|    ent_coef        | 0.000139 |
|    ent_coef_loss   | 3.39     |
|    learning_rate   | 0.0003   |
|    n_updates       | 567088   |
---------------------------------
---------------------------------
| rollout/           |          |
|    ep_len_mean     | 1.67e+03 |
|    ep_rew_mean     | 1.82e+03 |
| time/              |          |
|    episodes        | 6248     |
|    fps             | 2098     |
|    time_elapsed    | 4327     |
|    total_timesteps | 9081264  |
| train/             |          |
|    actor_loss      | -0.767   |
|    critic_loss     | 0.000261 |
|    ent_coef        | 0.000145 |
|    ent_coef_loss   | -1.26    |
|    learning_rate   | 0.0003   |
|    n_updates       | 567516   |
---------------------------------
---------------------------------
| rollout/           |          |
|    ep_len_mean     | 1.65e+03 |
|    ep_rew_mean     | 1.8e+03  |
| time/              |          |
|    episodes        | 6252     |
|    fps             | 2098     |
|    time_elapsed    | 4330     |
|    total_timesteps | 9088800  |
| train/             |          |
|    actor_loss      | -0.739   |
|    critic_loss     | 0.000183 |
|    ent_coef        | 0.00014  |
|    ent_coef_loss   | 5.91     |
|    learning_rate   | 0.0003   |
|    n_updates       | 567987   |
---------------------------------
---------------------------------
| rollout/           |          |
|    ep_len_mean     | 1.63e+03 |
|    ep_rew_mean     | 1.79e+03 |
| time/              |          |
|    episodes        | 6256     |
|    fps             | 2098     |
|    time_elapsed    | 4332     |
|    total_timesteps | 9092992  |
| train/             |          |
|    actor_loss      | -0.818   |
|    critic_loss     | 0.000786 |
|    ent_coef        | 0.000144 |
|    ent_coef_loss   | 1.22     |
|    learning_rate   | 0.0003   |
|    n_updates       | 568249   |
---------------------------------
---------------------------------
| rollout/           |          |
|    ep_len_mean     | 1.63e+03 |
|    ep_rew_mean     | 1.76e+03 |
| time/              |          |
|    episodes        | 6260     |
|    fps             | 2098     |
|    time_elapsed    | 4336     |
|    total_timesteps | 9100864  |
| train/             |          |
|    actor_loss      | -0.764   |
|    critic_loss     | 0.000216 |
|    ent_coef        | 0.000142 |
|    ent_coef_loss   | 2.17     |
|    learning_rate   | 0.0003   |
|    n_updates       | 568741   |
---------------------------------
---------------------------------
| rollout/           |          |
|    ep_len_mean     | 1.61e+03 |
|    ep_rew_mean     | 1.77e+03 |
| time/              |          |
|    episodes        | 6264     |
|    fps             | 2098     |
|    time_elapsed    | 4340     |
|    total_timesteps | 9110176  |
| train/             |          |
|    actor_loss      | -0.839   |
|    critic_loss     | 0.00035  |
|    ent_coef        | 0.000143 |
|    ent_coef_loss   | -2.52    |
|    learning_rate   | 0.0003   |
|    n_updates       | 569323   |
---------------------------------
---------------------------------
| rollout/           |          |
|    ep_len_mean     | 1.59e+03 |
|    ep_rew_mean     | 1.84e+03 |
| time/              |          |
|    episodes        | 6268     |
|    fps             | 2098     |
|    time_elapsed    | 4341     |
|    total_timesteps | 9111696  |
| train/             |          |
|    actor_loss      | -0.754   |
|    critic_loss     | 0.000416 |
|    ent_coef        | 0.00014  |
|    ent_coef_loss   | -5.43    |
|    learning_rate   | 0.0003   |
|    n_updates       | 569418   |
---------------------------------
---------------------------------
| rollout/           |          |
|    ep_len_mean     | 1.6e+03  |
|    ep_rew_mean     | 1.88e+03 |
| time/              |          |
|    episodes        | 6272     |
|    fps             | 2098     |
|    time_elapsed    | 4343     |
|    total_timesteps | 9115440  |
| train/             |          |
|    actor_loss      | -0.706   |
|    critic_loss     | 0.000328 |
|    ent_coef        | 0.000133 |
|    ent_coef_loss   | 9.1      |
|    learning_rate   | 0.0003   |
|    n_updates       | 569652   |
---------------------------------
---------------------------------
| rollout/           |          |
|    ep_len_mean     | 1.63e+03 |
|    ep_rew_mean     | 1.94e+03 |
| time/              |          |
|    episodes        | 6276     |
|    fps             | 2098     |
|    time_elapsed    | 4346     |
|    total_timesteps | 9120624  |
| train/             |          |
|    actor_loss      | -0.766   |
|    critic_loss     | 0.000327 |
|    ent_coef        | 0.00013  |
|    ent_coef_loss   | -4.75    |
|    learning_rate   | 0.0003   |
|    n_updates       | 569976   |
---------------------------------
---------------------------------
| rollout/           |          |
|    ep_len_mean     | 1.65e+03 |
|    ep_rew_mean     | 1.94e+03 |
| time/              |          |
|    episodes        | 6280     |
|    fps             | 2098     |
|    time_elapsed    | 4352     |
|    total_timesteps | 9133952  |
| train/             |          |
|    actor_loss      | -0.825   |
|    critic_loss     | 0.000539 |
|    ent_coef        | 0.000124 |
|    ent_coef_loss   | 1.95     |
|    learning_rate   | 0.0003   |
|    n_updates       | 570809   |
---------------------------------
---------------------------------
| rollout/           |          |
|    ep_len_mean     | 1.64e+03 |
|    ep_rew_mean     | 1.89e+03 |
| time/              |          |
|    episodes        | 6284     |
|    fps             | 2098     |
|    time_elapsed    | 4356     |
|    total_timesteps | 9142912  |
| train/             |          |
|    actor_loss      | -0.746   |
|    critic_loss     | 0.000329 |
|    ent_coef        | 0.000127 |
|    ent_coef_loss   | 5.54     |
|    learning_rate   | 0.0003   |
|    n_updates       | 571369   |
---------------------------------
---------------------------------
| rollout/           |          |
|    ep_len_mean     | 1.65e+03 |
|    ep_rew_mean     | 1.84e+03 |
| time/              |          |
|    episodes        | 6288     |
|    fps             | 2098     |
|    time_elapsed    | 4359     |
|    total_timesteps | 9148752  |
| train/             |          |
|    actor_loss      | -0.713   |
|    critic_loss     | 0.000385 |
|    ent_coef        | 0.000132 |
|    ent_coef_loss   | 0.19     |
|    learning_rate   | 0.0003   |
|    n_updates       | 571734   |
---------------------------------
---------------------------------
| rollout/           |          |
|    ep_len_mean     | 1.66e+03 |
|    ep_rew_mean     | 1.81e+03 |
| time/              |          |
|    episodes        | 6292     |
|    fps             | 2098     |
|    time_elapsed    | 4365     |
|    total_timesteps | 9160640  |
| train/             |          |
|    actor_loss      | -0.808   |
|    critic_loss     | 0.000272 |
|    ent_coef        | 0.000119 |
|    ent_coef_loss   | 5.04     |
|    learning_rate   | 0.0003   |
|    n_updates       | 572477   |
---------------------------------
---------------------------------
| rollout/           |          |
|    ep_len_mean     | 1.68e+03 |
|    ep_rew_mean     | 1.84e+03 |
| time/              |          |
|    episodes        | 6296     |
|    fps             | 2098     |
|    time_elapsed    | 4366     |
|    total_timesteps | 9162192  |
| train/             |          |
|    actor_loss      | -0.738   |
|    critic_loss     | 0.00729  |
|    ent_coef        | 0.000119 |
|    ent_coef_loss   | -0.775   |
|    learning_rate   | 0.0003   |
|    n_updates       | 572574   |
---------------------------------
---------------------------------
| rollout/           |          |
|    ep_len_mean     | 1.67e+03 |
|    ep_rew_mean     | 1.81e+03 |
| time/              |          |
|    episodes        | 6300     |
|    fps             | 2098     |
|    time_elapsed    | 4367     |
|    total_timesteps | 9165344  |
| train/             |          |
|    actor_loss      | -0.766   |
|    critic_loss     | 0.000471 |
|    ent_coef        | 0.00012  |
|    ent_coef_loss   | -2       |
|    learning_rate   | 0.0003   |
|    n_updates       | 572771   |
---------------------------------
---------------------------------
| rollout/           |          |
|    ep_len_mean     | 1.66e+03 |
|    ep_rew_mean     | 1.8e+03  |
| time/              |          |
|    episodes        | 6304     |
|    fps             | 2098     |
|    time_elapsed    | 4370     |
|    total_timesteps | 9171696  |
| train/             |          |
|    actor_loss      | -0.795   |
|    critic_loss     | 0.000324 |
|    ent_coef        | 0.000127 |
|    ent_coef_loss   | 2.16     |
|    learning_rate   | 0.0003   |
|    n_updates       | 573168   |
---------------------------------
---------------------------------
| rollout/           |          |
|    ep_len_mean     | 1.67e+03 |
|    ep_rew_mean     | 1.82e+03 |
| time/              |          |
|    episodes        | 6308     |
|    fps             | 2098     |
|    time_elapsed    | 4372     |
|    total_timesteps | 9175728  |
| train/             |          |
|    actor_loss      | -0.798   |
|    critic_loss     | 0.000335 |
|    ent_coef        | 0.000126 |
|    ent_coef_loss   | -4.9     |
|    learning_rate   | 0.0003   |
|    n_updates       | 573420   |
---------------------------------
---------------------------------
| rollout/           |          |
|    ep_len_mean     | 1.64e+03 |
|    ep_rew_mean     | 1.8e+03  |
| time/              |          |
|    episodes        | 6312     |
|    fps             | 2098     |
|    time_elapsed    | 4376     |
|    total_timesteps | 9184608  |
| train/             |          |
|    actor_loss      | -0.857   |
|    critic_loss     | 0.000575 |
|    ent_coef        | 0.000131 |
|    ent_coef_loss   | -1.15    |
|    learning_rate   | 0.0003   |
|    n_updates       | 573975   |
---------------------------------
---------------------------------
| rollout/           |          |
|    ep_len_mean     | 1.63e+03 |
|    ep_rew_mean     | 1.77e+03 |
| time/              |          |
|    episodes        | 6316     |
|    fps             | 2098     |
|    time_elapsed    | 4379     |
|    total_timesteps | 9190672  |
| train/             |          |
|    actor_loss      | -0.733   |
|    critic_loss     | 0.000439 |
|    ent_coef        | 0.000138 |
|    ent_coef_loss   | 0.0905   |
|    learning_rate   | 0.0003   |
|    n_updates       | 574354   |
---------------------------------
---------------------------------
| rollout/           |          |
|    ep_len_mean     | 1.64e+03 |
|    ep_rew_mean     | 1.82e+03 |
| time/              |          |
|    episodes        | 6320     |
|    fps             | 2098     |
|    time_elapsed    | 4386     |
|    total_timesteps | 9205248  |
| train/             |          |
|    actor_loss      | -0.768   |
|    critic_loss     | 0.000648 |
|    ent_coef        | 0.00013  |
|    ent_coef_loss   | -3.34    |
|    learning_rate   | 0.0003   |
|    n_updates       | 575265   |
---------------------------------
---------------------------------
| rollout/           |          |
|    ep_len_mean     | 1.64e+03 |
|    ep_rew_mean     | 1.8e+03  |
| time/              |          |
|    episodes        | 6324     |
|    fps             | 2098     |
|    time_elapsed    | 4387     |
|    total_timesteps | 9206656  |
| train/             |          |
|    actor_loss      | -0.747   |
|    critic_loss     | 0.000491 |
|    ent_coef        | 0.00013  |
|    ent_coef_loss   | 7.07     |
|    learning_rate   | 0.0003   |
|    n_updates       | 575353   |
---------------------------------
---------------------------------
| rollout/           |          |
|    ep_len_mean     | 1.7e+03  |
|    ep_rew_mean     | 1.82e+03 |
| time/              |          |
|    episodes        | 6328     |
|    fps             | 2098     |
|    time_elapsed    | 4393     |
|    total_timesteps | 9218816  |
| train/             |          |
|    actor_loss      | -0.783   |
|    critic_loss     | 0.00061  |
|    ent_coef        | 0.000128 |
|    ent_coef_loss   | 1.75     |
|    learning_rate   | 0.0003   |
|    n_updates       | 576113   |
---------------------------------
---------------------------------
| rollout/           |          |
|    ep_len_mean     | 1.67e+03 |
|    ep_rew_mean     | 1.79e+03 |
| time/              |          |
|    episodes        | 6332     |
|    fps             | 2098     |
|    time_elapsed    | 4394     |
|    total_timesteps | 9222896  |
| train/             |          |
|    actor_loss      | -0.802   |
|    critic_loss     | 0.00033  |
|    ent_coef        | 0.000123 |
|    ent_coef_loss   | -3.77    |
|    learning_rate   | 0.0003   |
|    n_updates       | 576368   |
---------------------------------
---------------------------------
| rollout/           |          |
|    ep_len_mean     | 1.66e+03 |
|    ep_rew_mean     | 1.76e+03 |
| time/              |          |
|    episodes        | 6336     |
|    fps             | 2098     |
|    time_elapsed    | 4399     |
|    total_timesteps | 9233776  |
| train/             |          |
|    actor_loss      | -0.783   |
|    critic_loss     | 0.0609   |
|    ent_coef        | 0.000118 |
|    ent_coef_loss   | 8.76     |
|    learning_rate   | 0.0003   |
|    n_updates       | 577048   |
---------------------------------
---------------------------------
| rollout/           |          |
|    ep_len_mean     | 1.68e+03 |
|    ep_rew_mean     | 1.78e+03 |
| time/              |          |
|    episodes        | 6340     |
|    fps             | 2098     |
|    time_elapsed    | 4402     |
|    total_timesteps | 9239680  |
| train/             |          |
|    actor_loss      | -0.888   |
|    critic_loss     | 0.000318 |
|    ent_coef        | 0.000113 |
|    ent_coef_loss   | -5.24    |
|    learning_rate   | 0.0003   |
|    n_updates       | 577417   |
---------------------------------
---------------------------------
| rollout/           |          |
|    ep_len_mean     | 1.69e+03 |
|    ep_rew_mean     | 1.79e+03 |
| time/              |          |
|    episodes        | 6344     |
|    fps             | 2098     |
|    time_elapsed    | 4405     |
|    total_timesteps | 9245296  |
| train/             |          |
|    actor_loss      | -0.709   |
|    critic_loss     | 0.0179   |
|    ent_coef        | 0.000113 |
|    ent_coef_loss   | 3.34     |
|    learning_rate   | 0.0003   |
|    n_updates       | 577768   |
---------------------------------
---------------------------------
| rollout/           |          |
|    ep_len_mean     | 1.69e+03 |
|    ep_rew_mean     | 1.83e+03 |
| time/              |          |
|    episodes        | 6348     |
|    fps             | 2098     |
|    time_elapsed    | 4409     |
|    total_timesteps | 9255008  |
| train/             |          |
|    actor_loss      | -0.823   |
|    critic_loss     | 0.000222 |
|    ent_coef        | 0.000123 |
|    ent_coef_loss   | 1.79     |
|    learning_rate   | 0.0003   |
|    n_updates       | 578375   |
---------------------------------
---------------------------------
| rollout/           |          |
|    ep_len_mean     | 1.7e+03  |
|    ep_rew_mean     | 1.87e+03 |
| time/              |          |
|    episodes        | 6352     |
|    fps             | 2098     |
|    time_elapsed    | 4415     |
|    total_timesteps | 9267088  |
| train/             |          |
|    actor_loss      | -0.842   |
|    critic_loss     | 0.000403 |
|    ent_coef        | 0.000136 |
|    ent_coef_loss   | -5.38    |
|    learning_rate   | 0.0003   |
|    n_updates       | 579130   |
---------------------------------
---------------------------------
| rollout/           |          |
|    ep_len_mean     | 1.73e+03 |
|    ep_rew_mean     | 1.84e+03 |
| time/              |          |
|    episodes        | 6356     |
|    fps             | 2098     |
|    time_elapsed    | 4418     |
|    total_timesteps | 9272768  |
| train/             |          |
|    actor_loss      | -0.739   |
|    critic_loss     | 0.000331 |
|    ent_coef        | 0.000128 |
|    ent_coef_loss   | 7.81     |
|    learning_rate   | 0.0003   |
|    n_updates       | 579485   |
---------------------------------
---------------------------------
| rollout/           |          |
|    ep_len_mean     | 1.77e+03 |
|    ep_rew_mean     | 1.88e+03 |
| time/              |          |
|    episodes        | 6360     |
|    fps             | 2098     |
|    time_elapsed    | 4420     |
|    total_timesteps | 9276976  |
| train/             |          |
|    actor_loss      | -0.834   |
|    critic_loss     | 0.000231 |
|    ent_coef        | 0.000128 |
|    ent_coef_loss   | -2.81    |
|    learning_rate   | 0.0003   |
|    n_updates       | 579748   |
---------------------------------
---------------------------------
| rollout/           |          |
|    ep_len_mean     | 1.8e+03  |
|    ep_rew_mean     | 1.94e+03 |
| time/              |          |
|    episodes        | 6364     |
|    fps             | 2098     |
|    time_elapsed    | 4429     |
|    total_timesteps | 9297056  |
| train/             |          |
|    actor_loss      | -0.816   |
|    critic_loss     | 0.000361 |
|    ent_coef        | 0.000133 |
|    ent_coef_loss   | -2.52    |
|    learning_rate   | 0.0003   |
|    n_updates       | 581003   |
---------------------------------
---------------------------------
| rollout/           |          |
|    ep_len_mean     | 1.83e+03 |
|    ep_rew_mean     | 1.9e+03  |
| time/              |          |
|    episodes        | 6368     |
|    fps             | 2098     |
|    time_elapsed    | 4430     |
|    total_timesteps | 9299760  |
| train/             |          |
|    actor_loss      | -0.819   |
|    critic_loss     | 0.000249 |
|    ent_coef        | 0.000127 |
|    ent_coef_loss   | 3.61     |
|    learning_rate   | 0.0003   |
|    n_updates       | 581172   |
---------------------------------
---------------------------------
| rollout/           |          |
|    ep_len_mean     | 1.83e+03 |
|    ep_rew_mean     | 1.87e+03 |
| time/              |          |
|    episodes        | 6372     |
|    fps             | 2098     |
|    time_elapsed    | 4432     |
|    total_timesteps | 9303728  |
| train/             |          |
|    actor_loss      | -0.761   |
|    critic_loss     | 0.000391 |
|    ent_coef        | 0.000122 |
|    ent_coef_loss   | -0.0675  |
|    learning_rate   | 0.0003   |
|    n_updates       | 581420   |
---------------------------------
---------------------------------
| rollout/           |          |
|    ep_len_mean     | 1.88e+03 |
|    ep_rew_mean     | 1.86e+03 |
| time/              |          |
|    episodes        | 6376     |
|    fps             | 2098     |
|    time_elapsed    | 4437     |
|    total_timesteps | 9314240  |
| train/             |          |
|    actor_loss      | -0.723   |
|    critic_loss     | 0.000942 |
|    ent_coef        | 0.000117 |
|    ent_coef_loss   | 2.97     |
|    learning_rate   | 0.0003   |
|    n_updates       | 582077   |
---------------------------------
---------------------------------
| rollout/           |          |
|    ep_len_mean     | 1.89e+03 |
|    ep_rew_mean     | 1.86e+03 |
| time/              |          |
|    episodes        | 6380     |
|    fps             | 2098     |
|    time_elapsed    | 4441     |
|    total_timesteps | 9321728  |
| train/             |          |
|    actor_loss      | -0.752   |
|    critic_loss     | 0.000556 |
|    ent_coef        | 0.000126 |
|    ent_coef_loss   | 6.37     |
|    learning_rate   | 0.0003   |
|    n_updates       | 582545   |
---------------------------------
---------------------------------
| rollout/           |          |
|    ep_len_mean     | 1.92e+03 |
|    ep_rew_mean     | 1.96e+03 |
| time/              |          |
|    episodes        | 6384     |
|    fps             | 2099     |
|    time_elapsed    | 4448     |
|    total_timesteps | 9338496  |
| train/             |          |
|    actor_loss      | -0.732   |
|    critic_loss     | 0.000378 |
|    ent_coef        | 0.000131 |
|    ent_coef_loss   | 4.71     |
|    learning_rate   | 0.0003   |
|    n_updates       | 583593   |
---------------------------------
---------------------------------
| rollout/           |          |
|    ep_len_mean     | 1.9e+03  |
|    ep_rew_mean     | 1.99e+03 |
| time/              |          |
|    episodes        | 6388     |
|    fps             | 2099     |
|    time_elapsed    | 4448     |
|    total_timesteps | 9338912  |
| train/             |          |
|    actor_loss      | -0.722   |
|    critic_loss     | 0.000314 |
|    ent_coef        | 0.000133 |
|    ent_coef_loss   | 11.5     |
|    learning_rate   | 0.0003   |
|    n_updates       | 583619   |
---------------------------------
---------------------------------
| rollout/           |          |
|    ep_len_mean     | 1.9e+03  |
|    ep_rew_mean     | 1.98e+03 |
| time/              |          |
|    episodes        | 6392     |
|    fps             | 2099     |
|    time_elapsed    | 4450     |
|    total_timesteps | 9341472  |
| train/             |          |
|    actor_loss      | -0.78    |
|    critic_loss     | 0.000204 |
|    ent_coef        | 0.000143 |
|    ent_coef_loss   | 0.597    |
|    learning_rate   | 0.0003   |
|    n_updates       | 583779   |
---------------------------------
---------------------------------
| rollout/           |          |
|    ep_len_mean     | 1.87e+03 |
|    ep_rew_mean     | 1.9e+03  |
| time/              |          |
|    episodes        | 6396     |
|    fps             | 2099     |
|    time_elapsed    | 4451     |
|    total_timesteps | 9344432  |
| train/             |          |
|    actor_loss      | -0.741   |
|    critic_loss     | 0.000179 |
|    ent_coef        | 0.000141 |
|    ent_coef_loss   | 2.79     |
|    learning_rate   | 0.0003   |
|    n_updates       | 583964   |
---------------------------------
---------------------------------
| rollout/           |          |
|    ep_len_mean     | 1.82e+03 |
|    ep_rew_mean     | 1.86e+03 |
| time/              |          |
|    episodes        | 6400     |
|    fps             | 2099     |
|    time_elapsed    | 4452     |
|    total_timesteps | 9345840  |
| train/             |          |
|    actor_loss      | -0.77    |
|    critic_loss     | 0.00027  |
|    ent_coef        | 0.00014  |
|    ent_coef_loss   | -2.08    |
|    learning_rate   | 0.0003   |
|    n_updates       | 584052   |
---------------------------------
---------------------------------
| rollout/           |          |
|    ep_len_mean     | 1.85e+03 |
|    ep_rew_mean     | 1.91e+03 |
| time/              |          |
|    episodes        | 6404     |
|    fps             | 2099     |
|    time_elapsed    | 4461     |
|    total_timesteps | 9365360  |
| train/             |          |
|    actor_loss      | -0.749   |
|    critic_loss     | 0.000232 |
|    ent_coef        | 0.000137 |
|    ent_coef_loss   | -5.74    |
|    learning_rate   | 0.0003   |
|    n_updates       | 585272   |
---------------------------------
---------------------------------
| rollout/           |          |
|    ep_len_mean     | 1.86e+03 |
|    ep_rew_mean     | 1.92e+03 |
| time/              |          |
|    episodes        | 6408     |
|    fps             | 2099     |
|    time_elapsed    | 4464     |
|    total_timesteps | 9371552  |
| train/             |          |
|    actor_loss      | -0.704   |
|    critic_loss     | 0.000361 |
|    ent_coef        | 0.000136 |
|    ent_coef_loss   | 6.87     |
|    learning_rate   | 0.0003   |
|    n_updates       | 585659   |
---------------------------------
---------------------------------
| rollout/           |          |
|    ep_len_mean     | 1.91e+03 |
|    ep_rew_mean     | 1.93e+03 |
| time/              |          |
|    episodes        | 6412     |
|    fps             | 2099     |
|    time_elapsed    | 4467     |
|    total_timesteps | 9378256  |
| train/             |          |
|    actor_loss      | -0.711   |
|    critic_loss     | 0.00279  |
|    ent_coef        | 0.000145 |
|    ent_coef_loss   | -2.93    |
|    learning_rate   | 0.0003   |
|    n_updates       | 586078   |
---------------------------------
---------------------------------
| rollout/           |          |
|    ep_len_mean     | 1.9e+03  |
|    ep_rew_mean     | 1.96e+03 |
| time/              |          |
|    episodes        | 6416     |
|    fps             | 2099     |
|    time_elapsed    | 4471     |
|    total_timesteps | 9387536  |
| train/             |          |
|    actor_loss      | -0.796   |
|    critic_loss     | 0.00058  |
|    ent_coef        | 0.000141 |
|    ent_coef_loss   | 4.46     |
|    learning_rate   | 0.0003   |
|    n_updates       | 586658   |
---------------------------------
---------------------------------
| rollout/           |          |
|    ep_len_mean     | 1.94e+03 |
|    ep_rew_mean     | 1.98e+03 |
| time/              |          |
|    episodes        | 6420     |
|    fps             | 2099     |
|    time_elapsed    | 4473     |
|    total_timesteps | 9391984  |
| train/             |          |
|    actor_loss      | -0.788   |
|    critic_loss     | 0.000304 |
|    ent_coef        | 0.000141 |
|    ent_coef_loss   | -6.54    |
|    learning_rate   | 0.0003   |
|    n_updates       | 586936   |
---------------------------------
---------------------------------
| rollout/           |          |
|    ep_len_mean     | 1.96e+03 |
|    ep_rew_mean     | 2e+03    |
| time/              |          |
|    episodes        | 6424     |
|    fps             | 2099     |
|    time_elapsed    | 4481     |
|    total_timesteps | 9408192  |
| train/             |          |
|    actor_loss      | -0.698   |
|    critic_loss     | 0.000317 |
|    ent_coef        | 0.000135 |
|    ent_coef_loss   | 2.1      |
|    learning_rate   | 0.0003   |
|    n_updates       | 587949   |
---------------------------------
---------------------------------
| rollout/           |          |
|    ep_len_mean     | 1.93e+03 |
|    ep_rew_mean     | 1.98e+03 |
| time/              |          |
|    episodes        | 6428     |
|    fps             | 2099     |
|    time_elapsed    | 4483     |
|    total_timesteps | 9413728  |
| train/             |          |
|    actor_loss      | -0.775   |
|    critic_loss     | 0.000265 |
|    ent_coef        | 0.000135 |
|    ent_coef_loss   | -2.98    |
|    learning_rate   | 0.0003   |
|    n_updates       | 588295   |
---------------------------------
---------------------------------
| rollout/           |          |
|    ep_len_mean     | 1.93e+03 |
|    ep_rew_mean     | 1.99e+03 |
| time/              |          |
|    episodes        | 6432     |
|    fps             | 2099     |
|    time_elapsed    | 4487     |
|    total_timesteps | 9420544  |
| train/             |          |
|    actor_loss      | -0.763   |
|    critic_loss     | 0.00188  |
|    ent_coef        | 0.000133 |
|    ent_coef_loss   | -2.21    |
|    learning_rate   | 0.0003   |
|    n_updates       | 588721   |
---------------------------------
---------------------------------
| rollout/           |          |
|    ep_len_mean     | 1.95e+03 |
|    ep_rew_mean     | 2.01e+03 |
| time/              |          |
|    episodes        | 6436     |
|    fps             | 2099     |
|    time_elapsed    | 4488     |
|    total_timesteps | 9423920  |
| train/             |          |
|    actor_loss      | -0.768   |
|    critic_loss     | 0.000381 |
|    ent_coef        | 0.000128 |
|    ent_coef_loss   | 3.48     |
|    learning_rate   | 0.0003   |
|    n_updates       | 588932   |
---------------------------------
---------------------------------
| rollout/           |          |
|    ep_len_mean     | 1.93e+03 |
|    ep_rew_mean     | 1.97e+03 |
| time/              |          |
|    episodes        | 6440     |
|    fps             | 2099     |
|    time_elapsed    | 4493     |
|    total_timesteps | 9435152  |
| train/             |          |
|    actor_loss      | -0.763   |
|    critic_loss     | 0.000344 |
|    ent_coef        | 0.000127 |
|    ent_coef_loss   | 2.68     |
|    learning_rate   | 0.0003   |
|    n_updates       | 589634   |
---------------------------------
---------------------------------
| rollout/           |          |
|    ep_len_mean     | 1.9e+03  |
|    ep_rew_mean     | 1.93e+03 |
| time/              |          |
|    episodes        | 6444     |
|    fps             | 2099     |
|    time_elapsed    | 4495     |
|    total_timesteps | 9438208  |
| train/             |          |
|    actor_loss      | -0.769   |
|    critic_loss     | 0.000425 |
|    ent_coef        | 0.000128 |
|    ent_coef_loss   | 5.63     |
|    learning_rate   | 0.0003   |
|    n_updates       | 589825   |
---------------------------------
---------------------------------
| rollout/           |          |
|    ep_len_mean     | 1.91e+03 |
|    ep_rew_mean     | 1.92e+03 |
| time/              |          |
|    episodes        | 6448     |
|    fps             | 2099     |
|    time_elapsed    | 4498     |
|    total_timesteps | 9445072  |
| train/             |          |
|    actor_loss      | -0.767   |
|    critic_loss     | 0.00028  |
|    ent_coef        | 0.000133 |
|    ent_coef_loss   | -6.4     |
|    learning_rate   | 0.0003   |
|    n_updates       | 590254   |
---------------------------------
---------------------------------
| rollout/           |          |
|    ep_len_mean     | 1.92e+03 |
|    ep_rew_mean     | 1.91e+03 |
| time/              |          |
|    episodes        | 6452     |
|    fps             | 2099     |
|    time_elapsed    | 4503     |
|    total_timesteps | 9456208  |
| train/             |          |
|    actor_loss      | -0.692   |
|    critic_loss     | 0.000361 |
|    ent_coef        | 0.000122 |
|    ent_coef_loss   | 1.2      |
|    learning_rate   | 0.0003   |
|    n_updates       | 590950   |
---------------------------------
---------------------------------
| rollout/           |          |
|    ep_len_mean     | 1.92e+03 |
|    ep_rew_mean     | 1.98e+03 |
| time/              |          |
|    episodes        | 6456     |
|    fps             | 2099     |
|    time_elapsed    | 4506     |
|    total_timesteps | 9462128  |
| train/             |          |
|    actor_loss      | -0.712   |
|    critic_loss     | 0.000252 |
|    ent_coef        | 0.000128 |
|    ent_coef_loss   | 5.97     |
|    learning_rate   | 0.0003   |
|    n_updates       | 591320   |
---------------------------------
---------------------------------
| rollout/           |          |
|    ep_len_mean     | 1.89e+03 |
|    ep_rew_mean     | 1.9e+03  |
| time/              |          |
|    episodes        | 6460     |
|    fps             | 2099     |
|    time_elapsed    | 4511     |
|    total_timesteps | 9471968  |
| train/             |          |
|    actor_loss      | -0.687   |
|    critic_loss     | 0.000221 |
|    ent_coef        | 0.000128 |
|    ent_coef_loss   | -3.5     |
|    learning_rate   | 0.0003   |
|    n_updates       | 591935   |
---------------------------------
---------------------------------
| rollout/           |          |
|    ep_len_mean     | 1.89e+03 |
|    ep_rew_mean     | 1.9e+03  |
| time/              |          |
|    episodes        | 6464     |
|    fps             | 2099     |
|    time_elapsed    | 4514     |
|    total_timesteps | 9478944  |
| train/             |          |
|    actor_loss      | -0.78    |
|    critic_loss     | 0.00196  |
|    ent_coef        | 0.00013  |
|    ent_coef_loss   | -1.09    |
|    learning_rate   | 0.0003   |
|    n_updates       | 592371   |
---------------------------------
---------------------------------
| rollout/           |          |
|    ep_len_mean     | 1.89e+03 |
|    ep_rew_mean     | 1.94e+03 |
| time/              |          |
|    episodes        | 6468     |
|    fps             | 2099     |
|    time_elapsed    | 4515     |
|    total_timesteps | 9481664  |
| train/             |          |
|    actor_loss      | -0.741   |
|    critic_loss     | 0.0596   |
|    ent_coef        | 0.000132 |
|    ent_coef_loss   | 1.48     |
|    learning_rate   | 0.0003   |
|    n_updates       | 592541   |
---------------------------------
---------------------------------
| rollout/           |          |
|    ep_len_mean     | 1.87e+03 |
|    ep_rew_mean     | 1.94e+03 |
| time/              |          |
|    episodes        | 6472     |
|    fps             | 2099     |
|    time_elapsed    | 4517     |
|    total_timesteps | 9485888  |
| train/             |          |
|    actor_loss      | -0.823   |
|    critic_loss     | 0.000301 |
|    ent_coef        | 0.000136 |
|    ent_coef_loss   | -4.28    |
|    learning_rate   | 0.0003   |
|    n_updates       | 592805   |
---------------------------------
---------------------------------
| rollout/           |          |
|    ep_len_mean     | 1.82e+03 |
|    ep_rew_mean     | 1.94e+03 |
| time/              |          |
|    episodes        | 6476     |
|    fps             | 2099     |
|    time_elapsed    | 4520     |
|    total_timesteps | 9491584  |
| train/             |          |
|    actor_loss      | -0.796   |
|    critic_loss     | 0.000212 |
|    ent_coef        | 0.000136 |
|    ent_coef_loss   | -3.65    |
|    learning_rate   | 0.0003   |
|    n_updates       | 593161   |
---------------------------------
---------------------------------
| rollout/           |          |
|    ep_len_mean     | 1.78e+03 |
|    ep_rew_mean     | 1.93e+03 |
| time/              |          |
|    episodes        | 6480     |
|    fps             | 2099     |
|    time_elapsed    | 4522     |
|    total_timesteps | 9495808  |
| train/             |          |
|    actor_loss      | -0.748   |
|    critic_loss     | 0.00026  |
|    ent_coef        | 0.00013  |
|    ent_coef_loss   | -2.62    |
|    learning_rate   | 0.0003   |
|    n_updates       | 593425   |
---------------------------------
---------------------------------
| rollout/           |          |
|    ep_len_mean     | 1.75e+03 |
|    ep_rew_mean     | 1.85e+03 |
| time/              |          |
|    episodes        | 6484     |
|    fps             | 2099     |
|    time_elapsed    | 4523     |
|    total_timesteps | 9497968  |
| train/             |          |
|    actor_loss      | -0.79    |
|    critic_loss     | 0.000918 |
|    ent_coef        | 0.000126 |
|    ent_coef_loss   | -2.14    |
|    learning_rate   | 0.0003   |
|    n_updates       | 593560   |
---------------------------------
---------------------------------
| rollout/           |          |
|    ep_len_mean     | 1.72e+03 |
|    ep_rew_mean     | 1.78e+03 |
| time/              |          |
|    episodes        | 6488     |
|    fps             | 2099     |
|    time_elapsed    | 4527     |
|    total_timesteps | 9505472  |
| train/             |          |
|    actor_loss      | -0.801   |
|    critic_loss     | 0.000951 |
|    ent_coef        | 0.000123 |
|    ent_coef_loss   | 2.69     |
|    learning_rate   | 0.0003   |
|    n_updates       | 594029   |
---------------------------------
---------------------------------
| rollout/           |          |
|    ep_len_mean     | 1.68e+03 |
|    ep_rew_mean     | 1.76e+03 |
| time/              |          |
|    episodes        | 6492     |
|    fps             | 2099     |
|    time_elapsed    | 4531     |
|    total_timesteps | 9514304  |
| train/             |          |
|    actor_loss      | -0.815   |
|    critic_loss     | 0.000248 |
|    ent_coef        | 0.00013  |
|    ent_coef_loss   | -4.07    |
|    learning_rate   | 0.0003   |
|    n_updates       | 594581   |
---------------------------------
---------------------------------
| rollout/           |          |
|    ep_len_mean     | 1.7e+03  |
|    ep_rew_mean     | 1.75e+03 |
| time/              |          |
|    episodes        | 6496     |
|    fps             | 2099     |
|    time_elapsed    | 4534     |
|    total_timesteps | 9521920  |
| train/             |          |
|    actor_loss      | -0.762   |
|    critic_loss     | 0.000518 |
|    ent_coef        | 0.000122 |
|    ent_coef_loss   | -2.64    |
|    learning_rate   | 0.0003   |
|    n_updates       | 595057   |
---------------------------------
---------------------------------
| rollout/           |          |
|    ep_len_mean     | 1.75e+03 |
|    ep_rew_mean     | 1.79e+03 |
| time/              |          |
|    episodes        | 6500     |
|    fps             | 2099     |
|    time_elapsed    | 4538     |
|    total_timesteps | 9528416  |
| train/             |          |
|    actor_loss      | -0.785   |
|    critic_loss     | 0.00028  |
|    ent_coef        | 0.000121 |
|    ent_coef_loss   | 16.3     |
|    learning_rate   | 0.0003   |
|    n_updates       | 595463   |
---------------------------------
---------------------------------
| rollout/           |          |
|    ep_len_mean     | 1.76e+03 |
|    ep_rew_mean     | 1.78e+03 |
| time/              |          |
|    episodes        | 6504     |
|    fps             | 2099     |
|    time_elapsed    | 4542     |
|    total_timesteps | 9537536  |
| train/             |          |
|    actor_loss      | -0.768   |
|    critic_loss     | 0.000224 |
|    ent_coef        | 0.000135 |
|    ent_coef_loss   | 2.93     |
|    learning_rate   | 0.0003   |
|    n_updates       | 596033   |
---------------------------------
---------------------------------
| rollout/           |          |
|    ep_len_mean     | 1.75e+03 |
|    ep_rew_mean     | 1.81e+03 |
| time/              |          |
|    episodes        | 6508     |
|    fps             | 2099     |
|    time_elapsed    | 4546     |
|    total_timesteps | 9545104  |
| train/             |          |
|    actor_loss      | -0.783   |
|    critic_loss     | 0.000249 |
|    ent_coef        | 0.00014  |
|    ent_coef_loss   | 4.92     |
|    learning_rate   | 0.0003   |
|    n_updates       | 596506   |
---------------------------------
---------------------------------
| rollout/           |          |
|    ep_len_mean     | 1.76e+03 |
|    ep_rew_mean     | 1.88e+03 |
| time/              |          |
|    episodes        | 6512     |
|    fps             | 2099     |
|    time_elapsed    | 4551     |
|    total_timesteps | 9555232  |
| train/             |          |
|    actor_loss      | -0.745   |
|    critic_loss     | 0.000174 |
|    ent_coef        | 0.00014  |
|    ent_coef_loss   | -3.09    |
|    learning_rate   | 0.0003   |
|    n_updates       | 597139   |
---------------------------------
---------------------------------
| rollout/           |          |
|    ep_len_mean     | 1.76e+03 |
|    ep_rew_mean     | 1.88e+03 |
| time/              |          |
|    episodes        | 6516     |
|    fps             | 2099     |
|    time_elapsed    | 4551     |
|    total_timesteps | 9557216  |
| train/             |          |
|    actor_loss      | -0.724   |
|    critic_loss     | 0.000288 |
|    ent_coef        | 0.000144 |
|    ent_coef_loss   | 9.1      |
|    learning_rate   | 0.0003   |
|    n_updates       | 597263   |
---------------------------------
---------------------------------
| rollout/           |          |
|    ep_len_mean     | 1.72e+03 |
|    ep_rew_mean     | 1.79e+03 |
| time/              |          |
|    episodes        | 6520     |
|    fps             | 2099     |
|    time_elapsed    | 4556     |
|    total_timesteps | 9567008  |
| train/             |          |
|    actor_loss      | -0.742   |
|    critic_loss     | 0.00034  |
|    ent_coef        | 0.00014  |
|    ent_coef_loss   | -5.16    |
|    learning_rate   | 0.0003   |
|    n_updates       | 597875   |
---------------------------------
---------------------------------
| rollout/           |          |
|    ep_len_mean     | 1.73e+03 |
|    ep_rew_mean     | 1.86e+03 |
| time/              |          |
|    episodes        | 6524     |
|    fps             | 2099     |
|    time_elapsed    | 4566     |
|    total_timesteps | 9589056  |
| train/             |          |
|    actor_loss      | -0.813   |
|    critic_loss     | 0.000282 |
|    ent_coef        | 0.00013  |
|    ent_coef_loss   | -2.39    |
|    learning_rate   | 0.0003   |
|    n_updates       | 599253   |
---------------------------------
---------------------------------
| rollout/           |          |
|    ep_len_mean     | 1.76e+03 |
|    ep_rew_mean     | 1.88e+03 |
| time/              |          |
|    episodes        | 6528     |
|    fps             | 2099     |
|    time_elapsed    | 4567     |
|    total_timesteps | 9591680  |
| train/             |          |
|    actor_loss      | -0.758   |
|    critic_loss     | 0.0013   |
|    ent_coef        | 0.000132 |
|    ent_coef_loss   | 3.36     |
|    learning_rate   | 0.0003   |
|    n_updates       | 599417   |
---------------------------------
---------------------------------
| rollout/           |          |
|    ep_len_mean     | 1.78e+03 |
|    ep_rew_mean     | 1.87e+03 |
| time/              |          |
|    episodes        | 6532     |
|    fps             | 2099     |
|    time_elapsed    | 4570     |
|    total_timesteps | 9597264  |
| train/             |          |
|    actor_loss      | -0.742   |
|    critic_loss     | 0.000399 |
|    ent_coef        | 0.000137 |
|    ent_coef_loss   | 3.12     |
|    learning_rate   | 0.0003   |
|    n_updates       | 599766   |
---------------------------------
---------------------------------
| rollout/           |          |
|    ep_len_mean     | 1.8e+03  |
|    ep_rew_mean     | 1.93e+03 |
| time/              |          |
|    episodes        | 6536     |
|    fps             | 2099     |
|    time_elapsed    | 4570     |
|    total_timesteps | 9598288  |
| train/             |          |
|    actor_loss      | -0.759   |
|    critic_loss     | 0.000291 |
|    ent_coef        | 0.000138 |
|    ent_coef_loss   | 6.35     |
|    learning_rate   | 0.0003   |
|    n_updates       | 599830   |
---------------------------------
---------------------------------
| rollout/           |          |
|    ep_len_mean     | 1.79e+03 |
|    ep_rew_mean     | 1.99e+03 |
| time/              |          |
|    episodes        | 6540     |
|    fps             | 2099     |
|    time_elapsed    | 4577     |
|    total_timesteps | 9613008  |
| train/             |          |
|    actor_loss      | -0.741   |
|    critic_loss     | 0.00213  |
|    ent_coef        | 0.000132 |
|    ent_coef_loss   | 5.2      |
|    learning_rate   | 0.0003   |
|    n_updates       | 600750   |
---------------------------------
---------------------------------
| rollout/           |          |
|    ep_len_mean     | 1.81e+03 |
|    ep_rew_mean     | 2.03e+03 |
| time/              |          |
|    episodes        | 6544     |
|    fps             | 2099     |
|    time_elapsed    | 4580     |
|    total_timesteps | 9618752  |
| train/             |          |
|    actor_loss      | -0.75    |
|    critic_loss     | 0.000777 |
|    ent_coef        | 0.000136 |
|    ent_coef_loss   | -5.01    |
|    learning_rate   | 0.0003   |
|    n_updates       | 601109   |
---------------------------------
---------------------------------
| rollout/           |          |
|    ep_len_mean     | 1.8e+03  |
|    ep_rew_mean     | 1.94e+03 |
| time/              |          |
|    episodes        | 6548     |
|    fps             | 2100     |
|    time_elapsed    | 4585     |
|    total_timesteps | 9628928  |
| train/             |          |
|    actor_loss      | -0.783   |
|    critic_loss     | 0.000265 |
|    ent_coef        | 0.000137 |
|    ent_coef_loss   | 0.0438   |
|    learning_rate   | 0.0003   |
|    n_updates       | 601745   |
---------------------------------
---------------------------------
| rollout/           |          |
|    ep_len_mean     | 1.8e+03  |
|    ep_rew_mean     | 1.89e+03 |
| time/              |          |
|    episodes        | 6552     |
|    fps             | 2100     |
|    time_elapsed    | 4588     |
|    total_timesteps | 9635920  |
| train/             |          |
|    actor_loss      | -0.831   |
|    critic_loss     | 0.000384 |
|    ent_coef        | 0.000131 |
|    ent_coef_loss   | -5.45    |
|    learning_rate   | 0.0003   |
|    n_updates       | 602182   |
---------------------------------
---------------------------------
| rollout/           |          |
|    ep_len_mean     | 1.81e+03 |
|    ep_rew_mean     | 1.9e+03  |
| time/              |          |
|    episodes        | 6556     |
|    fps             | 2100     |
|    time_elapsed    | 4588     |
|    total_timesteps | 9636656  |
| train/             |          |
|    actor_loss      | -0.794   |
|    critic_loss     | 0.00034  |
|    ent_coef        | 0.000132 |
|    ent_coef_loss   | 5.63     |
|    learning_rate   | 0.0003   |
|    n_updates       | 602228   |
---------------------------------
---------------------------------
| rollout/           |          |
|    ep_len_mean     | 1.79e+03 |
|    ep_rew_mean     | 1.95e+03 |
| time/              |          |
|    episodes        | 6560     |
|    fps             | 2100     |
|    time_elapsed    | 4591     |
|    total_timesteps | 9643136  |
| train/             |          |
|    actor_loss      | -0.742   |
|    critic_loss     | 0.000458 |
|    ent_coef        | 0.000134 |
|    ent_coef_loss   | -1.6     |
|    learning_rate   | 0.0003   |
|    n_updates       | 602633   |
---------------------------------
---------------------------------
| rollout/           |          |
|    ep_len_mean     | 1.76e+03 |
|    ep_rew_mean     | 1.89e+03 |
| time/              |          |
|    episodes        | 6564     |
|    fps             | 2100     |
|    time_elapsed    | 4596     |
|    total_timesteps | 9653488  |
| train/             |          |
|    actor_loss      | -0.784   |
|    critic_loss     | 0.000325 |
|    ent_coef        | 0.000132 |
|    ent_coef_loss   | -3.01    |
|    learning_rate   | 0.0003   |
|    n_updates       | 603280   |
---------------------------------
---------------------------------
| rollout/           |          |
|    ep_len_mean     | 1.72e+03 |
|    ep_rew_mean     | 1.88e+03 |
| time/              |          |
|    episodes        | 6568     |
|    fps             | 2100     |
|    time_elapsed    | 4598     |
|    total_timesteps | 9656896  |
| train/             |          |
|    actor_loss      | -0.683   |
|    critic_loss     | 0.00343  |
|    ent_coef        | 0.00014  |
|    ent_coef_loss   | 0.464    |
|    learning_rate   | 0.0003   |
|    n_updates       | 603493   |
---------------------------------
---------------------------------
| rollout/           |          |
|    ep_len_mean     | 1.72e+03 |
|    ep_rew_mean     | 1.86e+03 |
| time/              |          |
|    episodes        | 6572     |
|    fps             | 2100     |
|    time_elapsed    | 4600     |
|    total_timesteps | 9660848  |
| train/             |          |
|    actor_loss      | -0.747   |
|    critic_loss     | 0.000471 |
|    ent_coef        | 0.00014  |
|    ent_coef_loss   | -2.73    |
|    learning_rate   | 0.0003   |
|    n_updates       | 603740   |
---------------------------------
---------------------------------
| rollout/           |          |
|    ep_len_mean     | 1.74e+03 |
|    ep_rew_mean     | 1.9e+03  |
| time/              |          |
|    episodes        | 6576     |
|    fps             | 2100     |
|    time_elapsed    | 4604     |
|    total_timesteps | 9669712  |
| train/             |          |
|    actor_loss      | -0.822   |
|    critic_loss     | 0.000535 |
|    ent_coef        | 0.000137 |
|    ent_coef_loss   | 5.68     |
|    learning_rate   | 0.0003   |
|    n_updates       | 604294   |
---------------------------------
---------------------------------
| rollout/           |          |
|    ep_len_mean     | 1.78e+03 |
|    ep_rew_mean     | 1.95e+03 |
| time/              |          |
|    episodes        | 6580     |
|    fps             | 2100     |
|    time_elapsed    | 4606     |
|    total_timesteps | 9674128  |
| train/             |          |
|    actor_loss      | -0.8     |
|    critic_loss     | 0.000332 |
|    ent_coef        | 0.000138 |
|    ent_coef_loss   | -1.78    |
|    learning_rate   | 0.0003   |
|    n_updates       | 604570   |
---------------------------------
---------------------------------
| rollout/           |          |
|    ep_len_mean     | 1.78e+03 |
|    ep_rew_mean     | 2.01e+03 |
| time/              |          |
|    episodes        | 6584     |
|    fps             | 2100     |
|    time_elapsed    | 4609     |
|    total_timesteps | 9681936  |
| train/             |          |
|    actor_loss      | -0.79    |
|    critic_loss     | 0.000475 |
|    ent_coef        | 0.00013  |
|    ent_coef_loss   | 21.1     |
|    learning_rate   | 0.0003   |
|    n_updates       | 605058   |
---------------------------------
---------------------------------
| rollout/           |          |
|    ep_len_mean     | 1.82e+03 |
|    ep_rew_mean     | 2.1e+03  |
| time/              |          |
|    episodes        | 6588     |
|    fps             | 2100     |
|    time_elapsed    | 4615     |
|    total_timesteps | 9693920  |
| train/             |          |
|    actor_loss      | -0.72    |
|    critic_loss     | 0.00264  |
|    ent_coef        | 0.000135 |
|    ent_coef_loss   | 4.05     |
|    learning_rate   | 0.0003   |
|    n_updates       | 605807   |
---------------------------------
---------------------------------
| rollout/           |          |
|    ep_len_mean     | 1.84e+03 |
|    ep_rew_mean     | 2.06e+03 |
| time/              |          |
|    episodes        | 6592     |
|    fps             | 2100     |
|    time_elapsed    | 4620     |
|    total_timesteps | 9703216  |
| train/             |          |
|    actor_loss      | -0.743   |
|    critic_loss     | 0.000368 |
|    ent_coef        | 0.00014  |
|    ent_coef_loss   | 0.404    |
|    learning_rate   | 0.0003   |
|    n_updates       | 606388   |
---------------------------------
---------------------------------
| rollout/           |          |
|    ep_len_mean     | 1.86e+03 |
|    ep_rew_mean     | 2.15e+03 |
| time/              |          |
|    episodes        | 6596     |
|    fps             | 2100     |
|    time_elapsed    | 4621     |
|    total_timesteps | 9706112  |
| train/             |          |
|    actor_loss      | -0.772   |
|    critic_loss     | 0.000248 |
|    ent_coef        | 0.000138 |
|    ent_coef_loss   | -3.45    |
|    learning_rate   | 0.0003   |
|    n_updates       | 606569   |
---------------------------------
---------------------------------
| rollout/           |          |
|    ep_len_mean     | 1.86e+03 |
|    ep_rew_mean     | 2.13e+03 |
| time/              |          |
|    episodes        | 6600     |
|    fps             | 2100     |
|    time_elapsed    | 4623     |
|    total_timesteps | 9709712  |
| train/             |          |
|    actor_loss      | -0.791   |
|    critic_loss     | 0.000245 |
|    ent_coef        | 0.000143 |
|    ent_coef_loss   | 0.599    |
|    learning_rate   | 0.0003   |
|    n_updates       | 606794   |
---------------------------------
---------------------------------
| rollout/           |          |
|    ep_len_mean     | 1.85e+03 |
|    ep_rew_mean     | 2.12e+03 |
| time/              |          |
|    episodes        | 6604     |
|    fps             | 2100     |
|    time_elapsed    | 4629     |
|    total_timesteps | 9722656  |
| train/             |          |
|    actor_loss      | -0.727   |
|    critic_loss     | 0.00031  |
|    ent_coef        | 0.000143 |
|    ent_coef_loss   | -2.18    |
|    learning_rate   | 0.0003   |
|    n_updates       | 607603   |
---------------------------------
---------------------------------
| rollout/           |          |
|    ep_len_mean     | 1.85e+03 |
|    ep_rew_mean     | 2.11e+03 |
| time/              |          |
|    episodes        | 6608     |
|    fps             | 2100     |
|    time_elapsed    | 4631     |
|    total_timesteps | 9726864  |
| train/             |          |
|    actor_loss      | -0.743   |
|    critic_loss     | 0.0116   |
|    ent_coef        | 0.000131 |
|    ent_coef_loss   | -0.864   |
|    learning_rate   | 0.0003   |
|    n_updates       | 607866   |
---------------------------------
---------------------------------
| rollout/           |          |
|    ep_len_mean     | 1.81e+03 |
|    ep_rew_mean     | 2.05e+03 |
| time/              |          |
|    episodes        | 6612     |
|    fps             | 2100     |
|    time_elapsed    | 4633     |
|    total_timesteps | 9730944  |
| train/             |          |
|    actor_loss      | -0.771   |
|    critic_loss     | 0.000208 |
|    ent_coef        | 0.000128 |
|    ent_coef_loss   | -4.5     |
|    learning_rate   | 0.0003   |
|    n_updates       | 608121   |
---------------------------------
---------------------------------
| rollout/           |          |
|    ep_len_mean     | 1.82e+03 |
|    ep_rew_mean     | 2.02e+03 |
| time/              |          |
|    episodes        | 6616     |
|    fps             | 2100     |
|    time_elapsed    | 4637     |
|    total_timesteps | 9740400  |
| train/             |          |
|    actor_loss      | -0.765   |
|    critic_loss     | 0.000257 |
|    ent_coef        | 0.000134 |
|    ent_coef_loss   | -3.03    |
|    learning_rate   | 0.0003   |
|    n_updates       | 608712   |
---------------------------------
---------------------------------
| rollout/           |          |
|    ep_len_mean     | 1.82e+03 |
|    ep_rew_mean     | 2.08e+03 |
| time/              |          |
|    episodes        | 6620     |
|    fps             | 2100     |
|    time_elapsed    | 4641     |
|    total_timesteps | 9748272  |
| train/             |          |
|    actor_loss      | -0.753   |
|    critic_loss     | 0.000378 |
|    ent_coef        | 0.000127 |
|    ent_coef_loss   | 1.72     |
|    learning_rate   | 0.0003   |
|    n_updates       | 609204   |
---------------------------------
---------------------------------
| rollout/           |          |
|    ep_len_mean     | 1.8e+03  |
|    ep_rew_mean     | 2.01e+03 |
| time/              |          |
|    episodes        | 6624     |
|    fps             | 2100     |
|    time_elapsed    | 4644     |
|    total_timesteps | 9753824  |
| train/             |          |
|    actor_loss      | -0.72    |
|    critic_loss     | 0.000575 |
|    ent_coef        | 0.000132 |
|    ent_coef_loss   | -1.44    |
|    learning_rate   | 0.0003   |
|    n_updates       | 609551   |
---------------------------------
---------------------------------
| rollout/           |          |
|    ep_len_mean     | 1.76e+03 |
|    ep_rew_mean     | 1.95e+03 |
| time/              |          |
|    episodes        | 6628     |
|    fps             | 2100     |
|    time_elapsed    | 4647     |
|    total_timesteps | 9760400  |
| train/             |          |
|    actor_loss      | -0.802   |
|    critic_loss     | 0.000306 |
|    ent_coef        | 0.000136 |
|    ent_coef_loss   | 0.547    |
|    learning_rate   | 0.0003   |
|    n_updates       | 609962   |
---------------------------------
---------------------------------
| rollout/           |          |
|    ep_len_mean     | 1.73e+03 |
|    ep_rew_mean     | 1.99e+03 |
| time/              |          |
|    episodes        | 6632     |
|    fps             | 2100     |
|    time_elapsed    | 4649     |
|    total_timesteps | 9764992  |
| train/             |          |
|    actor_loss      | -0.791   |
|    critic_loss     | 0.000529 |
|    ent_coef        | 0.000137 |
|    ent_coef_loss   | 2.57     |
|    learning_rate   | 0.0003   |
|    n_updates       | 610249   |
---------------------------------
---------------------------------
| rollout/           |          |
|    ep_len_mean     | 1.69e+03 |
|    ep_rew_mean     | 1.93e+03 |
| time/              |          |
|    episodes        | 6636     |
|    fps             | 2100     |
|    time_elapsed    | 4653     |
|    total_timesteps | 9773136  |
| train/             |          |
|    actor_loss      | -0.754   |
|    critic_loss     | 0.000284 |
|    ent_coef        | 0.000128 |
|    ent_coef_loss   | 2.17     |
|    learning_rate   | 0.0003   |
|    n_updates       | 610758   |
---------------------------------
---------------------------------
| rollout/           |          |
|    ep_len_mean     | 1.69e+03 |
|    ep_rew_mean     | 1.88e+03 |
| time/              |          |
|    episodes        | 6640     |
|    fps             | 2100     |
|    time_elapsed    | 4659     |
|    total_timesteps | 9786304  |
| train/             |          |
|    actor_loss      | -0.787   |
|    critic_loss     | 0.000334 |
|    ent_coef        | 0.000144 |
|    ent_coef_loss   | 0.436    |
|    learning_rate   | 0.0003   |
|    n_updates       | 611581   |
---------------------------------
---------------------------------
| rollout/           |          |
|    ep_len_mean     | 1.71e+03 |
|    ep_rew_mean     | 1.95e+03 |
| time/              |          |
|    episodes        | 6644     |
|    fps             | 2100     |
|    time_elapsed    | 4661     |
|    total_timesteps | 9791056  |
| train/             |          |
|    actor_loss      | -0.824   |
|    critic_loss     | 0.000501 |
|    ent_coef        | 0.000145 |
|    ent_coef_loss   | -4.76    |
|    learning_rate   | 0.0003   |
|    n_updates       | 611878   |
---------------------------------
---------------------------------
| rollout/           |          |
|    ep_len_mean     | 1.7e+03  |
|    ep_rew_mean     | 2.07e+03 |
| time/              |          |
|    episodes        | 6648     |
|    fps             | 2100     |
|    time_elapsed    | 4664     |
|    total_timesteps | 9797056  |
| train/             |          |
|    actor_loss      | -0.702   |
|    critic_loss     | 0.0238   |
|    ent_coef        | 0.000137 |
|    ent_coef_loss   | 16.2     |
|    learning_rate   | 0.0003   |
|    n_updates       | 612253   |
---------------------------------
---------------------------------
| rollout/           |          |
|    ep_len_mean     | 1.7e+03  |
|    ep_rew_mean     | 2.17e+03 |
| time/              |          |
|    episodes        | 6652     |
|    fps             | 2100     |
|    time_elapsed    | 4665     |
|    total_timesteps | 9798432  |
| train/             |          |
|    actor_loss      | -0.748   |
|    critic_loss     | 0.00412  |
|    ent_coef        | 0.000144 |
|    ent_coef_loss   | 3.58     |
|    learning_rate   | 0.0003   |
|    n_updates       | 612339   |
---------------------------------
---------------------------------
| rollout/           |          |
|    ep_len_mean     | 1.69e+03 |
|    ep_rew_mean     | 2.13e+03 |
| time/              |          |
|    episodes        | 6656     |
|    fps             | 2100     |
|    time_elapsed    | 4672     |
|    total_timesteps | 9813104  |
| train/             |          |
|    actor_loss      | -0.835   |
|    critic_loss     | 0.000368 |
|    ent_coef        | 0.000137 |
|    ent_coef_loss   | 2.08     |
|    learning_rate   | 0.0003   |
|    n_updates       | 613256   |
---------------------------------
---------------------------------
| rollout/           |          |
|    ep_len_mean     | 1.71e+03 |
|    ep_rew_mean     | 2.12e+03 |
| time/              |          |
|    episodes        | 6660     |
|    fps             | 2100     |
|    time_elapsed    | 4676     |
|    total_timesteps | 9822384  |
| train/             |          |
|    actor_loss      | -0.833   |
|    critic_loss     | 0.000212 |
|    ent_coef        | 0.000136 |
|    ent_coef_loss   | -5.2     |
|    learning_rate   | 0.0003   |
|    n_updates       | 613836   |
---------------------------------
---------------------------------
| rollout/           |          |
|    ep_len_mean     | 1.73e+03 |
|    ep_rew_mean     | 2.12e+03 |
| time/              |          |
|    episodes        | 6664     |
|    fps             | 2100     |
|    time_elapsed    | 4679     |
|    total_timesteps | 9827696  |
| train/             |          |
|    actor_loss      | -0.753   |
|    critic_loss     | 0.000395 |
|    ent_coef        | 0.000127 |
|    ent_coef_loss   | -3.87    |
|    learning_rate   | 0.0003   |
|    n_updates       | 614168   |
---------------------------------
---------------------------------
| rollout/           |          |
|    ep_len_mean     | 1.74e+03 |
|    ep_rew_mean     | 2.1e+03  |
| time/              |          |
|    episodes        | 6668     |
|    fps             | 2100     |
|    time_elapsed    | 4680     |
|    total_timesteps | 9831088  |
| train/             |          |
|    actor_loss      | -0.752   |
|    critic_loss     | 0.000308 |
|    ent_coef        | 0.000128 |
|    ent_coef_loss   | -2.26    |
|    learning_rate   | 0.0003   |
|    n_updates       | 614380   |
---------------------------------
---------------------------------
| rollout/           |          |
|    ep_len_mean     | 1.77e+03 |
|    ep_rew_mean     | 2.09e+03 |
| time/              |          |
|    episodes        | 6672     |
|    fps             | 2100     |
|    time_elapsed    | 4682     |
|    total_timesteps | 9834816  |
| train/             |          |
|    actor_loss      | -0.77    |
|    critic_loss     | 0.000307 |
|    ent_coef        | 0.00013  |
|    ent_coef_loss   | 1.95     |
|    learning_rate   | 0.0003   |
|    n_updates       | 614613   |
---------------------------------
---------------------------------
| rollout/           |          |
|    ep_len_mean     | 1.75e+03 |
|    ep_rew_mean     | 2.08e+03 |
| time/              |          |
|    episodes        | 6676     |
|    fps             | 2100     |
|    time_elapsed    | 4683     |
|    total_timesteps | 9838080  |
| train/             |          |
|    actor_loss      | -0.729   |
|    critic_loss     | 0.000601 |
|    ent_coef        | 0.000134 |
|    ent_coef_loss   | 12.3     |
|    learning_rate   | 0.0003   |
|    n_updates       | 614817   |
---------------------------------
---------------------------------
| rollout/           |          |
|    ep_len_mean     | 1.72e+03 |
|    ep_rew_mean     | 2.04e+03 |
| time/              |          |
|    episodes        | 6680     |
|    fps             | 2100     |
|    time_elapsed    | 4687     |
|    total_timesteps | 9844896  |
| train/             |          |
|    actor_loss      | -0.787   |
|    critic_loss     | 0.000317 |
|    ent_coef        | 0.000136 |
|    ent_coef_loss   | -3.63    |
|    learning_rate   | 0.0003   |
|    n_updates       | 615243   |
---------------------------------
---------------------------------
| rollout/           |          |
|    ep_len_mean     | 1.69e+03 |
|    ep_rew_mean     | 1.99e+03 |
| time/              |          |
|    episodes        | 6684     |
|    fps             | 2100     |
|    time_elapsed    | 4689     |
|    total_timesteps | 9849536  |
| train/             |          |
|    actor_loss      | -0.756   |
|    critic_loss     | 0.000756 |
|    ent_coef        | 0.000134 |
|    ent_coef_loss   | -4.42    |
|    learning_rate   | 0.0003   |
|    n_updates       | 615533   |
---------------------------------
---------------------------------
| rollout/           |          |
|    ep_len_mean     | 1.65e+03 |
|    ep_rew_mean     | 1.94e+03 |
| time/              |          |
|    episodes        | 6688     |
|    fps             | 2100     |
|    time_elapsed    | 4690     |
|    total_timesteps | 9851536  |
| train/             |          |
|    actor_loss      | -0.791   |
|    critic_loss     | 0.000318 |
|    ent_coef        | 0.000133 |
|    ent_coef_loss   | -4.19    |
|    learning_rate   | 0.0003   |
|    n_updates       | 615658   |
---------------------------------
---------------------------------
| rollout/           |          |
|    ep_len_mean     | 1.64e+03 |
|    ep_rew_mean     | 1.99e+03 |
| time/              |          |
|    episodes        | 6692     |
|    fps             | 2100     |
|    time_elapsed    | 4691     |
|    total_timesteps | 9854752  |
| train/             |          |
|    actor_loss      | -0.814   |
|    critic_loss     | 0.0149   |
|    ent_coef        | 0.000131 |
|    ent_coef_loss   | -3.3     |
|    learning_rate   | 0.0003   |
|    n_updates       | 615859   |
---------------------------------
---------------------------------
| rollout/           |          |
|    ep_len_mean     | 1.59e+03 |
|    ep_rew_mean     | 1.92e+03 |
| time/              |          |
|    episodes        | 6696     |
|    fps             | 2100     |
|    time_elapsed    | 4692     |
|    total_timesteps | 9855584  |
| train/             |          |
|    actor_loss      | -0.782   |
|    critic_loss     | 0.000849 |
|    ent_coef        | 0.00013  |
|    ent_coef_loss   | -1.5     |
|    learning_rate   | 0.0003   |
|    n_updates       | 615911   |
---------------------------------
---------------------------------
| rollout/           |          |
|    ep_len_mean     | 1.54e+03 |
|    ep_rew_mean     | 1.91e+03 |
| time/              |          |
|    episodes        | 6700     |
|    fps             | 2100     |
|    time_elapsed    | 4695     |
|    total_timesteps | 9863392  |
| train/             |          |
|    actor_loss      | -0.761   |
|    critic_loss     | 0.00618  |
|    ent_coef        | 0.000131 |
|    ent_coef_loss   | 6.52     |
|    learning_rate   | 0.0003   |
|    n_updates       | 616399   |
---------------------------------
---------------------------------
| rollout/           |          |
|    ep_len_mean     | 1.5e+03  |
|    ep_rew_mean     | 1.86e+03 |
| time/              |          |
|    episodes        | 6704     |
|    fps             | 2100     |
|    time_elapsed    | 4697     |
|    total_timesteps | 9868000  |
| train/             |          |
|    actor_loss      | -0.765   |
|    critic_loss     | 0.00091  |
|    ent_coef        | 0.000136 |
|    ent_coef_loss   | 1.35     |
|    learning_rate   | 0.0003   |
|    n_updates       | 616687   |
---------------------------------
---------------------------------
| rollout/           |          |
|    ep_len_mean     | 1.48e+03 |
|    ep_rew_mean     | 1.78e+03 |
| time/              |          |
|    episodes        | 6708     |
|    fps             | 2100     |
|    time_elapsed    | 4698     |
|    total_timesteps | 9870144  |
| train/             |          |
|    actor_loss      | -0.735   |
|    critic_loss     | 0.00282  |
|    ent_coef        | 0.00014  |
|    ent_coef_loss   | -0.369   |
|    learning_rate   | 0.0003   |
|    n_updates       | 616821   |
---------------------------------
---------------------------------
| rollout/           |          |
|    ep_len_mean     | 1.46e+03 |
|    ep_rew_mean     | 1.76e+03 |
| time/              |          |
|    episodes        | 6712     |
|    fps             | 2100     |
|    time_elapsed    | 4700     |
|    total_timesteps | 9873936  |
| train/             |          |
|    actor_loss      | -0.764   |
|    critic_loss     | 0.000381 |
|    ent_coef        | 0.000139 |
|    ent_coef_loss   | -1.41    |
|    learning_rate   | 0.0003   |
|    n_updates       | 617058   |
---------------------------------
---------------------------------
| rollout/           |          |
|    ep_len_mean     | 1.45e+03 |
|    ep_rew_mean     | 1.77e+03 |
| time/              |          |
|    episodes        | 6716     |
|    fps             | 2100     |
|    time_elapsed    | 4706     |
|    total_timesteps | 9884880  |
| train/             |          |
|    actor_loss      | -0.788   |
|    critic_loss     | 0.0334   |
|    ent_coef        | 0.000136 |
|    ent_coef_loss   | -3.83    |
|    learning_rate   | 0.0003   |
|    n_updates       | 617742   |
---------------------------------
---------------------------------
| rollout/           |          |
|    ep_len_mean     | 1.41e+03 |
|    ep_rew_mean     | 1.75e+03 |
| time/              |          |
|    episodes        | 6720     |
|    fps             | 2100     |
|    time_elapsed    | 4706     |
|    total_timesteps | 9886464  |
| train/             |          |
|    actor_loss      | -0.838   |
|    critic_loss     | 0.000659 |
|    ent_coef        | 0.000134 |
|    ent_coef_loss   | -3.06    |
|    learning_rate   | 0.0003   |
|    n_updates       | 617841   |
---------------------------------
---------------------------------
| rollout/           |          |
|    ep_len_mean     | 1.38e+03 |
|    ep_rew_mean     | 1.76e+03 |
| time/              |          |
|    episodes        | 6724     |
|    fps             | 2100     |
|    time_elapsed    | 4709     |
|    total_timesteps | 9890992  |
| train/             |          |
|    actor_loss      | -0.736   |
|    critic_loss     | 0.000351 |
|    ent_coef        | 0.000137 |
|    ent_coef_loss   | 0.18     |
|    learning_rate   | 0.0003   |
|    n_updates       | 618124   |
---------------------------------
---------------------------------
| rollout/           |          |
|    ep_len_mean     | 1.38e+03 |
|    ep_rew_mean     | 1.8e+03  |
| time/              |          |
|    episodes        | 6728     |
|    fps             | 2100     |
|    time_elapsed    | 4711     |
|    total_timesteps | 9895568  |
| train/             |          |
|    actor_loss      | -0.814   |
|    critic_loss     | 0.000298 |
|    ent_coef        | 0.000146 |
|    ent_coef_loss   | -4.44    |
|    learning_rate   | 0.0003   |
|    n_updates       | 618410   |
---------------------------------
---------------------------------
| rollout/           |          |
|    ep_len_mean     | 1.36e+03 |
|    ep_rew_mean     | 1.8e+03  |
| time/              |          |
|    episodes        | 6732     |
|    fps             | 2100     |
|    time_elapsed    | 4713     |
|    total_timesteps | 9900080  |
| train/             |          |
|    actor_loss      | -0.808   |
|    critic_loss     | 0.000353 |
|    ent_coef        | 0.000138 |
|    ent_coef_loss   | -4.24    |
|    learning_rate   | 0.0003   |
|    n_updates       | 618692   |
---------------------------------
---------------------------------
| rollout/           |          |
|    ep_len_mean     | 1.34e+03 |
|    ep_rew_mean     | 1.78e+03 |
| time/              |          |
|    episodes        | 6736     |
|    fps             | 2100     |
|    time_elapsed    | 4713     |
|    total_timesteps | 9900928  |
| train/             |          |
|    actor_loss      | -0.759   |
|    critic_loss     | 0.000329 |
|    ent_coef        | 0.000136 |
|    ent_coef_loss   | -3.12    |
|    learning_rate   | 0.0003   |
|    n_updates       | 618745   |
---------------------------------
---------------------------------
| rollout/           |          |
|    ep_len_mean     | 1.35e+03 |
|    ep_rew_mean     | 1.83e+03 |
| time/              |          |
|    episodes        | 6740     |
|    fps             | 2100     |
|    time_elapsed    | 4723     |
|    total_timesteps | 9921328  |
| train/             |          |
|    actor_loss      | -0.793   |
|    critic_loss     | 0.000459 |
|    ent_coef        | 0.000134 |
|    ent_coef_loss   | -4.59    |
|    learning_rate   | 0.0003   |
|    n_updates       | 620020   |
---------------------------------
---------------------------------
| rollout/           |          |
|    ep_len_mean     | 1.34e+03 |
|    ep_rew_mean     | 1.75e+03 |
| time/              |          |
|    episodes        | 6744     |
|    fps             | 2100     |
|    time_elapsed    | 4725     |
|    total_timesteps | 9927024  |
| train/             |          |
|    actor_loss      | -0.795   |
|    critic_loss     | 0.00224  |
|    ent_coef        | 0.000137 |
|    ent_coef_loss   | 7.44     |
|    learning_rate   | 0.0003   |
|    n_updates       | 620376   |
---------------------------------
---------------------------------
| rollout/           |          |
|    ep_len_mean     | 1.34e+03 |
|    ep_rew_mean     | 1.69e+03 |
| time/              |          |
|    episodes        | 6748     |
|    fps             | 2100     |
|    time_elapsed    | 4727     |
|    total_timesteps | 9931424  |
| train/             |          |
|    actor_loss      | -0.735   |
|    critic_loss     | 0.000918 |
|    ent_coef        | 0.000139 |
|    ent_coef_loss   | 4.05     |
|    learning_rate   | 0.0003   |
|    n_updates       | 620651   |
---------------------------------
---------------------------------
| rollout/           |          |
|    ep_len_mean     | 1.31e+03 |
|    ep_rew_mean     | 1.67e+03 |
| time/              |          |
|    episodes        | 6752     |
|    fps             | 2100     |
|    time_elapsed    | 4729     |
|    total_timesteps | 9934128  |
| train/             |          |
|    actor_loss      | -0.774   |
|    critic_loss     | 0.000239 |
|    ent_coef        | 0.000141 |
|    ent_coef_loss   | 2.61     |
|    learning_rate   | 0.0003   |
|    n_updates       | 620820   |
---------------------------------
---------------------------------
| rollout/           |          |
|    ep_len_mean     | 1.27e+03 |
|    ep_rew_mean     | 1.65e+03 |
| time/              |          |
|    episodes        | 6756     |
|    fps             | 2100     |
|    time_elapsed    | 4730     |
|    total_timesteps | 9936560  |
| train/             |          |
|    actor_loss      | -0.792   |
|    critic_loss     | 0.000344 |
|    ent_coef        | 0.000139 |
|    ent_coef_loss   | 0.42     |
|    learning_rate   | 0.0003   |
|    n_updates       | 620972   |
---------------------------------
---------------------------------
| rollout/           |          |
|    ep_len_mean     | 1.27e+03 |
|    ep_rew_mean     | 1.68e+03 |
| time/              |          |
|    episodes        | 6760     |
|    fps             | 2100     |
|    time_elapsed    | 4732     |
|    total_timesteps | 9941184  |
| train/             |          |
|    actor_loss      | -0.674   |
|    critic_loss     | 0.00982  |
|    ent_coef        | 0.000134 |
|    ent_coef_loss   | -2.05    |
|    learning_rate   | 0.0003   |
|    n_updates       | 621261   |
---------------------------------
---------------------------------
| rollout/           |          |
|    ep_len_mean     | 1.23e+03 |
|    ep_rew_mean     | 1.7e+03  |
| time/              |          |
|    episodes        | 6764     |
|    fps             | 2100     |
|    time_elapsed    | 4734     |
|    total_timesteps | 9945520  |
| train/             |          |
|    actor_loss      | -0.801   |
|    critic_loss     | 0.000435 |
|    ent_coef        | 0.000129 |
|    ent_coef_loss   | -2.93    |
|    learning_rate   | 0.0003   |
|    n_updates       | 621532   |
---------------------------------
---------------------------------
| rollout/           |          |
|    ep_len_mean     | 1.2e+03  |
|    ep_rew_mean     | 1.66e+03 |
| time/              |          |
|    episodes        | 6768     |
|    fps             | 2100     |
|    time_elapsed    | 4736     |
|    total_timesteps | 9949648  |
| train/             |          |
|    actor_loss      | -0.793   |
|    critic_loss     | 0.000557 |
|    ent_coef        | 0.000131 |
|    ent_coef_loss   | -0.346   |
|    learning_rate   | 0.0003   |
|    n_updates       | 621790   |
---------------------------------
---------------------------------
| rollout/           |          |
|    ep_len_mean     | 1.17e+03 |
|    ep_rew_mean     | 1.67e+03 |
| time/              |          |
|    episodes        | 6772     |
|    fps             | 2100     |
|    time_elapsed    | 4737     |
|    total_timesteps | 9951664  |
| train/             |          |
|    actor_loss      | -0.872   |
|    critic_loss     | 0.000381 |
|    ent_coef        | 0.000139 |
|    ent_coef_loss   | -2.24    |
|    learning_rate   | 0.0003   |
|    n_updates       | 621916   |
---------------------------------
---------------------------------
| rollout/           |          |
|    ep_len_mean     | 1.14e+03 |
|    ep_rew_mean     | 1.62e+03 |
| time/              |          |
|    episodes        | 6776     |
|    fps             | 2100     |
|    time_elapsed    | 4737     |
|    total_timesteps | 9952976  |
| train/             |          |
|    actor_loss      | -0.765   |
|    critic_loss     | 0.00205  |
|    ent_coef        | 0.000141 |
|    ent_coef_loss   | 5.14     |
|    learning_rate   | 0.0003   |
|    n_updates       | 621998   |
---------------------------------
---------------------------------
| rollout/           |          |
|    ep_len_mean     | 1.14e+03 |
|    ep_rew_mean     | 1.57e+03 |
| time/              |          |
|    episodes        | 6780     |
|    fps             | 2100     |
|    time_elapsed    | 4739     |
|    total_timesteps | 9956912  |
| train/             |          |
|    actor_loss      | -0.798   |
|    critic_loss     | 0.000257 |
|    ent_coef        | 0.000148 |
|    ent_coef_loss   | -1.19    |
|    learning_rate   | 0.0003   |
|    n_updates       | 622244   |
---------------------------------
---------------------------------
| rollout/           |          |
|    ep_len_mean     | 1.14e+03 |
|    ep_rew_mean     | 1.54e+03 |
| time/              |          |
|    episodes        | 6784     |
|    fps             | 2100     |
|    time_elapsed    | 4741     |
|    total_timesteps | 9960096  |
| train/             |          |
|    actor_loss      | -0.793   |
|    critic_loss     | 0.000292 |
|    ent_coef        | 0.000145 |
|    ent_coef_loss   | 0.555    |
|    learning_rate   | 0.0003   |
|    n_updates       | 622443   |
---------------------------------
---------------------------------
| rollout/           |          |
|    ep_len_mean     | 1.13e+03 |
|    ep_rew_mean     | 1.55e+03 |
| time/              |          |
|    episodes        | 6788     |
|    fps             | 2100     |
|    time_elapsed    | 4742     |
|    total_timesteps | 9963168  |
| train/             |          |
|    actor_loss      | -0.782   |
|    critic_loss     | 0.000638 |
|    ent_coef        | 0.000148 |
|    ent_coef_loss   | -2.09    |
|    learning_rate   | 0.0003   |
|    n_updates       | 622635   |
---------------------------------
---------------------------------
| rollout/           |          |
|    ep_len_mean     | 1.09e+03 |
|    ep_rew_mean     | 1.47e+03 |
| time/              |          |
|    episodes        | 6792     |
|    fps             | 2100     |
|    time_elapsed    | 4744     |
|    total_timesteps | 9967120  |
| train/             |          |
|    actor_loss      | -0.726   |
|    critic_loss     | 0.000446 |
|    ent_coef        | 0.000143 |
|    ent_coef_loss   | 8.35     |
|    learning_rate   | 0.0003   |
|    n_updates       | 622882   |
---------------------------------
---------------------------------
| rollout/           |          |
|    ep_len_mean     | 1.08e+03 |
|    ep_rew_mean     | 1.46e+03 |
| time/              |          |
|    episodes        | 6796     |
|    fps             | 2100     |
|    time_elapsed    | 4746     |
|    total_timesteps | 9971808  |
| train/             |          |
|    actor_loss      | -0.784   |
|    critic_loss     | 0.00031  |
|    ent_coef        | 0.000145 |
|    ent_coef_loss   | -3.22    |
|    learning_rate   | 0.0003   |
|    n_updates       | 623175   |
---------------------------------
---------------------------------
| rollout/           |          |
|    ep_len_mean     | 1.11e+03 |
|    ep_rew_mean     | 1.52e+03 |
| time/              |          |
|    episodes        | 6800     |
|    fps             | 2100     |
|    time_elapsed    | 4749     |
|    total_timesteps | 9977344  |
| train/             |          |
|    actor_loss      | -0.819   |
|    critic_loss     | 0.000338 |
|    ent_coef        | 0.000139 |
|    ent_coef_loss   | -3.83    |
|    learning_rate   | 0.0003   |
|    n_updates       | 623521   |
---------------------------------
---------------------------------
| rollout/           |          |
|    ep_len_mean     | 1.13e+03 |
|    ep_rew_mean     | 1.58e+03 |
| time/              |          |
|    episodes        | 6804     |
|    fps             | 2100     |
|    time_elapsed    | 4752     |
|    total_timesteps | 9983648  |
| train/             |          |
|    actor_loss      | -0.9     |
|    critic_loss     | 0.000484 |
|    ent_coef        | 0.000134 |
|    ent_coef_loss   | -1.57    |
|    learning_rate   | 0.0003   |
|    n_updates       | 623915   |
---------------------------------
---------------------------------
| rollout/           |          |
|    ep_len_mean     | 1.14e+03 |
|    ep_rew_mean     | 1.65e+03 |
| time/              |          |
|    episodes        | 6808     |
|    fps             | 2100     |
|    time_elapsed    | 4754     |
|    total_timesteps | 9987648  |
| train/             |          |
|    actor_loss      | -0.785   |
|    critic_loss     | 0.018    |
|    ent_coef        | 0.000137 |
|    ent_coef_loss   | 11.7     |
|    learning_rate   | 0.0003   |
|    n_updates       | 624165   |
---------------------------------
---------------------------------
| rollout/           |          |
|    ep_len_mean     | 1.15e+03 |
|    ep_rew_mean     | 1.7e+03  |
| time/              |          |
|    episodes        | 6812     |
|    fps             | 2100     |
|    time_elapsed    | 4754     |
|    total_timesteps | 9989008  |
| train/             |          |
|    actor_loss      | -0.765   |
|    critic_loss     | 0.00077  |
|    ent_coef        | 0.00014  |
|    ent_coef_loss   | 6.86     |
|    learning_rate   | 0.0003   |
|    n_updates       | 624250   |
---------------------------------
--> [Worker 9] Attempting to load FlightEnvironment from .so file...
--> [Worker 9] FlightEnvironment loaded successfully!
--> [Worker 5] Attempting to load FlightEnvironment from .so file...
--> [Worker 5] FlightEnvironment loaded successfully!
--> [Worker 7] Attempting to load FlightEnvironment from .so file...
--> [Worker 7] FlightEnvironment loaded successfully!
--> [Worker 1] Attempting to load FlightEnvironment from .so file...
--> [Worker 1] FlightEnvironment loaded successfully!
--> [Worker 0] Attempting to load FlightEnvironment from .so file...
--> [Worker 0] FlightEnvironment loaded successfully!
--> [Worker 3] Attempting to load FlightEnvironment from .so file...
--> [Worker 3] FlightEnvironment loaded successfully!
--> [Worker 14] Attempting to load FlightEnvironment from .so file...
--> [Worker 14] FlightEnvironment loaded successfully!
--> [Worker 8] Attempting to load FlightEnvironment from .so file...
--> [Worker 8] FlightEnvironment loaded successfully!
--> [Worker 4] Attempting to load FlightEnvironment from .so file...
--> [Worker 4] FlightEnvironment loaded successfully!
--> [Worker 13] Attempting to load FlightEnvironment from .so file...
--> [Worker 13] FlightEnvironment loaded successfully!
--> [Worker 2] Attempting to load FlightEnvironment from .so file...
--> [Worker 2] FlightEnvironment loaded successfully!
--> [Worker 6] Attempting to load FlightEnvironment from .so file...
--> [Worker 6] FlightEnvironment loaded successfully!
--> [Worker 12] Attempting to load FlightEnvironment from .so file...
--> [Worker 12] FlightEnvironment loaded successfully!
--> [Worker 11] Attempting to load FlightEnvironment from .so file...
--> [Worker 11] FlightEnvironment loaded successfully!
--> [Worker 15] Attempting to load FlightEnvironment from .so file...
--> [Worker 15] FlightEnvironment loaded successfully!
--> [Worker 10] Attempting to load FlightEnvironment from .so file...
--> [Worker 10] FlightEnvironment loaded successfully!
Training completed.
