/var/spool/torque/mom_priv/jobs/37741.vegabk.head.cm.vega.erau.edu.SC: line 36: source: /apps/spack/share: is a directory
Currently working in: /scratch/zubyka/RL_Thesis
Checking GPU allocation...
CUDA_VISIBLE_DEVICES: 0
Fri Feb 27 18:57:02 2026       
+---------------------------------------------------------------------------------------+
| NVIDIA-SMI 535.129.03             Driver Version: 535.129.03   CUDA Version: 12.2     |
|-----------------------------------------+----------------------+----------------------+
| GPU  Name                 Persistence-M | Bus-Id        Disp.A | Volatile Uncorr. ECC |
| Fan  Temp   Perf          Pwr:Usage/Cap |         Memory-Usage | GPU-Util  Compute M. |
|                                         |                      |               MIG M. |
|=========================================+======================+======================|
|   0  NVIDIA H100 PCIe               On  | 00000000:02:00.0 Off |                    0 |
| N/A   35C    P0              50W / 350W |     72MiB / 81559MiB |      0%      Default |
|                                         |                      |             Disabled |
+-----------------------------------------+----------------------+----------------------+
|   1  NVIDIA H100 PCIe               On  | 00000000:64:00.0 Off |                    0 |
| N/A   32C    P0              46W / 350W |     72MiB / 81559MiB |      0%      Default |
|                                         |                      |             Disabled |
+-----------------------------------------+----------------------+----------------------+
|   2  NVIDIA H100 PCIe               On  | 00000000:82:00.0 Off |                    0 |
| N/A   36C    P0              51W / 350W |     72MiB / 81559MiB |      0%      Default |
|                                         |                      |             Disabled |
+-----------------------------------------+----------------------+----------------------+
|   3  NVIDIA H100 PCIe               On  | 00000000:E3:00.0 Off |                    0 |
| N/A   34C    P0              45W / 350W |     72MiB / 81559MiB |      0%      Default |
|                                         |                      |             Disabled |
+-----------------------------------------+----------------------+----------------------+
                                                                                         
+---------------------------------------------------------------------------------------+
| Processes:                                                                            |
|  GPU   GI   CI        PID   Type   Process name                            GPU Memory |
|        ID   ID                                                             Usage      |
|=======================================================================================|
|    0   N/A  N/A   3839687      C   nvidia-cuda-mps-server                       60MiB |
|    1   N/A  N/A   3839687      C   nvidia-cuda-mps-server                       60MiB |
|    2   N/A  N/A   3839687      C   nvidia-cuda-mps-server                       60MiB |
|    3   N/A  N/A   3839687      C   nvidia-cuda-mps-server                       60MiB |
+---------------------------------------------------------------------------------------+
GPU check complete.
--- Starting Training Run: Feb27_18-57 ---
Using cuda device
Starting training...
Logging to /scratch/zubyka/RL_Thesis/logs/SAC_7
----------------------------------
| rollout/           |           |
|    ep_len_mean     | 5.78e+03  |
|    ep_rew_mean     | -302      |
| time/              |           |
|    episodes        | 4         |
|    fps             | 2224      |
|    time_elapsed    | 41        |
|    total_timesteps | 92464     |
| train/             |           |
|    actor_loss      | -8.16e+03 |
|    critic_loss     | 7.07e+03  |
|    ent_coef        | 5.38      |
|    ent_coef_loss   | -25.9     |
|    learning_rate   | 0.0003    |
|    n_updates       | 5716      |
----------------------------------
---------------------------------
| rollout/           |          |
|    ep_len_mean     | 5.78e+03 |
|    ep_rew_mean     | -302     |
| time/              |          |
|    episodes        | 8        |
|    fps             | 2224     |
|    time_elapsed    | 41       |
|    total_timesteps | 92464    |
---------------------------------
---------------------------------
| rollout/           |          |
|    ep_len_mean     | 5.78e+03 |
|    ep_rew_mean     | -302     |
| time/              |          |
|    episodes        | 12       |
|    fps             | 2224     |
|    time_elapsed    | 41       |
|    total_timesteps | 92464    |
---------------------------------
---------------------------------
| rollout/           |          |
|    ep_len_mean     | 5.78e+03 |
|    ep_rew_mean     | -302     |
| time/              |          |
|    episodes        | 16       |
|    fps             | 2223     |
|    time_elapsed    | 41       |
|    total_timesteps | 92464    |
---------------------------------
----------------------------------
| rollout/           |           |
|    ep_len_mean     | 5.78e+03  |
|    ep_rew_mean     | -305      |
| time/              |           |
|    episodes        | 20        |
|    fps             | 2211      |
|    time_elapsed    | 83        |
|    total_timesteps | 184928    |
| train/             |           |
|    actor_loss      | -5.44e+03 |
|    critic_loss     | 9.16e+03  |
|    ent_coef        | 2.99      |
|    ent_coef_loss   | 7.29      |
|    learning_rate   | 0.0003    |
|    n_updates       | 11495     |
----------------------------------
---------------------------------
| rollout/           |          |
|    ep_len_mean     | 5.78e+03 |
|    ep_rew_mean     | -305     |
| time/              |          |
|    episodes        | 24       |
|    fps             | 2211     |
|    time_elapsed    | 83       |
|    total_timesteps | 184928   |
---------------------------------
---------------------------------
| rollout/           |          |
|    ep_len_mean     | 5.78e+03 |
|    ep_rew_mean     | -305     |
| time/              |          |
|    episodes        | 28       |
|    fps             | 2211     |
|    time_elapsed    | 83       |
|    total_timesteps | 184928   |
---------------------------------
---------------------------------
| rollout/           |          |
|    ep_len_mean     | 5.78e+03 |
|    ep_rew_mean     | -305     |
| time/              |          |
|    episodes        | 32       |
|    fps             | 2211     |
|    time_elapsed    | 83       |
|    total_timesteps | 184928   |
---------------------------------
----------------------------------
| rollout/           |           |
|    ep_len_mean     | 5.78e+03  |
|    ep_rew_mean     | -306      |
| time/              |           |
|    episodes        | 36        |
|    fps             | 2215      |
|    time_elapsed    | 125       |
|    total_timesteps | 277392    |
| train/             |           |
|    actor_loss      | -4.45e+03 |
|    critic_loss     | 9.52e+03  |
|    ent_coef        | 0.546     |
|    ent_coef_loss   | -3.61     |
|    learning_rate   | 0.0003    |
|    n_updates       | 17274     |
----------------------------------
---------------------------------
| rollout/           |          |
|    ep_len_mean     | 5.78e+03 |
|    ep_rew_mean     | -306     |
| time/              |          |
|    episodes        | 40       |
|    fps             | 2214     |
|    time_elapsed    | 125      |
|    total_timesteps | 277392   |
---------------------------------
---------------------------------
| rollout/           |          |
|    ep_len_mean     | 5.78e+03 |
|    ep_rew_mean     | -306     |
| time/              |          |
|    episodes        | 44       |
|    fps             | 2214     |
|    time_elapsed    | 125      |
|    total_timesteps | 277392   |
---------------------------------
---------------------------------
| rollout/           |          |
|    ep_len_mean     | 5.78e+03 |
|    ep_rew_mean     | -306     |
| time/              |          |
|    episodes        | 48       |
|    fps             | 2214     |
|    time_elapsed    | 125      |
|    total_timesteps | 277392   |
---------------------------------
----------------------------------
| rollout/           |           |
|    ep_len_mean     | 5.78e+03  |
|    ep_rew_mean     | -306      |
| time/              |           |
|    episodes        | 52        |
|    fps             | 2216      |
|    time_elapsed    | 166       |
|    total_timesteps | 369856    |
| train/             |           |
|    actor_loss      | -3.21e+03 |
|    critic_loss     | 513       |
|    ent_coef        | 0.109     |
|    ent_coef_loss   | -7.06     |
|    learning_rate   | 0.0003    |
|    n_updates       | 23053     |
----------------------------------
---------------------------------
| rollout/           |          |
|    ep_len_mean     | 5.78e+03 |
|    ep_rew_mean     | -306     |
| time/              |          |
|    episodes        | 56       |
|    fps             | 2216     |
|    time_elapsed    | 166      |
|    total_timesteps | 369856   |
---------------------------------
---------------------------------
| rollout/           |          |
|    ep_len_mean     | 5.78e+03 |
|    ep_rew_mean     | -306     |
| time/              |          |
|    episodes        | 60       |
|    fps             | 2216     |
|    time_elapsed    | 166      |
|    total_timesteps | 369856   |
---------------------------------
---------------------------------
| rollout/           |          |
|    ep_len_mean     | 5.78e+03 |
|    ep_rew_mean     | -306     |
| time/              |          |
|    episodes        | 64       |
|    fps             | 2216     |
|    time_elapsed    | 166      |
|    total_timesteps | 369856   |
---------------------------------
----------------------------------
| rollout/           |           |
|    ep_len_mean     | 5.78e+03  |
|    ep_rew_mean     | -306      |
| time/              |           |
|    episodes        | 68        |
|    fps             | 2214      |
|    time_elapsed    | 208       |
|    total_timesteps | 462320    |
| train/             |           |
|    actor_loss      | -2.23e+03 |
|    critic_loss     | 558       |
|    ent_coef        | 0.0226    |
|    ent_coef_loss   | -7.22     |
|    learning_rate   | 0.0003    |
|    n_updates       | 28832     |
----------------------------------
---------------------------------
| rollout/           |          |
|    ep_len_mean     | 5.78e+03 |
|    ep_rew_mean     | -306     |
| time/              |          |
|    episodes        | 72       |
|    fps             | 2214     |
|    time_elapsed    | 208      |
|    total_timesteps | 462320   |
---------------------------------
---------------------------------
| rollout/           |          |
|    ep_len_mean     | 5.78e+03 |
|    ep_rew_mean     | -306     |
| time/              |          |
|    episodes        | 76       |
|    fps             | 2213     |
|    time_elapsed    | 208      |
|    total_timesteps | 462320   |
---------------------------------
---------------------------------
| rollout/           |          |
|    ep_len_mean     | 5.78e+03 |
|    ep_rew_mean     | -306     |
| time/              |          |
|    episodes        | 80       |
|    fps             | 2213     |
|    time_elapsed    | 208      |
|    total_timesteps | 462320   |
---------------------------------
----------------------------------
| rollout/           |           |
|    ep_len_mean     | 5.78e+03  |
|    ep_rew_mean     | -307      |
| time/              |           |
|    episodes        | 84        |
|    fps             | 2208      |
|    time_elapsed    | 251       |
|    total_timesteps | 554784    |
| train/             |           |
|    actor_loss      | -1.74e+03 |
|    critic_loss     | 43.2      |
|    ent_coef        | 0.0131    |
|    ent_coef_loss   | 0.569     |
|    learning_rate   | 0.0003    |
|    n_updates       | 34611     |
----------------------------------
---------------------------------
| rollout/           |          |
|    ep_len_mean     | 5.78e+03 |
|    ep_rew_mean     | -307     |
| time/              |          |
|    episodes        | 88       |
|    fps             | 2208     |
|    time_elapsed    | 251      |
|    total_timesteps | 554784   |
---------------------------------
---------------------------------
| rollout/           |          |
|    ep_len_mean     | 5.78e+03 |
|    ep_rew_mean     | -307     |
| time/              |          |
|    episodes        | 92       |
|    fps             | 2208     |
|    time_elapsed    | 251      |
|    total_timesteps | 554784   |
---------------------------------
---------------------------------
| rollout/           |          |
|    ep_len_mean     | 5.78e+03 |
|    ep_rew_mean     | -307     |
| time/              |          |
|    episodes        | 96       |
|    fps             | 2208     |
|    time_elapsed    | 251      |
|    total_timesteps | 554784   |
---------------------------------
----------------------------------
| rollout/           |           |
|    ep_len_mean     | 5.78e+03  |
|    ep_rew_mean     | -307      |
| time/              |           |
|    episodes        | 100       |
|    fps             | 2203      |
|    time_elapsed    | 293       |
|    total_timesteps | 647248    |
| train/             |           |
|    actor_loss      | -1.16e+03 |
|    critic_loss     | 17.1      |
|    ent_coef        | 0.00766   |
|    ent_coef_loss   | -13.7     |
|    learning_rate   | 0.0003    |
|    n_updates       | 40390     |
----------------------------------
---------------------------------
| rollout/           |          |
|    ep_len_mean     | 5.78e+03 |
|    ep_rew_mean     | -307     |
| time/              |          |
|    episodes        | 104      |
|    fps             | 2203     |
|    time_elapsed    | 293      |
|    total_timesteps | 647248   |
---------------------------------
---------------------------------
| rollout/           |          |
|    ep_len_mean     | 5.78e+03 |
|    ep_rew_mean     | -307     |
| time/              |          |
|    episodes        | 108      |
|    fps             | 2203     |
|    time_elapsed    | 293      |
|    total_timesteps | 647248   |
---------------------------------
---------------------------------
| rollout/           |          |
|    ep_len_mean     | 5.78e+03 |
|    ep_rew_mean     | -307     |
| time/              |          |
|    episodes        | 112      |
|    fps             | 2203     |
|    time_elapsed    | 293      |
|    total_timesteps | 647248   |
---------------------------------
---------------------------------
| rollout/           |          |
|    ep_len_mean     | 5.78e+03 |
|    ep_rew_mean     | -308     |
| time/              |          |
|    episodes        | 116      |
|    fps             | 2200     |
|    time_elapsed    | 336      |
|    total_timesteps | 739712   |
| train/             |          |
|    actor_loss      | -931     |
|    critic_loss     | 16.5     |
|    ent_coef        | 0.00478  |
|    ent_coef_loss   | -4.58    |
|    learning_rate   | 0.0003   |
|    n_updates       | 46169    |
---------------------------------
---------------------------------
| rollout/           |          |
|    ep_len_mean     | 5.78e+03 |
|    ep_rew_mean     | -308     |
| time/              |          |
|    episodes        | 120      |
|    fps             | 2200     |
|    time_elapsed    | 336      |
|    total_timesteps | 739712   |
---------------------------------
---------------------------------
| rollout/           |          |
|    ep_len_mean     | 5.78e+03 |
|    ep_rew_mean     | -308     |
| time/              |          |
|    episodes        | 124      |
|    fps             | 2200     |
|    time_elapsed    | 336      |
|    total_timesteps | 739712   |
---------------------------------
---------------------------------
| rollout/           |          |
|    ep_len_mean     | 5.78e+03 |
|    ep_rew_mean     | -308     |
| time/              |          |
|    episodes        | 128      |
|    fps             | 2200     |
|    time_elapsed    | 336      |
|    total_timesteps | 739712   |
---------------------------------
---------------------------------
| rollout/           |          |
|    ep_len_mean     | 5.78e+03 |
|    ep_rew_mean     | -308     |
| time/              |          |
|    episodes        | 132      |
|    fps             | 2197     |
|    time_elapsed    | 378      |
|    total_timesteps | 832176   |
| train/             |          |
|    actor_loss      | -663     |
|    critic_loss     | 15.8     |
|    ent_coef        | 0.0021   |
|    ent_coef_loss   | -6.42    |
|    learning_rate   | 0.0003   |
|    n_updates       | 51948    |
---------------------------------
---------------------------------
| rollout/           |          |
|    ep_len_mean     | 5.78e+03 |
|    ep_rew_mean     | -308     |
| time/              |          |
|    episodes        | 136      |
|    fps             | 2197     |
|    time_elapsed    | 378      |
|    total_timesteps | 832176   |
---------------------------------
---------------------------------
| rollout/           |          |
|    ep_len_mean     | 5.78e+03 |
|    ep_rew_mean     | -308     |
| time/              |          |
|    episodes        | 140      |
|    fps             | 2197     |
|    time_elapsed    | 378      |
|    total_timesteps | 832176   |
---------------------------------
---------------------------------
| rollout/           |          |
|    ep_len_mean     | 5.78e+03 |
|    ep_rew_mean     | -308     |
| time/              |          |
|    episodes        | 144      |
|    fps             | 2197     |
|    time_elapsed    | 378      |
|    total_timesteps | 832176   |
---------------------------------
---------------------------------
| rollout/           |          |
|    ep_len_mean     | 5.78e+03 |
|    ep_rew_mean     | -308     |
| time/              |          |
|    episodes        | 148      |
|    fps             | 2194     |
|    time_elapsed    | 421      |
|    total_timesteps | 924640   |
| train/             |          |
|    actor_loss      | -461     |
|    critic_loss     | 4.07     |
|    ent_coef        | 0.00189  |
|    ent_coef_loss   | -1.07    |
|    learning_rate   | 0.0003   |
|    n_updates       | 57727    |
---------------------------------
---------------------------------
| rollout/           |          |
|    ep_len_mean     | 5.78e+03 |
|    ep_rew_mean     | -308     |
| time/              |          |
|    episodes        | 152      |
|    fps             | 2194     |
|    time_elapsed    | 421      |
|    total_timesteps | 924640   |
---------------------------------
---------------------------------
| rollout/           |          |
|    ep_len_mean     | 5.78e+03 |
|    ep_rew_mean     | -308     |
| time/              |          |
|    episodes        | 156      |
|    fps             | 2194     |
|    time_elapsed    | 421      |
|    total_timesteps | 924640   |
---------------------------------
---------------------------------
| rollout/           |          |
|    ep_len_mean     | 5.78e+03 |
|    ep_rew_mean     | -308     |
| time/              |          |
|    episodes        | 160      |
|    fps             | 2194     |
|    time_elapsed    | 421      |
|    total_timesteps | 924640   |
---------------------------------
---------------------------------
| rollout/           |          |
|    ep_len_mean     | 5.78e+03 |
|    ep_rew_mean     | -308     |
| time/              |          |
|    episodes        | 164      |
|    fps             | 2193     |
|    time_elapsed    | 463      |
|    total_timesteps | 1017104  |
| train/             |          |
|    actor_loss      | -346     |
|    critic_loss     | 22       |
|    ent_coef        | 0.00184  |
|    ent_coef_loss   | 7.52     |
|    learning_rate   | 0.0003   |
|    n_updates       | 63506    |
---------------------------------
---------------------------------
| rollout/           |          |
|    ep_len_mean     | 5.78e+03 |
|    ep_rew_mean     | -308     |
| time/              |          |
|    episodes        | 168      |
|    fps             | 2193     |
|    time_elapsed    | 463      |
|    total_timesteps | 1017104  |
---------------------------------
---------------------------------
| rollout/           |          |
|    ep_len_mean     | 5.78e+03 |
|    ep_rew_mean     | -308     |
| time/              |          |
|    episodes        | 172      |
|    fps             | 2193     |
|    time_elapsed    | 463      |
|    total_timesteps | 1017104  |
---------------------------------
---------------------------------
| rollout/           |          |
|    ep_len_mean     | 5.78e+03 |
|    ep_rew_mean     | -308     |
| time/              |          |
|    episodes        | 176      |
|    fps             | 2193     |
|    time_elapsed    | 463      |
|    total_timesteps | 1017104  |
---------------------------------
---------------------------------
| rollout/           |          |
|    ep_len_mean     | 5.78e+03 |
|    ep_rew_mean     | -308     |
| time/              |          |
|    episodes        | 180      |
|    fps             | 2191     |
|    time_elapsed    | 506      |
|    total_timesteps | 1109568  |
| train/             |          |
|    actor_loss      | -253     |
|    critic_loss     | 21.6     |
|    ent_coef        | 0.00219  |
|    ent_coef_loss   | -3.89    |
|    learning_rate   | 0.0003   |
|    n_updates       | 69285    |
---------------------------------
---------------------------------
| rollout/           |          |
|    ep_len_mean     | 5.78e+03 |
|    ep_rew_mean     | -308     |
| time/              |          |
|    episodes        | 184      |
|    fps             | 2191     |
|    time_elapsed    | 506      |
|    total_timesteps | 1109568  |
---------------------------------
---------------------------------
| rollout/           |          |
|    ep_len_mean     | 5.78e+03 |
|    ep_rew_mean     | -308     |
| time/              |          |
|    episodes        | 188      |
|    fps             | 2191     |
|    time_elapsed    | 506      |
|    total_timesteps | 1109568  |
---------------------------------
---------------------------------
| rollout/           |          |
|    ep_len_mean     | 5.78e+03 |
|    ep_rew_mean     | -308     |
| time/              |          |
|    episodes        | 192      |
|    fps             | 2191     |
|    time_elapsed    | 506      |
|    total_timesteps | 1109568  |
---------------------------------
---------------------------------
| rollout/           |          |
|    ep_len_mean     | 5.78e+03 |
|    ep_rew_mean     | -308     |
| time/              |          |
|    episodes        | 196      |
|    fps             | 2190     |
|    time_elapsed    | 548      |
|    total_timesteps | 1202032  |
| train/             |          |
|    actor_loss      | -186     |
|    critic_loss     | 14.2     |
|    ent_coef        | 0.00193  |
|    ent_coef_loss   | 13.5     |
|    learning_rate   | 0.0003   |
|    n_updates       | 75064    |
---------------------------------
---------------------------------
| rollout/           |          |
|    ep_len_mean     | 5.78e+03 |
|    ep_rew_mean     | -308     |
| time/              |          |
|    episodes        | 200      |
|    fps             | 2190     |
|    time_elapsed    | 548      |
|    total_timesteps | 1202032  |
---------------------------------
---------------------------------
| rollout/           |          |
|    ep_len_mean     | 5.78e+03 |
|    ep_rew_mean     | -308     |
| time/              |          |
|    episodes        | 204      |
|    fps             | 2190     |
|    time_elapsed    | 548      |
|    total_timesteps | 1202032  |
---------------------------------
---------------------------------
| rollout/           |          |
|    ep_len_mean     | 5.78e+03 |
|    ep_rew_mean     | -308     |
| time/              |          |
|    episodes        | 208      |
|    fps             | 2190     |
|    time_elapsed    | 548      |
|    total_timesteps | 1202032  |
---------------------------------
---------------------------------
| rollout/           |          |
|    ep_len_mean     | 5.78e+03 |
|    ep_rew_mean     | -308     |
| time/              |          |
|    episodes        | 212      |
|    fps             | 2187     |
|    time_elapsed    | 591      |
|    total_timesteps | 1294496  |
| train/             |          |
|    actor_loss      | -137     |
|    critic_loss     | 8.07     |
|    ent_coef        | 0.00174  |
|    ent_coef_loss   | 0.281    |
|    learning_rate   | 0.0003   |
|    n_updates       | 80843    |
---------------------------------
---------------------------------
| rollout/           |          |
|    ep_len_mean     | 5.78e+03 |
|    ep_rew_mean     | -308     |
| time/              |          |
|    episodes        | 216      |
|    fps             | 2187     |
|    time_elapsed    | 591      |
|    total_timesteps | 1294496  |
---------------------------------
---------------------------------
| rollout/           |          |
|    ep_len_mean     | 5.78e+03 |
|    ep_rew_mean     | -308     |
| time/              |          |
|    episodes        | 220      |
|    fps             | 2187     |
|    time_elapsed    | 591      |
|    total_timesteps | 1294496  |
---------------------------------
---------------------------------
| rollout/           |          |
|    ep_len_mean     | 5.78e+03 |
|    ep_rew_mean     | -308     |
| time/              |          |
|    episodes        | 224      |
|    fps             | 2187     |
|    time_elapsed    | 591      |
|    total_timesteps | 1294496  |
---------------------------------
---------------------------------
| rollout/           |          |
|    ep_len_mean     | 5.78e+03 |
|    ep_rew_mean     | -308     |
| time/              |          |
|    episodes        | 228      |
|    fps             | 2186     |
|    time_elapsed    | 634      |
|    total_timesteps | 1386960  |
| train/             |          |
|    actor_loss      | -103     |
|    critic_loss     | 8.48     |
|    ent_coef        | 0.00143  |
|    ent_coef_loss   | 3.61     |
|    learning_rate   | 0.0003   |
|    n_updates       | 86622    |
---------------------------------
---------------------------------
| rollout/           |          |
|    ep_len_mean     | 5.78e+03 |
|    ep_rew_mean     | -308     |
| time/              |          |
|    episodes        | 232      |
|    fps             | 2186     |
|    time_elapsed    | 634      |
|    total_timesteps | 1386960  |
---------------------------------
---------------------------------
| rollout/           |          |
|    ep_len_mean     | 5.78e+03 |
|    ep_rew_mean     | -308     |
| time/              |          |
|    episodes        | 236      |
|    fps             | 2186     |
|    time_elapsed    | 634      |
|    total_timesteps | 1386960  |
---------------------------------
---------------------------------
| rollout/           |          |
|    ep_len_mean     | 5.78e+03 |
|    ep_rew_mean     | -308     |
| time/              |          |
|    episodes        | 240      |
|    fps             | 2186     |
|    time_elapsed    | 634      |
|    total_timesteps | 1386960  |
---------------------------------
---------------------------------
| rollout/           |          |
|    ep_len_mean     | 5.78e+03 |
|    ep_rew_mean     | -308     |
| time/              |          |
|    episodes        | 244      |
|    fps             | 2187     |
|    time_elapsed    | 676      |
|    total_timesteps | 1479424  |
| train/             |          |
|    actor_loss      | -66.6    |
|    critic_loss     | 8.26     |
|    ent_coef        | 0.00171  |
|    ent_coef_loss   | -2.03    |
|    learning_rate   | 0.0003   |
|    n_updates       | 92401    |
---------------------------------
---------------------------------
| rollout/           |          |
|    ep_len_mean     | 5.78e+03 |
|    ep_rew_mean     | -308     |
| time/              |          |
|    episodes        | 248      |
|    fps             | 2187     |
|    time_elapsed    | 676      |
|    total_timesteps | 1479424  |
---------------------------------
---------------------------------
| rollout/           |          |
|    ep_len_mean     | 5.78e+03 |
|    ep_rew_mean     | -308     |
| time/              |          |
|    episodes        | 252      |
|    fps             | 2187     |
|    time_elapsed    | 676      |
|    total_timesteps | 1479424  |
---------------------------------
---------------------------------
| rollout/           |          |
|    ep_len_mean     | 5.78e+03 |
|    ep_rew_mean     | -308     |
| time/              |          |
|    episodes        | 256      |
|    fps             | 2187     |
|    time_elapsed    | 676      |
|    total_timesteps | 1479424  |
---------------------------------
---------------------------------
| rollout/           |          |
|    ep_len_mean     | 5.78e+03 |
|    ep_rew_mean     | -308     |
| time/              |          |
|    episodes        | 260      |
|    fps             | 2186     |
|    time_elapsed    | 718      |
|    total_timesteps | 1571888  |
| train/             |          |
|    actor_loss      | -45.6    |
|    critic_loss     | 0.763    |
|    ent_coef        | 0.00142  |
|    ent_coef_loss   | 2.64     |
|    learning_rate   | 0.0003   |
|    n_updates       | 98180    |
---------------------------------
---------------------------------
| rollout/           |          |
|    ep_len_mean     | 5.78e+03 |
|    ep_rew_mean     | -308     |
| time/              |          |
|    episodes        | 264      |
|    fps             | 2186     |
|    time_elapsed    | 718      |
|    total_timesteps | 1571888  |
---------------------------------
---------------------------------
| rollout/           |          |
|    ep_len_mean     | 5.78e+03 |
|    ep_rew_mean     | -308     |
| time/              |          |
|    episodes        | 268      |
|    fps             | 2186     |
|    time_elapsed    | 718      |
|    total_timesteps | 1571888  |
---------------------------------
---------------------------------
| rollout/           |          |
|    ep_len_mean     | 5.78e+03 |
|    ep_rew_mean     | -308     |
| time/              |          |
|    episodes        | 272      |
|    fps             | 2186     |
|    time_elapsed    | 718      |
|    total_timesteps | 1571888  |
---------------------------------
---------------------------------
| rollout/           |          |
|    ep_len_mean     | 5.78e+03 |
|    ep_rew_mean     | -308     |
| time/              |          |
|    episodes        | 276      |
|    fps             | 2186     |
|    time_elapsed    | 761      |
|    total_timesteps | 1664352  |
| train/             |          |
|    actor_loss      | -33.1    |
|    critic_loss     | 0.787    |
|    ent_coef        | 0.00183  |
|    ent_coef_loss   | 1.86     |
|    learning_rate   | 0.0003   |
|    n_updates       | 103959   |
---------------------------------
---------------------------------
| rollout/           |          |
|    ep_len_mean     | 5.78e+03 |
|    ep_rew_mean     | -308     |
| time/              |          |
|    episodes        | 280      |
|    fps             | 2186     |
|    time_elapsed    | 761      |
|    total_timesteps | 1664352  |
---------------------------------
---------------------------------
| rollout/           |          |
|    ep_len_mean     | 5.78e+03 |
|    ep_rew_mean     | -308     |
| time/              |          |
|    episodes        | 284      |
|    fps             | 2186     |
|    time_elapsed    | 761      |
|    total_timesteps | 1664352  |
---------------------------------
---------------------------------
| rollout/           |          |
|    ep_len_mean     | 5.78e+03 |
|    ep_rew_mean     | -308     |
| time/              |          |
|    episodes        | 288      |
|    fps             | 2186     |
|    time_elapsed    | 761      |
|    total_timesteps | 1664352  |
---------------------------------
---------------------------------
| rollout/           |          |
|    ep_len_mean     | 5.78e+03 |
|    ep_rew_mean     | -308     |
| time/              |          |
|    episodes        | 292      |
|    fps             | 2185     |
|    time_elapsed    | 803      |
|    total_timesteps | 1756816  |
| train/             |          |
|    actor_loss      | -20.5    |
|    critic_loss     | 0.0543   |
|    ent_coef        | 0.0016   |
|    ent_coef_loss   | 4.33     |
|    learning_rate   | 0.0003   |
|    n_updates       | 109738   |
---------------------------------
---------------------------------
| rollout/           |          |
|    ep_len_mean     | 5.78e+03 |
|    ep_rew_mean     | -308     |
| time/              |          |
|    episodes        | 296      |
|    fps             | 2185     |
|    time_elapsed    | 803      |
|    total_timesteps | 1756816  |
---------------------------------
---------------------------------
| rollout/           |          |
|    ep_len_mean     | 5.78e+03 |
|    ep_rew_mean     | -308     |
| time/              |          |
|    episodes        | 300      |
|    fps             | 2185     |
|    time_elapsed    | 803      |
|    total_timesteps | 1756816  |
---------------------------------
---------------------------------
| rollout/           |          |
|    ep_len_mean     | 5.78e+03 |
|    ep_rew_mean     | -308     |
| time/              |          |
|    episodes        | 304      |
|    fps             | 2185     |
|    time_elapsed    | 803      |
|    total_timesteps | 1756816  |
---------------------------------
---------------------------------
| rollout/           |          |
|    ep_len_mean     | 5.78e+03 |
|    ep_rew_mean     | -308     |
| time/              |          |
|    episodes        | 308      |
|    fps             | 2185     |
|    time_elapsed    | 846      |
|    total_timesteps | 1849280  |
| train/             |          |
|    actor_loss      | -8.01    |
|    critic_loss     | 699      |
|    ent_coef        | 0.00178  |
|    ent_coef_loss   | -1.36    |
|    learning_rate   | 0.0003   |
|    n_updates       | 115517   |
---------------------------------
---------------------------------
| rollout/           |          |
|    ep_len_mean     | 5.78e+03 |
|    ep_rew_mean     | -308     |
| time/              |          |
|    episodes        | 312      |
|    fps             | 2185     |
|    time_elapsed    | 846      |
|    total_timesteps | 1849280  |
---------------------------------
---------------------------------
| rollout/           |          |
|    ep_len_mean     | 5.78e+03 |
|    ep_rew_mean     | -308     |
| time/              |          |
|    episodes        | 316      |
|    fps             | 2185     |
|    time_elapsed    | 846      |
|    total_timesteps | 1849280  |
---------------------------------
---------------------------------
| rollout/           |          |
|    ep_len_mean     | 5.78e+03 |
|    ep_rew_mean     | -308     |
| time/              |          |
|    episodes        | 320      |
|    fps             | 2185     |
|    time_elapsed    | 846      |
|    total_timesteps | 1849280  |
---------------------------------
---------------------------------
| rollout/           |          |
|    ep_len_mean     | 5.78e+03 |
|    ep_rew_mean     | -308     |
| time/              |          |
|    episodes        | 324      |
|    fps             | 2185     |
|    time_elapsed    | 888      |
|    total_timesteps | 1941744  |
| train/             |          |
|    actor_loss      | -0.901   |
|    critic_loss     | 618      |
|    ent_coef        | 0.00125  |
|    ent_coef_loss   | -9.08    |
|    learning_rate   | 0.0003   |
|    n_updates       | 121296   |
---------------------------------
---------------------------------
| rollout/           |          |
|    ep_len_mean     | 5.78e+03 |
|    ep_rew_mean     | -308     |
| time/              |          |
|    episodes        | 328      |
|    fps             | 2185     |
|    time_elapsed    | 888      |
|    total_timesteps | 1941744  |
---------------------------------
---------------------------------
| rollout/           |          |
|    ep_len_mean     | 5.78e+03 |
|    ep_rew_mean     | -308     |
| time/              |          |
|    episodes        | 332      |
|    fps             | 2185     |
|    time_elapsed    | 888      |
|    total_timesteps | 1941744  |
---------------------------------
---------------------------------
| rollout/           |          |
|    ep_len_mean     | 5.78e+03 |
|    ep_rew_mean     | -308     |
| time/              |          |
|    episodes        | 336      |
|    fps             | 2185     |
|    time_elapsed    | 888      |
|    total_timesteps | 1941744  |
---------------------------------
---------------------------------
| rollout/           |          |
|    ep_len_mean     | 5.78e+03 |
|    ep_rew_mean     | -308     |
| time/              |          |
|    episodes        | 340      |
|    fps             | 2184     |
|    time_elapsed    | 930      |
|    total_timesteps | 2034208  |
| train/             |          |
|    actor_loss      | 9.25     |
|    critic_loss     | 2.82     |
|    ent_coef        | 0.00125  |
|    ent_coef_loss   | 5.56     |
|    learning_rate   | 0.0003   |
|    n_updates       | 127075   |
---------------------------------
---------------------------------
| rollout/           |          |
|    ep_len_mean     | 5.78e+03 |
|    ep_rew_mean     | -308     |
| time/              |          |
|    episodes        | 344      |
|    fps             | 2184     |
|    time_elapsed    | 931      |
|    total_timesteps | 2034208  |
---------------------------------
---------------------------------
| rollout/           |          |
|    ep_len_mean     | 5.78e+03 |
|    ep_rew_mean     | -308     |
| time/              |          |
|    episodes        | 348      |
|    fps             | 2184     |
|    time_elapsed    | 931      |
|    total_timesteps | 2034208  |
---------------------------------
---------------------------------
| rollout/           |          |
|    ep_len_mean     | 5.78e+03 |
|    ep_rew_mean     | -308     |
| time/              |          |
|    episodes        | 352      |
|    fps             | 2184     |
|    time_elapsed    | 931      |
|    total_timesteps | 2034208  |
---------------------------------
---------------------------------
| rollout/           |          |
|    ep_len_mean     | 5.78e+03 |
|    ep_rew_mean     | -308     |
| time/              |          |
|    episodes        | 356      |
|    fps             | 2185     |
|    time_elapsed    | 973      |
|    total_timesteps | 2126672  |
| train/             |          |
|    actor_loss      | 4.29     |
|    critic_loss     | 0.498    |
|    ent_coef        | 0.00118  |
|    ent_coef_loss   | -0.143   |
|    learning_rate   | 0.0003   |
|    n_updates       | 132854   |
---------------------------------
---------------------------------
| rollout/           |          |
|    ep_len_mean     | 5.78e+03 |
|    ep_rew_mean     | -308     |
| time/              |          |
|    episodes        | 360      |
|    fps             | 2185     |
|    time_elapsed    | 973      |
|    total_timesteps | 2126672  |
---------------------------------
---------------------------------
| rollout/           |          |
|    ep_len_mean     | 5.78e+03 |
|    ep_rew_mean     | -308     |
| time/              |          |
|    episodes        | 364      |
|    fps             | 2185     |
|    time_elapsed    | 973      |
|    total_timesteps | 2126672  |
---------------------------------
---------------------------------
| rollout/           |          |
|    ep_len_mean     | 5.78e+03 |
|    ep_rew_mean     | -308     |
| time/              |          |
|    episodes        | 368      |
|    fps             | 2185     |
|    time_elapsed    | 973      |
|    total_timesteps | 2126672  |
---------------------------------
---------------------------------
| rollout/           |          |
|    ep_len_mean     | 5.78e+03 |
|    ep_rew_mean     | -308     |
| time/              |          |
|    episodes        | 372      |
|    fps             | 2184     |
|    time_elapsed    | 1015     |
|    total_timesteps | 2219136  |
| train/             |          |
|    actor_loss      | 10.8     |
|    critic_loss     | 0.0473   |
|    ent_coef        | 0.00149  |
|    ent_coef_loss   | 10.1     |
|    learning_rate   | 0.0003   |
|    n_updates       | 138633   |
---------------------------------
---------------------------------
| rollout/           |          |
|    ep_len_mean     | 5.78e+03 |
|    ep_rew_mean     | -308     |
| time/              |          |
|    episodes        | 376      |
|    fps             | 2184     |
|    time_elapsed    | 1015     |
|    total_timesteps | 2219136  |
---------------------------------
---------------------------------
| rollout/           |          |
|    ep_len_mean     | 5.78e+03 |
|    ep_rew_mean     | -308     |
| time/              |          |
|    episodes        | 380      |
|    fps             | 2184     |
|    time_elapsed    | 1015     |
|    total_timesteps | 2219136  |
---------------------------------
---------------------------------
| rollout/           |          |
|    ep_len_mean     | 5.78e+03 |
|    ep_rew_mean     | -308     |
| time/              |          |
|    episodes        | 384      |
|    fps             | 2184     |
|    time_elapsed    | 1015     |
|    total_timesteps | 2219136  |
---------------------------------
---------------------------------
| rollout/           |          |
|    ep_len_mean     | 5.78e+03 |
|    ep_rew_mean     | -308     |
| time/              |          |
|    episodes        | 388      |
|    fps             | 2184     |
|    time_elapsed    | 1058     |
|    total_timesteps | 2311600  |
| train/             |          |
|    actor_loss      | 24.3     |
|    critic_loss     | 0.777    |
|    ent_coef        | 0.00141  |
|    ent_coef_loss   | 18.7     |
|    learning_rate   | 0.0003   |
|    n_updates       | 144412   |
---------------------------------
---------------------------------
| rollout/           |          |
|    ep_len_mean     | 5.78e+03 |
|    ep_rew_mean     | -308     |
| time/              |          |
|    episodes        | 392      |
|    fps             | 2184     |
|    time_elapsed    | 1058     |
|    total_timesteps | 2311600  |
---------------------------------
---------------------------------
| rollout/           |          |
|    ep_len_mean     | 5.78e+03 |
|    ep_rew_mean     | -308     |
| time/              |          |
|    episodes        | 396      |
|    fps             | 2184     |
|    time_elapsed    | 1058     |
|    total_timesteps | 2311600  |
---------------------------------
---------------------------------
| rollout/           |          |
|    ep_len_mean     | 5.78e+03 |
|    ep_rew_mean     | -308     |
| time/              |          |
|    episodes        | 400      |
|    fps             | 2184     |
|    time_elapsed    | 1058     |
|    total_timesteps | 2311600  |
---------------------------------
---------------------------------
| rollout/           |          |
|    ep_len_mean     | 5.78e+03 |
|    ep_rew_mean     | -308     |
| time/              |          |
|    episodes        | 404      |
|    fps             | 2184     |
|    time_elapsed    | 1100     |
|    total_timesteps | 2404064  |
| train/             |          |
|    actor_loss      | 13.4     |
|    critic_loss     | 2.36     |
|    ent_coef        | 0.00183  |
|    ent_coef_loss   | 10.2     |
|    learning_rate   | 0.0003   |
|    n_updates       | 150191   |
---------------------------------
---------------------------------
| rollout/           |          |
|    ep_len_mean     | 5.78e+03 |
|    ep_rew_mean     | -308     |
| time/              |          |
|    episodes        | 408      |
|    fps             | 2184     |
|    time_elapsed    | 1100     |
|    total_timesteps | 2404064  |
---------------------------------
---------------------------------
| rollout/           |          |
|    ep_len_mean     | 5.78e+03 |
|    ep_rew_mean     | -308     |
| time/              |          |
|    episodes        | 412      |
|    fps             | 2184     |
|    time_elapsed    | 1100     |
|    total_timesteps | 2404064  |
---------------------------------
---------------------------------
| rollout/           |          |
|    ep_len_mean     | 5.78e+03 |
|    ep_rew_mean     | -308     |
| time/              |          |
|    episodes        | 416      |
|    fps             | 2184     |
|    time_elapsed    | 1100     |
|    total_timesteps | 2404064  |
---------------------------------
---------------------------------
| rollout/           |          |
|    ep_len_mean     | 5.78e+03 |
|    ep_rew_mean     | -308     |
| time/              |          |
|    episodes        | 420      |
|    fps             | 2183     |
|    time_elapsed    | 1143     |
|    total_timesteps | 2496528  |
| train/             |          |
|    actor_loss      | 18.8     |
|    critic_loss     | 0.164    |
|    ent_coef        | 0.0018   |
|    ent_coef_loss   | 0.526    |
|    learning_rate   | 0.0003   |
|    n_updates       | 155970   |
---------------------------------
---------------------------------
| rollout/           |          |
|    ep_len_mean     | 5.78e+03 |
|    ep_rew_mean     | -308     |
| time/              |          |
|    episodes        | 424      |
|    fps             | 2183     |
|    time_elapsed    | 1143     |
|    total_timesteps | 2496528  |
---------------------------------
---------------------------------
| rollout/           |          |
|    ep_len_mean     | 5.78e+03 |
|    ep_rew_mean     | -308     |
| time/              |          |
|    episodes        | 428      |
|    fps             | 2183     |
|    time_elapsed    | 1143     |
|    total_timesteps | 2496528  |
---------------------------------
---------------------------------
| rollout/           |          |
|    ep_len_mean     | 5.78e+03 |
|    ep_rew_mean     | -308     |
| time/              |          |
|    episodes        | 432      |
|    fps             | 2183     |
|    time_elapsed    | 1143     |
|    total_timesteps | 2496528  |
---------------------------------
---------------------------------
| rollout/           |          |
|    ep_len_mean     | 5.78e+03 |
|    ep_rew_mean     | -308     |
| time/              |          |
|    episodes        | 436      |
|    fps             | 2185     |
|    time_elapsed    | 1184     |
|    total_timesteps | 2588992  |
| train/             |          |
|    actor_loss      | 15       |
|    critic_loss     | 2.16     |
|    ent_coef        | 0.00166  |
|    ent_coef_loss   | 2.72     |
|    learning_rate   | 0.0003   |
|    n_updates       | 161749   |
---------------------------------
---------------------------------
| rollout/           |          |
|    ep_len_mean     | 5.78e+03 |
|    ep_rew_mean     | -308     |
| time/              |          |
|    episodes        | 440      |
|    fps             | 2185     |
|    time_elapsed    | 1184     |
|    total_timesteps | 2588992  |
---------------------------------
---------------------------------
| rollout/           |          |
|    ep_len_mean     | 5.78e+03 |
|    ep_rew_mean     | -308     |
| time/              |          |
|    episodes        | 444      |
|    fps             | 2185     |
|    time_elapsed    | 1184     |
|    total_timesteps | 2588992  |
---------------------------------
---------------------------------
| rollout/           |          |
|    ep_len_mean     | 5.78e+03 |
|    ep_rew_mean     | -308     |
| time/              |          |
|    episodes        | 448      |
|    fps             | 2185     |
|    time_elapsed    | 1184     |
|    total_timesteps | 2588992  |
---------------------------------
---------------------------------
| rollout/           |          |
|    ep_len_mean     | 5.78e+03 |
|    ep_rew_mean     | -308     |
| time/              |          |
|    episodes        | 452      |
|    fps             | 2186     |
|    time_elapsed    | 1226     |
|    total_timesteps | 2681456  |
| train/             |          |
|    actor_loss      | 5.54     |
|    critic_loss     | 1.24     |
|    ent_coef        | 0.00165  |
|    ent_coef_loss   | 1.06     |
|    learning_rate   | 0.0003   |
|    n_updates       | 167528   |
---------------------------------
---------------------------------
| rollout/           |          |
|    ep_len_mean     | 5.78e+03 |
|    ep_rew_mean     | -308     |
| time/              |          |
|    episodes        | 456      |
|    fps             | 2186     |
|    time_elapsed    | 1226     |
|    total_timesteps | 2681456  |
---------------------------------
---------------------------------
| rollout/           |          |
|    ep_len_mean     | 5.78e+03 |
|    ep_rew_mean     | -308     |
| time/              |          |
|    episodes        | 460      |
|    fps             | 2186     |
|    time_elapsed    | 1226     |
|    total_timesteps | 2681456  |
---------------------------------
---------------------------------
| rollout/           |          |
|    ep_len_mean     | 5.78e+03 |
|    ep_rew_mean     | -308     |
| time/              |          |
|    episodes        | 464      |
|    fps             | 2186     |
|    time_elapsed    | 1226     |
|    total_timesteps | 2681456  |
---------------------------------
---------------------------------
| rollout/           |          |
|    ep_len_mean     | 5.78e+03 |
|    ep_rew_mean     | -308     |
| time/              |          |
|    episodes        | 468      |
|    fps             | 2187     |
|    time_elapsed    | 1268     |
|    total_timesteps | 2773920  |
| train/             |          |
|    actor_loss      | 22.7     |
|    critic_loss     | 0.243    |
|    ent_coef        | 0.00176  |
|    ent_coef_loss   | 3.84     |
|    learning_rate   | 0.0003   |
|    n_updates       | 173307   |
---------------------------------
---------------------------------
| rollout/           |          |
|    ep_len_mean     | 5.78e+03 |
|    ep_rew_mean     | -308     |
| time/              |          |
|    episodes        | 472      |
|    fps             | 2187     |
|    time_elapsed    | 1268     |
|    total_timesteps | 2773920  |
---------------------------------
---------------------------------
| rollout/           |          |
|    ep_len_mean     | 5.78e+03 |
|    ep_rew_mean     | -308     |
| time/              |          |
|    episodes        | 476      |
|    fps             | 2187     |
|    time_elapsed    | 1268     |
|    total_timesteps | 2773920  |
---------------------------------
---------------------------------
| rollout/           |          |
|    ep_len_mean     | 5.78e+03 |
|    ep_rew_mean     | -308     |
| time/              |          |
|    episodes        | 480      |
|    fps             | 2187     |
|    time_elapsed    | 1268     |
|    total_timesteps | 2773920  |
---------------------------------
---------------------------------
| rollout/           |          |
|    ep_len_mean     | 5.78e+03 |
|    ep_rew_mean     | -308     |
| time/              |          |
|    episodes        | 484      |
|    fps             | 2186     |
|    time_elapsed    | 1310     |
|    total_timesteps | 2866384  |
| train/             |          |
|    actor_loss      | 7.69     |
|    critic_loss     | 367      |
|    ent_coef        | 0.00186  |
|    ent_coef_loss   | 0.184    |
|    learning_rate   | 0.0003   |
|    n_updates       | 179086   |
---------------------------------
---------------------------------
| rollout/           |          |
|    ep_len_mean     | 5.78e+03 |
|    ep_rew_mean     | -308     |
| time/              |          |
|    episodes        | 488      |
|    fps             | 2186     |
|    time_elapsed    | 1310     |
|    total_timesteps | 2866384  |
---------------------------------
---------------------------------
| rollout/           |          |
|    ep_len_mean     | 5.78e+03 |
|    ep_rew_mean     | -308     |
| time/              |          |
|    episodes        | 492      |
|    fps             | 2186     |
|    time_elapsed    | 1310     |
|    total_timesteps | 2866384  |
---------------------------------
---------------------------------
| rollout/           |          |
|    ep_len_mean     | 5.78e+03 |
|    ep_rew_mean     | -308     |
| time/              |          |
|    episodes        | 496      |
|    fps             | 2186     |
|    time_elapsed    | 1310     |
|    total_timesteps | 2866384  |
---------------------------------
---------------------------------
| rollout/           |          |
|    ep_len_mean     | 5.78e+03 |
|    ep_rew_mean     | -308     |
| time/              |          |
|    episodes        | 500      |
|    fps             | 2185     |
|    time_elapsed    | 1353     |
|    total_timesteps | 2958848  |
| train/             |          |
|    actor_loss      | 18.6     |
|    critic_loss     | 0.177    |
|    ent_coef        | 0.0019   |
|    ent_coef_loss   | -2.07    |
|    learning_rate   | 0.0003   |
|    n_updates       | 184865   |
---------------------------------
---------------------------------
| rollout/           |          |
|    ep_len_mean     | 5.78e+03 |
|    ep_rew_mean     | -308     |
| time/              |          |
|    episodes        | 504      |
|    fps             | 2185     |
|    time_elapsed    | 1353     |
|    total_timesteps | 2958848  |
---------------------------------
---------------------------------
| rollout/           |          |
|    ep_len_mean     | 5.78e+03 |
|    ep_rew_mean     | -308     |
| time/              |          |
|    episodes        | 508      |
|    fps             | 2185     |
|    time_elapsed    | 1353     |
|    total_timesteps | 2958848  |
---------------------------------
---------------------------------
| rollout/           |          |
|    ep_len_mean     | 5.78e+03 |
|    ep_rew_mean     | -308     |
| time/              |          |
|    episodes        | 512      |
|    fps             | 2185     |
|    time_elapsed    | 1353     |
|    total_timesteps | 2958848  |
---------------------------------
---------------------------------
| rollout/           |          |
|    ep_len_mean     | 5.78e+03 |
|    ep_rew_mean     | -308     |
| time/              |          |
|    episodes        | 516      |
|    fps             | 2185     |
|    time_elapsed    | 1396     |
|    total_timesteps | 3051312  |
| train/             |          |
|    actor_loss      | 14.7     |
|    critic_loss     | 0.17     |
|    ent_coef        | 0.00183  |
|    ent_coef_loss   | 3.08     |
|    learning_rate   | 0.0003   |
|    n_updates       | 190644   |
---------------------------------
---------------------------------
| rollout/           |          |
|    ep_len_mean     | 5.78e+03 |
|    ep_rew_mean     | -308     |
| time/              |          |
|    episodes        | 520      |
|    fps             | 2185     |
|    time_elapsed    | 1396     |
|    total_timesteps | 3051312  |
---------------------------------
---------------------------------
| rollout/           |          |
|    ep_len_mean     | 5.78e+03 |
|    ep_rew_mean     | -308     |
| time/              |          |
|    episodes        | 524      |
|    fps             | 2185     |
|    time_elapsed    | 1396     |
|    total_timesteps | 3051312  |
---------------------------------
---------------------------------
| rollout/           |          |
|    ep_len_mean     | 5.78e+03 |
|    ep_rew_mean     | -308     |
| time/              |          |
|    episodes        | 528      |
|    fps             | 2185     |
|    time_elapsed    | 1396     |
|    total_timesteps | 3051312  |
---------------------------------
---------------------------------
| rollout/           |          |
|    ep_len_mean     | 5.78e+03 |
|    ep_rew_mean     | -308     |
| time/              |          |
|    episodes        | 532      |
|    fps             | 2184     |
|    time_elapsed    | 1438     |
|    total_timesteps | 3143776  |
| train/             |          |
|    actor_loss      | 18.7     |
|    critic_loss     | 2.52     |
|    ent_coef        | 0.00187  |
|    ent_coef_loss   | -2.46    |
|    learning_rate   | 0.0003   |
|    n_updates       | 196423   |
---------------------------------
---------------------------------
| rollout/           |          |
|    ep_len_mean     | 5.78e+03 |
|    ep_rew_mean     | -308     |
| time/              |          |
|    episodes        | 536      |
|    fps             | 2184     |
|    time_elapsed    | 1438     |
|    total_timesteps | 3143776  |
---------------------------------
---------------------------------
| rollout/           |          |
|    ep_len_mean     | 5.78e+03 |
|    ep_rew_mean     | -308     |
| time/              |          |
|    episodes        | 540      |
|    fps             | 2184     |
|    time_elapsed    | 1438     |
|    total_timesteps | 3143776  |
---------------------------------
---------------------------------
| rollout/           |          |
|    ep_len_mean     | 5.78e+03 |
|    ep_rew_mean     | -308     |
| time/              |          |
|    episodes        | 544      |
|    fps             | 2184     |
|    time_elapsed    | 1438     |
|    total_timesteps | 3143776  |
---------------------------------
---------------------------------
| rollout/           |          |
|    ep_len_mean     | 5.78e+03 |
|    ep_rew_mean     | -308     |
| time/              |          |
|    episodes        | 548      |
|    fps             | 2184     |
|    time_elapsed    | 1481     |
|    total_timesteps | 3236240  |
| train/             |          |
|    actor_loss      | 17.8     |
|    critic_loss     | 0.927    |
|    ent_coef        | 0.00194  |
|    ent_coef_loss   | 0.431    |
|    learning_rate   | 0.0003   |
|    n_updates       | 202202   |
---------------------------------
---------------------------------
| rollout/           |          |
|    ep_len_mean     | 5.78e+03 |
|    ep_rew_mean     | -308     |
| time/              |          |
|    episodes        | 552      |
|    fps             | 2184     |
|    time_elapsed    | 1481     |
|    total_timesteps | 3236240  |
---------------------------------
---------------------------------
| rollout/           |          |
|    ep_len_mean     | 5.78e+03 |
|    ep_rew_mean     | -308     |
| time/              |          |
|    episodes        | 556      |
|    fps             | 2184     |
|    time_elapsed    | 1481     |
|    total_timesteps | 3236240  |
---------------------------------
---------------------------------
| rollout/           |          |
|    ep_len_mean     | 5.78e+03 |
|    ep_rew_mean     | -308     |
| time/              |          |
|    episodes        | 560      |
|    fps             | 2184     |
|    time_elapsed    | 1481     |
|    total_timesteps | 3236240  |
---------------------------------
---------------------------------
| rollout/           |          |
|    ep_len_mean     | 5.78e+03 |
|    ep_rew_mean     | -308     |
| time/              |          |
|    episodes        | 564      |
|    fps             | 2183     |
|    time_elapsed    | 1524     |
|    total_timesteps | 3328704  |
| train/             |          |
|    actor_loss      | 33       |
|    critic_loss     | 12       |
|    ent_coef        | 0.00212  |
|    ent_coef_loss   | -0.615   |
|    learning_rate   | 0.0003   |
|    n_updates       | 207981   |
---------------------------------
---------------------------------
| rollout/           |          |
|    ep_len_mean     | 5.78e+03 |
|    ep_rew_mean     | -308     |
| time/              |          |
|    episodes        | 568      |
|    fps             | 2183     |
|    time_elapsed    | 1524     |
|    total_timesteps | 3328704  |
---------------------------------
---------------------------------
| rollout/           |          |
|    ep_len_mean     | 5.78e+03 |
|    ep_rew_mean     | -308     |
| time/              |          |
|    episodes        | 572      |
|    fps             | 2183     |
|    time_elapsed    | 1524     |
|    total_timesteps | 3328704  |
---------------------------------
---------------------------------
| rollout/           |          |
|    ep_len_mean     | 5.78e+03 |
|    ep_rew_mean     | -308     |
| time/              |          |
|    episodes        | 576      |
|    fps             | 2183     |
|    time_elapsed    | 1524     |
|    total_timesteps | 3328704  |
---------------------------------
---------------------------------
| rollout/           |          |
|    ep_len_mean     | 5.78e+03 |
|    ep_rew_mean     | -308     |
| time/              |          |
|    episodes        | 580      |
|    fps             | 2183     |
|    time_elapsed    | 1566     |
|    total_timesteps | 3421168  |
| train/             |          |
|    actor_loss      | 16.4     |
|    critic_loss     | 0.693    |
|    ent_coef        | 0.00248  |
|    ent_coef_loss   | 2.41     |
|    learning_rate   | 0.0003   |
|    n_updates       | 213760   |
---------------------------------
---------------------------------
| rollout/           |          |
|    ep_len_mean     | 5.78e+03 |
|    ep_rew_mean     | -308     |
| time/              |          |
|    episodes        | 584      |
|    fps             | 2183     |
|    time_elapsed    | 1566     |
|    total_timesteps | 3421168  |
---------------------------------
---------------------------------
| rollout/           |          |
|    ep_len_mean     | 5.78e+03 |
|    ep_rew_mean     | -308     |
| time/              |          |
|    episodes        | 588      |
|    fps             | 2183     |
|    time_elapsed    | 1566     |
|    total_timesteps | 3421168  |
---------------------------------
---------------------------------
| rollout/           |          |
|    ep_len_mean     | 5.78e+03 |
|    ep_rew_mean     | -308     |
| time/              |          |
|    episodes        | 592      |
|    fps             | 2183     |
|    time_elapsed    | 1566     |
|    total_timesteps | 3421168  |
---------------------------------
---------------------------------
| rollout/           |          |
|    ep_len_mean     | 5.78e+03 |
|    ep_rew_mean     | -308     |
| time/              |          |
|    episodes        | 596      |
|    fps             | 2182     |
|    time_elapsed    | 1609     |
|    total_timesteps | 3513632  |
| train/             |          |
|    actor_loss      | 3.43     |
|    critic_loss     | 2.35     |
|    ent_coef        | 0.0028   |
|    ent_coef_loss   | 0.35     |
|    learning_rate   | 0.0003   |
|    n_updates       | 219539   |
---------------------------------
---------------------------------
| rollout/           |          |
|    ep_len_mean     | 5.78e+03 |
|    ep_rew_mean     | -308     |
| time/              |          |
|    episodes        | 600      |
|    fps             | 2182     |
|    time_elapsed    | 1609     |
|    total_timesteps | 3513632  |
---------------------------------
---------------------------------
| rollout/           |          |
|    ep_len_mean     | 5.78e+03 |
|    ep_rew_mean     | -308     |
| time/              |          |
|    episodes        | 604      |
|    fps             | 2182     |
|    time_elapsed    | 1609     |
|    total_timesteps | 3513632  |
---------------------------------
---------------------------------
| rollout/           |          |
|    ep_len_mean     | 5.78e+03 |
|    ep_rew_mean     | -308     |
| time/              |          |
|    episodes        | 608      |
|    fps             | 2182     |
|    time_elapsed    | 1609     |
|    total_timesteps | 3513632  |
---------------------------------
---------------------------------
| rollout/           |          |
|    ep_len_mean     | 5.78e+03 |
|    ep_rew_mean     | -308     |
| time/              |          |
|    episodes        | 612      |
|    fps             | 2182     |
|    time_elapsed    | 1652     |
|    total_timesteps | 3606096  |
| train/             |          |
|    actor_loss      | 27.3     |
|    critic_loss     | 2.82     |
|    ent_coef        | 0.00264  |
|    ent_coef_loss   | 5.54     |
|    learning_rate   | 0.0003   |
|    n_updates       | 225318   |
---------------------------------
---------------------------------
| rollout/           |          |
|    ep_len_mean     | 5.78e+03 |
|    ep_rew_mean     | -308     |
| time/              |          |
|    episodes        | 616      |
|    fps             | 2182     |
|    time_elapsed    | 1652     |
|    total_timesteps | 3606096  |
---------------------------------
---------------------------------
| rollout/           |          |
|    ep_len_mean     | 5.78e+03 |
|    ep_rew_mean     | -308     |
| time/              |          |
|    episodes        | 620      |
|    fps             | 2182     |
|    time_elapsed    | 1652     |
|    total_timesteps | 3606096  |
---------------------------------
---------------------------------
| rollout/           |          |
|    ep_len_mean     | 5.78e+03 |
|    ep_rew_mean     | -308     |
| time/              |          |
|    episodes        | 624      |
|    fps             | 2182     |
|    time_elapsed    | 1652     |
|    total_timesteps | 3606096  |
---------------------------------
---------------------------------
| rollout/           |          |
|    ep_len_mean     | 5.78e+03 |
|    ep_rew_mean     | -308     |
| time/              |          |
|    episodes        | 628      |
|    fps             | 2181     |
|    time_elapsed    | 1695     |
|    total_timesteps | 3698560  |
| train/             |          |
|    actor_loss      | 25.2     |
|    critic_loss     | 0.45     |
|    ent_coef        | 0.00259  |
|    ent_coef_loss   | -1.48    |
|    learning_rate   | 0.0003   |
|    n_updates       | 231097   |
---------------------------------
---------------------------------
| rollout/           |          |
|    ep_len_mean     | 5.78e+03 |
|    ep_rew_mean     | -308     |
| time/              |          |
|    episodes        | 632      |
|    fps             | 2181     |
|    time_elapsed    | 1695     |
|    total_timesteps | 3698560  |
---------------------------------
---------------------------------
| rollout/           |          |
|    ep_len_mean     | 5.78e+03 |
|    ep_rew_mean     | -308     |
| time/              |          |
|    episodes        | 636      |
|    fps             | 2181     |
|    time_elapsed    | 1695     |
|    total_timesteps | 3698560  |
---------------------------------
---------------------------------
| rollout/           |          |
|    ep_len_mean     | 5.78e+03 |
|    ep_rew_mean     | -308     |
| time/              |          |
|    episodes        | 640      |
|    fps             | 2181     |
|    time_elapsed    | 1695     |
|    total_timesteps | 3698560  |
---------------------------------
---------------------------------
| rollout/           |          |
|    ep_len_mean     | 5.78e+03 |
|    ep_rew_mean     | -308     |
| time/              |          |
|    episodes        | 644      |
|    fps             | 2181     |
|    time_elapsed    | 1737     |
|    total_timesteps | 3791024  |
| train/             |          |
|    actor_loss      | 35.3     |
|    critic_loss     | 0.37     |
|    ent_coef        | 0.00256  |
|    ent_coef_loss   | -0.647   |
|    learning_rate   | 0.0003   |
|    n_updates       | 236876   |
---------------------------------
---------------------------------
| rollout/           |          |
|    ep_len_mean     | 5.78e+03 |
|    ep_rew_mean     | -308     |
| time/              |          |
|    episodes        | 648      |
|    fps             | 2181     |
|    time_elapsed    | 1737     |
|    total_timesteps | 3791024  |
---------------------------------
---------------------------------
| rollout/           |          |
|    ep_len_mean     | 5.78e+03 |
|    ep_rew_mean     | -308     |
| time/              |          |
|    episodes        | 652      |
|    fps             | 2181     |
|    time_elapsed    | 1737     |
|    total_timesteps | 3791024  |
---------------------------------
---------------------------------
| rollout/           |          |
|    ep_len_mean     | 5.78e+03 |
|    ep_rew_mean     | -308     |
| time/              |          |
|    episodes        | 656      |
|    fps             | 2181     |
|    time_elapsed    | 1737     |
|    total_timesteps | 3791024  |
---------------------------------
---------------------------------
| rollout/           |          |
|    ep_len_mean     | 5.78e+03 |
|    ep_rew_mean     | -308     |
| time/              |          |
|    episodes        | 660      |
|    fps             | 2181     |
|    time_elapsed    | 1780     |
|    total_timesteps | 3883488  |
| train/             |          |
|    actor_loss      | 14       |
|    critic_loss     | 0.528    |
|    ent_coef        | 0.00243  |
|    ent_coef_loss   | -4.79    |
|    learning_rate   | 0.0003   |
|    n_updates       | 242655   |
---------------------------------
---------------------------------
| rollout/           |          |
|    ep_len_mean     | 5.78e+03 |
|    ep_rew_mean     | -308     |
| time/              |          |
|    episodes        | 664      |
|    fps             | 2181     |
|    time_elapsed    | 1780     |
|    total_timesteps | 3883488  |
---------------------------------
---------------------------------
| rollout/           |          |
|    ep_len_mean     | 5.78e+03 |
|    ep_rew_mean     | -308     |
| time/              |          |
|    episodes        | 668      |
|    fps             | 2181     |
|    time_elapsed    | 1780     |
|    total_timesteps | 3883488  |
---------------------------------
---------------------------------
| rollout/           |          |
|    ep_len_mean     | 5.78e+03 |
|    ep_rew_mean     | -308     |
| time/              |          |
|    episodes        | 672      |
|    fps             | 2181     |
|    time_elapsed    | 1780     |
|    total_timesteps | 3883488  |
---------------------------------
---------------------------------
| rollout/           |          |
|    ep_len_mean     | 5.78e+03 |
|    ep_rew_mean     | -308     |
| time/              |          |
|    episodes        | 676      |
|    fps             | 2182     |
|    time_elapsed    | 1822     |
|    total_timesteps | 3975952  |
| train/             |          |
|    actor_loss      | 15.7     |
|    critic_loss     | 0.378    |
|    ent_coef        | 0.00254  |
|    ent_coef_loss   | -5.92    |
|    learning_rate   | 0.0003   |
|    n_updates       | 248434   |
---------------------------------
---------------------------------
| rollout/           |          |
|    ep_len_mean     | 5.78e+03 |
|    ep_rew_mean     | -308     |
| time/              |          |
|    episodes        | 680      |
|    fps             | 2182     |
|    time_elapsed    | 1822     |
|    total_timesteps | 3975952  |
---------------------------------
---------------------------------
| rollout/           |          |
|    ep_len_mean     | 5.78e+03 |
|    ep_rew_mean     | -308     |
| time/              |          |
|    episodes        | 684      |
|    fps             | 2182     |
|    time_elapsed    | 1822     |
|    total_timesteps | 3975952  |
---------------------------------
---------------------------------
| rollout/           |          |
|    ep_len_mean     | 5.78e+03 |
|    ep_rew_mean     | -308     |
| time/              |          |
|    episodes        | 688      |
|    fps             | 2182     |
|    time_elapsed    | 1822     |
|    total_timesteps | 3975952  |
---------------------------------
---------------------------------
| rollout/           |          |
|    ep_len_mean     | 5.78e+03 |
|    ep_rew_mean     | -308     |
| time/              |          |
|    episodes        | 692      |
|    fps             | 2181     |
|    time_elapsed    | 1864     |
|    total_timesteps | 4068416  |
| train/             |          |
|    actor_loss      | 25.9     |
|    critic_loss     | 125      |
|    ent_coef        | 0.0026   |
|    ent_coef_loss   | 3.23     |
|    learning_rate   | 0.0003   |
|    n_updates       | 254213   |
---------------------------------
---------------------------------
| rollout/           |          |
|    ep_len_mean     | 5.78e+03 |
|    ep_rew_mean     | -308     |
| time/              |          |
|    episodes        | 696      |
|    fps             | 2181     |
|    time_elapsed    | 1864     |
|    total_timesteps | 4068416  |
---------------------------------
---------------------------------
| rollout/           |          |
|    ep_len_mean     | 5.78e+03 |
|    ep_rew_mean     | -308     |
| time/              |          |
|    episodes        | 700      |
|    fps             | 2181     |
|    time_elapsed    | 1864     |
|    total_timesteps | 4068416  |
---------------------------------
---------------------------------
| rollout/           |          |
|    ep_len_mean     | 5.78e+03 |
|    ep_rew_mean     | -308     |
| time/              |          |
|    episodes        | 704      |
|    fps             | 2181     |
|    time_elapsed    | 1864     |
|    total_timesteps | 4068416  |
---------------------------------
---------------------------------
| rollout/           |          |
|    ep_len_mean     | 5.78e+03 |
|    ep_rew_mean     | -308     |
| time/              |          |
|    episodes        | 708      |
|    fps             | 2182     |
|    time_elapsed    | 1906     |
|    total_timesteps | 4160880  |
| train/             |          |
|    actor_loss      | 17       |
|    critic_loss     | 0.285    |
|    ent_coef        | 0.00254  |
|    ent_coef_loss   | -0.344   |
|    learning_rate   | 0.0003   |
|    n_updates       | 259992   |
---------------------------------
---------------------------------
| rollout/           |          |
|    ep_len_mean     | 5.78e+03 |
|    ep_rew_mean     | -308     |
| time/              |          |
|    episodes        | 712      |
|    fps             | 2182     |
|    time_elapsed    | 1906     |
|    total_timesteps | 4160880  |
---------------------------------
---------------------------------
| rollout/           |          |
|    ep_len_mean     | 5.78e+03 |
|    ep_rew_mean     | -308     |
| time/              |          |
|    episodes        | 716      |
|    fps             | 2182     |
|    time_elapsed    | 1906     |
|    total_timesteps | 4160880  |
---------------------------------
---------------------------------
| rollout/           |          |
|    ep_len_mean     | 5.78e+03 |
|    ep_rew_mean     | -308     |
| time/              |          |
|    episodes        | 720      |
|    fps             | 2182     |
|    time_elapsed    | 1906     |
|    total_timesteps | 4160880  |
---------------------------------
---------------------------------
| rollout/           |          |
|    ep_len_mean     | 5.78e+03 |
|    ep_rew_mean     | -308     |
| time/              |          |
|    episodes        | 724      |
|    fps             | 2182     |
|    time_elapsed    | 1948     |
|    total_timesteps | 4253344  |
| train/             |          |
|    actor_loss      | 4.47     |
|    critic_loss     | 0.325    |
|    ent_coef        | 0.00272  |
|    ent_coef_loss   | 0.127    |
|    learning_rate   | 0.0003   |
|    n_updates       | 265771   |
---------------------------------
---------------------------------
| rollout/           |          |
|    ep_len_mean     | 5.78e+03 |
|    ep_rew_mean     | -308     |
| time/              |          |
|    episodes        | 728      |
|    fps             | 2182     |
|    time_elapsed    | 1948     |
|    total_timesteps | 4253344  |
---------------------------------
---------------------------------
| rollout/           |          |
|    ep_len_mean     | 5.78e+03 |
|    ep_rew_mean     | -308     |
| time/              |          |
|    episodes        | 732      |
|    fps             | 2182     |
|    time_elapsed    | 1948     |
|    total_timesteps | 4253344  |
---------------------------------
---------------------------------
| rollout/           |          |
|    ep_len_mean     | 5.78e+03 |
|    ep_rew_mean     | -308     |
| time/              |          |
|    episodes        | 736      |
|    fps             | 2182     |
|    time_elapsed    | 1948     |
|    total_timesteps | 4253344  |
---------------------------------
---------------------------------
| rollout/           |          |
|    ep_len_mean     | 5.78e+03 |
|    ep_rew_mean     | -308     |
| time/              |          |
|    episodes        | 740      |
|    fps             | 2183     |
|    time_elapsed    | 1990     |
|    total_timesteps | 4345808  |
| train/             |          |
|    actor_loss      | 19.5     |
|    critic_loss     | 0.093    |
|    ent_coef        | 0.00268  |
|    ent_coef_loss   | 1.85     |
|    learning_rate   | 0.0003   |
|    n_updates       | 271550   |
---------------------------------
---------------------------------
| rollout/           |          |
|    ep_len_mean     | 5.78e+03 |
|    ep_rew_mean     | -308     |
| time/              |          |
|    episodes        | 744      |
|    fps             | 2183     |
|    time_elapsed    | 1990     |
|    total_timesteps | 4345808  |
---------------------------------
---------------------------------
| rollout/           |          |
|    ep_len_mean     | 5.78e+03 |
|    ep_rew_mean     | -308     |
| time/              |          |
|    episodes        | 748      |
|    fps             | 2183     |
|    time_elapsed    | 1990     |
|    total_timesteps | 4345808  |
---------------------------------
---------------------------------
| rollout/           |          |
|    ep_len_mean     | 5.78e+03 |
|    ep_rew_mean     | -308     |
| time/              |          |
|    episodes        | 752      |
|    fps             | 2183     |
|    time_elapsed    | 1990     |
|    total_timesteps | 4345808  |
---------------------------------
---------------------------------
| rollout/           |          |
|    ep_len_mean     | 5.78e+03 |
|    ep_rew_mean     | -308     |
| time/              |          |
|    episodes        | 756      |
|    fps             | 2183     |
|    time_elapsed    | 2032     |
|    total_timesteps | 4438272  |
| train/             |          |
|    actor_loss      | 21       |
|    critic_loss     | 3.1      |
|    ent_coef        | 0.00264  |
|    ent_coef_loss   | 3.15     |
|    learning_rate   | 0.0003   |
|    n_updates       | 277329   |
---------------------------------
---------------------------------
| rollout/           |          |
|    ep_len_mean     | 5.78e+03 |
|    ep_rew_mean     | -308     |
| time/              |          |
|    episodes        | 760      |
|    fps             | 2183     |
|    time_elapsed    | 2032     |
|    total_timesteps | 4438272  |
---------------------------------
---------------------------------
| rollout/           |          |
|    ep_len_mean     | 5.78e+03 |
|    ep_rew_mean     | -308     |
| time/              |          |
|    episodes        | 764      |
|    fps             | 2183     |
|    time_elapsed    | 2032     |
|    total_timesteps | 4438272  |
---------------------------------
---------------------------------
| rollout/           |          |
|    ep_len_mean     | 5.78e+03 |
|    ep_rew_mean     | -308     |
| time/              |          |
|    episodes        | 768      |
|    fps             | 2183     |
|    time_elapsed    | 2032     |
|    total_timesteps | 4438272  |
---------------------------------
---------------------------------
| rollout/           |          |
|    ep_len_mean     | 5.78e+03 |
|    ep_rew_mean     | -308     |
| time/              |          |
|    episodes        | 772      |
|    fps             | 2183     |
|    time_elapsed    | 2075     |
|    total_timesteps | 4530736  |
| train/             |          |
|    actor_loss      | 18.5     |
|    critic_loss     | 1.83     |
|    ent_coef        | 0.0027   |
|    ent_coef_loss   | -2.63    |
|    learning_rate   | 0.0003   |
|    n_updates       | 283108   |
---------------------------------
---------------------------------
| rollout/           |          |
|    ep_len_mean     | 5.78e+03 |
|    ep_rew_mean     | -308     |
| time/              |          |
|    episodes        | 776      |
|    fps             | 2183     |
|    time_elapsed    | 2075     |
|    total_timesteps | 4530736  |
---------------------------------
---------------------------------
| rollout/           |          |
|    ep_len_mean     | 5.78e+03 |
|    ep_rew_mean     | -308     |
| time/              |          |
|    episodes        | 780      |
|    fps             | 2183     |
|    time_elapsed    | 2075     |
|    total_timesteps | 4530736  |
---------------------------------
---------------------------------
| rollout/           |          |
|    ep_len_mean     | 5.78e+03 |
|    ep_rew_mean     | -308     |
| time/              |          |
|    episodes        | 784      |
|    fps             | 2183     |
|    time_elapsed    | 2075     |
|    total_timesteps | 4530736  |
---------------------------------
---------------------------------
| rollout/           |          |
|    ep_len_mean     | 5.78e+03 |
|    ep_rew_mean     | -308     |
| time/              |          |
|    episodes        | 788      |
|    fps             | 2183     |
|    time_elapsed    | 2117     |
|    total_timesteps | 4623200  |
| train/             |          |
|    actor_loss      | 35.8     |
|    critic_loss     | 0.141    |
|    ent_coef        | 0.00259  |
|    ent_coef_loss   | 4.7      |
|    learning_rate   | 0.0003   |
|    n_updates       | 288887   |
---------------------------------
---------------------------------
| rollout/           |          |
|    ep_len_mean     | 5.78e+03 |
|    ep_rew_mean     | -308     |
| time/              |          |
|    episodes        | 792      |
|    fps             | 2183     |
|    time_elapsed    | 2117     |
|    total_timesteps | 4623200  |
---------------------------------
---------------------------------
| rollout/           |          |
|    ep_len_mean     | 5.78e+03 |
|    ep_rew_mean     | -308     |
| time/              |          |
|    episodes        | 796      |
|    fps             | 2183     |
|    time_elapsed    | 2117     |
|    total_timesteps | 4623200  |
---------------------------------
---------------------------------
| rollout/           |          |
|    ep_len_mean     | 5.78e+03 |
|    ep_rew_mean     | -308     |
| time/              |          |
|    episodes        | 800      |
|    fps             | 2183     |
|    time_elapsed    | 2117     |
|    total_timesteps | 4623200  |
---------------------------------
---------------------------------
| rollout/           |          |
|    ep_len_mean     | 5.78e+03 |
|    ep_rew_mean     | -308     |
| time/              |          |
|    episodes        | 804      |
|    fps             | 2182     |
|    time_elapsed    | 2160     |
|    total_timesteps | 4715664  |
| train/             |          |
|    actor_loss      | 5        |
|    critic_loss     | 0.287    |
|    ent_coef        | 0.00263  |
|    ent_coef_loss   | -1.47    |
|    learning_rate   | 0.0003   |
|    n_updates       | 294666   |
---------------------------------
---------------------------------
| rollout/           |          |
|    ep_len_mean     | 5.78e+03 |
|    ep_rew_mean     | -308     |
| time/              |          |
|    episodes        | 808      |
|    fps             | 2182     |
|    time_elapsed    | 2160     |
|    total_timesteps | 4715664  |
---------------------------------
---------------------------------
| rollout/           |          |
|    ep_len_mean     | 5.78e+03 |
|    ep_rew_mean     | -308     |
| time/              |          |
|    episodes        | 812      |
|    fps             | 2182     |
|    time_elapsed    | 2160     |
|    total_timesteps | 4715664  |
---------------------------------
---------------------------------
| rollout/           |          |
|    ep_len_mean     | 5.78e+03 |
|    ep_rew_mean     | -308     |
| time/              |          |
|    episodes        | 816      |
|    fps             | 2182     |
|    time_elapsed    | 2160     |
|    total_timesteps | 4715664  |
---------------------------------
---------------------------------
| rollout/           |          |
|    ep_len_mean     | 5.78e+03 |
|    ep_rew_mean     | -308     |
| time/              |          |
|    episodes        | 820      |
|    fps             | 2182     |
|    time_elapsed    | 2203     |
|    total_timesteps | 4808128  |
| train/             |          |
|    actor_loss      | 23.8     |
|    critic_loss     | 0.356    |
|    ent_coef        | 0.00261  |
|    ent_coef_loss   | 3.93     |
|    learning_rate   | 0.0003   |
|    n_updates       | 300445   |
---------------------------------
---------------------------------
| rollout/           |          |
|    ep_len_mean     | 5.78e+03 |
|    ep_rew_mean     | -308     |
| time/              |          |
|    episodes        | 824      |
|    fps             | 2182     |
|    time_elapsed    | 2203     |
|    total_timesteps | 4808128  |
---------------------------------
---------------------------------
| rollout/           |          |
|    ep_len_mean     | 5.78e+03 |
|    ep_rew_mean     | -308     |
| time/              |          |
|    episodes        | 828      |
|    fps             | 2182     |
|    time_elapsed    | 2203     |
|    total_timesteps | 4808128  |
---------------------------------
---------------------------------
| rollout/           |          |
|    ep_len_mean     | 5.78e+03 |
|    ep_rew_mean     | -308     |
| time/              |          |
|    episodes        | 832      |
|    fps             | 2182     |
|    time_elapsed    | 2203     |
|    total_timesteps | 4808128  |
---------------------------------
---------------------------------
| rollout/           |          |
|    ep_len_mean     | 5.78e+03 |
|    ep_rew_mean     | -308     |
| time/              |          |
|    episodes        | 836      |
|    fps             | 2181     |
|    time_elapsed    | 2246     |
|    total_timesteps | 4900592  |
| train/             |          |
|    actor_loss      | 21.2     |
|    critic_loss     | 0.697    |
|    ent_coef        | 0.00259  |
|    ent_coef_loss   | 3.21     |
|    learning_rate   | 0.0003   |
|    n_updates       | 306224   |
---------------------------------
---------------------------------
| rollout/           |          |
|    ep_len_mean     | 5.78e+03 |
|    ep_rew_mean     | -308     |
| time/              |          |
|    episodes        | 840      |
|    fps             | 2181     |
|    time_elapsed    | 2246     |
|    total_timesteps | 4900592  |
---------------------------------
---------------------------------
| rollout/           |          |
|    ep_len_mean     | 5.78e+03 |
|    ep_rew_mean     | -308     |
| time/              |          |
|    episodes        | 844      |
|    fps             | 2181     |
|    time_elapsed    | 2246     |
|    total_timesteps | 4900592  |
---------------------------------
---------------------------------
| rollout/           |          |
|    ep_len_mean     | 5.78e+03 |
|    ep_rew_mean     | -308     |
| time/              |          |
|    episodes        | 848      |
|    fps             | 2181     |
|    time_elapsed    | 2246     |
|    total_timesteps | 4900592  |
---------------------------------
---------------------------------
| rollout/           |          |
|    ep_len_mean     | 5.78e+03 |
|    ep_rew_mean     | -308     |
| time/              |          |
|    episodes        | 852      |
|    fps             | 2181     |
|    time_elapsed    | 2288     |
|    total_timesteps | 4993056  |
| train/             |          |
|    actor_loss      | -0.528   |
|    critic_loss     | 0.0903   |
|    ent_coef        | 0.00257  |
|    ent_coef_loss   | -2.81    |
|    learning_rate   | 0.0003   |
|    n_updates       | 312003   |
---------------------------------
---------------------------------
| rollout/           |          |
|    ep_len_mean     | 5.78e+03 |
|    ep_rew_mean     | -308     |
| time/              |          |
|    episodes        | 856      |
|    fps             | 2181     |
|    time_elapsed    | 2288     |
|    total_timesteps | 4993056  |
---------------------------------
---------------------------------
| rollout/           |          |
|    ep_len_mean     | 5.78e+03 |
|    ep_rew_mean     | -308     |
| time/              |          |
|    episodes        | 860      |
|    fps             | 2181     |
|    time_elapsed    | 2288     |
|    total_timesteps | 4993056  |
---------------------------------
---------------------------------
| rollout/           |          |
|    ep_len_mean     | 5.78e+03 |
|    ep_rew_mean     | -308     |
| time/              |          |
|    episodes        | 864      |
|    fps             | 2181     |
|    time_elapsed    | 2288     |
|    total_timesteps | 4993056  |
---------------------------------
---------------------------------
| rollout/           |          |
|    ep_len_mean     | 5.78e+03 |
|    ep_rew_mean     | -308     |
| time/              |          |
|    episodes        | 868      |
|    fps             | 2181     |
|    time_elapsed    | 2331     |
|    total_timesteps | 5085520  |
| train/             |          |
|    actor_loss      | 35.6     |
|    critic_loss     | 5.07     |
|    ent_coef        | 0.00254  |
|    ent_coef_loss   | 3.25     |
|    learning_rate   | 0.0003   |
|    n_updates       | 317782   |
---------------------------------
---------------------------------
| rollout/           |          |
|    ep_len_mean     | 5.78e+03 |
|    ep_rew_mean     | -308     |
| time/              |          |
|    episodes        | 872      |
|    fps             | 2181     |
|    time_elapsed    | 2331     |
|    total_timesteps | 5085520  |
---------------------------------
---------------------------------
| rollout/           |          |
|    ep_len_mean     | 5.78e+03 |
|    ep_rew_mean     | -308     |
| time/              |          |
|    episodes        | 876      |
|    fps             | 2181     |
|    time_elapsed    | 2331     |
|    total_timesteps | 5085520  |
---------------------------------
---------------------------------
| rollout/           |          |
|    ep_len_mean     | 5.78e+03 |
|    ep_rew_mean     | -308     |
| time/              |          |
|    episodes        | 880      |
|    fps             | 2181     |
|    time_elapsed    | 2331     |
|    total_timesteps | 5085520  |
---------------------------------
---------------------------------
| rollout/           |          |
|    ep_len_mean     | 5.78e+03 |
|    ep_rew_mean     | -308     |
| time/              |          |
|    episodes        | 884      |
|    fps             | 2181     |
|    time_elapsed    | 2374     |
|    total_timesteps | 5177984  |
| train/             |          |
|    actor_loss      | 24.2     |
|    critic_loss     | 0.114    |
|    ent_coef        | 0.00251  |
|    ent_coef_loss   | 0.235    |
|    learning_rate   | 0.0003   |
|    n_updates       | 323561   |
---------------------------------
---------------------------------
| rollout/           |          |
|    ep_len_mean     | 5.78e+03 |
|    ep_rew_mean     | -308     |
| time/              |          |
|    episodes        | 888      |
|    fps             | 2181     |
|    time_elapsed    | 2374     |
|    total_timesteps | 5177984  |
---------------------------------
---------------------------------
| rollout/           |          |
|    ep_len_mean     | 5.78e+03 |
|    ep_rew_mean     | -308     |
| time/              |          |
|    episodes        | 892      |
|    fps             | 2181     |
|    time_elapsed    | 2374     |
|    total_timesteps | 5177984  |
---------------------------------
---------------------------------
| rollout/           |          |
|    ep_len_mean     | 5.78e+03 |
|    ep_rew_mean     | -308     |
| time/              |          |
|    episodes        | 896      |
|    fps             | 2181     |
|    time_elapsed    | 2374     |
|    total_timesteps | 5177984  |
---------------------------------
---------------------------------
| rollout/           |          |
|    ep_len_mean     | 5.78e+03 |
|    ep_rew_mean     | -308     |
| time/              |          |
|    episodes        | 900      |
|    fps             | 2181     |
|    time_elapsed    | 2416     |
|    total_timesteps | 5270448  |
| train/             |          |
|    actor_loss      | 12.1     |
|    critic_loss     | 0.166    |
|    ent_coef        | 0.00258  |
|    ent_coef_loss   | -0.948   |
|    learning_rate   | 0.0003   |
|    n_updates       | 329340   |
---------------------------------
---------------------------------
| rollout/           |          |
|    ep_len_mean     | 5.78e+03 |
|    ep_rew_mean     | -308     |
| time/              |          |
|    episodes        | 904      |
|    fps             | 2181     |
|    time_elapsed    | 2416     |
|    total_timesteps | 5270448  |
---------------------------------
---------------------------------
| rollout/           |          |
|    ep_len_mean     | 5.78e+03 |
|    ep_rew_mean     | -308     |
| time/              |          |
|    episodes        | 908      |
|    fps             | 2181     |
|    time_elapsed    | 2416     |
|    total_timesteps | 5270448  |
---------------------------------
---------------------------------
| rollout/           |          |
|    ep_len_mean     | 5.78e+03 |
|    ep_rew_mean     | -308     |
| time/              |          |
|    episodes        | 912      |
|    fps             | 2181     |
|    time_elapsed    | 2416     |
|    total_timesteps | 5270448  |
---------------------------------
---------------------------------
| rollout/           |          |
|    ep_len_mean     | 5.78e+03 |
|    ep_rew_mean     | -308     |
| time/              |          |
|    episodes        | 916      |
|    fps             | 2181     |
|    time_elapsed    | 2458     |
|    total_timesteps | 5362912  |
| train/             |          |
|    actor_loss      | 37.9     |
|    critic_loss     | 0.129    |
|    ent_coef        | 0.00259  |
|    ent_coef_loss   | 2.86     |
|    learning_rate   | 0.0003   |
|    n_updates       | 335119   |
---------------------------------
---------------------------------
| rollout/           |          |
|    ep_len_mean     | 5.78e+03 |
|    ep_rew_mean     | -308     |
| time/              |          |
|    episodes        | 920      |
|    fps             | 2181     |
|    time_elapsed    | 2458     |
|    total_timesteps | 5362912  |
---------------------------------
---------------------------------
| rollout/           |          |
|    ep_len_mean     | 5.78e+03 |
|    ep_rew_mean     | -308     |
| time/              |          |
|    episodes        | 924      |
|    fps             | 2181     |
|    time_elapsed    | 2458     |
|    total_timesteps | 5362912  |
---------------------------------
---------------------------------
| rollout/           |          |
|    ep_len_mean     | 5.78e+03 |
|    ep_rew_mean     | -308     |
| time/              |          |
|    episodes        | 928      |
|    fps             | 2181     |
|    time_elapsed    | 2458     |
|    total_timesteps | 5362912  |
---------------------------------
---------------------------------
| rollout/           |          |
|    ep_len_mean     | 5.78e+03 |
|    ep_rew_mean     | -308     |
| time/              |          |
|    episodes        | 932      |
|    fps             | 2180     |
|    time_elapsed    | 2501     |
|    total_timesteps | 5455376  |
| train/             |          |
|    actor_loss      | 25.3     |
|    critic_loss     | 333      |
|    ent_coef        | 0.0026   |
|    ent_coef_loss   | -2.75    |
|    learning_rate   | 0.0003   |
|    n_updates       | 340898   |
---------------------------------
---------------------------------
| rollout/           |          |
|    ep_len_mean     | 5.78e+03 |
|    ep_rew_mean     | -308     |
| time/              |          |
|    episodes        | 936      |
|    fps             | 2180     |
|    time_elapsed    | 2501     |
|    total_timesteps | 5455376  |
---------------------------------
---------------------------------
| rollout/           |          |
|    ep_len_mean     | 5.78e+03 |
|    ep_rew_mean     | -308     |
| time/              |          |
|    episodes        | 940      |
|    fps             | 2180     |
|    time_elapsed    | 2501     |
|    total_timesteps | 5455376  |
---------------------------------
---------------------------------
| rollout/           |          |
|    ep_len_mean     | 5.78e+03 |
|    ep_rew_mean     | -308     |
| time/              |          |
|    episodes        | 944      |
|    fps             | 2180     |
|    time_elapsed    | 2501     |
|    total_timesteps | 5455376  |
---------------------------------
---------------------------------
| rollout/           |          |
|    ep_len_mean     | 5.78e+03 |
|    ep_rew_mean     | -308     |
| time/              |          |
|    episodes        | 948      |
|    fps             | 2180     |
|    time_elapsed    | 2544     |
|    total_timesteps | 5547840  |
| train/             |          |
|    actor_loss      | 21.2     |
|    critic_loss     | 1.05     |
|    ent_coef        | 0.00257  |
|    ent_coef_loss   | 3.74     |
|    learning_rate   | 0.0003   |
|    n_updates       | 346677   |
---------------------------------
---------------------------------
| rollout/           |          |
|    ep_len_mean     | 5.78e+03 |
|    ep_rew_mean     | -308     |
| time/              |          |
|    episodes        | 952      |
|    fps             | 2180     |
|    time_elapsed    | 2544     |
|    total_timesteps | 5547840  |
---------------------------------
---------------------------------
| rollout/           |          |
|    ep_len_mean     | 5.78e+03 |
|    ep_rew_mean     | -308     |
| time/              |          |
|    episodes        | 956      |
|    fps             | 2180     |
|    time_elapsed    | 2544     |
|    total_timesteps | 5547840  |
---------------------------------
---------------------------------
| rollout/           |          |
|    ep_len_mean     | 5.78e+03 |
|    ep_rew_mean     | -308     |
| time/              |          |
|    episodes        | 960      |
|    fps             | 2180     |
|    time_elapsed    | 2544     |
|    total_timesteps | 5547840  |
---------------------------------
---------------------------------
| rollout/           |          |
|    ep_len_mean     | 5.78e+03 |
|    ep_rew_mean     | -308     |
| time/              |          |
|    episodes        | 964      |
|    fps             | 2180     |
|    time_elapsed    | 2586     |
|    total_timesteps | 5640304  |
| train/             |          |
|    actor_loss      | 19.9     |
|    critic_loss     | 0.238    |
|    ent_coef        | 0.00243  |
|    ent_coef_loss   | 0.702    |
|    learning_rate   | 0.0003   |
|    n_updates       | 352456   |
---------------------------------
---------------------------------
| rollout/           |          |
|    ep_len_mean     | 5.78e+03 |
|    ep_rew_mean     | -308     |
| time/              |          |
|    episodes        | 968      |
|    fps             | 2180     |
|    time_elapsed    | 2586     |
|    total_timesteps | 5640304  |
---------------------------------
---------------------------------
| rollout/           |          |
|    ep_len_mean     | 5.78e+03 |
|    ep_rew_mean     | -308     |
| time/              |          |
|    episodes        | 972      |
|    fps             | 2180     |
|    time_elapsed    | 2586     |
|    total_timesteps | 5640304  |
---------------------------------
---------------------------------
| rollout/           |          |
|    ep_len_mean     | 5.78e+03 |
|    ep_rew_mean     | -308     |
| time/              |          |
|    episodes        | 976      |
|    fps             | 2180     |
|    time_elapsed    | 2586     |
|    total_timesteps | 5640304  |
---------------------------------
---------------------------------
| rollout/           |          |
|    ep_len_mean     | 5.78e+03 |
|    ep_rew_mean     | -308     |
| time/              |          |
|    episodes        | 980      |
|    fps             | 2180     |
|    time_elapsed    | 2629     |
|    total_timesteps | 5732768  |
| train/             |          |
|    actor_loss      | 8.3      |
|    critic_loss     | 0.733    |
|    ent_coef        | 0.00236  |
|    ent_coef_loss   | -4.24    |
|    learning_rate   | 0.0003   |
|    n_updates       | 358235   |
---------------------------------
---------------------------------
| rollout/           |          |
|    ep_len_mean     | 5.78e+03 |
|    ep_rew_mean     | -308     |
| time/              |          |
|    episodes        | 984      |
|    fps             | 2180     |
|    time_elapsed    | 2629     |
|    total_timesteps | 5732768  |
---------------------------------
---------------------------------
| rollout/           |          |
|    ep_len_mean     | 5.78e+03 |
|    ep_rew_mean     | -308     |
| time/              |          |
|    episodes        | 988      |
|    fps             | 2180     |
|    time_elapsed    | 2629     |
|    total_timesteps | 5732768  |
---------------------------------
---------------------------------
| rollout/           |          |
|    ep_len_mean     | 5.78e+03 |
|    ep_rew_mean     | -308     |
| time/              |          |
|    episodes        | 992      |
|    fps             | 2180     |
|    time_elapsed    | 2629     |
|    total_timesteps | 5732768  |
---------------------------------
---------------------------------
| rollout/           |          |
|    ep_len_mean     | 5.78e+03 |
|    ep_rew_mean     | -308     |
| time/              |          |
|    episodes        | 996      |
|    fps             | 2180     |
|    time_elapsed    | 2672     |
|    total_timesteps | 5825232  |
| train/             |          |
|    actor_loss      | 10.7     |
|    critic_loss     | 2.87     |
|    ent_coef        | 0.00247  |
|    ent_coef_loss   | 2.5      |
|    learning_rate   | 0.0003   |
|    n_updates       | 364014   |
---------------------------------
---------------------------------
| rollout/           |          |
|    ep_len_mean     | 5.78e+03 |
|    ep_rew_mean     | -308     |
| time/              |          |
|    episodes        | 1000     |
|    fps             | 2180     |
|    time_elapsed    | 2672     |
|    total_timesteps | 5825232  |
---------------------------------
---------------------------------
| rollout/           |          |
|    ep_len_mean     | 5.78e+03 |
|    ep_rew_mean     | -308     |
| time/              |          |
|    episodes        | 1004     |
|    fps             | 2180     |
|    time_elapsed    | 2672     |
|    total_timesteps | 5825232  |
---------------------------------
---------------------------------
| rollout/           |          |
|    ep_len_mean     | 5.78e+03 |
|    ep_rew_mean     | -308     |
| time/              |          |
|    episodes        | 1008     |
|    fps             | 2180     |
|    time_elapsed    | 2672     |
|    total_timesteps | 5825232  |
---------------------------------
---------------------------------
| rollout/           |          |
|    ep_len_mean     | 5.78e+03 |
|    ep_rew_mean     | -308     |
| time/              |          |
|    episodes        | 1012     |
|    fps             | 2179     |
|    time_elapsed    | 2714     |
|    total_timesteps | 5917696  |
| train/             |          |
|    actor_loss      | 12.3     |
|    critic_loss     | 0.179    |
|    ent_coef        | 0.00244  |
|    ent_coef_loss   | 1.88     |
|    learning_rate   | 0.0003   |
|    n_updates       | 369793   |
---------------------------------
---------------------------------
| rollout/           |          |
|    ep_len_mean     | 5.78e+03 |
|    ep_rew_mean     | -308     |
| time/              |          |
|    episodes        | 1016     |
|    fps             | 2179     |
|    time_elapsed    | 2714     |
|    total_timesteps | 5917696  |
---------------------------------
---------------------------------
| rollout/           |          |
|    ep_len_mean     | 5.78e+03 |
|    ep_rew_mean     | -308     |
| time/              |          |
|    episodes        | 1020     |
|    fps             | 2179     |
|    time_elapsed    | 2714     |
|    total_timesteps | 5917696  |
---------------------------------
---------------------------------
| rollout/           |          |
|    ep_len_mean     | 5.78e+03 |
|    ep_rew_mean     | -308     |
| time/              |          |
|    episodes        | 1024     |
|    fps             | 2179     |
|    time_elapsed    | 2714     |
|    total_timesteps | 5917696  |
---------------------------------
---------------------------------
| rollout/           |          |
|    ep_len_mean     | 5.78e+03 |
|    ep_rew_mean     | -308     |
| time/              |          |
|    episodes        | 1028     |
|    fps             | 2179     |
|    time_elapsed    | 2756     |
|    total_timesteps | 6010160  |
| train/             |          |
|    actor_loss      | 12.9     |
|    critic_loss     | 267      |
|    ent_coef        | 0.00252  |
|    ent_coef_loss   | 0.25     |
|    learning_rate   | 0.0003   |
|    n_updates       | 375572   |
---------------------------------
---------------------------------
| rollout/           |          |
|    ep_len_mean     | 5.78e+03 |
|    ep_rew_mean     | -308     |
| time/              |          |
|    episodes        | 1032     |
|    fps             | 2179     |
|    time_elapsed    | 2756     |
|    total_timesteps | 6010160  |
---------------------------------
---------------------------------
| rollout/           |          |
|    ep_len_mean     | 5.78e+03 |
|    ep_rew_mean     | -308     |
| time/              |          |
|    episodes        | 1036     |
|    fps             | 2179     |
|    time_elapsed    | 2756     |
|    total_timesteps | 6010160  |
---------------------------------
---------------------------------
| rollout/           |          |
|    ep_len_mean     | 5.78e+03 |
|    ep_rew_mean     | -308     |
| time/              |          |
|    episodes        | 1040     |
|    fps             | 2179     |
|    time_elapsed    | 2756     |
|    total_timesteps | 6010160  |
---------------------------------
---------------------------------
| rollout/           |          |
|    ep_len_mean     | 5.78e+03 |
|    ep_rew_mean     | -308     |
| time/              |          |
|    episodes        | 1044     |
|    fps             | 2180     |
|    time_elapsed    | 2799     |
|    total_timesteps | 6102624  |
| train/             |          |
|    actor_loss      | 15.1     |
|    critic_loss     | 0.0739   |
|    ent_coef        | 0.00245  |
|    ent_coef_loss   | -2.23    |
|    learning_rate   | 0.0003   |
|    n_updates       | 381351   |
---------------------------------
---------------------------------
| rollout/           |          |
|    ep_len_mean     | 5.78e+03 |
|    ep_rew_mean     | -308     |
| time/              |          |
|    episodes        | 1048     |
|    fps             | 2180     |
|    time_elapsed    | 2799     |
|    total_timesteps | 6102624  |
---------------------------------
---------------------------------
| rollout/           |          |
|    ep_len_mean     | 5.78e+03 |
|    ep_rew_mean     | -308     |
| time/              |          |
|    episodes        | 1052     |
|    fps             | 2180     |
|    time_elapsed    | 2799     |
|    total_timesteps | 6102624  |
---------------------------------
---------------------------------
| rollout/           |          |
|    ep_len_mean     | 5.78e+03 |
|    ep_rew_mean     | -308     |
| time/              |          |
|    episodes        | 1056     |
|    fps             | 2180     |
|    time_elapsed    | 2799     |
|    total_timesteps | 6102624  |
---------------------------------
---------------------------------
| rollout/           |          |
|    ep_len_mean     | 5.78e+03 |
|    ep_rew_mean     | -308     |
| time/              |          |
|    episodes        | 1060     |
|    fps             | 2180     |
|    time_elapsed    | 2841     |
|    total_timesteps | 6195088  |
| train/             |          |
|    actor_loss      | 19.7     |
|    critic_loss     | 0.177    |
|    ent_coef        | 0.00243  |
|    ent_coef_loss   | 0.348    |
|    learning_rate   | 0.0003   |
|    n_updates       | 387130   |
---------------------------------
---------------------------------
| rollout/           |          |
|    ep_len_mean     | 5.78e+03 |
|    ep_rew_mean     | -308     |
| time/              |          |
|    episodes        | 1064     |
|    fps             | 2180     |
|    time_elapsed    | 2841     |
|    total_timesteps | 6195088  |
---------------------------------
---------------------------------
| rollout/           |          |
|    ep_len_mean     | 5.78e+03 |
|    ep_rew_mean     | -308     |
| time/              |          |
|    episodes        | 1068     |
|    fps             | 2180     |
|    time_elapsed    | 2841     |
|    total_timesteps | 6195088  |
---------------------------------
---------------------------------
| rollout/           |          |
|    ep_len_mean     | 5.78e+03 |
|    ep_rew_mean     | -308     |
| time/              |          |
|    episodes        | 1072     |
|    fps             | 2180     |
|    time_elapsed    | 2841     |
|    total_timesteps | 6195088  |
---------------------------------
---------------------------------
| rollout/           |          |
|    ep_len_mean     | 5.78e+03 |
|    ep_rew_mean     | -308     |
| time/              |          |
|    episodes        | 1076     |
|    fps             | 2180     |
|    time_elapsed    | 2884     |
|    total_timesteps | 6287552  |
| train/             |          |
|    actor_loss      | 9.96     |
|    critic_loss     | 1.49     |
|    ent_coef        | 0.00246  |
|    ent_coef_loss   | 0.205    |
|    learning_rate   | 0.0003   |
|    n_updates       | 392909   |
---------------------------------
---------------------------------
| rollout/           |          |
|    ep_len_mean     | 5.78e+03 |
|    ep_rew_mean     | -308     |
| time/              |          |
|    episodes        | 1080     |
|    fps             | 2180     |
|    time_elapsed    | 2884     |
|    total_timesteps | 6287552  |
---------------------------------
---------------------------------
| rollout/           |          |
|    ep_len_mean     | 5.78e+03 |
|    ep_rew_mean     | -308     |
| time/              |          |
|    episodes        | 1084     |
|    fps             | 2180     |
|    time_elapsed    | 2884     |
|    total_timesteps | 6287552  |
---------------------------------
---------------------------------
| rollout/           |          |
|    ep_len_mean     | 5.78e+03 |
|    ep_rew_mean     | -308     |
| time/              |          |
|    episodes        | 1088     |
|    fps             | 2180     |
|    time_elapsed    | 2884     |
|    total_timesteps | 6287552  |
---------------------------------
---------------------------------
| rollout/           |          |
|    ep_len_mean     | 5.78e+03 |
|    ep_rew_mean     | -308     |
| time/              |          |
|    episodes        | 1092     |
|    fps             | 2179     |
|    time_elapsed    | 2926     |
|    total_timesteps | 6380016  |
| train/             |          |
|    actor_loss      | 25.6     |
|    critic_loss     | 0.417    |
|    ent_coef        | 0.00237  |
|    ent_coef_loss   | 2.17     |
|    learning_rate   | 0.0003   |
|    n_updates       | 398688   |
---------------------------------
---------------------------------
| rollout/           |          |
|    ep_len_mean     | 5.78e+03 |
|    ep_rew_mean     | -308     |
| time/              |          |
|    episodes        | 1096     |
|    fps             | 2179     |
|    time_elapsed    | 2926     |
|    total_timesteps | 6380016  |
---------------------------------
---------------------------------
| rollout/           |          |
|    ep_len_mean     | 5.78e+03 |
|    ep_rew_mean     | -308     |
| time/              |          |
|    episodes        | 1100     |
|    fps             | 2179     |
|    time_elapsed    | 2926     |
|    total_timesteps | 6380016  |
---------------------------------
---------------------------------
| rollout/           |          |
|    ep_len_mean     | 5.78e+03 |
|    ep_rew_mean     | -308     |
| time/              |          |
|    episodes        | 1104     |
|    fps             | 2179     |
|    time_elapsed    | 2926     |
|    total_timesteps | 6380016  |
---------------------------------
---------------------------------
| rollout/           |          |
|    ep_len_mean     | 5.78e+03 |
|    ep_rew_mean     | -308     |
| time/              |          |
|    episodes        | 1108     |
|    fps             | 2179     |
|    time_elapsed    | 2969     |
|    total_timesteps | 6472480  |
| train/             |          |
|    actor_loss      | -3.49    |
|    critic_loss     | 0.0041   |
|    ent_coef        | 0.00243  |
|    ent_coef_loss   | -2.98    |
|    learning_rate   | 0.0003   |
|    n_updates       | 404467   |
---------------------------------
---------------------------------
| rollout/           |          |
|    ep_len_mean     | 5.78e+03 |
|    ep_rew_mean     | -308     |
| time/              |          |
|    episodes        | 1112     |
|    fps             | 2179     |
|    time_elapsed    | 2969     |
|    total_timesteps | 6472480  |
---------------------------------
---------------------------------
| rollout/           |          |
|    ep_len_mean     | 5.78e+03 |
|    ep_rew_mean     | -308     |
| time/              |          |
|    episodes        | 1116     |
|    fps             | 2179     |
|    time_elapsed    | 2969     |
|    total_timesteps | 6472480  |
---------------------------------
---------------------------------
| rollout/           |          |
|    ep_len_mean     | 5.78e+03 |
|    ep_rew_mean     | -308     |
| time/              |          |
|    episodes        | 1120     |
|    fps             | 2179     |
|    time_elapsed    | 2969     |
|    total_timesteps | 6472480  |
---------------------------------
---------------------------------
| rollout/           |          |
|    ep_len_mean     | 5.78e+03 |
|    ep_rew_mean     | -308     |
| time/              |          |
|    episodes        | 1124     |
|    fps             | 2179     |
|    time_elapsed    | 3012     |
|    total_timesteps | 6564944  |
| train/             |          |
|    actor_loss      | 6.3      |
|    critic_loss     | 0.0102   |
|    ent_coef        | 0.00249  |
|    ent_coef_loss   | 0.573    |
|    learning_rate   | 0.0003   |
|    n_updates       | 410246   |
---------------------------------
---------------------------------
| rollout/           |          |
|    ep_len_mean     | 5.78e+03 |
|    ep_rew_mean     | -308     |
| time/              |          |
|    episodes        | 1128     |
|    fps             | 2179     |
|    time_elapsed    | 3012     |
|    total_timesteps | 6564944  |
---------------------------------
---------------------------------
| rollout/           |          |
|    ep_len_mean     | 5.78e+03 |
|    ep_rew_mean     | -308     |
| time/              |          |
|    episodes        | 1132     |
|    fps             | 2179     |
|    time_elapsed    | 3012     |
|    total_timesteps | 6564944  |
---------------------------------
---------------------------------
| rollout/           |          |
|    ep_len_mean     | 5.78e+03 |
|    ep_rew_mean     | -308     |
| time/              |          |
|    episodes        | 1136     |
|    fps             | 2179     |
|    time_elapsed    | 3012     |
|    total_timesteps | 6564944  |
---------------------------------
---------------------------------
| rollout/           |          |
|    ep_len_mean     | 5.78e+03 |
|    ep_rew_mean     | -308     |
| time/              |          |
|    episodes        | 1140     |
|    fps             | 2179     |
|    time_elapsed    | 3054     |
|    total_timesteps | 6657408  |
| train/             |          |
|    actor_loss      | 14.4     |
|    critic_loss     | 1.49     |
|    ent_coef        | 0.00237  |
|    ent_coef_loss   | -1.19    |
|    learning_rate   | 0.0003   |
|    n_updates       | 416025   |
---------------------------------
---------------------------------
| rollout/           |          |
|    ep_len_mean     | 5.78e+03 |
|    ep_rew_mean     | -308     |
| time/              |          |
|    episodes        | 1144     |
|    fps             | 2179     |
|    time_elapsed    | 3054     |
|    total_timesteps | 6657408  |
---------------------------------
---------------------------------
| rollout/           |          |
|    ep_len_mean     | 5.78e+03 |
|    ep_rew_mean     | -308     |
| time/              |          |
|    episodes        | 1148     |
|    fps             | 2179     |
|    time_elapsed    | 3054     |
|    total_timesteps | 6657408  |
---------------------------------
---------------------------------
| rollout/           |          |
|    ep_len_mean     | 5.78e+03 |
|    ep_rew_mean     | -308     |
| time/              |          |
|    episodes        | 1152     |
|    fps             | 2179     |
|    time_elapsed    | 3054     |
|    total_timesteps | 6657408  |
---------------------------------
---------------------------------
| rollout/           |          |
|    ep_len_mean     | 5.78e+03 |
|    ep_rew_mean     | -308     |
| time/              |          |
|    episodes        | 1156     |
|    fps             | 2179     |
|    time_elapsed    | 3097     |
|    total_timesteps | 6749872  |
| train/             |          |
|    actor_loss      | 17.3     |
|    critic_loss     | 0.0652   |
|    ent_coef        | 0.00239  |
|    ent_coef_loss   | 3.31     |
|    learning_rate   | 0.0003   |
|    n_updates       | 421804   |
---------------------------------
---------------------------------
| rollout/           |          |
|    ep_len_mean     | 5.78e+03 |
|    ep_rew_mean     | -308     |
| time/              |          |
|    episodes        | 1160     |
|    fps             | 2179     |
|    time_elapsed    | 3097     |
|    total_timesteps | 6749872  |
---------------------------------
---------------------------------
| rollout/           |          |
|    ep_len_mean     | 5.78e+03 |
|    ep_rew_mean     | -308     |
| time/              |          |
|    episodes        | 1164     |
|    fps             | 2179     |
|    time_elapsed    | 3097     |
|    total_timesteps | 6749872  |
---------------------------------
---------------------------------
| rollout/           |          |
|    ep_len_mean     | 5.78e+03 |
|    ep_rew_mean     | -308     |
| time/              |          |
|    episodes        | 1168     |
|    fps             | 2179     |
|    time_elapsed    | 3097     |
|    total_timesteps | 6749872  |
---------------------------------
---------------------------------
| rollout/           |          |
|    ep_len_mean     | 5.78e+03 |
|    ep_rew_mean     | -308     |
| time/              |          |
|    episodes        | 1172     |
|    fps             | 2179     |
|    time_elapsed    | 3139     |
|    total_timesteps | 6842336  |
| train/             |          |
|    actor_loss      | 7.15     |
|    critic_loss     | 1.25     |
|    ent_coef        | 0.00238  |
|    ent_coef_loss   | 0.98     |
|    learning_rate   | 0.0003   |
|    n_updates       | 427583   |
---------------------------------
---------------------------------
| rollout/           |          |
|    ep_len_mean     | 5.78e+03 |
|    ep_rew_mean     | -308     |
| time/              |          |
|    episodes        | 1176     |
|    fps             | 2179     |
|    time_elapsed    | 3139     |
|    total_timesteps | 6842336  |
---------------------------------
---------------------------------
| rollout/           |          |
|    ep_len_mean     | 5.78e+03 |
|    ep_rew_mean     | -308     |
| time/              |          |
|    episodes        | 1180     |
|    fps             | 2179     |
|    time_elapsed    | 3139     |
|    total_timesteps | 6842336  |
---------------------------------
---------------------------------
| rollout/           |          |
|    ep_len_mean     | 5.78e+03 |
|    ep_rew_mean     | -308     |
| time/              |          |
|    episodes        | 1184     |
|    fps             | 2179     |
|    time_elapsed    | 3139     |
|    total_timesteps | 6842336  |
---------------------------------
---------------------------------
| rollout/           |          |
|    ep_len_mean     | 5.78e+03 |
|    ep_rew_mean     | -308     |
| time/              |          |
|    episodes        | 1188     |
|    fps             | 2179     |
|    time_elapsed    | 3182     |
|    total_timesteps | 6934800  |
| train/             |          |
|    actor_loss      | 15.2     |
|    critic_loss     | 0.273    |
|    ent_coef        | 0.00252  |
|    ent_coef_loss   | -0.63    |
|    learning_rate   | 0.0003   |
|    n_updates       | 433362   |
---------------------------------
---------------------------------
| rollout/           |          |
|    ep_len_mean     | 5.78e+03 |
|    ep_rew_mean     | -308     |
| time/              |          |
|    episodes        | 1192     |
|    fps             | 2179     |
|    time_elapsed    | 3182     |
|    total_timesteps | 6934800  |
---------------------------------
---------------------------------
| rollout/           |          |
|    ep_len_mean     | 5.78e+03 |
|    ep_rew_mean     | -308     |
| time/              |          |
|    episodes        | 1196     |
|    fps             | 2179     |
|    time_elapsed    | 3182     |
|    total_timesteps | 6934800  |
---------------------------------
---------------------------------
| rollout/           |          |
|    ep_len_mean     | 5.78e+03 |
|    ep_rew_mean     | -308     |
| time/              |          |
|    episodes        | 1200     |
|    fps             | 2179     |
|    time_elapsed    | 3182     |
|    total_timesteps | 6934800  |
---------------------------------
---------------------------------
| rollout/           |          |
|    ep_len_mean     | 5.78e+03 |
|    ep_rew_mean     | -308     |
| time/              |          |
|    episodes        | 1204     |
|    fps             | 2178     |
|    time_elapsed    | 3225     |
|    total_timesteps | 7027264  |
| train/             |          |
|    actor_loss      | 9.05     |
|    critic_loss     | 1.73     |
|    ent_coef        | 0.00264  |
|    ent_coef_loss   | -1.91    |
|    learning_rate   | 0.0003   |
|    n_updates       | 439141   |
---------------------------------
---------------------------------
| rollout/           |          |
|    ep_len_mean     | 5.78e+03 |
|    ep_rew_mean     | -308     |
| time/              |          |
|    episodes        | 1208     |
|    fps             | 2178     |
|    time_elapsed    | 3225     |
|    total_timesteps | 7027264  |
---------------------------------
---------------------------------
| rollout/           |          |
|    ep_len_mean     | 5.78e+03 |
|    ep_rew_mean     | -308     |
| time/              |          |
|    episodes        | 1212     |
|    fps             | 2178     |
|    time_elapsed    | 3225     |
|    total_timesteps | 7027264  |
---------------------------------
---------------------------------
| rollout/           |          |
|    ep_len_mean     | 5.78e+03 |
|    ep_rew_mean     | -308     |
| time/              |          |
|    episodes        | 1216     |
|    fps             | 2178     |
|    time_elapsed    | 3225     |
|    total_timesteps | 7027264  |
---------------------------------
---------------------------------
| rollout/           |          |
|    ep_len_mean     | 5.78e+03 |
|    ep_rew_mean     | -308     |
| time/              |          |
|    episodes        | 1220     |
|    fps             | 2178     |
|    time_elapsed    | 3267     |
|    total_timesteps | 7119728  |
| train/             |          |
|    actor_loss      | -5.85    |
|    critic_loss     | 0.0269   |
|    ent_coef        | 0.00297  |
|    ent_coef_loss   | 0.908    |
|    learning_rate   | 0.0003   |
|    n_updates       | 444920   |
---------------------------------
---------------------------------
| rollout/           |          |
|    ep_len_mean     | 5.78e+03 |
|    ep_rew_mean     | -308     |
| time/              |          |
|    episodes        | 1224     |
|    fps             | 2178     |
|    time_elapsed    | 3267     |
|    total_timesteps | 7119728  |
---------------------------------
---------------------------------
| rollout/           |          |
|    ep_len_mean     | 5.78e+03 |
|    ep_rew_mean     | -308     |
| time/              |          |
|    episodes        | 1228     |
|    fps             | 2178     |
|    time_elapsed    | 3267     |
|    total_timesteps | 7119728  |
---------------------------------
---------------------------------
| rollout/           |          |
|    ep_len_mean     | 5.78e+03 |
|    ep_rew_mean     | -308     |
| time/              |          |
|    episodes        | 1232     |
|    fps             | 2178     |
|    time_elapsed    | 3267     |
|    total_timesteps | 7119728  |
---------------------------------
---------------------------------
| rollout/           |          |
|    ep_len_mean     | 5.78e+03 |
|    ep_rew_mean     | -308     |
| time/              |          |
|    episodes        | 1236     |
|    fps             | 2178     |
|    time_elapsed    | 3310     |
|    total_timesteps | 7212192  |
| train/             |          |
|    actor_loss      | 5.06     |
|    critic_loss     | 0.0368   |
|    ent_coef        | 0.00275  |
|    ent_coef_loss   | -3.71    |
|    learning_rate   | 0.0003   |
|    n_updates       | 450699   |
---------------------------------
---------------------------------
| rollout/           |          |
|    ep_len_mean     | 5.78e+03 |
|    ep_rew_mean     | -308     |
| time/              |          |
|    episodes        | 1240     |
|    fps             | 2178     |
|    time_elapsed    | 3310     |
|    total_timesteps | 7212192  |
---------------------------------
---------------------------------
| rollout/           |          |
|    ep_len_mean     | 5.78e+03 |
|    ep_rew_mean     | -308     |
| time/              |          |
|    episodes        | 1244     |
|    fps             | 2178     |
|    time_elapsed    | 3310     |
|    total_timesteps | 7212192  |
---------------------------------
---------------------------------
| rollout/           |          |
|    ep_len_mean     | 5.78e+03 |
|    ep_rew_mean     | -308     |
| time/              |          |
|    episodes        | 1248     |
|    fps             | 2178     |
|    time_elapsed    | 3310     |
|    total_timesteps | 7212192  |
---------------------------------
---------------------------------
| rollout/           |          |
|    ep_len_mean     | 5.78e+03 |
|    ep_rew_mean     | -308     |
| time/              |          |
|    episodes        | 1252     |
|    fps             | 2178     |
|    time_elapsed    | 3352     |
|    total_timesteps | 7304656  |
| train/             |          |
|    actor_loss      | 14.7     |
|    critic_loss     | 0.391    |
|    ent_coef        | 0.00256  |
|    ent_coef_loss   | -3.06    |
|    learning_rate   | 0.0003   |
|    n_updates       | 456478   |
---------------------------------
---------------------------------
| rollout/           |          |
|    ep_len_mean     | 5.78e+03 |
|    ep_rew_mean     | -308     |
| time/              |          |
|    episodes        | 1256     |
|    fps             | 2178     |
|    time_elapsed    | 3352     |
|    total_timesteps | 7304656  |
---------------------------------
---------------------------------
| rollout/           |          |
|    ep_len_mean     | 5.78e+03 |
|    ep_rew_mean     | -308     |
| time/              |          |
|    episodes        | 1260     |
|    fps             | 2178     |
|    time_elapsed    | 3352     |
|    total_timesteps | 7304656  |
---------------------------------
---------------------------------
| rollout/           |          |
|    ep_len_mean     | 5.78e+03 |
|    ep_rew_mean     | -308     |
| time/              |          |
|    episodes        | 1264     |
|    fps             | 2178     |
|    time_elapsed    | 3352     |
|    total_timesteps | 7304656  |
---------------------------------
---------------------------------
| rollout/           |          |
|    ep_len_mean     | 5.78e+03 |
|    ep_rew_mean     | -308     |
| time/              |          |
|    episodes        | 1268     |
|    fps             | 2178     |
|    time_elapsed    | 3395     |
|    total_timesteps | 7397120  |
| train/             |          |
|    actor_loss      | -1.55    |
|    critic_loss     | 0.632    |
|    ent_coef        | 0.00238  |
|    ent_coef_loss   | -4.12    |
|    learning_rate   | 0.0003   |
|    n_updates       | 462257   |
---------------------------------
---------------------------------
| rollout/           |          |
|    ep_len_mean     | 5.78e+03 |
|    ep_rew_mean     | -308     |
| time/              |          |
|    episodes        | 1272     |
|    fps             | 2178     |
|    time_elapsed    | 3395     |
|    total_timesteps | 7397120  |
---------------------------------
---------------------------------
| rollout/           |          |
|    ep_len_mean     | 5.78e+03 |
|    ep_rew_mean     | -308     |
| time/              |          |
|    episodes        | 1276     |
|    fps             | 2178     |
|    time_elapsed    | 3395     |
|    total_timesteps | 7397120  |
---------------------------------
---------------------------------
| rollout/           |          |
|    ep_len_mean     | 5.78e+03 |
|    ep_rew_mean     | -308     |
| time/              |          |
|    episodes        | 1280     |
|    fps             | 2178     |
|    time_elapsed    | 3395     |
|    total_timesteps | 7397120  |
---------------------------------
---------------------------------
| rollout/           |          |
|    ep_len_mean     | 5.78e+03 |
|    ep_rew_mean     | -308     |
| time/              |          |
|    episodes        | 1284     |
|    fps             | 2178     |
|    time_elapsed    | 3437     |
|    total_timesteps | 7489584  |
| train/             |          |
|    actor_loss      | 4.93     |
|    critic_loss     | 0.254    |
|    ent_coef        | 0.00225  |
|    ent_coef_loss   | -1.13    |
|    learning_rate   | 0.0003   |
|    n_updates       | 468036   |
---------------------------------
---------------------------------
| rollout/           |          |
|    ep_len_mean     | 5.78e+03 |
|    ep_rew_mean     | -308     |
| time/              |          |
|    episodes        | 1288     |
|    fps             | 2178     |
|    time_elapsed    | 3437     |
|    total_timesteps | 7489584  |
---------------------------------
---------------------------------
| rollout/           |          |
|    ep_len_mean     | 5.78e+03 |
|    ep_rew_mean     | -308     |
| time/              |          |
|    episodes        | 1292     |
|    fps             | 2178     |
|    time_elapsed    | 3437     |
|    total_timesteps | 7489584  |
---------------------------------
---------------------------------
| rollout/           |          |
|    ep_len_mean     | 5.78e+03 |
|    ep_rew_mean     | -308     |
| time/              |          |
|    episodes        | 1296     |
|    fps             | 2178     |
|    time_elapsed    | 3437     |
|    total_timesteps | 7489584  |
---------------------------------
---------------------------------
| rollout/           |          |
|    ep_len_mean     | 5.78e+03 |
|    ep_rew_mean     | -308     |
| time/              |          |
|    episodes        | 1300     |
|    fps             | 2178     |
|    time_elapsed    | 3479     |
|    total_timesteps | 7582048  |
| train/             |          |
|    actor_loss      | 10.2     |
|    critic_loss     | 0.0736   |
|    ent_coef        | 0.00248  |
|    ent_coef_loss   | -2       |
|    learning_rate   | 0.0003   |
|    n_updates       | 473815   |
---------------------------------
---------------------------------
| rollout/           |          |
|    ep_len_mean     | 5.78e+03 |
|    ep_rew_mean     | -308     |
| time/              |          |
|    episodes        | 1304     |
|    fps             | 2178     |
|    time_elapsed    | 3479     |
|    total_timesteps | 7582048  |
---------------------------------
---------------------------------
| rollout/           |          |
|    ep_len_mean     | 5.78e+03 |
|    ep_rew_mean     | -308     |
| time/              |          |
|    episodes        | 1308     |
|    fps             | 2178     |
|    time_elapsed    | 3479     |
|    total_timesteps | 7582048  |
---------------------------------
---------------------------------
| rollout/           |          |
|    ep_len_mean     | 5.78e+03 |
|    ep_rew_mean     | -308     |
| time/              |          |
|    episodes        | 1312     |
|    fps             | 2178     |
|    time_elapsed    | 3479     |
|    total_timesteps | 7582048  |
---------------------------------
---------------------------------
| rollout/           |          |
|    ep_len_mean     | 5.78e+03 |
|    ep_rew_mean     | -308     |
| time/              |          |
|    episodes        | 1316     |
|    fps             | 2178     |
|    time_elapsed    | 3522     |
|    total_timesteps | 7674512  |
| train/             |          |
|    actor_loss      | 8.31     |
|    critic_loss     | 1.79     |
|    ent_coef        | 0.00219  |
|    ent_coef_loss   | -4.18    |
|    learning_rate   | 0.0003   |
|    n_updates       | 479594   |
---------------------------------
---------------------------------
| rollout/           |          |
|    ep_len_mean     | 5.78e+03 |
|    ep_rew_mean     | -308     |
| time/              |          |
|    episodes        | 1320     |
|    fps             | 2178     |
|    time_elapsed    | 3522     |
|    total_timesteps | 7674512  |
---------------------------------
---------------------------------
| rollout/           |          |
|    ep_len_mean     | 5.78e+03 |
|    ep_rew_mean     | -308     |
| time/              |          |
|    episodes        | 1324     |
|    fps             | 2178     |
|    time_elapsed    | 3522     |
|    total_timesteps | 7674512  |
---------------------------------
---------------------------------
| rollout/           |          |
|    ep_len_mean     | 5.78e+03 |
|    ep_rew_mean     | -308     |
| time/              |          |
|    episodes        | 1328     |
|    fps             | 2178     |
|    time_elapsed    | 3522     |
|    total_timesteps | 7674512  |
---------------------------------
---------------------------------
| rollout/           |          |
|    ep_len_mean     | 5.78e+03 |
|    ep_rew_mean     | -308     |
| time/              |          |
|    episodes        | 1332     |
|    fps             | 2178     |
|    time_elapsed    | 3565     |
|    total_timesteps | 7766976  |
| train/             |          |
|    actor_loss      | 15.7     |
|    critic_loss     | 0.516    |
|    ent_coef        | 0.0021   |
|    ent_coef_loss   | 2.29     |
|    learning_rate   | 0.0003   |
|    n_updates       | 485373   |
---------------------------------
---------------------------------
| rollout/           |          |
|    ep_len_mean     | 5.78e+03 |
|    ep_rew_mean     | -308     |
| time/              |          |
|    episodes        | 1336     |
|    fps             | 2178     |
|    time_elapsed    | 3565     |
|    total_timesteps | 7766976  |
---------------------------------
---------------------------------
| rollout/           |          |
|    ep_len_mean     | 5.78e+03 |
|    ep_rew_mean     | -308     |
| time/              |          |
|    episodes        | 1340     |
|    fps             | 2178     |
|    time_elapsed    | 3565     |
|    total_timesteps | 7766976  |
---------------------------------
---------------------------------
| rollout/           |          |
|    ep_len_mean     | 5.78e+03 |
|    ep_rew_mean     | -308     |
| time/              |          |
|    episodes        | 1344     |
|    fps             | 2178     |
|    time_elapsed    | 3565     |
|    total_timesteps | 7766976  |
---------------------------------
---------------------------------
| rollout/           |          |
|    ep_len_mean     | 5.78e+03 |
|    ep_rew_mean     | -308     |
| time/              |          |
|    episodes        | 1348     |
|    fps             | 2178     |
|    time_elapsed    | 3607     |
|    total_timesteps | 7859440  |
| train/             |          |
|    actor_loss      | 19       |
|    critic_loss     | 0.551    |
|    ent_coef        | 0.00212  |
|    ent_coef_loss   | 2.98     |
|    learning_rate   | 0.0003   |
|    n_updates       | 491152   |
---------------------------------
---------------------------------
| rollout/           |          |
|    ep_len_mean     | 5.78e+03 |
|    ep_rew_mean     | -308     |
| time/              |          |
|    episodes        | 1352     |
|    fps             | 2178     |
|    time_elapsed    | 3607     |
|    total_timesteps | 7859440  |
---------------------------------
---------------------------------
| rollout/           |          |
|    ep_len_mean     | 5.78e+03 |
|    ep_rew_mean     | -308     |
| time/              |          |
|    episodes        | 1356     |
|    fps             | 2178     |
|    time_elapsed    | 3607     |
|    total_timesteps | 7859440  |
---------------------------------
---------------------------------
| rollout/           |          |
|    ep_len_mean     | 5.78e+03 |
|    ep_rew_mean     | -308     |
| time/              |          |
|    episodes        | 1360     |
|    fps             | 2178     |
|    time_elapsed    | 3607     |
|    total_timesteps | 7859440  |
---------------------------------
---------------------------------
| rollout/           |          |
|    ep_len_mean     | 5.78e+03 |
|    ep_rew_mean     | -308     |
| time/              |          |
|    episodes        | 1364     |
|    fps             | 2179     |
|    time_elapsed    | 3649     |
|    total_timesteps | 7951904  |
| train/             |          |
|    actor_loss      | 12.5     |
|    critic_loss     | 0.248    |
|    ent_coef        | 0.0021   |
|    ent_coef_loss   | 0.62     |
|    learning_rate   | 0.0003   |
|    n_updates       | 496931   |
---------------------------------
---------------------------------
| rollout/           |          |
|    ep_len_mean     | 5.78e+03 |
|    ep_rew_mean     | -308     |
| time/              |          |
|    episodes        | 1368     |
|    fps             | 2179     |
|    time_elapsed    | 3649     |
|    total_timesteps | 7951904  |
---------------------------------
---------------------------------
| rollout/           |          |
|    ep_len_mean     | 5.78e+03 |
|    ep_rew_mean     | -308     |
| time/              |          |
|    episodes        | 1372     |
|    fps             | 2179     |
|    time_elapsed    | 3649     |
|    total_timesteps | 7951904  |
---------------------------------
---------------------------------
| rollout/           |          |
|    ep_len_mean     | 5.78e+03 |
|    ep_rew_mean     | -308     |
| time/              |          |
|    episodes        | 1376     |
|    fps             | 2179     |
|    time_elapsed    | 3649     |
|    total_timesteps | 7951904  |
---------------------------------
---------------------------------
| rollout/           |          |
|    ep_len_mean     | 5.78e+03 |
|    ep_rew_mean     | -308     |
| time/              |          |
|    episodes        | 1380     |
|    fps             | 2179     |
|    time_elapsed    | 3691     |
|    total_timesteps | 8044368  |
| train/             |          |
|    actor_loss      | 24.7     |
|    critic_loss     | 0.00795  |
|    ent_coef        | 0.00222  |
|    ent_coef_loss   | 4.04     |
|    learning_rate   | 0.0003   |
|    n_updates       | 502710   |
---------------------------------
---------------------------------
| rollout/           |          |
|    ep_len_mean     | 5.78e+03 |
|    ep_rew_mean     | -308     |
| time/              |          |
|    episodes        | 1384     |
|    fps             | 2179     |
|    time_elapsed    | 3691     |
|    total_timesteps | 8044368  |
---------------------------------
---------------------------------
| rollout/           |          |
|    ep_len_mean     | 5.78e+03 |
|    ep_rew_mean     | -308     |
| time/              |          |
|    episodes        | 1388     |
|    fps             | 2179     |
|    time_elapsed    | 3691     |
|    total_timesteps | 8044368  |
---------------------------------
---------------------------------
| rollout/           |          |
|    ep_len_mean     | 5.78e+03 |
|    ep_rew_mean     | -308     |
| time/              |          |
|    episodes        | 1392     |
|    fps             | 2179     |
|    time_elapsed    | 3691     |
|    total_timesteps | 8044368  |
---------------------------------
---------------------------------
| rollout/           |          |
|    ep_len_mean     | 5.78e+03 |
|    ep_rew_mean     | -308     |
| time/              |          |
|    episodes        | 1396     |
|    fps             | 2179     |
|    time_elapsed    | 3734     |
|    total_timesteps | 8136832  |
| train/             |          |
|    actor_loss      | 4.15     |
|    critic_loss     | 1.89     |
|    ent_coef        | 0.00222  |
|    ent_coef_loss   | -0.687   |
|    learning_rate   | 0.0003   |
|    n_updates       | 508489   |
---------------------------------
---------------------------------
| rollout/           |          |
|    ep_len_mean     | 5.78e+03 |
|    ep_rew_mean     | -308     |
| time/              |          |
|    episodes        | 1400     |
|    fps             | 2179     |
|    time_elapsed    | 3734     |
|    total_timesteps | 8136832  |
---------------------------------
---------------------------------
| rollout/           |          |
|    ep_len_mean     | 5.78e+03 |
|    ep_rew_mean     | -308     |
| time/              |          |
|    episodes        | 1404     |
|    fps             | 2179     |
|    time_elapsed    | 3734     |
|    total_timesteps | 8136832  |
---------------------------------
---------------------------------
| rollout/           |          |
|    ep_len_mean     | 5.78e+03 |
|    ep_rew_mean     | -308     |
| time/              |          |
|    episodes        | 1408     |
|    fps             | 2179     |
|    time_elapsed    | 3734     |
|    total_timesteps | 8136832  |
---------------------------------
---------------------------------
| rollout/           |          |
|    ep_len_mean     | 5.78e+03 |
|    ep_rew_mean     | -308     |
| time/              |          |
|    episodes        | 1412     |
|    fps             | 2178     |
|    time_elapsed    | 3776     |
|    total_timesteps | 8229296  |
| train/             |          |
|    actor_loss      | 8.14     |
|    critic_loss     | 317      |
|    ent_coef        | 0.00251  |
|    ent_coef_loss   | 0.357    |
|    learning_rate   | 0.0003   |
|    n_updates       | 514268   |
---------------------------------
---------------------------------
| rollout/           |          |
|    ep_len_mean     | 5.78e+03 |
|    ep_rew_mean     | -308     |
| time/              |          |
|    episodes        | 1416     |
|    fps             | 2178     |
|    time_elapsed    | 3776     |
|    total_timesteps | 8229296  |
---------------------------------
---------------------------------
| rollout/           |          |
|    ep_len_mean     | 5.78e+03 |
|    ep_rew_mean     | -308     |
| time/              |          |
|    episodes        | 1420     |
|    fps             | 2178     |
|    time_elapsed    | 3776     |
|    total_timesteps | 8229296  |
---------------------------------
---------------------------------
| rollout/           |          |
|    ep_len_mean     | 5.78e+03 |
|    ep_rew_mean     | -308     |
| time/              |          |
|    episodes        | 1424     |
|    fps             | 2178     |
|    time_elapsed    | 3776     |
|    total_timesteps | 8229296  |
---------------------------------
---------------------------------
| rollout/           |          |
|    ep_len_mean     | 5.78e+03 |
|    ep_rew_mean     | -308     |
| time/              |          |
|    episodes        | 1428     |
|    fps             | 2178     |
|    time_elapsed    | 3819     |
|    total_timesteps | 8321760  |
| train/             |          |
|    actor_loss      | 8.13     |
|    critic_loss     | 0.335    |
|    ent_coef        | 0.00214  |
|    ent_coef_loss   | 0.246    |
|    learning_rate   | 0.0003   |
|    n_updates       | 520047   |
---------------------------------
---------------------------------
| rollout/           |          |
|    ep_len_mean     | 5.78e+03 |
|    ep_rew_mean     | -308     |
| time/              |          |
|    episodes        | 1432     |
|    fps             | 2178     |
|    time_elapsed    | 3819     |
|    total_timesteps | 8321760  |
---------------------------------
---------------------------------
| rollout/           |          |
|    ep_len_mean     | 5.78e+03 |
|    ep_rew_mean     | -308     |
| time/              |          |
|    episodes        | 1436     |
|    fps             | 2178     |
|    time_elapsed    | 3819     |
|    total_timesteps | 8321760  |
---------------------------------
---------------------------------
| rollout/           |          |
|    ep_len_mean     | 5.78e+03 |
|    ep_rew_mean     | -308     |
| time/              |          |
|    episodes        | 1440     |
|    fps             | 2178     |
|    time_elapsed    | 3819     |
|    total_timesteps | 8321760  |
---------------------------------
---------------------------------
| rollout/           |          |
|    ep_len_mean     | 5.78e+03 |
|    ep_rew_mean     | -308     |
| time/              |          |
|    episodes        | 1444     |
|    fps             | 2178     |
|    time_elapsed    | 3861     |
|    total_timesteps | 8414224  |
| train/             |          |
|    actor_loss      | 22.8     |
|    critic_loss     | 0.512    |
|    ent_coef        | 0.00216  |
|    ent_coef_loss   | 1.79     |
|    learning_rate   | 0.0003   |
|    n_updates       | 525826   |
---------------------------------
---------------------------------
| rollout/           |          |
|    ep_len_mean     | 5.78e+03 |
|    ep_rew_mean     | -308     |
| time/              |          |
|    episodes        | 1448     |
|    fps             | 2178     |
|    time_elapsed    | 3861     |
|    total_timesteps | 8414224  |
---------------------------------
---------------------------------
| rollout/           |          |
|    ep_len_mean     | 5.78e+03 |
|    ep_rew_mean     | -308     |
| time/              |          |
|    episodes        | 1452     |
|    fps             | 2178     |
|    time_elapsed    | 3861     |
|    total_timesteps | 8414224  |
---------------------------------
---------------------------------
| rollout/           |          |
|    ep_len_mean     | 5.78e+03 |
|    ep_rew_mean     | -308     |
| time/              |          |
|    episodes        | 1456     |
|    fps             | 2178     |
|    time_elapsed    | 3861     |
|    total_timesteps | 8414224  |
---------------------------------
---------------------------------
| rollout/           |          |
|    ep_len_mean     | 5.78e+03 |
|    ep_rew_mean     | -308     |
| time/              |          |
|    episodes        | 1460     |
|    fps             | 2178     |
|    time_elapsed    | 3905     |
|    total_timesteps | 8506688  |
| train/             |          |
|    actor_loss      | 19       |
|    critic_loss     | 0.09     |
|    ent_coef        | 0.00229  |
|    ent_coef_loss   | 2.44     |
|    learning_rate   | 0.0003   |
|    n_updates       | 531605   |
---------------------------------
---------------------------------
| rollout/           |          |
|    ep_len_mean     | 5.78e+03 |
|    ep_rew_mean     | -308     |
| time/              |          |
|    episodes        | 1464     |
|    fps             | 2178     |
|    time_elapsed    | 3905     |
|    total_timesteps | 8506688  |
---------------------------------
---------------------------------
| rollout/           |          |
|    ep_len_mean     | 5.78e+03 |
|    ep_rew_mean     | -308     |
| time/              |          |
|    episodes        | 1468     |
|    fps             | 2178     |
|    time_elapsed    | 3905     |
|    total_timesteps | 8506688  |
---------------------------------
---------------------------------
| rollout/           |          |
|    ep_len_mean     | 5.78e+03 |
|    ep_rew_mean     | -308     |
| time/              |          |
|    episodes        | 1472     |
|    fps             | 2178     |
|    time_elapsed    | 3905     |
|    total_timesteps | 8506688  |
---------------------------------
---------------------------------
| rollout/           |          |
|    ep_len_mean     | 5.78e+03 |
|    ep_rew_mean     | -308     |
| time/              |          |
|    episodes        | 1476     |
|    fps             | 2178     |
|    time_elapsed    | 3946     |
|    total_timesteps | 8599152  |
| train/             |          |
|    actor_loss      | 9.58     |
|    critic_loss     | 0.995    |
|    ent_coef        | 0.00235  |
|    ent_coef_loss   | -0.121   |
|    learning_rate   | 0.0003   |
|    n_updates       | 537384   |
---------------------------------
---------------------------------
| rollout/           |          |
|    ep_len_mean     | 5.78e+03 |
|    ep_rew_mean     | -308     |
| time/              |          |
|    episodes        | 1480     |
|    fps             | 2178     |
|    time_elapsed    | 3946     |
|    total_timesteps | 8599152  |
---------------------------------
---------------------------------
| rollout/           |          |
|    ep_len_mean     | 5.78e+03 |
|    ep_rew_mean     | -308     |
| time/              |          |
|    episodes        | 1484     |
|    fps             | 2178     |
|    time_elapsed    | 3946     |
|    total_timesteps | 8599152  |
---------------------------------
---------------------------------
| rollout/           |          |
|    ep_len_mean     | 5.78e+03 |
|    ep_rew_mean     | -308     |
| time/              |          |
|    episodes        | 1488     |
|    fps             | 2178     |
|    time_elapsed    | 3946     |
|    total_timesteps | 8599152  |
---------------------------------
---------------------------------
| rollout/           |          |
|    ep_len_mean     | 5.78e+03 |
|    ep_rew_mean     | -308     |
| time/              |          |
|    episodes        | 1492     |
|    fps             | 2178     |
|    time_elapsed    | 3989     |
|    total_timesteps | 8691616  |
| train/             |          |
|    actor_loss      | 21.7     |
|    critic_loss     | 1.52     |
|    ent_coef        | 0.00222  |
|    ent_coef_loss   | 0.0353   |
|    learning_rate   | 0.0003   |
|    n_updates       | 543163   |
---------------------------------
---------------------------------
| rollout/           |          |
|    ep_len_mean     | 5.78e+03 |
|    ep_rew_mean     | -308     |
| time/              |          |
|    episodes        | 1496     |
|    fps             | 2178     |
|    time_elapsed    | 3989     |
|    total_timesteps | 8691616  |
---------------------------------
---------------------------------
| rollout/           |          |
|    ep_len_mean     | 5.78e+03 |
|    ep_rew_mean     | -308     |
| time/              |          |
|    episodes        | 1500     |
|    fps             | 2178     |
|    time_elapsed    | 3989     |
|    total_timesteps | 8691616  |
---------------------------------
---------------------------------
| rollout/           |          |
|    ep_len_mean     | 5.78e+03 |
|    ep_rew_mean     | -308     |
| time/              |          |
|    episodes        | 1504     |
|    fps             | 2178     |
|    time_elapsed    | 3989     |
|    total_timesteps | 8691616  |
---------------------------------
---------------------------------
| rollout/           |          |
|    ep_len_mean     | 5.78e+03 |
|    ep_rew_mean     | -308     |
| time/              |          |
|    episodes        | 1508     |
|    fps             | 2178     |
|    time_elapsed    | 4031     |
|    total_timesteps | 8784080  |
| train/             |          |
|    actor_loss      | 12.8     |
|    critic_loss     | 0.12     |
|    ent_coef        | 0.00218  |
|    ent_coef_loss   | -0.56    |
|    learning_rate   | 0.0003   |
|    n_updates       | 548942   |
---------------------------------
---------------------------------
| rollout/           |          |
|    ep_len_mean     | 5.78e+03 |
|    ep_rew_mean     | -308     |
| time/              |          |
|    episodes        | 1512     |
|    fps             | 2178     |
|    time_elapsed    | 4031     |
|    total_timesteps | 8784080  |
---------------------------------
---------------------------------
| rollout/           |          |
|    ep_len_mean     | 5.78e+03 |
|    ep_rew_mean     | -308     |
| time/              |          |
|    episodes        | 1516     |
|    fps             | 2178     |
|    time_elapsed    | 4031     |
|    total_timesteps | 8784080  |
---------------------------------
---------------------------------
| rollout/           |          |
|    ep_len_mean     | 5.78e+03 |
|    ep_rew_mean     | -308     |
| time/              |          |
|    episodes        | 1520     |
|    fps             | 2178     |
|    time_elapsed    | 4031     |
|    total_timesteps | 8784080  |
---------------------------------
---------------------------------
| rollout/           |          |
|    ep_len_mean     | 5.78e+03 |
|    ep_rew_mean     | -308     |
| time/              |          |
|    episodes        | 1524     |
|    fps             | 2178     |
|    time_elapsed    | 4074     |
|    total_timesteps | 8876544  |
| train/             |          |
|    actor_loss      | 4.33     |
|    critic_loss     | 1.95     |
|    ent_coef        | 0.00208  |
|    ent_coef_loss   | -0.938   |
|    learning_rate   | 0.0003   |
|    n_updates       | 554721   |
---------------------------------
---------------------------------
| rollout/           |          |
|    ep_len_mean     | 5.78e+03 |
|    ep_rew_mean     | -308     |
| time/              |          |
|    episodes        | 1528     |
|    fps             | 2178     |
|    time_elapsed    | 4074     |
|    total_timesteps | 8876544  |
---------------------------------
---------------------------------
| rollout/           |          |
|    ep_len_mean     | 5.78e+03 |
|    ep_rew_mean     | -308     |
| time/              |          |
|    episodes        | 1532     |
|    fps             | 2178     |
|    time_elapsed    | 4074     |
|    total_timesteps | 8876544  |
---------------------------------
---------------------------------
| rollout/           |          |
|    ep_len_mean     | 5.78e+03 |
|    ep_rew_mean     | -308     |
| time/              |          |
|    episodes        | 1536     |
|    fps             | 2178     |
|    time_elapsed    | 4074     |
|    total_timesteps | 8876544  |
---------------------------------
---------------------------------
| rollout/           |          |
|    ep_len_mean     | 5.78e+03 |
|    ep_rew_mean     | -308     |
| time/              |          |
|    episodes        | 1540     |
|    fps             | 2178     |
|    time_elapsed    | 4117     |
|    total_timesteps | 8969008  |
| train/             |          |
|    actor_loss      | 14.5     |
|    critic_loss     | 0.171    |
|    ent_coef        | 0.00197  |
|    ent_coef_loss   | -2.97    |
|    learning_rate   | 0.0003   |
|    n_updates       | 560500   |
---------------------------------
---------------------------------
| rollout/           |          |
|    ep_len_mean     | 5.78e+03 |
|    ep_rew_mean     | -308     |
| time/              |          |
|    episodes        | 1544     |
|    fps             | 2178     |
|    time_elapsed    | 4117     |
|    total_timesteps | 8969008  |
---------------------------------
---------------------------------
| rollout/           |          |
|    ep_len_mean     | 5.78e+03 |
|    ep_rew_mean     | -308     |
| time/              |          |
|    episodes        | 1548     |
|    fps             | 2178     |
|    time_elapsed    | 4117     |
|    total_timesteps | 8969008  |
---------------------------------
---------------------------------
| rollout/           |          |
|    ep_len_mean     | 5.78e+03 |
|    ep_rew_mean     | -308     |
| time/              |          |
|    episodes        | 1552     |
|    fps             | 2178     |
|    time_elapsed    | 4117     |
|    total_timesteps | 8969008  |
---------------------------------
---------------------------------
| rollout/           |          |
|    ep_len_mean     | 5.78e+03 |
|    ep_rew_mean     | -308     |
| time/              |          |
|    episodes        | 1556     |
|    fps             | 2178     |
|    time_elapsed    | 4159     |
|    total_timesteps | 9061472  |
| train/             |          |
|    actor_loss      | 1.2      |
|    critic_loss     | 1.75     |
|    ent_coef        | 0.00205  |
|    ent_coef_loss   | -4.08    |
|    learning_rate   | 0.0003   |
|    n_updates       | 566279   |
---------------------------------
---------------------------------
| rollout/           |          |
|    ep_len_mean     | 5.78e+03 |
|    ep_rew_mean     | -308     |
| time/              |          |
|    episodes        | 1560     |
|    fps             | 2178     |
|    time_elapsed    | 4159     |
|    total_timesteps | 9061472  |
---------------------------------
---------------------------------
| rollout/           |          |
|    ep_len_mean     | 5.78e+03 |
|    ep_rew_mean     | -308     |
| time/              |          |
|    episodes        | 1564     |
|    fps             | 2178     |
|    time_elapsed    | 4159     |
|    total_timesteps | 9061472  |
---------------------------------
---------------------------------
| rollout/           |          |
|    ep_len_mean     | 5.78e+03 |
|    ep_rew_mean     | -308     |
| time/              |          |
|    episodes        | 1568     |
|    fps             | 2178     |
|    time_elapsed    | 4159     |
|    total_timesteps | 9061472  |
---------------------------------
---------------------------------
| rollout/           |          |
|    ep_len_mean     | 5.78e+03 |
|    ep_rew_mean     | -308     |
| time/              |          |
|    episodes        | 1572     |
|    fps             | 2178     |
|    time_elapsed    | 4201     |
|    total_timesteps | 9153936  |
| train/             |          |
|    actor_loss      | 16.5     |
|    critic_loss     | 0.185    |
|    ent_coef        | 0.00189  |
|    ent_coef_loss   | 0.517    |
|    learning_rate   | 0.0003   |
|    n_updates       | 572058   |
---------------------------------
---------------------------------
| rollout/           |          |
|    ep_len_mean     | 5.78e+03 |
|    ep_rew_mean     | -308     |
| time/              |          |
|    episodes        | 1576     |
|    fps             | 2178     |
|    time_elapsed    | 4201     |
|    total_timesteps | 9153936  |
---------------------------------
---------------------------------
| rollout/           |          |
|    ep_len_mean     | 5.78e+03 |
|    ep_rew_mean     | -308     |
| time/              |          |
|    episodes        | 1580     |
|    fps             | 2178     |
|    time_elapsed    | 4201     |
|    total_timesteps | 9153936  |
---------------------------------
---------------------------------
| rollout/           |          |
|    ep_len_mean     | 5.78e+03 |
|    ep_rew_mean     | -308     |
| time/              |          |
|    episodes        | 1584     |
|    fps             | 2178     |
|    time_elapsed    | 4201     |
|    total_timesteps | 9153936  |
---------------------------------
---------------------------------
| rollout/           |          |
|    ep_len_mean     | 5.78e+03 |
|    ep_rew_mean     | -308     |
| time/              |          |
|    episodes        | 1588     |
|    fps             | 2178     |
|    time_elapsed    | 4243     |
|    total_timesteps | 9246400  |
| train/             |          |
|    actor_loss      | 3.02     |
|    critic_loss     | 0.19     |
|    ent_coef        | 0.00185  |
|    ent_coef_loss   | -0.397   |
|    learning_rate   | 0.0003   |
|    n_updates       | 577837   |
---------------------------------
---------------------------------
| rollout/           |          |
|    ep_len_mean     | 5.78e+03 |
|    ep_rew_mean     | -308     |
| time/              |          |
|    episodes        | 1592     |
|    fps             | 2178     |
|    time_elapsed    | 4243     |
|    total_timesteps | 9246400  |
---------------------------------
---------------------------------
| rollout/           |          |
|    ep_len_mean     | 5.78e+03 |
|    ep_rew_mean     | -308     |
| time/              |          |
|    episodes        | 1596     |
|    fps             | 2178     |
|    time_elapsed    | 4243     |
|    total_timesteps | 9246400  |
---------------------------------
---------------------------------
| rollout/           |          |
|    ep_len_mean     | 5.78e+03 |
|    ep_rew_mean     | -308     |
| time/              |          |
|    episodes        | 1600     |
|    fps             | 2178     |
|    time_elapsed    | 4243     |
|    total_timesteps | 9246400  |
---------------------------------
---------------------------------
| rollout/           |          |
|    ep_len_mean     | 5.78e+03 |
|    ep_rew_mean     | -308     |
| time/              |          |
|    episodes        | 1604     |
|    fps             | 2179     |
|    time_elapsed    | 4284     |
|    total_timesteps | 9338864  |
| train/             |          |
|    actor_loss      | -1.47    |
|    critic_loss     | 0.163    |
|    ent_coef        | 0.00184  |
|    ent_coef_loss   | 1.82     |
|    learning_rate   | 0.0003   |
|    n_updates       | 583616   |
---------------------------------
---------------------------------
| rollout/           |          |
|    ep_len_mean     | 5.78e+03 |
|    ep_rew_mean     | -308     |
| time/              |          |
|    episodes        | 1608     |
|    fps             | 2179     |
|    time_elapsed    | 4284     |
|    total_timesteps | 9338864  |
---------------------------------
---------------------------------
| rollout/           |          |
|    ep_len_mean     | 5.78e+03 |
|    ep_rew_mean     | -308     |
| time/              |          |
|    episodes        | 1612     |
|    fps             | 2179     |
|    time_elapsed    | 4284     |
|    total_timesteps | 9338864  |
---------------------------------
---------------------------------
| rollout/           |          |
|    ep_len_mean     | 5.78e+03 |
|    ep_rew_mean     | -308     |
| time/              |          |
|    episodes        | 1616     |
|    fps             | 2179     |
|    time_elapsed    | 4284     |
|    total_timesteps | 9338864  |
---------------------------------
---------------------------------
| rollout/           |          |
|    ep_len_mean     | 5.78e+03 |
|    ep_rew_mean     | -308     |
| time/              |          |
|    episodes        | 1620     |
|    fps             | 2179     |
|    time_elapsed    | 4326     |
|    total_timesteps | 9431328  |
| train/             |          |
|    actor_loss      | 26.3     |
|    critic_loss     | 0.124    |
|    ent_coef        | 0.00181  |
|    ent_coef_loss   | 0.388    |
|    learning_rate   | 0.0003   |
|    n_updates       | 589395   |
---------------------------------
---------------------------------
| rollout/           |          |
|    ep_len_mean     | 5.78e+03 |
|    ep_rew_mean     | -308     |
| time/              |          |
|    episodes        | 1624     |
|    fps             | 2179     |
|    time_elapsed    | 4326     |
|    total_timesteps | 9431328  |
---------------------------------
---------------------------------
| rollout/           |          |
|    ep_len_mean     | 5.78e+03 |
|    ep_rew_mean     | -308     |
| time/              |          |
|    episodes        | 1628     |
|    fps             | 2179     |
|    time_elapsed    | 4326     |
|    total_timesteps | 9431328  |
---------------------------------
---------------------------------
| rollout/           |          |
|    ep_len_mean     | 5.78e+03 |
|    ep_rew_mean     | -308     |
| time/              |          |
|    episodes        | 1632     |
|    fps             | 2179     |
|    time_elapsed    | 4326     |
|    total_timesteps | 9431328  |
---------------------------------
---------------------------------
| rollout/           |          |
|    ep_len_mean     | 5.78e+03 |
|    ep_rew_mean     | -308     |
| time/              |          |
|    episodes        | 1636     |
|    fps             | 2180     |
|    time_elapsed    | 4368     |
|    total_timesteps | 9523792  |
| train/             |          |
|    actor_loss      | 2.74     |
|    critic_loss     | 2        |
|    ent_coef        | 0.00176  |
|    ent_coef_loss   | 0.0279   |
|    learning_rate   | 0.0003   |
|    n_updates       | 595174   |
---------------------------------
---------------------------------
| rollout/           |          |
|    ep_len_mean     | 5.78e+03 |
|    ep_rew_mean     | -308     |
| time/              |          |
|    episodes        | 1640     |
|    fps             | 2180     |
|    time_elapsed    | 4368     |
|    total_timesteps | 9523792  |
---------------------------------
---------------------------------
| rollout/           |          |
|    ep_len_mean     | 5.78e+03 |
|    ep_rew_mean     | -308     |
| time/              |          |
|    episodes        | 1644     |
|    fps             | 2180     |
|    time_elapsed    | 4368     |
|    total_timesteps | 9523792  |
---------------------------------
---------------------------------
| rollout/           |          |
|    ep_len_mean     | 5.78e+03 |
|    ep_rew_mean     | -308     |
| time/              |          |
|    episodes        | 1648     |
|    fps             | 2180     |
|    time_elapsed    | 4368     |
|    total_timesteps | 9523792  |
---------------------------------
---------------------------------
| rollout/           |          |
|    ep_len_mean     | 5.78e+03 |
|    ep_rew_mean     | -308     |
| time/              |          |
|    episodes        | 1652     |
|    fps             | 2180     |
|    time_elapsed    | 4410     |
|    total_timesteps | 9616256  |
| train/             |          |
|    actor_loss      | 3.9      |
|    critic_loss     | 0.0496   |
|    ent_coef        | 0.00179  |
|    ent_coef_loss   | -0.435   |
|    learning_rate   | 0.0003   |
|    n_updates       | 600953   |
---------------------------------
---------------------------------
| rollout/           |          |
|    ep_len_mean     | 5.78e+03 |
|    ep_rew_mean     | -308     |
| time/              |          |
|    episodes        | 1656     |
|    fps             | 2180     |
|    time_elapsed    | 4410     |
|    total_timesteps | 9616256  |
---------------------------------
---------------------------------
| rollout/           |          |
|    ep_len_mean     | 5.78e+03 |
|    ep_rew_mean     | -308     |
| time/              |          |
|    episodes        | 1660     |
|    fps             | 2180     |
|    time_elapsed    | 4410     |
|    total_timesteps | 9616256  |
---------------------------------
---------------------------------
| rollout/           |          |
|    ep_len_mean     | 5.78e+03 |
|    ep_rew_mean     | -308     |
| time/              |          |
|    episodes        | 1664     |
|    fps             | 2180     |
|    time_elapsed    | 4410     |
|    total_timesteps | 9616256  |
---------------------------------
---------------------------------
| rollout/           |          |
|    ep_len_mean     | 5.78e+03 |
|    ep_rew_mean     | -308     |
| time/              |          |
|    episodes        | 1668     |
|    fps             | 2180     |
|    time_elapsed    | 4453     |
|    total_timesteps | 9708720  |
| train/             |          |
|    actor_loss      | 14.6     |
|    critic_loss     | 0.113    |
|    ent_coef        | 0.00183  |
|    ent_coef_loss   | -0.0509  |
|    learning_rate   | 0.0003   |
|    n_updates       | 606732   |
---------------------------------
---------------------------------
| rollout/           |          |
|    ep_len_mean     | 5.78e+03 |
|    ep_rew_mean     | -308     |
| time/              |          |
|    episodes        | 1672     |
|    fps             | 2180     |
|    time_elapsed    | 4453     |
|    total_timesteps | 9708720  |
---------------------------------
---------------------------------
| rollout/           |          |
|    ep_len_mean     | 5.78e+03 |
|    ep_rew_mean     | -308     |
| time/              |          |
|    episodes        | 1676     |
|    fps             | 2180     |
|    time_elapsed    | 4453     |
|    total_timesteps | 9708720  |
---------------------------------
---------------------------------
| rollout/           |          |
|    ep_len_mean     | 5.78e+03 |
|    ep_rew_mean     | -308     |
| time/              |          |
|    episodes        | 1680     |
|    fps             | 2180     |
|    time_elapsed    | 4453     |
|    total_timesteps | 9708720  |
---------------------------------
---------------------------------
| rollout/           |          |
|    ep_len_mean     | 5.78e+03 |
|    ep_rew_mean     | -308     |
| time/              |          |
|    episodes        | 1684     |
|    fps             | 2180     |
|    time_elapsed    | 4495     |
|    total_timesteps | 9801184  |
| train/             |          |
|    actor_loss      | 15.3     |
|    critic_loss     | 0.205    |
|    ent_coef        | 0.00189  |
|    ent_coef_loss   | 0.319    |
|    learning_rate   | 0.0003   |
|    n_updates       | 612511   |
---------------------------------
---------------------------------
| rollout/           |          |
|    ep_len_mean     | 5.78e+03 |
|    ep_rew_mean     | -308     |
| time/              |          |
|    episodes        | 1688     |
|    fps             | 2180     |
|    time_elapsed    | 4495     |
|    total_timesteps | 9801184  |
---------------------------------
---------------------------------
| rollout/           |          |
|    ep_len_mean     | 5.78e+03 |
|    ep_rew_mean     | -308     |
| time/              |          |
|    episodes        | 1692     |
|    fps             | 2180     |
|    time_elapsed    | 4495     |
|    total_timesteps | 9801184  |
---------------------------------
---------------------------------
| rollout/           |          |
|    ep_len_mean     | 5.78e+03 |
|    ep_rew_mean     | -308     |
| time/              |          |
|    episodes        | 1696     |
|    fps             | 2180     |
|    time_elapsed    | 4495     |
|    total_timesteps | 9801184  |
---------------------------------
---------------------------------
| rollout/           |          |
|    ep_len_mean     | 5.78e+03 |
|    ep_rew_mean     | -308     |
| time/              |          |
|    episodes        | 1700     |
|    fps             | 2180     |
|    time_elapsed    | 4536     |
|    total_timesteps | 9893648  |
| train/             |          |
|    actor_loss      | 9.79     |
|    critic_loss     | 0.578    |
|    ent_coef        | 0.00193  |
|    ent_coef_loss   | -0.164   |
|    learning_rate   | 0.0003   |
|    n_updates       | 618290   |
---------------------------------
---------------------------------
| rollout/           |          |
|    ep_len_mean     | 5.78e+03 |
|    ep_rew_mean     | -308     |
| time/              |          |
|    episodes        | 1704     |
|    fps             | 2180     |
|    time_elapsed    | 4536     |
|    total_timesteps | 9893648  |
---------------------------------
---------------------------------
| rollout/           |          |
|    ep_len_mean     | 5.78e+03 |
|    ep_rew_mean     | -308     |
| time/              |          |
|    episodes        | 1708     |
|    fps             | 2180     |
|    time_elapsed    | 4536     |
|    total_timesteps | 9893648  |
---------------------------------
---------------------------------
| rollout/           |          |
|    ep_len_mean     | 5.78e+03 |
|    ep_rew_mean     | -308     |
| time/              |          |
|    episodes        | 1712     |
|    fps             | 2180     |
|    time_elapsed    | 4536     |
|    total_timesteps | 9893648  |
---------------------------------
---------------------------------
| rollout/           |          |
|    ep_len_mean     | 5.78e+03 |
|    ep_rew_mean     | -308     |
| time/              |          |
|    episodes        | 1716     |
|    fps             | 2181     |
|    time_elapsed    | 4577     |
|    total_timesteps | 9986112  |
| train/             |          |
|    actor_loss      | 17.8     |
|    critic_loss     | 1.82     |
|    ent_coef        | 0.00194  |
|    ent_coef_loss   | 0.589    |
|    learning_rate   | 0.0003   |
|    n_updates       | 624069   |
---------------------------------
---------------------------------
| rollout/           |          |
|    ep_len_mean     | 5.78e+03 |
|    ep_rew_mean     | -308     |
| time/              |          |
|    episodes        | 1720     |
|    fps             | 2181     |
|    time_elapsed    | 4577     |
|    total_timesteps | 9986112  |
---------------------------------
---------------------------------
| rollout/           |          |
|    ep_len_mean     | 5.78e+03 |
|    ep_rew_mean     | -308     |
| time/              |          |
|    episodes        | 1724     |
|    fps             | 2181     |
|    time_elapsed    | 4577     |
|    total_timesteps | 9986112  |
---------------------------------
---------------------------------
| rollout/           |          |
|    ep_len_mean     | 5.78e+03 |
|    ep_rew_mean     | -308     |
| time/              |          |
|    episodes        | 1728     |
|    fps             | 2181     |
|    time_elapsed    | 4577     |
|    total_timesteps | 9986112  |
---------------------------------
--> [Worker 4] Attempting to load FlightEnvironment from .so file...
--> [Worker 4] FlightEnvironment loaded successfully!
--> [Worker 13] Attempting to load FlightEnvironment from .so file...
--> [Worker 13] FlightEnvironment loaded successfully!
--> [Worker 11] Attempting to load FlightEnvironment from .so file...
--> [Worker 11] FlightEnvironment loaded successfully!
--> [Worker 9] Attempting to load FlightEnvironment from .so file...
--> [Worker 9] FlightEnvironment loaded successfully!
--> [Worker 15] Attempting to load FlightEnvironment from .so file...
--> [Worker 15] FlightEnvironment loaded successfully!
--> [Worker 12] Attempting to load FlightEnvironment from .so file...
--> [Worker 12] FlightEnvironment loaded successfully!
--> [Worker 2] Attempting to load FlightEnvironment from .so file...
--> [Worker 2] FlightEnvironment loaded successfully!
--> [Worker 6] Attempting to load FlightEnvironment from .so file...
--> [Worker 6] FlightEnvironment loaded successfully!
--> [Worker 14] Attempting to load FlightEnvironment from .so file...
--> [Worker 14] FlightEnvironment loaded successfully!
--> [Worker 0] Attempting to load FlightEnvironment from .so file...
--> [Worker 0] FlightEnvironment loaded successfully!
--> [Worker 1] Attempting to load FlightEnvironment from .so file...
--> [Worker 1] FlightEnvironment loaded successfully!
--> [Worker 10] Attempting to load FlightEnvironment from .so file...
--> [Worker 10] FlightEnvironment loaded successfully!
--> [Worker 5] Attempting to load FlightEnvironment from .so file...
--> [Worker 5] FlightEnvironment loaded successfully!
--> [Worker 7] Attempting to load FlightEnvironment from .so file...
--> [Worker 7] FlightEnvironment loaded successfully!
--> [Worker 8] Attempting to load FlightEnvironment from .so file...
--> [Worker 8] FlightEnvironment loaded successfully!
--> [Worker 3] Attempting to load FlightEnvironment from .so file...
--> [Worker 3] FlightEnvironment loaded successfully!
Training completed.
